totalitems,termsofuse,pubdate,objecttype,objectid,subtype,collid,name,sortindex,yearpublished,image,thumbnail,minplayers,maxplayers,minplaytime,maxplaytime,playingtime,numowned,value,value2,value3,value4,value5,value6,own,prevowned,fortrade,want,wanttoplay,wanttobuy,wishlist,preordered,lastmodified,wishlistpriority,numplays,comment,originalname
1088,https://boardgamegeek.com/xmlapi/termsofuse,"Wed, 26 Aug 2026 00:24:39 +0000",thing,194789,boardgame,53920787,10 Minute Heist: The Wizard's Tower,1,2017,https://cf.geekdo-images.com/KFvJSZokVUTkLpZCpmEzHA__original/img/kK7WVB1_FLA12GU4HI-IZrNFWEQ=/0x0/filters:format(jpeg)/pic3584961.jpg,https://cf.geekdo-images.com/KFvJSZokVUTkLpZCpmEzHA__small/img/3wxFanHxt5e6aSxvwmkYzcl-NWk=/fit-in/200x150/filters:strip_icc()/pic3584961.jpg,2,5,10,10,10,2436,N/A,1342,6.39474,5.81159,1.17046,0,1,0,0,0,0,0,0,0,2023-02-19 12:01:31,,0,"Game Play: 
Our Rating: 
Thoughts:",
1088,https://boardgamegeek.com/xmlapi/termsofuse,"Wed, 26 Aug 2026 00:24:39 +0000",thing,130899,boardgame,32084807,12 Days,1,2011,https://cf.geekdo-images.com/kqyGO2Disn148SnEq-ga5g__original/img/SgZjhfWZIMCSjMvypq2tMmHGeE0=/0x0/filters:format(png)/pic6973669.png,https://cf.geekdo-images.com/kqyGO2Disn148SnEq-ga5g__small/img/2Fe-VLy-N0n_ycoR1RywtBsgtak=/fit-in/200x150/filters:strip_icc()/pic6973669.png,3,5,15,15,15,3710,N/A,1653,6.52571,5.91023,1.16873,0,1,0,0,0,0,0,0,0,2024-05-20 10:58:59,,0,"Small 3–5 Players, 15 Min, Age: 8+",
1088,https://boardgamegeek.com/xmlapi/termsofuse,"Wed, 26 Aug 2026 00:24:39 +0000",thing,1899,boardgame,32083243,13 Dead End Drive,1,1993,https://cf.geekdo-images.com/r4mN8yoGRCSzsMLUBM50Lg__original/img/3QZBhKyzDFYaTvoY32n1XQEAnzk=/0x0/filters:format(jpeg)/pic1199237.jpg,https://cf.geekdo-images.com/r4mN8yoGRCSzsMLUBM50Lg__small/img/FGXJdD6PFbiTXB1Zv6Sf01Di_Z4=/fit-in/200x150/filters:strip_icc()/pic1199237.jpg,2,4,45,45,45,6755,N/A,2800,6.12186,5.75739,1.52905,0,0,1,0,0,0,0,0,0,2025-03-19 11:51:10,,0,,
1088,https://boardgamegeek.com/xmlapi/termsofuse,"Wed, 26 Aug 2026 00:24:39 +0000",thing,3377,boardgame,51271654,20 Questions,1,1988,https://cf.geekdo-images.com/mUgUuzg6tgNGu5J92FVQHg__original/img/oUa98d2vGqgWSPV1mKVt3wybkdY=/0x0/filters:format(jpeg)/pic885888.jpg,https://cf.geekdo-images.com/mUgUuzg6tgNGu5J92FVQHg__small/img/O0CRkUYO_3kf9p6E3ALb_s1lL10=/fit-in/200x150/filters:strip_icc()/pic885888.jpg,2,7,30,30,30,1919,N/A,895,5.79741,5.54826,1.65017,0,0,1,0,0,0,0,0,0,2022-12-28 11:51:28,,0,electronic,
1088,https://boardgamegeek.com/xmlapi/termsofuse,"Wed, 26 Aug 2026 00:24:39 +0000",thing,621,boardgame,32083251,25 Words or Less,1,1996,https://cf.geekdo-images.com/6UXxv7YVttZ8pljdErKvSA__original/img/dXg7n1xCuFqL8PaacYZ9E5YvoLk=/0x0/filters:format(jpeg)/pic6190666.jpg,https://cf.geekdo-images.com/6UXxv7YVttZ8pljdErKvSA__small/img/_Hy06CY2deMwLgdSsoB9_mYi0lk=/fit-in/200x150/filters:strip_icc()/pic6190666.jpg,4,99,20,35,35,1132,N/A,667,6.57937,5.72532,1.41345,0,0,1,0,0,0,0,0,0,2022-12-28 11:52:33,,0,,
1088,https://boardgamegeek.com/xmlapi/termsofuse,"Wed, 26 Aug 2026 00:24:39 +0000",thing,371947,boardgame,141476395,3 Ring Circus,1,2023,https://cf.geekdo-images.com/rlVMW44IxSdXg0mfbdOdOg__original/img/0dv_H-9NXnu7aKwbZD0T9cHTHyw=/0x0/filters:format(jpeg)/pic7819093.jpg,https://cf.geekdo-images.com/rlVMW44IxSdXg0mfbdOdOg__small/img/-AEXgv7NazOF2KXxPb-KPuR1yvg=/fit-in/200x150/filters:strip_icc()/pic7819093.jpg,1,4,45,75,75,6695,N/A,3056,7.1487,6.39945,1.17886,0,1,0,0,0,0,0,0,0,2026-01-18 23:03:04,,0,,
1088,https://boardgamegeek.com/xmlapi/termsofuse,"Wed, 26 Aug 2026 00:24:39 +0000",thing,198836,boardgame,80012961,3 Wishes,1,2016,https://cf.geekdo-images.com/cLo9vChf7MbXI4buDQ2JCg__original/img/9kTwYwU94LuzzqnirGWpDtGToEo=/0x0/filters:format(png)/pic2993325.png,https://cf.geekdo-images.com/cLo9vChf7MbXI4buDQ2JCg__small/img/OW6tryx9J4Vc0ZQBlc-li2JwhAU=/fit-in/200x150/filters:strip_icc()/pic2993325.png,3,5,3,5,5,2390,N/A,1129,5.38549,5.4541,1.50048,0,0,1,0,0,0,0,0,0,2025-10-01 20:08:12,,0,,
1088,https://boardgamegeek.com/xmlapi/termsofuse,"Wed, 26 Aug 2026 00:24:39 +0000",thing,86073,boardgame,57884116,5 Second Rule,1,2010,https://cf.geekdo-images.com/wtON3lcNAz66s-WJ0OVmGg__original/img/CRdchBhcsvK1SioO2oooWRCWTbo=/0x0/filters:format(jpeg)/pic7476834.jpg,https://cf.geekdo-images.com/wtON3lcNAz66s-WJ0OVmGg__small/img/UCk_GelKFp7Bq7aEdiNO_6TPJYs=/fit-in/200x150/filters:strip_icc()/pic7476834.jpg,3,6,20,30,30,7121,N/A,2989,5.48583,5.43946,1.52922,0,0,1,0,0,0,0,0,0,2025-03-19 11:51:57,,0,,
1088,https://boardgamegeek.com/xmlapi/termsofuse,"Wed, 26 Aug 2026 00:24:39 +0000",thing,207830,boardgame,45640914,5-Minute Dungeon,1,2017,https://cf.geekdo-images.com/uR7RqGbua7h_Z74fmz_-ng__original/img/WXzrC9-ob09Qbxt9jh5_dLLjFGE=/0x0/filters:format(jpeg)/pic9630053.jpg,https://cf.geekdo-images.com/uR7RqGbua7h_Z74fmz_-ng__small/img/AFRWc9kb0CH17kGzrJEghKNlOnQ=/fit-in/200x150/filters:strip_icc()/pic9630053.jpg,2,5,5,30,30,23993,N/A,11912,6.89504,6.58389,1.35467,0,1,0,0,0,0,0,0,0,2025-10-16 17:10:01,,0,,
1088,https://boardgamegeek.com/xmlapi/termsofuse,"Wed, 26 Aug 2026 00:24:39 +0000",thing,369,boardgame,130508055,5ive Straight,1,1958,https://cf.geekdo-images.com/_tDAslBkrhjLL8zJYT0v-g__original/img/bAOu6ty5PMdy9gF7l3d1nROFT9w=/0x0/filters:format(jpeg)/pic4057336.jpg,https://cf.geekdo-images.com/_tDAslBkrhjLL8zJYT0v-g__small/img/8N_6HdLDGYPo4HX-x5b55vge1Eo=/fit-in/200x150/filters:strip_icc()/pic4057336.jpg,2,9,20,20,20,583,N/A,322,6.31863,5.58881,1.47758,0,0,1,0,0,0,0,0,0,2025-10-01 20:10:14,,0,,
1088,https://boardgamegeek.com/xmlapi/termsofuse,"Wed, 26 Aug 2026 00:24:39 +0000",thing,236112,boardgame,80012975,60-Second Slam,1,2016,https://cf.geekdo-images.com/VbVWAms3aoT-jwIvjSCMAg__original/img/leYFZqdBAbxuD4HUA-MF2iG95WM=/0x0/filters:format(jpeg)/pic3887780.jpg,https://cf.geekdo-images.com/VbVWAms3aoT-jwIvjSCMAg__small/img/6vs6rXV7YgXGsjHr0OIthB2KIT8=/fit-in/200x150/filters:strip_icc()/pic3887780.jpg,2,6,,,,239,N/A,36,5.53056,5.49853,1.47174,0,0,1,0,0,0,0,0,0,2025-03-19 11:50:06,,0,,
1088,https://boardgamegeek.com/xmlapi/termsofuse,"Wed, 26 Aug 2026 00:24:39 +0000",thing,68448,boardgame,51824270,7 Wonders,1,2010,https://cf.geekdo-images.com/35h9Za_JvMMMtx_92kT0Jg__original/img/jt70jJDZ1y1FWJs4ZQf5FI8APVY=/0x0/filters:format(jpeg)/pic7149798.jpg,https://cf.geekdo-images.com/35h9Za_JvMMMtx_92kT0Jg__small/img/BUOso8b0M1aUOkU80FWlhE8uuxc=/fit-in/200x150/filters:strip_icc()/pic7149798.jpg,2,7,30,30,30,157380,N/A,113525,7.66026,7.54593,1.27723,0,1,0,0,0,0,0,0,0,2018-05-22 15:12:52,,0,,
1088,https://boardgamegeek.com/xmlapi/termsofuse,"Wed, 26 Aug 2026 00:24:39 +0000",thing,173346,boardgame,52997772,7 Wonders Duel,1,2015,https://cf.geekdo-images.com/zdagMskTF7wJBPjX74XsRw__original/img/Ju836WNSaW7Mab9Vjq2TJ_FqhWQ=/0x0/filters:format(jpeg)/pic2576399.jpg,https://cf.geekdo-images.com/zdagMskTF7wJBPjX74XsRw__small/img/gV1-ckZSIC-dCxxpq1Y7GmPITzQ=/fit-in/200x150/filters:strip_icc()/pic2576399.jpg,2,2,30,30,30,186787,N/A,110229,8.0746,7.94979,1.20198,0,1,0,0,0,0,0,0,0,2018-07-20 13:42:07,,0,,
1088,https://boardgamegeek.com/xmlapi/termsofuse,"Wed, 26 Aug 2026 00:24:39 +0000",thing,416,boardgame,51271599,A to Z,1,1992,https://cf.geekdo-images.com/WEozFnlyFQw_zPncm_ELOw__original/img/3PDyLSjJDgwGNF8BXO43azhwUk4=/0x0/filters:format(jpeg)/pic127151.jpg,https://cf.geekdo-images.com/WEozFnlyFQw_zPncm_ELOw__small/img/M-2p8rhJkWBNO8qyvxp2nmjXgQU=/fit-in/200x150/filters:strip_icc()/pic127151.jpg,2,4,30,30,30,556,N/A,284,6.09017,5.55982,1.53138,0,0,1,0,0,0,0,0,0,2025-10-01 20:10:50,,0,,
1088,https://boardgamegeek.com/xmlapi/termsofuse,"Wed, 26 Aug 2026 00:24:39 +0000",thing,172818,boardgame,42450893,Above and Below,1,2015,https://cf.geekdo-images.com/U0wpvRmBe65e4vwGf0Jbpg__original/img/gIlpowYQ7XzumYO0jZyVldxosBA=/0x0/filters:format(jpeg)/pic2398773.jpg,https://cf.geekdo-images.com/U0wpvRmBe65e4vwGf0Jbpg__small/img/jHLwKKWiJ-lHoaNIj0TrKAGm7QM=/fit-in/200x150/filters:strip_icc()/pic2398773.jpg,2,4,90,90,90,27434,N/A,17214,7.339,7.0643,1.27874,0,1,0,0,0,0,0,0,0,2017-05-10 6:10:44,,0,,
1088,https://boardgamegeek.com/xmlapi/termsofuse,"Wed, 26 Aug 2026 00:24:39 +0000",thing,5,boardgame,145780233,Acquire,1,1963,https://cf.geekdo-images.com/gIQlWhlaqjPiunZjjwz_XA__original/img/ZRnstiRspAWMorOn6UKoKx9ibwI=/0x0/filters:format(jpeg)/pic8483227.jpg,https://cf.geekdo-images.com/gIQlWhlaqjPiunZjjwz_XA__small/img/f06arYYwY_QZmOnAbQhhg-6mIUo=/fit-in/200x150/filters:strip_icc()/pic8483227.jpg,2,6,90,90,90,30570,N/A,22361,7.35653,7.12865,1.33669,0,1,0,0,0,0,0,0,0,2026-05-23 16:34:17,,0,,
1088,https://boardgamegeek.com/xmlapi/termsofuse,"Wed, 26 Aug 2026 00:24:39 +0000",thing,267814,boardgame,136048766,Adventure Games: Monochrome Inc.,1,2019,https://cf.geekdo-images.com/43pBOAx1RiVj4CB9twXErw__original/img/dtYEpl1Y1puccA5qkuR3zkCwLKQ=/0x0/filters:format(jpeg)/pic4597112.jpg,https://cf.geekdo-images.com/43pBOAx1RiVj4CB9twXErw__small/img/0FemvM2YohBC0RZGQfc7s5c2Of4=/fit-in/200x150/filters:strip_icc()/pic4597112.jpg,1,4,75,75,75,5367,N/A,1956,6.53607,5.95531,1.51257,0,1,0,0,0,0,0,0,0,2025-09-02 13:51:49,,0,,
1088,https://boardgamegeek.com/xmlapi/termsofuse,"Wed, 26 Aug 2026 00:24:39 +0000",thing,183231,boardgame,44199339,Adventure Land,1,2015,https://cf.geekdo-images.com/lVb-rpf8bq9_5ikHyIxNhg__original/img/WS7SP2vKUSf1kE0vJ-ygv1Stw4I=/0x0/filters:format(jpeg)/pic2958289.jpg,https://cf.geekdo-images.com/lVb-rpf8bq9_5ikHyIxNhg__small/img/6anGcT5MoakCP7PmqVFROGJqH9o=/fit-in/200x150/filters:strip_icc()/pic2958289.jpg,2,4,45,45,45,5064,N/A,2964,6.89154,6.27025,1.14448,0,1,0,0,0,0,0,0,0,2017-08-01 17:53:37,,0,,
1088,https://boardgamegeek.com/xmlapi/termsofuse,"Wed, 26 Aug 2026 00:24:39 +0000",thing,326494,boardgame,121479889,The Adventures of Robin Hood,5,2021,https://cf.geekdo-images.com/QOCGlQyx_HU0nG1oRpeGVg__original/img/a40j-7veyRu5TOG3cr-BjF9Y9aA=/0x0/filters:format(jpeg)/pic6220819.jpg,https://cf.geekdo-images.com/QOCGlQyx_HU0nG1oRpeGVg__small/img/EQ1AGM0CcltWvTHR6Qcy-H7qGNo=/fit-in/200x150/filters:strip_icc()/pic6220819.jpg,2,4,60,60,60,13072,N/A,5309,7.41458,6.77637,1.3527,0,1,0,0,0,0,0,0,0,2024-07-24 15:29:07,,0,,
1088,https://boardgamegeek.com/xmlapi/termsofuse,"Wed, 26 Aug 2026 00:24:39 +0000",thing,267127,boardgame,66266857,Aerion,1,2019,https://cf.geekdo-images.com/m-pZdErYQlUDZRgH3rT4Vw__original/img/yB9Vg9jnb3ADNkKuRHwU5v-bshY=/0x0/filters:format(jpeg)/pic6863735.jpg,https://cf.geekdo-images.com/m-pZdErYQlUDZRgH3rT4Vw__small/img/4KZ_H-IKWjNUbrncuqZOmWx_cmE=/fit-in/200x150/filters:strip_icc()/pic6863735.jpg,1,2,15,15,15,4889,N/A,2068,7.27549,6.30447,1.20142,0,1,0,0,0,0,0,0,0,2019-11-29 14:57:33,,0,,
1088,https://boardgamegeek.com/xmlapi/termsofuse,"Wed, 26 Aug 2026 00:24:39 +0000",thing,281206,boardgame,108871073,Agatha Christie: Death on the Cards,1,2019,https://cf.geekdo-images.com/kWoiv6mREOKtEv5pc7_h7w__original/img/lBv4FRjCvrHlsTjOxXlrBZezuuo=/0x0/filters:format(jpeg)/pic5051378.jpg,https://cf.geekdo-images.com/kWoiv6mREOKtEv5pc7_h7w__small/img/SPZbo-fDnM55uAMs9kDXtYd_ERs=/fit-in/200x150/filters:strip_icc()/pic5051378.jpg,2,6,20,40,40,1810,N/A,454,6.11927,5.58454,1.5201,0,0,1,0,0,0,0,0,0,2025-10-02 10:09:05,,0,,
1088,https://boardgamegeek.com/xmlapi/termsofuse,"Wed, 26 Aug 2026 00:24:39 +0000",thing,28086,boardgame,33469723,Age of War,1,2006,https://cf.geekdo-images.com/ckMBSPJ-KFsvS_jTXmfcmQ__original/img/KfVmlW3EliwTP4cUE5iggb-eUBw=/0x0/filters:format(jpeg)/pic1977202.jpg,https://cf.geekdo-images.com/ckMBSPJ-KFsvS_jTXmfcmQ__small/img/0JFF-fSihFY4mld7Vj409oUWB1Y=/fit-in/200x150/filters:strip_icc()/pic1977202.jpg,2,6,15,30,30,14571,N/A,9548,6.4358,6.20481,1.35423,0,1,0,0,0,0,0,0,0,2016-05-01 12:09:52,,1,I really love this pub game!,
1088,https://boardgamegeek.com/xmlapi/termsofuse,"Wed, 26 Aug 2026 00:24:39 +0000",thing,2272,boardgame,33170876,Aggravation,1,1962,https://cf.geekdo-images.com/an4-ELSc81tAp00L8PKXdQ__original/img/EPY1Nt4Bji_YLf3g0D1UsB9uaro=/0x0/filters:format(jpeg)/pic94779.jpg,https://cf.geekdo-images.com/an4-ELSc81tAp00L8PKXdQ__small/img/Mh6uFgoMNWNY2sA1Orc6izGhg1I=/fit-in/200x150/filters:strip_icc()/pic94779.jpg,2,6,45,45,45,3149,N/A,1410,4.94578,5.25294,1.78792,0,0,1,0,0,0,0,0,0,2016-02-19 17:08:04,,0,,
1088,https://boardgamegeek.com/xmlapi/termsofuse,"Wed, 26 Aug 2026 00:24:39 +0000",thing,119890,boardgame,32082951,Agricola: All Creatures Big and Small,1,2012,https://cf.geekdo-images.com/iaxdcb_l3F8McwzyoiiCig__original/img/0jQpVjFEcjoIPpVGRf2DhO-jzLo=/0x0/filters:format(jpeg)/pic1514252.jpg,https://cf.geekdo-images.com/iaxdcb_l3F8McwzyoiiCig__small/img/UWsWeuOQpGv5asAoyrKgwL3pVj0=/fit-in/200x150/filters:strip_icc()/pic1514252.jpg,2,2,30,30,30,20915,6.5,14329,7.32175,7.03968,1.22393,0,1,0,0,0,0,0,0,0,2015-12-28 12:10:26,,0,,
1088,https://boardgamegeek.com/xmlapi/termsofuse,"Wed, 26 Aug 2026 00:24:39 +0000",thing,96613,boardgame,50054410,Alcatraz: The Scapegoat,1,2011,https://cf.geekdo-images.com/XLd0BYE82k7qn6KsBJuBpw__original/img/Vp7HlM7Qq1LwJoMQlpsV6Yg-kHU=/0x0/filters:format(jpeg)/pic1345064.jpg,https://cf.geekdo-images.com/XLd0BYE82k7qn6KsBJuBpw__small/img/VDohwqQStdqmIJL3-0qe1Y5MQh4=/fit-in/200x150/filters:strip_icc()/pic1345064.jpg,3,4,60,60,60,1965,N/A,1519,6.28234,5.78667,1.48591,0,1,0,0,0,0,0,0,0,2018-03-04 0:26:08,,0,,
1088,https://boardgamegeek.com/xmlapi/termsofuse,"Wed, 26 Aug 2026 00:24:39 +0000",thing,6249,boardgame,32082905,Alhambra,1,2003,https://cf.geekdo-images.com/OiqKsYDh7pqeRYKG__kMSw__original/img/Oe2ZTGE2hUnyZQIEoIjM_zwYfcY=/0x0/filters:format(jpeg)/pic4893652.jpg,https://cf.geekdo-images.com/OiqKsYDh7pqeRYKG__kMSw__small/img/Pj2FP8bV-BHofcDS0eGLh8gzTmI=/fit-in/200x150/filters:strip_icc()/pic4893652.jpg,2,6,45,60,60,46162,7,35858,7.03493,6.90597,1.18455,0,1,0,0,0,0,0,0,0,2015-12-28 12:10:32,,0,Great game!,
1088,https://boardgamegeek.com/xmlapi/termsofuse,"Wed, 26 Aug 2026 00:24:39 +0000",thing,1417,boardgame,32082938,Alibi,1,1993,https://cf.geekdo-images.com/EbUNCO4M7bh1ctCCv3ALGA__original/img/WC38ulbu-naw5vBwlziNpbmv4RM=/0x0/filters:format(jpeg)/pic1511858.jpg,https://cf.geekdo-images.com/EbUNCO4M7bh1ctCCv3ALGA__small/img/dTS1xgwWmcJ6gb3WB6RXxXPgI0Y=/fit-in/200x150/filters:strip_icc()/pic1511858.jpg,3,10,30,45,45,1860,N/A,736,5.52532,5.49088,1.60468,0,0,1,0,0,0,0,0,0,2021-03-01 21:51:43,,0,,
1088,https://boardgamegeek.com/xmlapi/termsofuse,"Wed, 26 Aug 2026 00:24:39 +0000",thing,195305,boardgame,50644811,Alien Uprising: Zothren Invasion,1,2017,https://cf.geekdo-images.com/fMzvH-yYWsdMA1hvfbtDmQ__original/img/5A0ZlCzr_bg_Mj_F0h1sapJUhE4=/0x0/filters:format(jpeg)/pic3225331.jpg,https://cf.geekdo-images.com/fMzvH-yYWsdMA1hvfbtDmQ__small/img/VSCfWN8e1LJkUrKrWzsb8fzKF2c=/fit-in/200x150/filters:strip_icc()/pic3225331.jpg,2,4,30,60,60,135,N/A,27,7.88889,0,1.94047,0,1,0,0,0,0,0,0,0,2018-03-29 19:21:32,,0,,
1088,https://boardgamegeek.com/xmlapi/termsofuse,"Wed, 26 Aug 2026 00:24:39 +0000",thing,307832,boardgame,136903055,The Alpha,5,2020,https://cf.geekdo-images.com/28zMO2BO16SvVNSj8f1T7A__original/img/Ymcgkc6CHJ8l_vUxA4be8jnVxjY=/0x0/filters:format(png)/pic5368031.png,https://cf.geekdo-images.com/28zMO2BO16SvVNSj8f1T7A__small/img/nSIYae8P6UJQDN7YyDHmfhe5ez8=/fit-in/200x150/filters:strip_icc()/pic5368031.png,3,6,20,45,45,1391,N/A,601,6.64869,5.70543,1.46913,0,1,0,0,0,0,0,0,0,2025-09-29 22:30:38,,0,,
1088,https://boardgamegeek.com/xmlapi/termsofuse,"Wed, 26 Aug 2026 00:24:39 +0000",thing,3359,boardgame,54336054,Anagrams,1,1875,https://cf.geekdo-images.com/aER76J4s2j2nw4Ylz9s5dw__original/img/6HijKPzKrU3Jf9NO0PmgK2SrkWE=/0x0/filters:format(jpeg)/pic600421.jpg,https://cf.geekdo-images.com/aER76J4s2j2nw4Ylz9s5dw__small/img/so77vfvbA8puCaXAfI-G_nzpV4M=/fit-in/200x150/filters:strip_icc()/pic600421.jpg,2,6,45,45,45,216,N/A,72,6.78333,5.53818,1.72611,0,1,0,0,0,0,0,0,0,2024-05-20 15:03:34,,0,old games,
1088,https://boardgamegeek.com/xmlapi/termsofuse,"Wed, 26 Aug 2026 00:24:39 +0000",thing,229240,boardgame,64998265,Ancestree,1,2017,https://cf.geekdo-images.com/MHYlXIDhmuTrqhwaSGxYjg__original/img/EF3w6cKdtaM0qzAoe2Lttb7tXN8=/0x0/filters:format(jpeg)/pic3639106.jpg,https://cf.geekdo-images.com/MHYlXIDhmuTrqhwaSGxYjg__small/img/v9T3yZZ0UrCs68d8ze7LbzAsob0=/fit-in/200x150/filters:strip_icc()/pic3639106.jpg,2,6,20,20,20,995,N/A,471,6.17227,5.60185,1.39275,0,1,0,0,0,0,0,0,0,2019-10-21 20:39:06,,0,,
1088,https://boardgamegeek.com/xmlapi/termsofuse,"Wed, 26 Aug 2026 00:24:39 +0000",thing,259298,boardgame,142571824,The Ancient World (Second Edition),5,2019,https://cf.geekdo-images.com/xpFKs3YjPxB6rw1uK7Hx0A__original/img/mqLUrPMjQoZ9MpxOSbf2OS2ug08=/0x0/filters:format(jpeg)/pic4286631.jpg,https://cf.geekdo-images.com/xpFKs3YjPxB6rw1uK7Hx0A__small/img/EFrBcvpPonzbiumm3SSgowblzHI=/fit-in/200x150/filters:strip_icc()/pic4286631.jpg,2,4,90,90,90,3217,N/A,1436,7.48201,6.24031,1.11706,0,1,0,0,0,0,0,0,0,2026-02-14 20:37:18,,0,,
1088,https://boardgamegeek.com/xmlapi/termsofuse,"Wed, 26 Aug 2026 00:24:39 +0000",thing,89962,boardgame,32085645,Angry Birds: Knock on Wood,1,2011,https://cf.geekdo-images.com/lTZEkWtZs_eTC_FxajStAQ__original/img/-mmX_aAir88ah899hCLp1lz_Cd8=/0x0/filters:format(jpeg)/pic1026810.jpg,https://cf.geekdo-images.com/lTZEkWtZs_eTC_FxajStAQ__small/img/wRB37NahhyidOENrfEoITTAk5mQ=/fit-in/200x150/filters:strip_icc()/pic1026810.jpg,2,4,25,25,25,749,N/A,453,4.58578,5.35404,1.69663,0,0,1,0,0,0,0,0,0,2021-03-07 9:18:50,,0,,
1088,https://boardgamegeek.com/xmlapi/termsofuse,"Wed, 26 Aug 2026 00:24:39 +0000",thing,542,boardgame,32083399,Animocrazy,1,2000,https://cf.geekdo-images.com/A-2RIDMwgJPF77pXp_0igQ__original/img/Xz3qslwBBbdUhI_DbmI23H_lJbo=/0x0/filters:format(png)/pic9415778.png,https://cf.geekdo-images.com/A-2RIDMwgJPF77pXp_0igQ__small/img/8_tPr4TFWB5aC2qNLWE5BYktEb4=/fit-in/200x150/filters:strip_icc()/pic9415778.png,4,10,30,30,30,1622,N/A,1213,5.54781,5.50458,1.49859,0,0,1,0,0,0,0,0,0,2022-12-28 12:00:20,,0,,
1088,https://boardgamegeek.com/xmlapi/termsofuse,"Wed, 26 Aug 2026 00:24:39 +0000",thing,271530,boardgame,123734727,Ankh'or,1,2019,https://cf.geekdo-images.com/Knb4fcoNLCpoO0GpcoPg3A__original/img/ReZBDUp313OSrecU6wh8UQL7Owc=/0x0/filters:format(jpeg)/pic5009116.jpg,https://cf.geekdo-images.com/Knb4fcoNLCpoO0GpcoPg3A__small/img/xXWjsvCfCbYFnukrCuUmogb4kmc=/fit-in/200x150/filters:strip_icc()/pic5009116.jpg,2,4,30,30,30,3549,N/A,1474,6.85999,5.99878,1.18747,0,1,0,0,0,0,0,0,0,2024-09-29 18:43:58,,0,,
1088,https://boardgamegeek.com/xmlapi/termsofuse,"Wed, 26 Aug 2026 00:24:39 +0000",thing,67877,boardgame,32082959,Anomia,1,2010,https://cf.geekdo-images.com/1gZRgquVpNQkykUEXjNwUA__original/img/XcL-2ib7xAcwVXdOgQADtc5rhBo=/0x0/filters:format(jpeg)/pic9642079.jpg,https://cf.geekdo-images.com/1gZRgquVpNQkykUEXjNwUA__small/img/xYJe-N2unyfI1aTNMx3M9sh-_ro=/fit-in/200x150/filters:strip_icc()/pic9642079.jpg,3,6,30,30,30,11947,6.5,6035,6.69229,6.29891,1.44978,0,1,0,0,0,0,0,0,0,2015-12-28 12:10:47,,0,,
1088,https://boardgamegeek.com/xmlapi/termsofuse,"Wed, 26 Aug 2026 00:24:39 +0000",thing,150783,boardgame,50644855,Antidote,1,2013,https://cf.geekdo-images.com/FyG1Ex5iY_MubDjC3EHD3A__original/img/FFXRXBk-rZ7ttRWE-xKzWC1SJEY=/0x0/filters:format(jpeg)/pic2056454.jpg,https://cf.geekdo-images.com/FyG1Ex5iY_MubDjC3EHD3A__small/img/avzWBgmUuGh__C17zrhsJ6LoVDI=/fit-in/200x150/filters:strip_icc()/pic2056454.jpg,2,7,20,30,30,4028,N/A,1635,6.25506,5.77474,1.46459,0,1,0,0,0,0,0,0,0,2018-03-29 19:23:21,,0,,
1088,https://boardgamegeek.com/xmlapi/termsofuse,"Wed, 26 Aug 2026 00:24:39 +0000",thing,116422,boardgame,32085664,Apples to Apples Dice Game,1,2011,https://cf.geekdo-images.com/XdZM5VYkPNK0XgjfOdQviw__original/img/aD6dj1iyNfdRkag1_EoCh-hg814=/0x0/filters:format(jpeg)/pic1198097.jpg,https://cf.geekdo-images.com/XdZM5VYkPNK0XgjfOdQviw__small/img/6aNlW11oAqv3t7D4cfpTmRF7VAM=/fit-in/200x150/filters:strip_icc()/pic1198097.jpg,3,6,15,30,30,494,N/A,90,4.74,5.47436,1.38995,0,0,1,0,0,0,0,0,0,2025-10-01 20:15:45,,0,can,
1088,https://boardgamegeek.com/xmlapi/termsofuse,"Wed, 26 Aug 2026 00:24:39 +0000",thing,27645,boardgame,32082972,Apples to Apples: Party Box Expansion ONE,1,2004,https://cf.geekdo-images.com/UeOtoWLNIEdInd4OsOZsWw__original/img/HtA70ydB2CHxK42prhA54D2efk4=/0x0/filters:format(jpeg)/pic662110.jpg,https://cf.geekdo-images.com/UeOtoWLNIEdInd4OsOZsWw__small/img/loe2Xl1uRaqt_VjqwhctvO6hrYk=/fit-in/200x150/filters:strip_icc()/pic662110.jpg,4,10,20,20,20,1544,N/A,395,6.17737,5.58206,1.48448,0,0,1,0,0,0,0,0,0,2025-10-01 20:15:55,,0,,
1088,https://boardgamegeek.com/xmlapi/termsofuse,"Wed, 26 Aug 2026 00:24:39 +0000",thing,58253,boardgame,32082983,Appletters,1,2009,https://cf.geekdo-images.com/xDe9JChgSi1qu4Y0Mx_-IQ__original/img/bVPrlpGdY-pF82h9sc3ijHOstao=/0x0/filters:format(jpeg)/pic604549.jpg,https://cf.geekdo-images.com/xDe9JChgSi1qu4Y0Mx_-IQ__small/img/t0W-rWPQVXhPeY6d887dRue9P3k=/fit-in/200x150/filters:strip_icc()/pic604549.jpg,2,6,10,10,10,762,N/A,220,5.30277,5.48314,1.43723,0,0,1,0,0,0,0,0,0,2025-10-01 20:16:10,,0,tub,
1088,https://boardgamegeek.com/xmlapi/termsofuse,"Wed, 26 Aug 2026 00:24:39 +0000",thing,403468,boardgame,137273580,Aqua: Biodiversity in the Oceans,1,2024,https://cf.geekdo-images.com/iwc8n9rjvmMEkEdTSZL1DQ__original/img/HopBzQyzymzMrc9DbMDx-fen354=/0x0/filters:format(jpeg)/pic7798319.jpg,https://cf.geekdo-images.com/iwc8n9rjvmMEkEdTSZL1DQ__small/img/GbuQ2BKKgNMW6CvuQrYlm1iOQVc=/fit-in/200x150/filters:strip_icc()/pic7798319.jpg,1,4,30,45,45,3082,N/A,1492,7.13374,6.10923,1.21167,0,0,0,0,0,0,0,0,0,2025-10-11 14:21:43,,0,,
1088,https://boardgamegeek.com/xmlapi/termsofuse,"Wed, 26 Aug 2026 00:24:39 +0000",thing,140934,boardgame,106203775,Arboretum,1,2015,https://cf.geekdo-images.com/XYOn10oXBrDqHySf0jvnyQ__original/img/RMi0pEsP8agfH-tgYkeRGilD3oo=/0x0/filters:format(png)/pic4172124.png,https://cf.geekdo-images.com/XYOn10oXBrDqHySf0jvnyQ__small/img/X6V1M2nZOinTgwE0KIBfup_QrCw=/fit-in/200x150/filters:strip_icc()/pic4172124.png,2,4,30,30,30,43589,N/A,24125,7.24025,7.05735,1.26995,0,1,0,0,0,0,0,0,0,2023-05-05 19:54:32,,0,,
1088,https://boardgamegeek.com/xmlapi/termsofuse,"Wed, 26 Aug 2026 00:24:39 +0000",thing,15987,boardgame,136055007,Arkham Horror,1,2005,https://cf.geekdo-images.com/9cJf4kd_HZQo6NunfJlo9w__original/img/YA5R2ZUV2Zwt_fgXIxu8bii3OJ0=/0x0/filters:format(jpeg)/pic175966.jpg,https://cf.geekdo-images.com/9cJf4kd_HZQo6NunfJlo9w__small/img/6VzhMMmGOxNTCHQ-8iFdn5vINis=/fit-in/200x150/filters:strip_icc()/pic175966.jpg,1,8,120,240,240,55960,N/A,40533,7.24075,7.01795,1.70232,0,1,0,0,0,0,0,0,0,2025-09-02 16:49:44,,0,,
1088,https://boardgamegeek.com/xmlapi/termsofuse,"Wed, 26 Aug 2026 00:24:39 +0000",thing,395375,boardgame,130508931,Art Society,1,2023,https://cf.geekdo-images.com/_-kTI7KnJp7PmbZ5ISS5RQ__original/img/zi_ULxc-unXwKj4zaXYA-MN-EO8=/0x0/filters:format(png)/pic7628025.png,https://cf.geekdo-images.com/_-kTI7KnJp7PmbZ5ISS5RQ__small/img/H3TFSGSRkKVomJuBPQArc92BDtA=/fit-in/200x150/filters:strip_icc()/pic7628025.png,2,4,30,60,60,7557,N/A,3894,7.46617,6.65551,1.15636,0,1,0,0,0,0,0,0,0,2025-03-19 12:26:01,,0,,
1088,https://boardgamegeek.com/xmlapi/termsofuse,"Wed, 26 Aug 2026 00:24:39 +0000",thing,144864,boardgame,32082994,Ascension: Darkness Unleashed,1,2013,https://cf.geekdo-images.com/K-ohG57DnjkH48n1cPQIkA__original/img/lLBPJPOmdPhfVP_KLugERY3PsTs=/0x0/filters:format(jpeg)/pic2056871.jpg,https://cf.geekdo-images.com/K-ohG57DnjkH48n1cPQIkA__small/img/00M-vQM3WScbG9vfeNykYPp8f7o=/fit-in/200x150/filters:strip_icc()/pic2056871.jpg,1,2,30,30,30,2528,N/A,1060,7.37402,6.05231,1.30653,0,0,1,0,0,0,0,0,0,2025-03-19 12:18:15,,0,Josh has,
1088,https://boardgamegeek.com/xmlapi/termsofuse,"Wed, 26 Aug 2026 00:24:39 +0000",thing,108784,boardgame,32083002,Ascension: Storm of Souls,1,2011,https://cf.geekdo-images.com/aeC7vRuLeP2r9XkkojVtNg__original/img/xj70tMpBGdmQ6z2y3RFt_RmOoeI=/0x0/filters:format(jpeg)/pic1149059.jpg,https://cf.geekdo-images.com/aeC7vRuLeP2r9XkkojVtNg__small/img/4J_ugwcOcr5peBVd-K9bmdSnsVY=/fit-in/200x150/filters:strip_icc()/pic1149059.jpg,1,4,30,30,30,5862,N/A,3718,7.28185,6.5424,1.31981,0,0,1,0,0,0,0,0,0,2025-03-19 12:18:25,,0,Josh has,
1088,https://boardgamegeek.com/xmlapi/termsofuse,"Wed, 26 Aug 2026 00:24:39 +0000",thing,295420,boardgame,110990321,Aunt Agatha's Attic,1,2020,https://cf.geekdo-images.com/salCyExaAP1SKaIGFK-hdw__original/img/_pXK-no1R_ev4keFoxzImFcgObU=/0x0/filters:format(jpeg)/pic5152626.jpg,https://cf.geekdo-images.com/salCyExaAP1SKaIGFK-hdw__small/img/gIonJljqwhL72tk9gv2Fv4gIERQ=/fit-in/200x150/filters:strip_icc()/pic5152626.jpg,3,6,15,30,30,55,N/A,10,4.933,0,1.17235,0,0,1,0,0,0,0,0,0,2025-10-01 20:17:21,,0,,
1088,https://boardgamegeek.com/xmlapi/termsofuse,"Wed, 26 Aug 2026 00:24:39 +0000",thing,175418,boardgame,130508668,Aura,1,2017,https://cf.geekdo-images.com/BKwxXn4vC8pKYSZrr-8asg__original/img/p7-l8jA9ACtCmbsBVjI-2Oum9Nc=/0x0/filters:format(jpeg)/pic4139975.jpg,https://cf.geekdo-images.com/BKwxXn4vC8pKYSZrr-8asg__small/img/8KcwGHBW2_uVtFdznWvG-XHwttk=/fit-in/200x150/filters:strip_icc()/pic4139975.jpg,2,4,20,40,40,145,N/A,53,6.37925,5.50997,1.94008,0,0,1,0,0,0,0,0,0,2025-10-01 20:17:29,,0,,
1088,https://boardgamegeek.com/xmlapi/termsofuse,"Wed, 26 Aug 2026 00:24:39 +0000",thing,103261,boardgame,32085686,Awkward Family Photos,1,2011,https://cf.geekdo-images.com/nFmY9L6zc0KGVK2A1ZOiug__original/img/EfixoLzEySKdg2ZSGCcVLqvCS3Y=/0x0/filters:format(jpeg)/pic1231174.jpg,https://cf.geekdo-images.com/nFmY9L6zc0KGVK2A1ZOiug__small/img/5oL06cn4ilwOzlzr4frzTdzp2P0=/fit-in/200x150/filters:strip_icc()/pic1231174.jpg,4,6,30,60,60,531,3,191,4.71145,5.43535,1.67666,0,0,1,0,0,0,0,0,0,2021-03-01 21:49:31,,0,Boring game,
1088,https://boardgamegeek.com/xmlapi/termsofuse,"Wed, 26 Aug 2026 00:24:39 +0000",thing,230802,boardgame,53984457,Azul,1,2017,https://cf.geekdo-images.com/aPSHJO0d0XOpQR5X-wJonw__original/img/AkbtYVc6xXJF3c9EUrakklcclKw=/0x0/filters:format(png)/pic6973671.png,https://cf.geekdo-images.com/aPSHJO0d0XOpQR5X-wJonw__small/img/ccsXKrdGJw-YSClWwzVUwk5Nh9Y=/fit-in/200x150/filters:strip_icc()/pic6973671.png,2,4,30,45,45,187916,N/A,110409,7.71191,7.60312,1.16986,0,1,0,0,0,0,0,0,0,2018-08-31 15:14:31,,0,,
1088,https://boardgamegeek.com/xmlapi/termsofuse,"Wed, 26 Aug 2026 00:24:39 +0000",thing,163,boardgame,32083017,Balderdash,1,1984,https://cf.geekdo-images.com/hXNqiCcLt9AJzcqBSsyKiQ__original/img/77EMP3lRlpwjMTGP1cHQqv7w5lk=/0x0/filters:format(jpeg)/pic5121000.jpg,https://cf.geekdo-images.com/hXNqiCcLt9AJzcqBSsyKiQ__small/img/z9TNjpF6z2JxYMWRDtsF958SX8A=/fit-in/200x150/filters:strip_icc()/pic5121000.jpg,2,6,60,60,60,12603,N/A,6663,6.4762,6.16349,1.48802,0,0,1,0,0,0,0,0,0,2022-12-28 12:02:44,,0,,
1088,https://boardgamegeek.com/xmlapi/termsofuse,"Wed, 26 Aug 2026 00:24:39 +0000",thing,27225,boardgame,32083030,Bananagrams,1,2006,https://cf.geekdo-images.com/1QjYPI4bXx4OUMJPlrsNBA__original/img/WA2NRNJx83xq81H2dnnwEDV2Ork=/0x0/filters:format(jpeg)/pic2463443.jpg,https://cf.geekdo-images.com/1QjYPI4bXx4OUMJPlrsNBA__small/img/nC_gG-4CYy7VBfYez2qSfTkU2ik=/fit-in/200x150/filters:strip_icc()/pic2463443.jpg,1,8,15,15,15,31151,N/A,13760,6.42953,6.22707,1.47968,0,0,1,0,0,0,0,0,0,2025-10-01 20:17:38,,0,tub,
1088,https://boardgamegeek.com/xmlapi/termsofuse,"Wed, 26 Aug 2026 00:24:39 +0000",thing,191925,boardgame,100252455,Bandido,1,2016,https://cf.geekdo-images.com/3kHEzcYV6QdaFjzWXkBMyQ__original/img/HAfLC_HWpmRAEELun54DRNpCnnw=/0x0/filters:format(jpeg)/pic3118226.jpg,https://cf.geekdo-images.com/3kHEzcYV6QdaFjzWXkBMyQ__small/img/vjbf859H2KDp-AksdEQdOdSZOQ4=/fit-in/200x150/filters:strip_icc()/pic3118226.jpg,1,4,10,15,15,14900,N/A,7722,6.39935,6.13065,1.3996,0,1,0,0,0,0,0,0,0,2024-05-20 11:00:35,,0,small,
1088,https://boardgamegeek.com/xmlapi/termsofuse,"Wed, 26 Aug 2026 00:24:39 +0000",thing,3955,boardgame,111094265,BANG!,1,2002,https://cf.geekdo-images.com/_04xA-d-rfygm0c49HE4vA__original/img/el-4Ilu9DeYunRT3r4TVP8Vy3uk=/0x0/filters:format(jpeg)/pic1170986.jpg,https://cf.geekdo-images.com/_04xA-d-rfygm0c49HE4vA__small/img/P-6cf4TEk7ewzrfP9d-8c-TxAY4=/fit-in/200x150/filters:strip_icc()/pic1170986.jpg,4,7,20,40,40,47307,N/A,35042,6.48567,6.32063,1.50424,0,1,0,0,0,0,0,0,0,2023-10-09 15:06:16,,0,,
1088,https://boardgamegeek.com/xmlapi/termsofuse,"Wed, 26 Aug 2026 00:24:39 +0000",thing,164930,boardgame,32083034,BANG!: Halo,1,2014,https://cf.geekdo-images.com/IgY04A5W-xk-y_0aauk0hQ__original/img/hhSjto7kGiUm5tCMfWdI2fvt_OU=/0x0/filters:format(jpeg)/pic2247267.jpg,https://cf.geekdo-images.com/IgY04A5W-xk-y_0aauk0hQ__small/img/PpjC4z8Kde9Q_w_1G8UgxCBhuto=/fit-in/200x150/filters:strip_icc()/pic2247267.jpg,3,7,30,30,30,497,6.5,149,5.80698,5.50883,1.60011,0,0,1,0,0,0,0,0,0,2025-03-19 13:02:32,,0,"Like the original Bang! better
Josh has",
1088,https://boardgamegeek.com/xmlapi/termsofuse,"Wed, 26 Aug 2026 00:24:39 +0000",thing,219513,boardgame,96719810,Bärenpark,1,2017,https://cf.geekdo-images.com/9JC16l1EMwmJkpbjaUBkpw__original/img/H14LeRRtvcOajZ1Z1_pRYu_rSTM=/0x0/filters:format(jpeg)/pic3486218.jpg,https://cf.geekdo-images.com/9JC16l1EMwmJkpbjaUBkpw__small/img/MbjH6nLmJQ5IjCgeULOjMfOf-NA=/fit-in/200x150/filters:strip_icc()/pic3486218.jpg,2,4,30,45,45,28426,N/A,21162,7.27034,7.06615,1.1038,0,1,0,0,0,0,0,0,0,2022-08-11 17:17:44,,0,,
1088,https://boardgamegeek.com/xmlapi/termsofuse,"Wed, 26 Aug 2026 00:24:39 +0000",thing,2425,boardgame,32085712,Battleship,1,1931,https://cf.geekdo-images.com/oWcB33sfig9QF_KBEv7iLQ__original/img/retN48ZHxCC5YaECdlWjRdWHPGs=/0x0/filters:format(png)/pic2439783.png,https://cf.geekdo-images.com/oWcB33sfig9QF_KBEv7iLQ__small/img/qczOMhLMAddodKHspHSXyYqZ578=/fit-in/200x150/filters:strip_icc()/pic2439783.png,2,2,30,30,30,21771,3,12359,4.76387,4.80725,1.54295,0,0,1,0,0,0,0,0,0,2025-10-01 20:18:35,,0,old games,
1088,https://boardgamegeek.com/xmlapi/termsofuse,"Wed, 26 Aug 2026 00:24:39 +0000",thing,191624,boardgame,49139691,Bear Valley,1,2016,https://cf.geekdo-images.com/V-HoopmafkLUNNlqwt7oFg__original/img/Y7NcqSHra9MSFVggEB9Vk4K7dUo=/0x0/filters:format(jpeg)/pic2839194.jpg,https://cf.geekdo-images.com/V-HoopmafkLUNNlqwt7oFg__small/img/0yd9SIYlMP7Sc0TWuOrcPx_--T4=/fit-in/200x150/filters:strip_icc()/pic2839194.jpg,2,6,15,30,30,1099,N/A,463,5.15692,5.43369,1.69487,0,0,1,0,0,0,0,0,0,2025-10-02 11:38:36,,0,,
1088,https://boardgamegeek.com/xmlapi/termsofuse,"Wed, 26 Aug 2026 00:24:39 +0000",thing,257372,boardgame,115965406,The Bears and the Bees,5,2018,https://cf.geekdo-images.com/lcd5987JJDMx5Hm3vw0whg__original/img/UiveyP-bAXl1MV35_vQqUe1nnxM=/0x0/filters:format(png)/pic6312637.png,https://cf.geekdo-images.com/lcd5987JJDMx5Hm3vw0whg__small/img/92Zl-MVif43pqfBidlPnKLoMqmM=/fit-in/200x150/filters:strip_icc()/pic6312637.png,2,5,30,30,30,2472,N/A,797,6.728,5.78741,1.31829,0,1,0,0,0,0,0,0,0,2024-02-05 14:23:02,,0,,
1088,https://boardgamegeek.com/xmlapi/termsofuse,"Wed, 26 Aug 2026 00:24:39 +0000",thing,158232,boardgame,54597783,Bedpans & Broomsticks,1,2014,https://cf.geekdo-images.com/bqnw8EgZLX3XF8Oc7EdF4A__original/img/9DP-ex3Y4qYPp56KV9CP1KATmZI=/0x0/filters:format(jpeg)/pic1995667.jpg,https://cf.geekdo-images.com/bqnw8EgZLX3XF8Oc7EdF4A__small/img/SZCSCWqewIytoK1NSOao3_Yy2_k=/fit-in/200x150/filters:strip_icc()/pic1995667.jpg,2,5,30,60,60,306,N/A,101,4.87109,5.47391,1.87019,0,0,1,0,0,0,0,0,0,2025-10-01 20:20:57,,0,,
1088,https://boardgamegeek.com/xmlapi/termsofuse,"Wed, 26 Aug 2026 00:24:39 +0000",thing,299592,boardgame,137416070,Beez,1,2020,https://cf.geekdo-images.com/EiVjc2erZbNIGAad5IJJDQ__original/img/G66B2ystjcGb4bSRUFolhyDc1Hc=/0x0/filters:format(png)/pic5186783.png,https://cf.geekdo-images.com/EiVjc2erZbNIGAad5IJJDQ__small/img/gKswZWcdhZ-xt_oSbjeo_dMjIs4=/fit-in/200x150/filters:strip_icc()/pic5186783.png,2,4,30,45,45,4957,N/A,2105,6.68118,6.02779,1.25164,0,1,0,0,0,0,0,0,0,2025-10-15 17:42:30,,0,,
1088,https://boardgamegeek.com/xmlapi/termsofuse,"Wed, 26 Aug 2026 00:24:39 +0000",thing,382735,boardgame,139348046,Best Story Wins,1,2021,https://cf.geekdo-images.com/9WKS9NfYhYGqwWLfx6Or0g__original/img/qQYOtHrrzyW3GyZ9TIUCHJqhARM=/0x0/filters:format(png)/pic7419962.png,https://cf.geekdo-images.com/9WKS9NfYhYGqwWLfx6Or0g__small/img/v7GPtDX2xK6A0fbmaY8tFNcZH0M=/fit-in/200x150/filters:strip_icc()/pic7419962.png,3,20,30,60,60,28,N/A,4,6.25,0,2.48747,0,1,0,0,0,0,0,0,0,2025-12-03 9:01:15,,0,,
1088,https://boardgamegeek.com/xmlapi/termsofuse,"Wed, 26 Aug 2026 00:24:39 +0000",thing,10547,boardgame,33171457,Betrayal at House on the Hill,1,2004,https://cf.geekdo-images.com/lqmt2Oti_qJS65XqHcB8AA__original/img/7R6yYk8A2eUMmSDaxGjae5SceGI=/0x0/filters:format(png)/pic5146864.png,https://cf.geekdo-images.com/lqmt2Oti_qJS65XqHcB8AA__small/img/EDOmDbRhLy4za2PHkJ5IbhNxZmk=/fit-in/200x150/filters:strip_icc()/pic5146864.png,3,6,60,60,60,87291,N/A,50175,7.00652,6.78314,1.60107,0,0,1,0,0,0,0,0,0,2025-03-19 12:36:06,,0,Josh has,
1088,https://boardgamegeek.com/xmlapi/termsofuse,"Wed, 26 Aug 2026 00:24:39 +0000",thing,1544,boardgame,37222280,Beyond Balderdash,1,1993,https://cf.geekdo-images.com/FfLekRrX3dNKQAfTsYuVxw__original/img/eSv2hpZDatd4Gvvez7EG-aJWGRw=/0x0/filters:format(jpeg)/pic3364.jpg,https://cf.geekdo-images.com/FfLekRrX3dNKQAfTsYuVxw__small/img/nbv0q9vRLK-kWyk2JprmTsgHmSM=/fit-in/200x150/filters:strip_icc()/pic3364.jpg,2,6,45,45,45,5305,N/A,3377,6.82783,6.2492,1.44842,0,0,1,0,0,0,0,0,0,2025-03-19 12:37:14,,0,,
1088,https://boardgamegeek.com/xmlapi/termsofuse,"Wed, 26 Aug 2026 00:24:39 +0000",thing,154174,boardgame,119378674,The Big Bang Theory: Rock! Paper! Scissors! Lizard! Spock! Dice Game,5,,https://cf.geekdo-images.com/4njfAfJ_P7BxbfW4yIRUkA__original/img/6Lo4WDS8ffm7pDOQN3u6xf1EE4w=/0x0/filters:format(jpeg)/pic1659337.jpg,https://cf.geekdo-images.com/4njfAfJ_P7BxbfW4yIRUkA__small/img/JGNNEK-aN0VFnYcL_xBIW5qqr4Y=/fit-in/200x150/filters:strip_icc()/pic1659337.jpg,2,8,30,30,30,418,N/A,90,3.65,5.42811,1.8951,0,0,1,0,0,0,0,0,0,2025-10-01 20:21:06,,0,tub,
1088,https://boardgamegeek.com/xmlapi/termsofuse,"Wed, 26 Aug 2026 00:24:39 +0000",thing,171233,boardgame,51636681,The Big Book of Madness,5,2015,https://cf.geekdo-images.com/-LL30JqMelQiFx51xjzIVg__original/img/xxc0HZxHgBnPPe5GNJ3kQ1Xyd4Q=/0x0/filters:format(jpeg)/pic2750172.jpg,https://cf.geekdo-images.com/-LL30JqMelQiFx51xjzIVg__small/img/1zS0iG4Y_mY8RNwJqTZm6o5YztI=/fit-in/200x150/filters:strip_icc()/pic2750172.jpg,2,5,60,90,90,12602,N/A,7272,6.86448,6.49024,1.33315,0,1,0,0,0,0,0,0,0,2018-05-13 19:05:48,,0,,
1088,https://boardgamegeek.com/xmlapi/termsofuse,"Wed, 26 Aug 2026 00:24:39 +0000",thing,148592,boardgame,33885591,"Bigfootses, The Card Game",1,2014,https://cf.geekdo-images.com/atzpa-bJyHTUkGfL-K8PbA__original/img/KxjZtmolyK3A9OgmSsgngGxC9zE=/0x0/filters:format(png)/pic2330827.png,https://cf.geekdo-images.com/atzpa-bJyHTUkGfL-K8PbA__small/img/HJ9vd2O5yZQs9xTdzx8Fc_z8-OE=/fit-in/200x150/filters:strip_icc()/pic2330827.png,2,6,45,45,45,168,N/A,75,6.71027,5.51625,1.98832,0,1,0,0,0,0,0,0,0,2016-04-04 8:56:38,,0,Funny game,
1088,https://boardgamegeek.com/xmlapi/termsofuse,"Wed, 26 Aug 2026 00:24:39 +0000",thing,157403,boardgame,32083048,Black Fleet,1,2014,https://cf.geekdo-images.com/A-KaF84pQ7V8IAZULQNqKg__original/img/jQSWb6LWCtAkGeLVlQDj6an6ED4=/0x0/filters:format(jpeg)/pic1987366.jpg,https://cf.geekdo-images.com/A-KaF84pQ7V8IAZULQNqKg__small/img/t6JsS2kb5qfi0CVFe5o08WGlQ2M=/fit-in/200x150/filters:strip_icc()/pic1987366.jpg,3,4,60,60,60,8592,N/A,5795,6.99329,6.53277,1.23479,0,1,0,0,0,0,0,0,0,2015-12-28 9:45:49,,0,This is actually a fun game!,
1088,https://boardgamegeek.com/xmlapi/termsofuse,"Wed, 26 Aug 2026 00:24:39 +0000",thing,36739,boardgame,36713478,Black Sheep,1,2008,https://cf.geekdo-images.com/iPhom8y58l_o7_iI7OFSAQ__original/img/tlO2Fcf3Yy9nzObetrWpubdPHw4=/0x0/filters:format(jpeg)/pic359281.jpg,https://cf.geekdo-images.com/iPhom8y58l_o7_iI7OFSAQ__small/img/gxTN6WWUkLhHbr4OhsRO3slaS6c=/fit-in/200x150/filters:strip_icc()/pic359281.jpg,2,4,30,30,30,2272,N/A,1292,5.93599,5.63704,1.285,0,0,1,0,0,0,0,0,0,2025-10-01 20:22:00,,0,Kids   Agricola for kids,
1088,https://boardgamegeek.com/xmlapi/termsofuse,"Wed, 26 Aug 2026 00:24:39 +0000",thing,231218,boardgame,58189068,Black Sonata,1,2017,https://cf.geekdo-images.com/UgE_mVxqPMMNKOvXWqC71g__original/img/x6WHFifE2JApTb_Gpg4o99c7xJw=/0x0/filters:format(jpeg)/pic3657983.jpg,https://cf.geekdo-images.com/UgE_mVxqPMMNKOvXWqC71g__small/img/slBCxAKehDCtJxFCwUCAuu_Opwg=/fit-in/200x150/filters:strip_icc()/pic3657983.jpg,1,1,30,30,30,9236,N/A,3825,7.46759,6.67789,1.25191,0,1,0,0,0,0,0,0,0,2022-12-28 17:02:57,,0,P&P,
1088,https://boardgamegeek.com/xmlapi/termsofuse,"Wed, 26 Aug 2026 00:24:39 +0000",thing,254188,boardgame,130713112,Blank Slate,1,2018,https://cf.geekdo-images.com/aryvVpliO8HJTZS2CKlZ_A__original/img/t7se9uWy-0ak1I-iJwDcEOCR-q4=/0x0/filters:format(jpeg)/pic9749335.jpg,https://cf.geekdo-images.com/aryvVpliO8HJTZS2CKlZ_A__small/img/STah7DcyjLTj_dV09u2MLCRcl2A=/fit-in/200x150/filters:strip_icc()/pic9749335.jpg,3,8,30,30,30,4349,N/A,1621,6.61973,5.91973,1.35096,0,1,0,0,0,0,0,0,0,2025-03-25 16:59:44,,0,Party game,
1088,https://boardgamegeek.com/xmlapi/termsofuse,"Wed, 26 Aug 2026 00:24:39 +0000",thing,1197,boardgame,54335761,Blink,1,1995,https://cf.geekdo-images.com/3dIGGmZpEj8ND0WwBWGtDw__original/img/6EifG7D8YEKnT65VGKfbyc6sSss=/0x0/filters:format(png)/pic8946171.png,https://cf.geekdo-images.com/3dIGGmZpEj8ND0WwBWGtDw__small/img/gLyiJhJBqsqiwMwRSlleuFC92L0=/fit-in/200x150/filters:strip_icc()/pic8946171.png,2,3,10,10,10,6161,N/A,2418,5.97864,5.70978,1.45559,0,0,1,0,0,0,0,0,0,2021-03-01 21:53:48,,0,,
1088,https://boardgamegeek.com/xmlapi/termsofuse,"Wed, 26 Aug 2026 00:24:39 +0000",thing,2453,boardgame,32083053,Blokus,1,2000,https://cf.geekdo-images.com/96YA5wUJDxtPkmPxemr5Qg__original/img/sdX6o0TZpXjsDMw071k2P80wpYw=/0x0/filters:format(jpeg)/pic2197702.jpg,https://cf.geekdo-images.com/96YA5wUJDxtPkmPxemr5Qg__small/img/EBt2y7Awj5djyo185R7g6FV3P9g=/fit-in/200x150/filters:strip_icc()/pic2197702.jpg,2,4,30,30,30,44948,5.5,29902,6.85936,6.707,1.26312,0,1,0,0,0,0,0,0,0,2015-12-28 12:11:31,,0,old Games,
1088,https://boardgamegeek.com/xmlapi/termsofuse,"Wed, 26 Aug 2026 00:24:39 +0000",thing,6411,boardgame,32084427,Blokus 3D,1,2003,https://cf.geekdo-images.com/Pp-LXETFo29L0HLo4fMCCw__original/img/R0Q9UPYZYJhmcmv60iP9PpT4bko=/0x0/filters:format(jpeg)/pic1478957.jpg,https://cf.geekdo-images.com/Pp-LXETFo29L0HLo4fMCCw__small/img/uXB_erUkU_qvcxRI8ju4gfRVl2A=/fit-in/200x150/filters:strip_icc()/pic1478957.jpg,2,4,15,20,20,5494,5.5,4149,6.7669,6.29604,1.24355,0,0,1,0,0,0,0,0,0,2021-03-07 9:21:47,,0,,
1088,https://boardgamegeek.com/xmlapi/termsofuse,"Wed, 26 Aug 2026 00:24:39 +0000",thing,21550,boardgame,32083061,Blokus Trigon,1,2006,https://cf.geekdo-images.com/aPTEkOgzqLH4v-kY4M0zXQ__original/img/n5kvQb3ZR8Ga_s1_0imfrNZHHyw=/0x0/filters:format(jpeg)/pic5412064.jpg,https://cf.geekdo-images.com/aPTEkOgzqLH4v-kY4M0zXQ__small/img/6Lo7AbPOmmRDpFUkBCa6RwMR9Ws=/fit-in/200x150/filters:strip_icc()/pic5412064.jpg,2,4,20,20,20,4804,N/A,3393,6.88687,6.29182,1.2374,0,0,1,0,0,0,0,0,0,2021-03-07 9:22:06,,0,,
1088,https://boardgamegeek.com/xmlapi/termsofuse,"Wed, 26 Aug 2026 00:24:39 +0000",thing,220380,boardgame,60794747,Blorg in the Midwest,1,2018,https://cf.geekdo-images.com/1E5jXyrsa-h60Vp4bOgPkQ__original/img/oUwGnTWMniIRxCxZERRvHrgT6c8=/0x0/filters:format(png)/pic7154573.png,https://cf.geekdo-images.com/1E5jXyrsa-h60Vp4bOgPkQ__small/img/SxrrFC8yq19D__WKqWvxjgSemPw=/fit-in/200x150/filters:strip_icc()/pic7154573.png,1,1,10,20,20,692,N/A,249,6.72863,5.60441,1.34461,0,1,0,0,0,0,0,0,0,2024-05-18 20:23:41,,0,P&P,
1088,https://boardgamegeek.com/xmlapi/termsofuse,"Wed, 26 Aug 2026 00:24:39 +0000",thing,140933,boardgame,32083069,Blueprints,1,2013,https://cf.geekdo-images.com/yj0dJI3pFauW-EU9Vg6OZw__original/img/LxwWN-0LRUVioSQcFJPbgqQ8No4=/0x0/filters:format(jpeg)/pic1877243.jpg,https://cf.geekdo-images.com/yj0dJI3pFauW-EU9Vg6OZw__small/img/TVG6p598iOhPeDZuVWy6QCTzOi4=/fit-in/200x150/filters:strip_icc()/pic1877243.jpg,2,4,30,30,30,9350,N/A,7127,6.78065,6.44393,1.12459,0,1,0,0,0,0,0,0,0,2023-02-19 12:01:06,,1,"Game Play: Collection Building
Our Rating: Good     
Thoughts: Different scoring opportunities. Maybe better 3 player",
1088,https://boardgamegeek.com/xmlapi/termsofuse,"Wed, 26 Aug 2026 00:24:39 +0000",thing,245136,boardgame,136975846,Bluff Jubiläumsausgabe,1,2017,https://cf.geekdo-images.com/kdz6i8xM0VA_jka0PM5olA__original/img/j3_VzVFUcGuVszzn1LTowP99ztk=/0x0/filters:format(jpeg)/pic3945944.jpg,https://cf.geekdo-images.com/kdz6i8xM0VA_jka0PM5olA__small/img/DifcFx2pKLBNkiWGpqNXwlrSdT0=/fit-in/200x150/filters:strip_icc()/pic3945944.jpg,2,6,30,30,30,1656,N/A,858,6.77104,5.81704,1.51273,0,1,0,0,0,0,0,0,0,2025-10-02 9:20:11,,0,,
1088,https://boardgamegeek.com/xmlapi/termsofuse,"Wed, 26 Aug 2026 00:24:39 +0000",thing,121995,boardgame,130511384,Blurble,1,2013,https://cf.geekdo-images.com/jLYSnVotwvnz13uinkg91w__original/img/Kqj8xmQlkgW380jLMhPQCJXN9lY=/0x0/filters:format(jpeg)/pic3668955.jpg,https://cf.geekdo-images.com/jLYSnVotwvnz13uinkg91w__small/img/Mnbq8N0SPFSnf_70oe5DxKYaMdY=/fit-in/200x150/filters:strip_icc()/pic3668955.jpg,2,12,30,30,30,474,N/A,162,5.98352,5.52919,1.65933,0,0,1,0,0,0,0,0,0,2025-10-02 10:11:33,,0,Kids,
1088,https://boardgamegeek.com/xmlapi/termsofuse,"Wed, 26 Aug 2026 00:24:39 +0000",thing,231696,boardgame,130509305,Bob Ross: Art of Chill Game,1,2017,https://cf.geekdo-images.com/I0dO3GEStulLd88B7NHavw__original/img/vwLiXiU11BpAv9AmC5NbNbQlaFY=/0x0/filters:format(jpeg)/pic3652437.jpg,https://cf.geekdo-images.com/I0dO3GEStulLd88B7NHavw__small/img/x-jwOdWChUXh6SLo5SX5EMhNiIs=/fit-in/200x150/filters:strip_icc()/pic3652437.jpg,2,4,30,30,30,6680,N/A,2930,6.72734,6.13681,1.28927,0,1,0,0,0,0,0,0,0,2025-03-19 12:41:48,,0,,
1088,https://boardgamegeek.com/xmlapi/termsofuse,"Wed, 26 Aug 2026 00:24:39 +0000",thing,1293,boardgame,32083076,Boggle,1,1972,https://cf.geekdo-images.com/dsI6-jUj8mzOuC6gL4e42w__original/img/xf5XFqvj3TZxf3B_z9xR6lyGxic=/0x0/filters:format(jpeg)/pic7024967.jpg,https://cf.geekdo-images.com/dsI6-jUj8mzOuC6gL4e42w__small/img/YEc1l4n4HKd5_L1s1yTsqHyLjSw=/fit-in/200x150/filters:strip_icc()/pic7024967.jpg,1,8,10,10,10,16761,5,9010,6.25516,6.03815,1.61071,0,0,1,0,0,0,0,0,0,2025-10-01 20:24:14,,0,Tub,
1088,https://boardgamegeek.com/xmlapi/termsofuse,"Wed, 26 Aug 2026 00:24:39 +0000",thing,13508,boardgame,33171129,Boggle Jr.,1,1988,https://cf.geekdo-images.com/t-e9FIDt5g0nWfB4OiYxvg__original/img/Jo99Ysq_j85v6p3Nw5demr8UUJc=/0x0/filters:format(jpeg)/pic437677.jpg,https://cf.geekdo-images.com/t-e9FIDt5g0nWfB4OiYxvg__small/img/B01dgGsD422BRzvp6DXeUnmUyh4=/fit-in/200x150/filters:strip_icc()/pic437677.jpg,1,2,10,10,10,735,N/A,161,4.46708,5.43479,1.69815,0,0,1,0,0,0,0,0,0,2016-02-19 17:27:10,,0,,
1088,https://boardgamegeek.com/xmlapi/termsofuse,"Wed, 26 Aug 2026 00:24:39 +0000",thing,11,boardgame,130509955,Bohnanza,1,1997,https://cf.geekdo-images.com/8SADtu_4zBH_UJrCo935Iw__original/img/RNuAr2CDbxE3XzeJVkxj4Df3eVM=/0x0/filters:format(jpeg)/pic6348964.jpg,https://cf.geekdo-images.com/8SADtu_4zBH_UJrCo935Iw__small/img/vwTEQOWA3Mw__ztkTMulOgJ82Pw=/fit-in/200x150/filters:strip_icc()/pic6348964.jpg,2,7,45,45,45,84298,N/A,51827,7.08295,6.96372,1.30826,0,1,0,0,0,0,0,0,0,2025-03-19 13:03:22,,0,,
1088,https://boardgamegeek.com/xmlapi/termsofuse,"Wed, 26 Aug 2026 00:24:39 +0000",thing,223275,boardgame,54335810,Boneyard,1,2015,https://cf.geekdo-images.com/ogDJJnV_ZGugj15xby6jDw__original/img/MTLih_HYTz4lFLt1iwvStxf3S7o=/0x0/filters:format(jpeg)/pic3479737.jpg,https://cf.geekdo-images.com/ogDJJnV_ZGugj15xby6jDw__small/img/T0HPHWu1kaIm4FsAXrJdOTjten0=/fit-in/200x150/filters:strip_icc()/pic3479737.jpg,,,30,60,60,1,N/A,1,7,0,0,0,1,0,0,0,0,0,0,0,2024-05-20 11:04:10,,0,tub,
1088,https://boardgamegeek.com/xmlapi/termsofuse,"Wed, 26 Aug 2026 00:24:39 +0000",thing,95710,boardgame,32085729,Bop It!,1,1996,https://cf.geekdo-images.com/4qcYavCD4Jw72tOTS5glTA__original/img/urzjuDUiZNg2xkDalR5IZDHOnck=/0x0/filters:format(png)/pic1034553.png,https://cf.geekdo-images.com/4qcYavCD4Jw72tOTS5glTA__small/img/sNmlx8_3kRJN2ZJDB83R7IcPyos=/fit-in/200x150/filters:strip_icc()/pic1034553.png,1,99,5,10,10,717,3,357,5.0946,5.43549,2.02706,0,0,1,0,0,0,0,0,0,2025-10-02 11:41:13,,0,Electronic,
1088,https://boardgamegeek.com/xmlapi/termsofuse,"Wed, 26 Aug 2026 00:24:39 +0000",thing,123679,boardgame,32085732,Bop It! XT,1,2011,https://cf.geekdo-images.com/WQsoZr1q07H4DePbHEKPVA__original/img/KL1ROztaGo1fhWCGyVTY72Em-DM=/0x0/filters:format(jpeg)/pic1339326.jpg,https://cf.geekdo-images.com/WQsoZr1q07H4DePbHEKPVA__small/img/tV9m-e9WaIg34At1elN6pfFRjTk=/fit-in/200x150/filters:strip_icc()/pic1339326.jpg,1,2,10,10,10,68,3,28,5.70714,0,1.66195,0,0,1,0,0,0,0,0,0,2021-03-01 22:12:25,,0,,
1088,https://boardgamegeek.com/xmlapi/termsofuse,"Wed, 26 Aug 2026 00:24:39 +0000",thing,127060,boardgame,35473650,Bora Bora,1,2013,https://cf.geekdo-images.com/9YEjZIVdWVcUVWC7o8aKsQ__original/img/FmxZfRUytUU35lwbNkTetKJT6YM=/0x0/filters:format(jpeg)/pic1542342.jpg,https://cf.geekdo-images.com/9YEjZIVdWVcUVWC7o8aKsQ__small/img/DvUZLxCdQsrU6uMqXnLU-ksIEJs=/fit-in/200x150/filters:strip_icc()/pic1542342.jpg,2,4,60,120,120,13154,N/A,10764,7.55629,7.16727,1.33781,0,1,0,0,0,0,0,0,0,2016-07-02 7:47:54,,0,,
1088,https://boardgamegeek.com/xmlapi/termsofuse,"Wed, 26 Aug 2026 00:24:39 +0000",thing,252556,boardgame,80291493,Bosk,1,2019,https://cf.geekdo-images.com/wanObJ4qujaK6MQ0R71skg__original/img/3G53YFTCQozvdx9KRXY-6-ljcjo=/0x0/filters:format(jpeg)/pic4636173.jpg,https://cf.geekdo-images.com/wanObJ4qujaK6MQ0R71skg__small/img/7OuVXKEhBHRut9Opn8ibTrqo68I=/fit-in/200x150/filters:strip_icc()/pic4636173.jpg,2,4,20,40,40,4985,N/A,2305,6.81007,6.12387,1.19441,0,1,0,0,0,0,0,0,0,2021-03-10 21:51:01,,0,,
1088,https://boardgamegeek.com/xmlapi/termsofuse,"Wed, 26 Aug 2026 00:24:39 +0000",thing,131835,boardgame,64998153,Boss Monster: The Dungeon Building Card Game,1,2013,https://cf.geekdo-images.com/VBwaHyx-NWL3VLcCWKRA0w__original/img/izAmJ81QELl5DoK3y2bzJw55lhA=/0x0/filters:format(jpeg)/pic1732644.jpg,https://cf.geekdo-images.com/VBwaHyx-NWL3VLcCWKRA0w__small/img/wisLXxKXbo5-Ci-ZjEj8ryyoN2g=/fit-in/200x150/filters:strip_icc()/pic1732644.jpg,2,4,30,30,30,40165,N/A,18305,6.26799,6.07736,1.45908,0,0,1,0,0,0,0,0,0,2025-10-02 10:11:59,,0,,
1088,https://boardgamegeek.com/xmlapi/termsofuse,"Wed, 26 Aug 2026 00:24:39 +0000",thing,645,boardgame,32083081,Bosworth,1,1998,https://cf.geekdo-images.com/HnBgm0a6uC_azbuFp7Wgrg__original/img/qP9bqBT3v3IUnnQTP24h54hc1s8=/0x0/filters:format(jpeg)/pic48606.jpg,https://cf.geekdo-images.com/HnBgm0a6uC_azbuFp7Wgrg__small/img/HJCBjGkY7GOrWAzOgZ_swOl37lI=/fit-in/200x150/filters:strip_icc()/pic48606.jpg,2,4,60,60,60,784,N/A,383,5.81799,5.537,1.46066,0,0,1,0,0,0,0,0,0,2021-03-01 21:54:48,,0,,
1088,https://boardgamegeek.com/xmlapi/termsofuse,"Wed, 26 Aug 2026 00:24:39 +0000",thing,271529,boardgame,100265396,Botanik,1,2021,https://cf.geekdo-images.com/BZiB4muySH2j0H2t6CEjcA__original/img/YIe8q2IDu1gRbFSRF9PV52j6tnA=/0x0/filters:format(jpeg)/pic5869674.jpg,https://cf.geekdo-images.com/BZiB4muySH2j0H2t6CEjcA__small/img/LyMx8-HYvEzkSdHWwvn4fjgwnqM=/fit-in/200x150/filters:strip_icc()/pic5869674.jpg,2,2,30,30,30,5872,N/A,3174,7.48321,6.60235,1.23194,0,1,0,0,0,0,0,0,0,2022-11-27 17:04:23,,0,,
1088,https://boardgamegeek.com/xmlapi/termsofuse,"Wed, 26 Aug 2026 00:24:39 +0000",thing,353791,boardgame,130511200,Bought Red Handed,1,2019,https://cf.geekdo-images.com/_9ryUU0Hrvozkoel1FPirQ__original/img/uVqFWZFCFUegsNghcLm7dDfVAM8=/0x0/filters:format(jpeg)/pic6934560.jpg,https://cf.geekdo-images.com/_9ryUU0Hrvozkoel1FPirQ__small/img/x0CvZ4ANm-EEoIlo665NzBHzj5s=/fit-in/200x150/filters:strip_icc()/pic6934560.jpg,3,99,,,,40,N/A,5,5.8,0,0.748331,0,0,1,0,0,0,0,0,0,2025-10-01 20:25:59,,0,,
1088,https://boardgamegeek.com/xmlapi/termsofuse,"Wed, 26 Aug 2026 00:24:39 +0000",thing,3934,boardgame,32085788,Bowling Dice,1,1999,https://cf.geekdo-images.com/Xy3DOK64beQWOIkzLcUZLw__original/img/LWtIq7lkTKMXHaeehyrBvLIJQHU=/0x0/filters:format(jpeg)/pic1937818.jpg,https://cf.geekdo-images.com/Xy3DOK64beQWOIkzLcUZLw__small/img/VL2yr9duzgRWAZcZbAdU3tbd5zA=/fit-in/200x150/filters:strip_icc()/pic1937818.jpg,1,10,10,10,10,1498,N/A,533,4.58963,5.32366,1.70315,0,0,1,0,0,0,0,0,0,2021-03-01 21:47:11,,0,,
1088,https://boardgamegeek.com/xmlapi/termsofuse,"Wed, 26 Aug 2026 00:24:39 +0000",thing,146299,boardgame,101395838,Bowling for Zombies!!!,1,2013,https://cf.geekdo-images.com/QlmZHKvWQtkZ1F9AcXDumA__original/img/YsLYT208kl2cMhjdAo2e0ktxuzM=/0x0/filters:format(jpeg)/pic1802112.jpg,https://cf.geekdo-images.com/QlmZHKvWQtkZ1F9AcXDumA__small/img/MLrFmyS51y5XDBKa-op5nxeIKRM=/fit-in/200x150/filters:strip_icc()/pic1802112.jpg,2,5,15,15,15,306,N/A,55,4.69273,5.48218,1.81367,0,0,1,0,0,0,0,0,0,2024-05-20 10:32:02,,0,,
1088,https://boardgamegeek.com/xmlapi/termsofuse,"Wed, 26 Aug 2026 00:24:39 +0000",thing,88546,boardgame,80013424,Bowling Zombies,1,2010,https://cf.geekdo-images.com/V2XSMpvUVesosZr3E6bYiQ__original/img/Af-W-s2P1S6QEpwprxvmteyscIA=/0x0/filters:format(png)/pic975889.png,https://cf.geekdo-images.com/V2XSMpvUVesosZr3E6bYiQ__small/img/eDk9N2dpyKiMNNbj3TAxxS9ou0s=/fit-in/200x150/filters:strip_icc()/pic975889.png,1,1,15,15,15,93,N/A,22,4.82273,0,1.45881,0,0,1,0,0,0,0,0,0,2025-10-01 20:26:18,,0,Kids,
1088,https://boardgamegeek.com/xmlapi/termsofuse,"Wed, 26 Aug 2026 00:24:39 +0000",thing,267565,boardgame,130509314,Brain Fart,1,2018,https://cf.geekdo-images.com/uegP9XGupuYL5qEws0Tjfg__original/img/V0Pud3qmoEwDa16Ec6I4FcOibzQ=/0x0/filters:format(jpeg)/pic5132862.jpg,https://cf.geekdo-images.com/uegP9XGupuYL5qEws0Tjfg__small/img/VyxDUDdkIhSR_oAQworDC2in4xI=/fit-in/200x150/filters:strip_icc()/pic5132862.jpg,3,99,,,,170,N/A,44,5.92273,5.50177,1.7529,0,0,1,0,0,0,0,0,0,2025-10-01 20:27:15,,0,,
1088,https://boardgamegeek.com/xmlapi/termsofuse,"Wed, 26 Aug 2026 00:24:39 +0000",thing,257726,boardgame,81002539,Brikks,1,2018,https://cf.geekdo-images.com/xFXXcX9mEW4FWzT31-C44A__original/img/4OUmscLcvww2EviuxADEf_IYPS4=/0x0/filters:format(jpeg)/pic4578122.jpg,https://cf.geekdo-images.com/xFXXcX9mEW4FWzT31-C44A__small/img/y6eeVbUX0U0f-9rEqIBjG7o8C2g=/fit-in/200x150/filters:strip_icc()/pic4578122.jpg,1,4,20,30,30,2253,N/A,1207,6.268,5.75558,1.26912,0,0,1,0,0,0,0,0,0,2023-02-19 10:53:18,,0,"Rating: Fair. 
GamePlay: PNP Tetris
Thought: Wasn't great. But not Bad.",
1088,https://boardgamegeek.com/xmlapi/termsofuse,"Wed, 26 Aug 2026 00:24:39 +0000",thing,173441,boardgame,39270093,Bring Your Own Book,1,2015,https://cf.geekdo-images.com/pXsJ0wmTpGsCl2iNPN9Ksg__original/img/Q_Qgq9jOSjQ7dEzYVmPBeQJ4RyM=/0x0/filters:format(png)/pic9634185.png,https://cf.geekdo-images.com/pXsJ0wmTpGsCl2iNPN9Ksg__small/img/kmCoc7sumzRzWzfT-4IGjzTvXrA=/fit-in/200x150/filters:strip_icc()/pic9634185.png,3,8,20,20,20,2223,N/A,905,6.76186,5.83287,1.43853,0,1,0,0,0,0,0,0,0,2016-12-28 17:30:43,,0,,
1088,https://boardgamegeek.com/xmlapi/termsofuse,"Wed, 26 Aug 2026 00:24:39 +0000",thing,308989,boardgame,123734599,Bristol 1350,1,2021,https://cf.geekdo-images.com/2L_NV04_cppbcWvyDwZQCA__original/img/_hlXZSIp59HQkHL4RlxcUcCZyrA=/0x0/filters:format(jpeg)/pic5400101.jpg,https://cf.geekdo-images.com/2L_NV04_cppbcWvyDwZQCA__small/img/lvhxPvjRamn95T1NuzMxscG0xUw=/fit-in/200x150/filters:strip_icc()/pic5400101.jpg,1,9,20,40,40,8204,N/A,2704,6.88001,6.18849,1.46358,0,1,0,0,0,0,0,0,0,2025-03-19 13:25:29,,0,Book,
1088,https://boardgamegeek.com/xmlapi/termsofuse,"Wed, 26 Aug 2026 00:24:39 +0000",thing,172308,boardgame,80013001,Broom Service,1,2015,https://cf.geekdo-images.com/PcxTKtTwov2vxkZZbRVDAw__original/img/kjg4hSkTE2a8MKlkZNgTGqfKqgc=/0x0/filters:format(jpeg)/pic2546156.jpg,https://cf.geekdo-images.com/PcxTKtTwov2vxkZZbRVDAw__small/img/exJUDw66ox4k5H5dSX_oAOuRNXk=/fit-in/200x150/filters:strip_icc()/pic2546156.jpg,2,5,30,75,75,18030,N/A,11574,7.17532,6.86604,1.27174,0,1,0,0,0,0,0,0,0,2021-03-01 22:47:39,,0,,
1088,https://boardgamegeek.com/xmlapi/termsofuse,"Wed, 26 Aug 2026 00:24:39 +0000",thing,192735,boardgame,62271303,Broom Service: The Card Game,1,2016,https://cf.geekdo-images.com/VGtwhNcE6ei3eRQ-ydIluQ__original/img/UsuQz9A2rUPDzSW2dVWDUN0VQr8=/0x0/filters:format(jpeg)/pic2861801.jpg,https://cf.geekdo-images.com/VGtwhNcE6ei3eRQ-ydIluQ__small/img/YnjaAx8-Spou631WCd_LN7zHBnE=/fit-in/200x150/filters:strip_icc()/pic2861801.jpg,3,6,15,30,30,3248,N/A,1114,6.0586,5.66651,1.45636,0,0,1,0,0,0,0,0,0,2025-10-02 12:03:44,,0,,
1088,https://boardgamegeek.com/xmlapi/termsofuse,"Wed, 26 Aug 2026 00:24:39 +0000",thing,144553,boardgame,32084702,The Builders: Middle Ages,5,2013,https://cf.geekdo-images.com/Dm4DlsDMxj7pEWypXeQAXQ__original/img/khA8wBNSQnGggbqOPrqKXr2BNjA=/0x0/filters:format(jpeg)/pic1987602.jpg,https://cf.geekdo-images.com/Dm4DlsDMxj7pEWypXeQAXQ__small/img/dJCYEHG06GbTCdkuGTw6npGI0xk=/fit-in/200x150/filters:strip_icc()/pic1987602.jpg,2,4,30,30,30,7127,7.5,4798,6.46913,6.12859,1.20415,0,1,0,0,0,0,0,0,0,2015-12-28 12:12:19,,0,Fun game,
1088,https://boardgamegeek.com/xmlapi/termsofuse,"Wed, 26 Aug 2026 00:24:39 +0000",thing,18041,boardgame,32083089,Bunco Party,1,2004,https://cf.geekdo-images.com/oXrF39B_8e0fx5RSK62pCw__original/img/yyGf2eRSshssNS-QX74dX3QknvI=/0x0/filters:format(jpeg)/pic1592309.jpg,https://cf.geekdo-images.com/oXrF39B_8e0fx5RSK62pCw__small/img/KhaD14mJo1dOxy4Y7xNHG8hQyWo=/fit-in/200x150/filters:strip_icc()/pic1592309.jpg,2,12,60,60,60,488,6,141,3.73,5.399,2.36964,0,0,1,0,0,0,0,0,0,2025-10-02 10:12:40,,0,I love bunco. Especially when you just roll for sixes. Makes it easier to socialize than to trying to remember what number you're on.,
1088,https://boardgamegeek.com/xmlapi/termsofuse,"Wed, 26 Aug 2026 00:24:39 +0000",thing,184921,boardgame,80012984,Bunny Kingdom,1,2017,https://cf.geekdo-images.com/Noz8-u1ba828WUv69pTXKg__original/img/UsuOzkr2-QWs5KPyOhWS5s02Uug=/0x0/filters:format(jpeg)/pic3613444.jpg,https://cf.geekdo-images.com/Noz8-u1ba828WUv69pTXKg__small/img/17lnz18gnbQGnnTY8o07X2kxwbs=/fit-in/200x150/filters:strip_icc()/pic3613444.jpg,2,4,40,60,60,21636,N/A,15100,7.405,7.10471,1.25468,0,1,0,0,0,0,0,0,0,2021-03-01 22:46:48,,0,,
1088,https://boardgamegeek.com/xmlapi/termsofuse,"Wed, 26 Aug 2026 00:24:39 +0000",thing,116954,boardgame,106192962,Butterfly Garden,1,2012,https://cf.geekdo-images.com/NLcWsQt_GKAdyAzMG5KB3w__original/img/Uaqo_u6e9fwAhhUJfZcvRbId7z0=/0x0/filters:format(jpeg)/pic8546906.jpg,https://cf.geekdo-images.com/NLcWsQt_GKAdyAzMG5KB3w__small/img/mPIuUN1GrjtrGEhhluSipUCajYE=/fit-in/200x150/filters:strip_icc()/pic8546906.jpg,2,4,30,30,30,5882,N/A,3883,6.85214,6.31741,1.18074,0,1,0,0,0,0,0,0,0,2025-10-02 9:31:04,,0,Our Version is called Indigo,
1088,https://boardgamegeek.com/xmlapi/termsofuse,"Wed, 26 Aug 2026 00:24:39 +0000",thing,313100,boardgame,130511507,"Bye, Felicia!",1,2020,https://cf.geekdo-images.com/B3ymzCeNVSKDqE2IgImibw__original/img/T6AMMuL0dZntBZfccXP1gNyuf2E=/0x0/filters:format(jpeg)/pic5501803.jpg,https://cf.geekdo-images.com/B3ymzCeNVSKDqE2IgImibw__small/img/LjsOp9WTKOYr76F5tNzLEY7AYI8=/fit-in/200x150/filters:strip_icc()/pic5501803.jpg,3,8,20,20,20,422,N/A,108,6.41364,5.53424,1.68357,0,0,1,0,0,0,0,0,0,2025-10-01 20:30:02,,0,,
1088,https://boardgamegeek.com/xmlapi/termsofuse,"Wed, 26 Aug 2026 00:24:39 +0000",thing,58602,boardgame,60640087,Cable Car,1,2009,https://cf.geekdo-images.com/uNPum_JrNrs6lMGEDl7r3w__original/img/FU-YKTzQsHiIyVnet6avVcR6xYQ=/0x0/filters:format(jpeg)/pic1248466.jpg,https://cf.geekdo-images.com/uNPum_JrNrs6lMGEDl7r3w__small/img/pd_kiaCvU3ZmJtycidqxtKEKDU4=/fit-in/200x150/filters:strip_icc()/pic1248466.jpg,2,6,30,45,45,2045,N/A,1338,6.66972,5.91541,1.19634,0,1,0,0,0,0,0,0,0,2019-05-18 14:35:39,,0,,
1088,https://boardgamegeek.com/xmlapi/termsofuse,"Wed, 26 Aug 2026 00:24:39 +0000",thing,316625,boardgame,130511257,Cafe Chaos,1,2021,https://cf.geekdo-images.com/5i3LgikLy_812xVPFpLoKQ__original/img/BZVJivFxJiMgpwcF4qw32P5QyrE=/0x0/filters:format(jpeg)/pic7041453.jpg,https://cf.geekdo-images.com/5i3LgikLy_812xVPFpLoKQ__small/img/DFeUTT_-vX4n25x4LWXZYes13cQ=/fit-in/200x150/filters:strip_icc()/pic7041453.jpg,3,8,30,60,60,683,N/A,126,6.25,5.5269,1.74923,0,0,1,0,0,0,0,0,0,2025-10-01 20:32:18,,0,,
1088,https://boardgamegeek.com/xmlapi/termsofuse,"Wed, 26 Aug 2026 00:24:39 +0000",thing,335271,boardgame,105117008,Camel Up: Off Season,1,2021,https://cf.geekdo-images.com/Jh1HniCiCAPFEww6uuWdng__original/img/LYi_iX_LKgBQ-HfHbCyo7HPd4P0=/0x0/filters:format(jpeg)/pic6082618.jpg,https://cf.geekdo-images.com/Jh1HniCiCAPFEww6uuWdng__small/img/hKkv1IDv3mC_xShhxfoV4SQD1dU=/fit-in/200x150/filters:strip_icc()/pic6082618.jpg,3,5,45,45,45,1698,N/A,444,6.8422,5.6947,1.16773,0,1,0,0,0,0,0,0,0,2023-03-31 15:44:49,,0,,
1088,https://boardgamegeek.com/xmlapi/termsofuse,"Wed, 26 Aug 2026 00:24:39 +0000",thing,378848,boardgame,132670729,Camel Up: The Card Game,1,2023,https://cf.geekdo-images.com/ucbPtg8yzolVPyeSPiXZ5A__original/img/wzS6KrgKhEwsqPlFNfa5notXMLE=/0x0/filters:format(jpeg)/pic7288330.jpg,https://cf.geekdo-images.com/ucbPtg8yzolVPyeSPiXZ5A__small/img/M_uL5AxYNTZJ_Wk-XLs8nUklXFw=/fit-in/200x150/filters:strip_icc()/pic7288330.jpg,2,6,30,45,45,2223,N/A,523,6.77974,5.71278,1.35377,0,1,0,0,0,0,0,0,0,2025-05-26 18:44:30,,0,,
1088,https://boardgamegeek.com/xmlapi/termsofuse,"Wed, 26 Aug 2026 00:24:39 +0000",thing,214396,boardgame,98478345,Campy Creatures,1,2017,https://cf.geekdo-images.com/MV4Mym_m1P-YDvSXN3HbTw__original/img/uWioWIQIzr-bWVnJVHGKCt2A-vw=/0x0/filters:format(jpeg)/pic4350783.jpg,https://cf.geekdo-images.com/MV4Mym_m1P-YDvSXN3HbTw__small/img/tSbDggMHFyWvnZjf__VpvI6bxA4=/fit-in/200x150/filters:strip_icc()/pic4350783.jpg,2,5,20,30,30,6864,N/A,3126,7.00291,6.30616,1.22633,0,1,0,0,0,0,0,0,0,2023-02-19 12:02:50,,1,"Game Play: Card. Bluffing
Our Rating: Good     
Thoughts: Simple. Maybe better more players.",
1088,https://boardgamegeek.com/xmlapi/termsofuse,"Wed, 26 Aug 2026 00:24:39 +0000",thing,171131,boardgame,80274411,Captain Sonar,1,2016,https://cf.geekdo-images.com/Dpu5nFJu4UUJ4Y50WyKueg__original/img/feQTYcCwgIg4LneCYIoaWz12Z24=/0x0/filters:format(jpeg)/pic7069368.jpg,https://cf.geekdo-images.com/Dpu5nFJu4UUJ4Y50WyKueg__small/img/tRPNrLtteyfINpaFLLqEjyfTA10=/fit-in/200x150/filters:strip_icc()/pic7069368.jpg,2,8,45,60,60,34369,N/A,24069,7.49579,7.28341,1.38421,0,0,1,0,0,0,0,0,0,2022-12-28 12:41:47,,0,,
1088,https://boardgamegeek.com/xmlapi/termsofuse,"Wed, 26 Aug 2026 00:24:39 +0000",thing,822,boardgame,32083097,Carcassonne,1,2000,https://cf.geekdo-images.com/peUgu3A20LRmAXAMyDQfpQ__original/img/bP18m_PYjyFOv1IBGgMOteQUneA=/0x0/filters:format(jpeg)/pic8621446.jpg,https://cf.geekdo-images.com/peUgu3A20LRmAXAMyDQfpQ__small/img/oEEslN-EGqh82sNI6Aj4_MFXYg0=/fit-in/200x150/filters:strip_icc()/pic8621446.jpg,2,5,30,45,45,226416,7,141197,7.4167,7.29891,1.31198,0,1,0,0,0,0,0,0,0,2015-12-28 12:12:37,,0,Love it!,
1088,https://boardgamegeek.com/xmlapi/termsofuse,"Wed, 26 Aug 2026 00:24:39 +0000",thing,66646,boardgame,32083108,"Carcassonne: Expansion 8 – Bridges, Castles and Bazaars",1,2010,https://cf.geekdo-images.com/L4k50H_P0oLJaqvTrb8ENA__original/img/37ueUxgMHf-sF4v3CXtWEWZ4p7c=/0x0/filters:format(jpeg)/pic4134883.jpg,https://cf.geekdo-images.com/L4k50H_P0oLJaqvTrb8ENA__small/img/xlzGcVmSjeUndxbcUS1s06k2kgM=/fit-in/200x150/filters:strip_icc()/pic4134883.jpg,2,6,30,45,45,13042,6.5,3195,7.03641,6.32864,1.31965,0,1,0,0,0,0,0,0,0,2015-12-28 12:12:54,,0,In main box,
1088,https://boardgamegeek.com/xmlapi/termsofuse,"Wed, 26 Aug 2026 00:24:39 +0000",thing,2591,boardgame,33171518,Carcassonne: The River,1,2001,https://cf.geekdo-images.com/qCiVmugRuY47bf9YFXlQ8A__original/img/xgYF8t4-_U8DJPv_DxPoM_Nstzg=/0x0/filters:format(jpeg)/pic193765.jpg,https://cf.geekdo-images.com/qCiVmugRuY47bf9YFXlQ8A__small/img/coSO3uHRLd5oMa6wwWzAOo1tEcs=/fit-in/200x150/filters:strip_icc()/pic193765.jpg,2,5,30,45,45,23827,N/A,11201,7.04181,6.71745,1.36994,0,1,0,0,0,0,0,0,0,2016-02-19 17:52:55,,0,In main box,
1088,https://boardgamegeek.com/xmlapi/termsofuse,"Wed, 26 Aug 2026 00:24:39 +0000",thing,5405,boardgame,33171565,Carcassonne: Traders & Builders,1,2003,https://cf.geekdo-images.com/LdZAiFV2C7moJs9D2ZuxRA__original/img/j4ZTIwhDSVkJmlTiivd66NT9Xxg=/0x0/filters:format(jpeg)/pic9210963.jpg,https://cf.geekdo-images.com/LdZAiFV2C7moJs9D2ZuxRA__small/img/uJf7v4EUj0whsgx1SKLyTBS0dSg=/fit-in/200x150/filters:strip_icc()/pic9210963.jpg,2,6,60,60,60,45159,N/A,18203,7.62428,7.32217,1.16721,0,1,0,0,0,0,0,0,0,2016-02-19 17:56:08,,0,In main box,
1088,https://boardgamegeek.com/xmlapi/termsofuse,"Wed, 26 Aug 2026 00:24:39 +0000",thing,130882,boardgame,142571720,Cardline: Animals,1,2012,https://cf.geekdo-images.com/UuNZgbBvw-o6mboCwn5t-g__original/img/Qb0ruAAN7OT7dLWlCT5DWIwI1Ss=/0x0/filters:format(jpeg)/pic3154455.jpg,https://cf.geekdo-images.com/UuNZgbBvw-o6mboCwn5t-g__small/img/Qj0gNK8qvKuh8bXbJQSGcnZ_qiw=/fit-in/200x150/filters:strip_icc()/pic3154455.jpg,2,8,15,15,15,4272,N/A,2338,6.54295,6.00107,1.1992,0,1,0,0,0,0,0,0,0,2026-02-14 20:32:36,,0,,
1088,https://boardgamegeek.com/xmlapi/termsofuse,"Wed, 26 Aug 2026 00:24:39 +0000",thing,145014,boardgame,109781556,Cardline: Globetrotter,1,2013,https://cf.geekdo-images.com/1WW2WDfLv2rEr3FcjL_5aQ__original/img/X-uUn9JwJAXlvH1FijXCCl2JOAA=/0x0/filters:format(jpeg)/pic1891452.jpg,https://cf.geekdo-images.com/1WW2WDfLv2rEr3FcjL_5aQ__small/img/aTLmqBRlDIK9wbP1U1I0GU746YM=/fit-in/200x150/filters:strip_icc()/pic1891452.jpg,2,7,15,15,15,1846,N/A,837,6.35093,5.71025,1.26207,0,1,0,0,0,0,0,0,0,2023-08-31 12:52:02,,0,,
1088,https://boardgamegeek.com/xmlapi/termsofuse,"Wed, 26 Aug 2026 00:24:39 +0000",thing,50381,boardgame,45816037,Cards Against Humanity,1,2009,https://cf.geekdo-images.com/nYLrPiI9gnvlrwOrKQ4_CA__original/img/EgMpdhoG38LUTApk0kyFFsmoQPk=/0x0/filters:format(jpeg)/pic2909692.jpg,https://cf.geekdo-images.com/nYLrPiI9gnvlrwOrKQ4_CA__small/img/fIhQLjWueNPYZhCZ_LzjAIhPm5U=/fit-in/200x150/filters:strip_icc()/pic2909692.jpg,4,30,30,30,30,57207,N/A,30923,5.6973,5.52581,2.1024,0,1,0,0,0,0,0,0,0,2017-10-06 9:36:49,,0,,
1088,https://boardgamegeek.com/xmlapi/termsofuse,"Wed, 26 Aug 2026 00:24:39 +0000",thing,265853,boardgame,130511850,Cards Against Humanity: Absurd Box,1,2018,https://cf.geekdo-images.com/LjR5CBiGbXqcSHSQZcFkog__original/img/O4B2oof0mGIgp7hH5x_Gc2UM6v4=/0x0/filters:format(png)/pic6996401.png,https://cf.geekdo-images.com/LjR5CBiGbXqcSHSQZcFkog__small/img/OrYDrx4zk5BXnMuehHDe-nBBKRM=/fit-in/200x150/filters:strip_icc()/pic6996401.png,4,30,30,30,30,1942,N/A,271,6.6017,5.59399,1.95952,0,1,0,0,0,0,0,0,0,2025-03-19 14:06:12,,0,,
1088,https://boardgamegeek.com/xmlapi/termsofuse,"Wed, 26 Aug 2026 00:24:39 +0000",thing,344346,boardgame,141476334,Cards Against Humanity: Everything Box,1,2021,https://cf.geekdo-images.com/aGPTraoJToshDzkQQRJCuw__original/img/h9v3FkbcI_eeu-x-QDCC_56s4-0=/0x0/filters:format(jpeg)/pic6332138.jpg,https://cf.geekdo-images.com/aGPTraoJToshDzkQQRJCuw__small/img/Sv7Ia4how7aLHh-UEnsELT0SziI=/fit-in/200x150/filters:strip_icc()/pic6332138.jpg,4,30,30,,30,795,4,84,6.775,5.53939,1.99421,0,1,0,0,0,0,0,0,0,2026-01-18 23:01:06,,0,,
1088,https://boardgamegeek.com/xmlapi/termsofuse,"Wed, 26 Aug 2026 00:24:39 +0000",thing,317367,boardgame,130510404,Cards Against Humanity: Family Edition,1,2020,https://cf.geekdo-images.com/9Guy_98QfBoECEZQU6pLVw__original/img/B6pDCny0oBbPSj7c_LpmUGfh05E=/0x0/filters:format(jpeg)/pic5880120.jpg,https://cf.geekdo-images.com/9Guy_98QfBoECEZQU6pLVw__small/img/686DpP7fpbCh8-blF3K4RxQIZTg=/fit-in/200x150/filters:strip_icc()/pic5880120.jpg,4,30,30,30,30,1721,N/A,411,6.09708,5.56846,1.84166,0,1,0,0,0,0,0,0,0,2025-03-19 13:19:25,,0,,
1088,https://boardgamegeek.com/xmlapi/termsofuse,"Wed, 26 Aug 2026 00:24:39 +0000",thing,139640,boardgame,32084265,Caribbean Pirates Dice Game,1,2013,https://cf.geekdo-images.com/QDTwHt6l-pE6g9npBONF1w__original/img/TSunzNMSwHWEHb-W_bAuWrmzO1o=/0x0/filters:format(jpeg)/pic1597093.jpg,https://cf.geekdo-images.com/QDTwHt6l-pE6g9npBONF1w__small/img/gm3WC0ZFBhYWjL9KIjrvYRgkDBk=/fit-in/200x150/filters:strip_icc()/pic1597093.jpg,2,5,10,10,10,119,N/A,31,6.05806,5.50773,1.56613,0,0,1,0,0,0,0,0,0,2025-10-02 10:15:46,,0,our version is under Pirates of the Caribbean Dead Man's Chest Pirate Dice,
1088,https://boardgamegeek.com/xmlapi/termsofuse,"Wed, 26 Aug 2026 00:24:39 +0000",thing,25823,boardgame,53491817,Cartagena 2. The Pirate's Nest,1,2006,https://cf.geekdo-images.com/qp1bk0mWea1mIfoJQvNLcw__original/img/3n-mNzO-flh5LBqhYBIe0DOfegU=/0x0/filters:format(jpeg)/pic252156.jpg,https://cf.geekdo-images.com/qp1bk0mWea1mIfoJQvNLcw__small/img/JxACynU_FdRM3Sm45s3hMYpsG0M=/fit-in/200x150/filters:strip_icc()/pic252156.jpg,2,5,45,45,45,1386,N/A,956,6.4635,5.77297,1.18973,0,1,0,0,0,0,0,0,0,2018-08-09 16:25:53,,0,,
1088,https://boardgamegeek.com/xmlapi/termsofuse,"Wed, 26 Aug 2026 00:24:39 +0000",thing,263918,boardgame,77566786,Cartographers,1,2019,https://cf.geekdo-images.com/GifbnAmsA4lfEcDkeaC9VA__original/img/YzJORdIDNza8kmrY6KEU_h2p2Wo=/0x0/filters:format(png)/pic4397932.png,https://cf.geekdo-images.com/GifbnAmsA4lfEcDkeaC9VA__small/img/TTxZzwbna07hMcPQ0xaFtT10egE=/fit-in/200x150/filters:strip_icc()/pic4397932.png,1,100,30,45,45,63546,N/A,36794,7.54918,7.38605,1.1737,0,1,0,0,0,0,0,0,0,2020-12-26 9:15:18,,0,,
1088,https://boardgamegeek.com/xmlapi/termsofuse,"Wed, 26 Aug 2026 00:24:39 +0000",thing,295947,boardgame,105116970,Cascadia,1,2021,https://cf.geekdo-images.com/MjeJZfulbsM1DSV3DrGJYA__original/img/B374C04Eip7fmQBGJzgiOTp-jyQ=/0x0/filters:format(jpeg)/pic5100691.jpg,https://cf.geekdo-images.com/MjeJZfulbsM1DSV3DrGJYA__small/img/tVSFjSxYEcw7sKj3unIIQV8kxoc=/fit-in/200x150/filters:strip_icc()/pic5100691.jpg,1,4,30,45,45,95642,N/A,56772,7.88324,7.73156,1.14152,0,1,0,0,0,0,0,0,0,2023-03-31 15:43:32,,0,,
1088,https://boardgamegeek.com/xmlapi/termsofuse,"Wed, 26 Aug 2026 00:24:39 +0000",thing,114903,boardgame,32083111,Castellan,1,2013,https://cf.geekdo-images.com/KaI5mD6Vvh49NJRhVLeHmw__original/img/PQb81CwCnzC9p48dZRPVmXBzxjA=/0x0/filters:format(jpeg)/pic3002332.jpg,https://cf.geekdo-images.com/KaI5mD6Vvh49NJRhVLeHmw__small/img/VdKCMgYMjqH6bf7gDEfJ0WSBjy8=/fit-in/200x150/filters:strip_icc()/pic3002332.jpg,2,2,30,45,45,2650,N/A,1037,6.21174,5.70739,1.21013,0,0,1,0,0,0,0,0,0,2025-10-01 20:37:14,,0,,
1088,https://boardgamegeek.com/xmlapi/termsofuse,"Wed, 26 Aug 2026 00:24:39 +0000",thing,143404,boardgame,36796450,Castellion,1,2015,https://cf.geekdo-images.com/300FIU_2m6TaTq0S9m9ZWA__original/img/Nmc2X6ua5smV8ZXbXlfdsSmmQBk=/0x0/filters:format(jpeg)/pic6863739.jpg,https://cf.geekdo-images.com/300FIU_2m6TaTq0S9m9ZWA__small/img/inpmfT9O9fxQUcURJVW2STCuwF0=/fit-in/200x150/filters:strip_icc()/pic6863739.jpg,1,2,30,30,30,5269,N/A,2251,6.86001,6.14135,1.21907,0,1,0,0,0,0,0,0,0,2016-09-09 23:56:33,,0,,
1088,https://boardgamegeek.com/xmlapi/termsofuse,"Wed, 26 Aug 2026 00:24:39 +0000",thing,359502,boardgame,121479847,Casting Shadows,1,2023,https://cf.geekdo-images.com/LJPwDepTwwbg-cZZLilNQA__original/img/d0VKN0mO5wkUMfUk7cX0o6IK_u8=/0x0/filters:format(jpeg)/pic7507783.jpg,https://cf.geekdo-images.com/LJPwDepTwwbg-cZZLilNQA__small/img/NnNd-RodQSSE_xEQoiZE4xOm8XI=/fit-in/200x150/filters:strip_icc()/pic7507783.jpg,2,4,30,60,60,5399,N/A,1493,6.27182,5.7326,1.67076,0,0,1,0,0,0,0,0,0,2025-10-01 20:37:23,,0,,
1088,https://boardgamegeek.com/xmlapi/termsofuse,"Wed, 26 Aug 2026 00:24:39 +0000",thing,17855,boardgame,32083121,Castle Keep,1,2005,https://cf.geekdo-images.com/JnlzLUcPAlq9B8joi6H7EA__original/img/fXjX_sAX8xAI01fIUBP0RnOTb5c=/0x0/filters:format(jpeg)/pic166820.jpg,https://cf.geekdo-images.com/JnlzLUcPAlq9B8joi6H7EA__small/img/hLhgX8NEtcBqETd404sFAUlPrqc=/fit-in/200x150/filters:strip_icc()/pic166820.jpg,1,4,20,20,20,1734,6,812,5.63823,5.52214,1.2691,0,0,1,0,0,0,0,0,0,2025-10-02 10:16:19,,0,Kids   Fun little game,
1088,https://boardgamegeek.com/xmlapi/termsofuse,"Wed, 26 Aug 2026 00:24:39 +0000",thing,43443,boardgame,32083134,Castle Panic,1,2009,https://cf.geekdo-images.com/ryPiCH15spkrdtvUI-utuA__original/img/RYiSrrenTejCl149T6tc2d9CuwA=/0x0/filters:format(jpeg)/pic6966125.jpg,https://cf.geekdo-images.com/ryPiCH15spkrdtvUI-utuA__small/img/2MMQHuG-dSRngk0E2EKeqyE8e9o=/fit-in/200x150/filters:strip_icc()/pic6966125.jpg,1,6,30,60,60,31281,5,17344,6.65422,6.46291,1.3135,0,1,0,0,0,0,0,0,0,2015-12-28 12:13:19,,0,I don't like this game.,
1088,https://boardgamegeek.com/xmlapi/termsofuse,"Wed, 26 Aug 2026 00:24:39 +0000",thing,2557,boardgame,33171733,Castle Risk,1,1986,https://cf.geekdo-images.com/IHXVdiXesW4MVfMt3WuiMA__original/img/ZdvflwJbHI5Gjac1HMMUjAPnrvw=/0x0/filters:format(jpeg)/pic184168.jpg,https://cf.geekdo-images.com/IHXVdiXesW4MVfMt3WuiMA__small/img/TxEiHcjDpm-nvCdMUWZn1akRJbA=/fit-in/200x150/filters:strip_icc()/pic184168.jpg,2,6,120,120,120,2590,N/A,1443,5.52516,5.48157,1.61411,0,0,1,0,0,0,0,0,0,2018-09-16 16:46:57,,0,,
1088,https://boardgamegeek.com/xmlapi/termsofuse,"Wed, 26 Aug 2026 00:24:39 +0000",thing,84876,boardgame,37415582,The Castles of Burgundy,5,2011,https://cf.geekdo-images.com/sH2YTQ10dHj1ibfS-KKtGA__original/img/L_gsMsuhbAe0kyq1QLAmyeKOeSs=/0x0/filters:format(jpeg)/pic8745814.jpg,https://cf.geekdo-images.com/sH2YTQ10dHj1ibfS-KKtGA__small/img/f5zFXdTcH9RNY0iMNBppd8D-_r0=/fit-in/200x150/filters:strip_icc()/pic8745814.jpg,2,4,30,90,90,85041,N/A,70369,8.1627,8.03304,1.25544,0,1,0,0,0,0,0,0,0,2016-10-11 18:09:59,,0,,
1088,https://boardgamegeek.com/xmlapi/termsofuse,"Wed, 26 Aug 2026 00:24:39 +0000",thing,232988,boardgame,96720806,The Castles of Burgundy: The Dice Game,5,2017,https://cf.geekdo-images.com/40dVQ-bi2p9cZNeU-8q2_g__original/img/j-bW5prFSpnJTnMEL9jpkFUD5WY=/0x0/filters:format(jpeg)/pic3748929.jpg,https://cf.geekdo-images.com/40dVQ-bi2p9cZNeU-8q2_g__small/img/eAxR1z6jIhvBL0QuvFSYhdhGiVU=/fit-in/200x150/filters:strip_icc()/pic3748929.jpg,1,5,15,30,30,8063,N/A,4413,6.85685,6.37322,1.26426,0,1,0,0,0,0,0,0,0,2022-08-11 18:08:12,,0,,
1088,https://boardgamegeek.com/xmlapi/termsofuse,"Wed, 26 Aug 2026 00:24:39 +0000",thing,213370,boardgame,54467782,Castles of Caladale,1,2017,https://cf.geekdo-images.com/rG2BDMhKs0jwZcMbOGr6sg__original/img/QGGY5xZabVFQKPH0G8pC9TiDMDk=/0x0/filters:format(jpeg)/pic3500667.jpg,https://cf.geekdo-images.com/rG2BDMhKs0jwZcMbOGr6sg__small/img/5uEbq_eQ5r-Nnh-rTrf8DHmgBjc=/fit-in/200x150/filters:strip_icc()/pic3500667.jpg,1,4,30,30,30,1863,N/A,1029,6.29853,5.72392,1.42185,0,1,0,0,0,0,0,0,0,2018-09-22 20:47:50,,0,,
1088,https://boardgamegeek.com/xmlapi/termsofuse,"Wed, 26 Aug 2026 00:24:39 +0000",thing,279135,boardgame,101384571,Cat Café,1,2019,https://cf.geekdo-images.com/R-NW3uQ81BbSyZTFLR13lQ__original/img/dnwA3AVgfgkoKpX-UHMRkyUSSOU=/0x0/filters:format(jpeg)/pic4718457.jpg,https://cf.geekdo-images.com/R-NW3uQ81BbSyZTFLR13lQ__small/img/N_s-idgxrensx9_fkV4R5LqeUcE=/fit-in/200x150/filters:strip_icc()/pic4718457.jpg,2,4,30,30,30,1617,N/A,1068,6.34951,5.74789,1.275,0,0,1,0,0,0,0,0,0,2025-10-01 20:40:36,,0,P&P,
1088,https://boardgamegeek.com/xmlapi/termsofuse,"Wed, 26 Aug 2026 00:24:39 +0000",thing,13,boardgame,51270205,Catan,1,1995,https://cf.geekdo-images.com/0XODRpReiZBFUffEcqT5-Q__original/img/oRc0AomWA9ZtFqQDZiZbIyKE1j0=/0x0/filters:format(png)/pic9156909.png,https://cf.geekdo-images.com/0XODRpReiZBFUffEcqT5-Q__small/img/SNVfF23OQafv3u8xdFolJnMkBoM=/fit-in/200x150/filters:strip_icc()/pic9156909.png,3,4,60,120,120,243943,N/A,143990,7.09058,6.90184,1.50677,0,1,0,0,0,0,0,0,0,2018-04-26 19:47:09,,0,Main Box,
1088,https://boardgamegeek.com/xmlapi/termsofuse,"Wed, 26 Aug 2026 00:24:39 +0000",thing,2807,boardgame,35118220,Catan: 5-6 Player Expansion,1,1996,https://cf.geekdo-images.com/tsDqjx3IqOl4r613Qh6-zQ__original/img/-Hc9FbXGWAsQpI2EV_a9BD9wXPQ=/0x0/filters:format(jpeg)/pic8828033.jpg,https://cf.geekdo-images.com/tsDqjx3IqOl4r613Qh6-zQ__small/img/5e5rDr_YrtQysBlizqMnN0Z4Lic=/fit-in/200x150/filters:strip_icc()/pic8828033.jpg,5,6,120,120,120,57043,N/A,18185,6.98293,6.69082,1.57456,0,1,0,0,0,0,0,0,0,2016-06-10 19:06:57,,0,In Main Box,
1088,https://boardgamegeek.com/xmlapi/termsofuse,"Wed, 26 Aug 2026 00:24:39 +0000",thing,125921,boardgame,100253314,Catan: Junior,1,2012,https://cf.geekdo-images.com/t2L_dlodn04yyS7CmwnREQ__original/img/HmP2e4IuZWEWpG56C08zYnvBFvU=/0x0/filters:format(jpeg)/pic4741220.jpg,https://cf.geekdo-images.com/t2L_dlodn04yyS7CmwnREQ__small/img/DtXpiQdqTHdmWmYRMm9RTVmEEis=/fit-in/200x150/filters:strip_icc()/pic4741220.jpg,2,4,30,30,30,9939,N/A,3786,6.57066,6.11236,1.28889,0,1,0,0,0,0,0,0,0,2024-05-20 11:06:20,,0,Kids,
1088,https://boardgamegeek.com/xmlapi/termsofuse,"Wed, 26 Aug 2026 00:24:39 +0000",thing,132481,boardgame,34587145,Catan: New York,1,2012,https://cf.geekdo-images.com/XidQJHZUsT0WJI0KoMX1ag__original/img/k3_VpXG7yqTfIiGNtq1vB6AcFaw=/0x0/filters:format(jpeg)/pic1520180.jpg,https://cf.geekdo-images.com/XidQJHZUsT0WJI0KoMX1ag__small/img/QhwgjKBJW809DoHU-HBRT6c_vdg=/fit-in/200x150/filters:strip_icc()/pic1520180.jpg,3,6,90,90,90,533,N/A,49,6.84102,5.52575,1.21337,0,1,0,0,0,0,0,0,0,2024-05-20 11:06:38,,0,In Main Box  Love it!,
1088,https://boardgamegeek.com/xmlapi/termsofuse,"Wed, 26 Aug 2026 00:24:39 +0000",thing,325,boardgame,80013011,Catan: Seafarers,1,1997,https://cf.geekdo-images.com/v8ll_1CxVGP-KN-NqkoQsg__original/img/HQqjNMRHo7Nxuoa72J5yyIq-NCY=/0x0/filters:format(jpeg)/pic8828019.jpg,https://cf.geekdo-images.com/v8ll_1CxVGP-KN-NqkoQsg__small/img/1Kuh2BgF2fqDNHijFUZHBqjKwOA=/fit-in/200x150/filters:strip_icc()/pic8828019.jpg,3,4,90,90,90,53051,N/A,21496,7.16537,6.91035,1.34182,0,1,0,0,0,0,0,0,0,2021-03-01 22:48:26,,0,,
1088,https://boardgamegeek.com/xmlapi/termsofuse,"Wed, 26 Aug 2026 00:24:39 +0000",thing,27760,boardgame,60794586,Catan: Traders & Barbarians,1,2007,https://cf.geekdo-images.com/gdQ16uSwcjrLTfK6CgUZ6g__original/img/JE0WBWldol6PmNFyDLX0Hyi6aCk=/0x0/filters:format(png)/pic8955011.png,https://cf.geekdo-images.com/gdQ16uSwcjrLTfK6CgUZ6g__small/img/EonbUSgSX1xmhkUkdiAgPvGYyxI=/fit-in/200x150/filters:strip_icc()/pic8955011.png,2,4,60,60,60,19780,N/A,5563,6.98615,6.44954,1.35499,0,1,0,0,0,0,0,0,0,2019-05-25 9:59:55,,0,,
1088,https://boardgamegeek.com/xmlapi/termsofuse,"Wed, 26 Aug 2026 00:24:39 +0000",thing,2582,boardgame,32083150,Catch Phrase!,1,1994,https://cf.geekdo-images.com/Ttbcf-bpqawNpqB5zp28Gw__original/img/XgN8KXO7nxRhY00wxCbPF0AJy4w=/0x0/filters:format(jpeg)/pic173485.jpg,https://cf.geekdo-images.com/Ttbcf-bpqawNpqB5zp28Gw__small/img/vIhhvmQ9F6w1wtfYkKMK7PH8Bjc=/fit-in/200x150/filters:strip_icc()/pic173485.jpg,4,16,30,30,30,4031,5,2605,6.34258,5.89779,1.54689,0,0,1,0,0,0,0,0,0,2025-10-01 20:41:32,,0,Electronics   Fun party game,
1088,https://boardgamegeek.com/xmlapi/termsofuse,"Wed, 26 Aug 2026 00:24:39 +0000",thing,7,boardgame,64998364,Cathedral,1,1979,https://cf.geekdo-images.com/78Dgd-b_1_xEv4OXVKdaag__original/img/1V-WCnoHrm2tDjBHpXfxoKp2rCo=/0x0/filters:format(jpeg)/pic7012177.jpg,https://cf.geekdo-images.com/78Dgd-b_1_xEv4OXVKdaag__small/img/mrvl6BsXE-IGkqt2otFbIe7zYV4=/fit-in/200x150/filters:strip_icc()/pic7012177.jpg,2,2,20,20,20,7515,N/A,3846,6.55545,6.11299,1.34688,0,1,0,0,0,0,0,0,0,2019-10-21 20:45:16,,0,,
1088,https://boardgamegeek.com/xmlapi/termsofuse,"Wed, 26 Aug 2026 00:24:39 +0000",thing,286199,boardgame,136976801,CATtitude!,1,2020,https://cf.geekdo-images.com/SsCjzEmWxWqWrl4jeHC4jA__original/img/K5Q3A1h2uvJWTJzQCqqENFGmgxA=/0x0/filters:format(jpeg)/pic4974254.jpg,https://cf.geekdo-images.com/SsCjzEmWxWqWrl4jeHC4jA__small/img/C03-p1M6yOdS-r_H1N7NJ3XLRvY=/fit-in/200x150/filters:strip_icc()/pic4974254.jpg,3,5,25,30,30,135,N/A,34,6.46765,5.51082,1.89173,0,1,0,0,0,0,0,0,0,2025-10-02 9:55:07,,0,,
1088,https://boardgamegeek.com/xmlapi/termsofuse,"Wed, 26 Aug 2026 00:24:39 +0000",thing,175496,boardgame,115965430,Cauldron Quest,1,2015,https://cf.geekdo-images.com/L4aV8vke6ZwQ4v6Q2W0cDQ__original/img/b28vsC-A_Y1NJu6KRELWD1fXo6c=/0x0/filters:format(jpeg)/pic2464676.jpg,https://cf.geekdo-images.com/L4aV8vke6ZwQ4v6Q2W0cDQ__small/img/xN0T8TDQslw0j3YbhrDWQ-h1hso=/fit-in/200x150/filters:strip_icc()/pic2464676.jpg,2,4,20,,20,693,N/A,198,6.19106,5.54683,1.5128,0,1,0,0,0,0,0,0,0,2024-05-20 10:44:35,,0,Kids,
1088,https://boardgamegeek.com/xmlapi/termsofuse,"Wed, 26 Aug 2026 00:24:39 +0000",thing,27364,boardgame,38907414,Caylus Magna Carta,1,2007,https://cf.geekdo-images.com/XLo2qDE1uVGAvVUc2TJZzw__original/img/yoB_q4x1o91ccexqhK09RRqg9tM=/0x0/filters:format(jpeg)/pic339842.jpg,https://cf.geekdo-images.com/XLo2qDE1uVGAvVUc2TJZzw__small/img/A7eydugtIseiNjCxfxcmdCgdy2s=/fit-in/200x150/filters:strip_icc()/pic339842.jpg,2,4,45,75,75,6789,N/A,5054,6.88192,6.42956,1.25674,0,1,0,0,0,0,0,0,0,2016-12-13 21:27:39,,0,,
1088,https://boardgamegeek.com/xmlapi/termsofuse,"Wed, 26 Aug 2026 00:24:39 +0000",thing,312318,boardgame,127333639,Century: Golem Edition – An Endless World,1,2020,https://cf.geekdo-images.com/HHXTK32_i5GmsKmkgKt_0g__original/img/xZ9sF20QrPAgBJnd1ujt0H7Vc0Y=/0x0/filters:format(jpeg)/pic5509104.jpg,https://cf.geekdo-images.com/HHXTK32_i5GmsKmkgKt_0g__small/img/fPFh4Iqer8poKU-Xp_BZtBhE668=/fit-in/200x150/filters:strip_icc()/pic5509104.jpg,2,4,30,45,45,5793,N/A,1824,7.49571,6.35428,1.11979,0,1,0,0,0,0,0,0,0,2024-12-31 18:14:22,,0,,
1088,https://boardgamegeek.com/xmlapi/termsofuse,"Wed, 26 Aug 2026 00:24:39 +0000",thing,267378,boardgame,130510384,Chakra,1,2019,https://cf.geekdo-images.com/KJ7S0Cv32wJ0CdBHj7gwcg__original/img/vG6URdrXyXDswE7wlggu9lBTze8=/0x0/filters:format(jpeg)/pic4487174.jpg,https://cf.geekdo-images.com/KJ7S0Cv32wJ0CdBHj7gwcg__small/img/oEEMQN5ZsF5AbWsidOD2r1ktnJk=/fit-in/200x150/filters:strip_icc()/pic4487174.jpg,1,4,30,30,30,4568,N/A,3145,6.85595,6.22799,1.40853,0,1,0,0,0,0,0,0,0,2025-03-19 13:18:36,,0,,
1088,https://boardgamegeek.com/xmlapi/termsofuse,"Wed, 26 Aug 2026 00:24:39 +0000",thing,227072,boardgame,119378378,The Chameleon,5,2017,https://cf.geekdo-images.com/-uBkiypUVyRKxNuOI_-ZpQ__original/img/Y_12y74FIaAXMfiQ0tFhpfkrN1U=/0x0/filters:format(png)/pic3552344.png,https://cf.geekdo-images.com/-uBkiypUVyRKxNuOI_-ZpQ__small/img/qv_sRsagG0xQzNxg4Ol_AgiR2SY=/fit-in/200x150/filters:strip_icc()/pic3552344.png,3,8,15,15,15,16234,N/A,6791,6.49548,6.16756,1.39277,0,1,0,0,0,0,0,0,0,2024-05-18 21:15:40,,0,,
1088,https://boardgamegeek.com/xmlapi/termsofuse,"Wed, 26 Aug 2026 00:24:39 +0000",thing,13367,boardgame,81004982,Charades for Kids,1,1999,https://cf.geekdo-images.com/lHYwGf733R3ldgvtcZS9ag__original/img/Qi1f-pfUhnw1JiX3IypGjirZXAA=/0x0/filters:format(jpeg)/pic5882333.jpg,https://cf.geekdo-images.com/lHYwGf733R3ldgvtcZS9ag__small/img/ftmSDUMbGnxSopzxWFRApscboMU=/fit-in/200x150/filters:strip_icc()/pic5882333.jpg,3,6,30,30,30,743,N/A,165,5.31412,5.48574,1.47534,0,0,1,0,0,0,0,0,0,2025-10-01 20:42:59,,0,Kids,
1088,https://boardgamegeek.com/xmlapi/termsofuse,"Wed, 26 Aug 2026 00:24:39 +0000",thing,234856,boardgame,136975881,Charterstone: Recharge Pack,1,2017,https://cf.geekdo-images.com/YIwq-libk2Z8gRnXH-wi0w__original/img/2VlKCE8G1OUKQZuFR8lfCdLbF8w=/0x0/filters:format(png)/pic3729916.png,https://cf.geekdo-images.com/YIwq-libk2Z8gRnXH-wi0w__small/img/B4Fag69Jhh0aI8eVhA6_uPIroUE=/fit-in/200x150/filters:strip_icc()/pic3729916.png,1,6,45,75,75,2893,N/A,414,7.69361,5.80305,1.79976,0,1,0,0,0,0,0,0,0,2025-10-02 9:21:50,,0,,
1088,https://boardgamegeek.com/xmlapi/termsofuse,"Wed, 26 Aug 2026 00:24:39 +0000",thing,7343,boardgame,32083157,Chatter Matters,1,2000,https://cf.geekdo-images.com/kAthhAdizOL1emtMyBv2uA__original/img/cYtuqAuxxmnt8qTweUibuDeCDgU=/0x0/filters:format(jpeg)/pic762416.jpg,https://cf.geekdo-images.com/kAthhAdizOL1emtMyBv2uA__small/img/MU5gDf7-atNKDIkClkmdDyf9Wm4=/fit-in/200x150/filters:strip_icc()/pic762416.jpg,2,4,60,60,60,78,N/A,23,5.35043,0,1.49944,0,0,1,0,0,0,0,0,0,2021-03-01 21:43:46,,0,,
1088,https://boardgamegeek.com/xmlapi/termsofuse,"Wed, 26 Aug 2026 00:24:39 +0000",thing,38194,boardgame,53924402,Cheaty Mages!,1,2008,https://cf.geekdo-images.com/Kax6ZZUb_ro3_4fUM5xUCw__original/img/UpPBDW19vwvQb1OjLyOgUYKKWVc=/0x0/filters:format(jpeg)/pic1644921.jpg,https://cf.geekdo-images.com/Kax6ZZUb_ro3_4fUM5xUCw__small/img/99aJMT2fT2V_ajaEw5nLZpMMKG4=/fit-in/200x150/filters:strip_icc()/pic1644921.jpg,3,6,30,30,30,3820,N/A,2161,6.25052,5.84425,1.23705,0,1,0,0,0,0,0,0,0,2018-08-28 21:28:46,,0,,
1088,https://boardgamegeek.com/xmlapi/termsofuse,"Wed, 26 Aug 2026 00:24:39 +0000",thing,2083,boardgame,33170920,Checkers,1,1150,https://cf.geekdo-images.com/S4IBcWYhlbn51_5f0EIR4g__original/img/jUJ1Ev4_WhCIT7aTvyvpIGG7cGI=/0x0/filters:format(jpeg)/pic113720.jpg,https://cf.geekdo-images.com/S4IBcWYhlbn51_5f0EIR4g__small/img/wxqQxa2--TclJY8n8hzMGXzk1sI=/fit-in/200x150/filters:strip_icc()/pic113720.jpg,2,2,30,30,30,13016,N/A,9705,4.9496,5.0118,1.55693,0,1,0,0,0,0,0,0,0,2016-02-19 17:11:15,,0,Table,
1088,https://boardgamegeek.com/xmlapi/termsofuse,"Wed, 26 Aug 2026 00:24:39 +0000",thing,220193,boardgame,47363381,Chemistry Fluxx,1,2017,https://cf.geekdo-images.com/VBy_uIOfEgngCXuWV6RPBQ__original/img/MrHbQKmaM230qDiohCRG9q2K43c=/0x0/filters:format(jpeg)/pic3408564.jpg,https://cf.geekdo-images.com/VBy_uIOfEgngCXuWV6RPBQ__small/img/e1Anc3qyJjGRXLJrmSbuVrVgAKs=/fit-in/200x150/filters:strip_icc()/pic3408564.jpg,2,6,5,30,30,1854,N/A,494,6.22674,5.61294,1.39422,0,0,1,0,0,0,0,0,0,2025-10-01 20:43:31,,0,Basket,
1088,https://boardgamegeek.com/xmlapi/termsofuse,"Wed, 26 Aug 2026 00:24:39 +0000",thing,171,boardgame,32083170,Chess,1,1475,https://cf.geekdo-images.com/0_RWFMNapgr5yCrdhvGi_Q__original/img/c4SiusUQuh7uc0k6HDwIXYsEc8M=/0x0/filters:format(jpeg)/pic8785991.jpg,https://cf.geekdo-images.com/0_RWFMNapgr5yCrdhvGi_Q__small/img/Ag-pVSHp3iBail0FsibR_iUMmQc=/fit-in/200x150/filters:strip_icc()/pic8785991.jpg,2,2,,,,61941,5,40939,7.24133,7.04066,1.8541,0,1,0,0,0,0,0,0,0,2015-12-28 12:13:34,,0,Table,
1088,https://boardgamegeek.com/xmlapi/termsofuse,"Wed, 26 Aug 2026 00:24:39 +0000",thing,202490,boardgame,119378422,Chickapig,1,2016,https://cf.geekdo-images.com/9hzEdJRZAfxk0wcWsdOatw__original/img/FloVKo5sfl2FC_afdznHM6eiIRo=/0x0/filters:format(jpeg)/pic5030174.jpg,https://cf.geekdo-images.com/9hzEdJRZAfxk0wcWsdOatw__small/img/a0DFgpEegeK7gaHzkiNY8yHCB0U=/fit-in/200x150/filters:strip_icc()/pic5030174.jpg,2,4,25,60,60,2381,N/A,669,6.3363,5.65486,1.40609,0,0,1,0,0,0,0,0,0,2025-10-02 12:06:43,,0,Kids,
1088,https://boardgamegeek.com/xmlapi/termsofuse,"Wed, 26 Aug 2026 00:24:39 +0000",thing,41496,boardgame,62271282,Chickyboom,1,2008,https://cf.geekdo-images.com/1zbGDQ_BMaLiaF2CpcoZJQ__original/img/TJnM3KCE8E8ZkuDCTUfGMLxifGw=/0x0/filters:format(jpeg)/pic495603.jpg,https://cf.geekdo-images.com/1zbGDQ_BMaLiaF2CpcoZJQ__small/img/Dk072ZdoLXRBEM8N5uQcARcgBvs=/fit-in/200x150/filters:strip_icc()/pic495603.jpg,2,4,10,10,10,504,N/A,213,5.73225,5.51694,1.42114,0,0,1,0,0,0,0,0,0,2025-10-01 20:44:38,,0,Kids,
1088,https://boardgamegeek.com/xmlapi/termsofuse,"Wed, 26 Aug 2026 00:24:39 +0000",thing,5367,boardgame,32083181,Chomp!,1,2000,https://cf.geekdo-images.com/isO6oWTpRRAO_Uo0uSOFSQ__original/img/_ufrl9dp_-qxCyzHYyl6ERVzH28=/0x0/filters:format(jpeg)/pic928925.jpg,https://cf.geekdo-images.com/isO6oWTpRRAO_Uo0uSOFSQ__small/img/Q8QvOdqRlIJYvl7-5l8C53XM1lw=/fit-in/200x150/filters:strip_icc()/pic928925.jpg,2,5,20,20,20,1052,N/A,353,4.70312,5.39417,1.44516,0,0,1,0,0,0,0,0,0,2025-10-01 20:45:17,,0,Kids,
1088,https://boardgamegeek.com/xmlapi/termsofuse,"Wed, 26 Aug 2026 00:24:39 +0000",thing,251420,boardgame,130521785,Choose Your Own Adventure: House of Danger,1,2018,https://cf.geekdo-images.com/AJiG7qFyGopupytns6Tm0A__original/img/IAdAthtSBAHpY1deZ_6wpypj3wg=/0x0/filters:format(jpeg)/pic4092537.jpg,https://cf.geekdo-images.com/AJiG7qFyGopupytns6Tm0A__small/img/YM69hfb0HELThCgw6SmdZAQ1bsU=/fit-in/200x150/filters:strip_icc()/pic4092537.jpg,1,99,60,60,60,10933,N/A,3636,6.20802,5.88249,1.53169,0,0,1,0,0,0,0,0,0,2025-10-02 12:07:58,,0,,
1088,https://boardgamegeek.com/xmlapi/termsofuse,"Wed, 26 Aug 2026 00:24:39 +0000",thing,25695,boardgame,34362200,Chopstick Dexterity MegaChallenge 3000,1,2006,https://cf.geekdo-images.com/YxEOxd4iby6N_eJOEvGfVQ__original/img/QlocZZz6Xpxv2q4QnJ_zaiFxupA=/0x0/filters:format(jpeg)/pic1974207.jpg,https://cf.geekdo-images.com/YxEOxd4iby6N_eJOEvGfVQ__small/img/lgcHgJdGbQ5wpiNV5h8lbj3YUFY=/fit-in/200x150/filters:strip_icc()/pic1974207.jpg,1,3,15,15,15,943,N/A,526,6.14525,5.61807,1.51312,0,0,1,0,0,0,0,0,0,2025-10-01 20:46:13,,0,Kids   Kinda silly,
1088,https://boardgamegeek.com/xmlapi/termsofuse,"Wed, 26 Aug 2026 00:24:39 +0000",thing,239188,boardgame,98478384,Chronicles of Crime,1,2018,https://cf.geekdo-images.com/1BMyuEwK0zV9005oYinYLw__original/img/3OigysLof9HIk4jvV79Cm-tb-gY=/0x0/filters:format(jpeg)/pic4317519.jpg,https://cf.geekdo-images.com/1BMyuEwK0zV9005oYinYLw__small/img/QFzbDlFGzK3yRZNLnRr4YzHwEuY=/fit-in/200x150/filters:strip_icc()/pic4317519.jpg,1,4,60,90,90,42086,N/A,25119,7.52584,7.14552,1.45763,0,1,0,0,0,0,0,0,0,2022-10-07 13:03:36,,0,,
1088,https://boardgamegeek.com/xmlapi/termsofuse,"Wed, 26 Aug 2026 00:24:39 +0000",thing,300300,boardgame,136048816,Chronicles of Crime: 1400,1,2020,https://cf.geekdo-images.com/oyTU673yivJK4wM6DsEb1A__original/img/vhUthenkAIHpkRpUukYtrHrPc0c=/0x0/filters:format(jpeg)/pic5201597.jpg,https://cf.geekdo-images.com/oyTU673yivJK4wM6DsEb1A__small/img/YCFAaQJVMO41hrOay_n4jzwVNeI=/fit-in/200x150/filters:strip_icc()/pic5201597.jpg,1,4,60,90,90,13405,N/A,4486,7.67977,6.77139,1.34374,0,1,0,0,0,0,0,0,0,2025-09-02 13:52:48,,0,,
1088,https://boardgamegeek.com/xmlapi/termsofuse,"Wed, 26 Aug 2026 00:24:39 +0000",thing,249811,boardgame,136048788,Chronicles of Crime: Noir,1,2018,https://cf.geekdo-images.com/vdF_R19qcbt55ERQ9ngxpA__original/img/ihBIVftcT8m5hwqUYYIzpxILWEk=/0x0/filters:format(png)/pic5235395.png,https://cf.geekdo-images.com/vdF_R19qcbt55ERQ9ngxpA__small/img/Isx4ox3OROxwTOIp0GXr7979aqc=/fit-in/200x150/filters:strip_icc()/pic5235395.png,1,4,60,90,90,10355,N/A,1937,7.96444,6.53057,1.24587,0,1,0,0,0,0,0,0,0,2025-09-02 13:52:18,,0,,
1088,https://boardgamegeek.com/xmlapi/termsofuse,"Wed, 26 Aug 2026 00:24:39 +0000",thing,31525,boardgame,32083222,Chronology Junior,1,1996,https://cf.geekdo-images.com/fC_lLzt4dcQALDEIbwVDPw__original/img/vTefGQpyBX8-n2ZVZI5yWOz_Ano=/0x0/filters:format(jpeg)/pic241847.jpg,https://cf.geekdo-images.com/fC_lLzt4dcQALDEIbwVDPw__small/img/RXFJf31gXHqIGHrT2oOv8y76o24=/fit-in/200x150/filters:strip_icc()/pic241847.jpg,2,8,30,30,30,60,N/A,12,5.625,0,1.54279,0,0,1,0,0,0,0,0,0,2025-10-02 10:22:55,,0,Kids,
1088,https://boardgamegeek.com/xmlapi/termsofuse,"Wed, 26 Aug 2026 00:24:39 +0000",thing,120515,boardgame,32083196,Chupacabra: Survive the Night,1,2012,https://cf.geekdo-images.com/9dTo4ji6fsEZj3UC3U_Aaw__original/img/MUOeVVTpezfD7jMWND7kAjeySRw=/0x0/filters:format(jpeg)/pic1703718.jpg,https://cf.geekdo-images.com/9dTo4ji6fsEZj3UC3U_Aaw__small/img/qQWa8T1_hRwpelnjnzGy3Y9hlLI=/fit-in/200x150/filters:strip_icc()/pic1703718.jpg,2,4,10,20,20,2186,5.5,991,5.47913,5.47205,1.72172,0,0,1,0,0,0,0,0,0,2025-10-02 10:23:07,,0,,
1088,https://boardgamegeek.com/xmlapi/termsofuse,"Wed, 26 Aug 2026 00:24:39 +0000",thing,13672,boardgame,33170898,Chutes and Ladders VCR,1,1986,https://cf.geekdo-images.com/Sct8g8SIku9QrR5Rn8qLKg__original/img/oB3WKnujed8yNIO2DfxVdL9scEA=/0x0/filters:format(jpeg)/pic191504.jpg,https://cf.geekdo-images.com/Sct8g8SIku9QrR5Rn8qLKg__small/img/9M-vAI95vodP8Bsylt964k_2cpQ=/fit-in/200x150/filters:strip_icc()/pic191504.jpg,1,4,15,15,15,112,N/A,41,3.67617,5.46928,1.65517,0,0,1,0,0,0,0,0,0,2016-02-19 17:09:44,,0,,
1088,https://boardgamegeek.com/xmlapi/termsofuse,"Wed, 26 Aug 2026 00:24:39 +0000",thing,478,boardgame,37222000,Citadels,1,2000,https://cf.geekdo-images.com/shXqRK7Sfsp-jCLwoN3kqw__original/img/G5HKV77V6Q62qaArIHGRLjMnvzY=/0x0/filters:format(jpeg)/pic636868.jpg,https://cf.geekdo-images.com/shXqRK7Sfsp-jCLwoN3kqw__small/img/Y_o8GdhShAWME_ZH2c7yTxHJIWk=/fit-in/200x150/filters:strip_icc()/pic636868.jpg,2,8,20,60,60,79953,N/A,57442,7.05359,6.9293,1.27475,0,1,0,0,0,0,0,0,0,2016-12-22 21:50:21,,0,,
1088,https://boardgamegeek.com/xmlapi/termsofuse,"Wed, 26 Aug 2026 00:24:39 +0000",thing,205398,boardgame,109598277,Citadels,1,2016,https://cf.geekdo-images.com/sHd0jkZZLDgixHjAXtn7kA__original/img/9n76iqzSN06hlbX4DuuPD6fSkHQ=/0x0/filters:format(jpeg)/pic3119514.jpg,https://cf.geekdo-images.com/sHd0jkZZLDgixHjAXtn7kA__small/img/HB0Z5D7uwBjf1lCCPjMck-5VP9A=/fit-in/200x150/filters:strip_icc()/pic3119514.jpg,2,8,30,60,60,33138,N/A,17619,7.22552,6.94201,1.27295,0,0,1,0,0,0,0,0,0,2024-05-20 10:50:33,,0,,
1088,https://boardgamegeek.com/xmlapi/termsofuse,"Wed, 26 Aug 2026 00:24:39 +0000",thing,13291,boardgame,109598310,Citadels: The Dark City,1,2004,https://cf.geekdo-images.com/ob2ZeKEtVI-sgTtyRkFIfA__original/img/Sy9UE6-JbIM2c-pK96oVuTRLUCY=/0x0/filters:format(jpeg)/pic73710.jpg,https://cf.geekdo-images.com/ob2ZeKEtVI-sgTtyRkFIfA__small/img/9WYbMStI_fMk_SRUVP5HUGpOLBw=/fit-in/200x150/filters:strip_icc()/pic73710.jpg,2,8,60,60,60,15385,N/A,6861,7.02506,6.57385,1.22094,0,0,1,0,0,0,0,0,0,2025-10-01 20:47:23,,0,,
1088,https://boardgamegeek.com/xmlapi/termsofuse,"Wed, 26 Aug 2026 00:24:39 +0000",thing,123499,boardgame,143122701,City of Iron,1,2013,https://cf.geekdo-images.com/FbHx0yxHQlzOqsh50WZGOg__original/img/EEjbxoJbuGtd0-eL3OE42YS4Nxw=/0x0/filters:format(jpeg)/pic1292441.jpg,https://cf.geekdo-images.com/FbHx0yxHQlzOqsh50WZGOg__small/img/y1UNy7m9AdM5-cUVVRGlMQCZbBI=/fit-in/200x150/filters:strip_icc()/pic1292441.jpg,2,4,120,120,120,2269,N/A,1724,7.13188,6.17732,1.30228,0,0,0,0,0,0,0,1,0,2026-03-01 17:30:04,4,0,,
1088,https://boardgamegeek.com/xmlapi/termsofuse,"Wed, 26 Aug 2026 00:24:39 +0000",thing,91817,boardgame,39270003,City Square Off,1,2011,https://cf.geekdo-images.com/Qz3aNMezgkwMLZIJ6F-c4Q__original/img/YYIKrCAENLiZw3mnPvS5igGaicM=/0x0/filters:format(jpeg)/pic907851.jpg,https://cf.geekdo-images.com/Qz3aNMezgkwMLZIJ6F-c4Q__small/img/nhTq6_bdxz8Qfd2m7qyHAypFpto=/fit-in/200x150/filters:strip_icc()/pic907851.jpg,2,2,15,15,15,488,N/A,245,6.57653,5.59987,1.23535,0,0,1,0,0,0,0,0,0,2021-03-01 21:55:32,,0,,
1088,https://boardgamegeek.com/xmlapi/termsofuse,"Wed, 26 Aug 2026 00:24:39 +0000",thing,283289,boardgame,81002551,ClipCut Parks,1,2019,https://cf.geekdo-images.com/_uXImq45xZ2HoUxjDMuSfg__original/img/dpXevRcskTphrF9ilohmAiRFn6Y=/0x0/filters:format(jpeg)/pic4831191.jpg,https://cf.geekdo-images.com/_uXImq45xZ2HoUxjDMuSfg__small/img/qRRNE411SFVMAhN7jA0cXv4moWE=/fit-in/200x150/filters:strip_icc()/pic4831191.jpg,1,4,30,30,30,1049,N/A,516,6.47379,5.67327,1.26301,0,0,1,0,0,0,0,0,0,2024-05-20 10:51:30,,0,,
1088,https://boardgamegeek.com/xmlapi/termsofuse,"Wed, 26 Aug 2026 00:24:39 +0000",thing,1294,boardgame,32083229,Clue,1,1949,https://cf.geekdo-images.com/wNcbhLJGGjakYjjm1gV_kQ__original/img/Ji1MKh8gogtczoDecOi5D5yo9hQ=/0x0/filters:format(png)/pic7563466.png,https://cf.geekdo-images.com/wNcbhLJGGjakYjjm1gV_kQ__small/img/yaeAeMVffkAZEjgYs0DvT4Zk2z0=/fit-in/200x150/filters:strip_icc()/pic7563466.png,2,6,45,45,45,43370,5.5,22732,5.68692,5.57289,1.52396,0,0,1,0,0,0,0,0,0,2025-10-01 20:48:11,,0,Old Games,
1088,https://boardgamegeek.com/xmlapi/termsofuse,"Wed, 26 Aug 2026 00:24:39 +0000",thing,3269,boardgame,35584255,Clue: The Card Game,1,2002,https://cf.geekdo-images.com/CGWLzemEWJX8HuzTwuGhAA__original/img/z-MZsYGdVpdPLav_B-wAKNlotHI=/0x0/filters:format(jpeg)/pic1512147.jpg,https://cf.geekdo-images.com/CGWLzemEWJX8HuzTwuGhAA__small/img/sLfMgljbWZEA4L4NggO9vejBKkg=/fit-in/200x150/filters:strip_icc()/pic1512147.jpg,3,5,45,45,45,2465,N/A,756,5.82596,5.5607,1.40494,0,0,1,0,0,0,0,0,0,2021-03-01 21:53:21,,0,,
1088,https://boardgamegeek.com/xmlapi/termsofuse,"Wed, 26 Aug 2026 00:24:39 +0000",thing,369483,boardgame,130521751,Clue: Treachery at Tudor Mansion,1,2022,https://cf.geekdo-images.com/mBMAPAuyaR7btbm_80ZJUQ__original/img/Z_iQZf87t9HpWG8q0SV0WNDX0dI=/0x0/filters:format(jpeg)/pic7912768.jpg,https://cf.geekdo-images.com/mBMAPAuyaR7btbm_80ZJUQ__small/img/AlnEFWLJ_VUlP6p7nQiZv7qRdnQ=/fit-in/200x150/filters:strip_icc()/pic7912768.jpg,1,6,90,90,90,1613,N/A,409,6.30545,5.60391,1.51677,0,0,1,0,0,0,0,0,0,2025-10-01 20:48:21,,0,,
1088,https://boardgamegeek.com/xmlapi/termsofuse,"Wed, 26 Aug 2026 00:24:39 +0000",thing,192945,boardgame,105592809,Coal Baron: The Great Card Game,1,2016,https://cf.geekdo-images.com/uT-MtYg00yAOu_osGhzpSQ__original/img/0uAga5viy-EqSbQ-UIpfS6tvn_4=/0x0/filters:format(jpeg)/pic3142962.jpg,https://cf.geekdo-images.com/uT-MtYg00yAOu_osGhzpSQ__small/img/BXoldXOflzxgVVbcrht_PNSoTIc=/fit-in/200x150/filters:strip_icc()/pic3142962.jpg,2,4,50,80,80,3535,N/A,1781,7.05033,6.15717,1.11176,0,1,0,0,0,0,0,0,0,2023-04-15 17:06:57,,0,,
1088,https://boardgamegeek.com/xmlapi/termsofuse,"Wed, 26 Aug 2026 00:24:39 +0000",thing,220700,boardgame,96720754,Cobra Paw,1,2017,https://cf.geekdo-images.com/4dwXEEXmCGd8JIiRg7njUA__original/img/J4LBPDhe3dh70JfDpO7rwcBe7do=/0x0/filters:format(png)/pic5349983.png,https://cf.geekdo-images.com/4dwXEEXmCGd8JIiRg7njUA__small/img/CX4lWgoWwO_3mSa0q8yn8708UOc=/fit-in/200x150/filters:strip_icc()/pic5349983.png,2,6,5,15,15,3905,N/A,1367,6.27174,5.74489,1.47381,0,1,0,0,0,0,0,0,0,2022-08-11 18:05:26,,0,,
1088,https://boardgamegeek.com/xmlapi/termsofuse,"Wed, 26 Aug 2026 00:24:39 +0000",thing,178900,boardgame,34970677,Codenames,1,2015,https://cf.geekdo-images.com/nC6ifPCDnAItwoKSKXVrnw__original/img/Id-jjIer_61ZbvI2_RVRCeBZFY4=/0x0/filters:format(jpeg)/pic8907965.jpg,https://cf.geekdo-images.com/nC6ifPCDnAItwoKSKXVrnw__small/img/1iZav_8ZqurrDbvkZA9GcFhB5x0=/fit-in/200x150/filters:strip_icc()/pic8907965.jpg,2,8,15,15,15,183057,N/A,105308,7.52378,7.42699,1.3008,0,1,0,0,0,0,0,0,0,2016-06-02 8:40:40,,0,This is actually a pretty fun game!,
1088,https://boardgamegeek.com/xmlapi/termsofuse,"Wed, 26 Aug 2026 00:24:39 +0000",thing,205158,boardgame,100605186,Codenames: Deep Undercover,1,2016,https://cf.geekdo-images.com/QoX69AhT7gRvJ10t04K_Bw__original/img/JG4GrU7AOsU3Y-o-1qKYyw8V5_Q=/0x0/filters:format(jpeg)/pic3119534.jpg,https://cf.geekdo-images.com/QoX69AhT7gRvJ10t04K_Bw__small/img/_hMlTHv8HhRRytNqLkDaT1TYT5w=/fit-in/200x150/filters:strip_icc()/pic3119534.jpg,4,8,15,15,15,10415,N/A,3985,6.55888,6.13878,1.60561,0,1,0,0,0,0,0,0,0,2022-12-07 15:24:38,,0,,
1088,https://boardgamegeek.com/xmlapi/termsofuse,"Wed, 26 Aug 2026 00:24:39 +0000",thing,220775,boardgame,109782340,Codenames: Disney – Family Edition,1,2017,https://cf.geekdo-images.com/Y05zcr91wl8oUEP6ULAnVg__original/img/GJnZkFmcNxm3SWShmXIO_3bdPAo=/0x0/filters:format(jpeg)/pic3626220.jpg,https://cf.geekdo-images.com/Y05zcr91wl8oUEP6ULAnVg__small/img/ZSFqi6AU5NfpGdl78wRLfj6RhEQ=/fit-in/200x150/filters:strip_icc()/pic3626220.jpg,2,8,15,15,15,11720,N/A,3553,6.58539,6.12413,1.33509,0,1,0,0,0,0,0,0,0,2023-08-31 13:26:15,,0,,
1088,https://boardgamegeek.com/xmlapi/termsofuse,"Wed, 26 Aug 2026 00:24:39 +0000",thing,198773,boardgame,141476288,Codenames: Pictures,1,2016,https://cf.geekdo-images.com/TGHPcdYEnD3_QzMohEIrNw__original/img/BjCphUnm_GLYJ2I1VAkxqNiNTWk=/0x0/filters:format(png)/pic9206059.png,https://cf.geekdo-images.com/TGHPcdYEnD3_QzMohEIrNw__small/img/0bZIFaJEW-3FquBb8jY-SqrrUx8=/fit-in/200x150/filters:strip_icc()/pic9206059.png,2,8,15,15,15,45961,N/A,25385,7.17378,6.99628,1.2804,0,1,0,0,0,0,0,0,0,2026-01-18 22:59:15,,0,,
1088,https://boardgamegeek.com/xmlapi/termsofuse,"Wed, 26 Aug 2026 00:24:39 +0000",thing,131568,boardgame,51660237,Codinca,1,2012,https://cf.geekdo-images.com/m11wZ62qcE_dr1ArroRAvA__original/img/0yMZdgnJEUGyCTkQHVF-KMTGbxs=/0x0/filters:format(jpeg)/pic2995800.jpg,https://cf.geekdo-images.com/m11wZ62qcE_dr1ArroRAvA__small/img/vxwLTHfTfZyvj-AKuxs64Uga8FY=/fit-in/200x150/filters:strip_icc()/pic2995800.jpg,2,4,30,30,30,1712,N/A,813,6.12867,5.64613,1.3839,0,1,0,0,0,0,0,0,0,2018-05-14 20:52:19,,0,,
1088,https://boardgamegeek.com/xmlapi/termsofuse,"Wed, 26 Aug 2026 00:24:39 +0000",thing,17745,boardgame,32083270,Cogno: The Alien Adventure Game,1,2004,https://cf.geekdo-images.com/70uy5sNdrlTYdNXJ6Hpk1w__original/img/Yo_GfKc8nMlLHzYIXimghGAV3F4=/0x0/filters:format(jpeg)/pic80119.jpg,https://cf.geekdo-images.com/70uy5sNdrlTYdNXJ6Hpk1w__small/img/l2pkbDh-E79JC4wgFWi_jcIZ9ls=/fit-in/200x150/filters:strip_icc()/pic80119.jpg,2,8,,,,122,N/A,35,4.81429,5.48892,1.75697,0,0,1,0,0,0,0,0,0,2021-03-01 21:45:46,,0,,
1088,https://boardgamegeek.com/xmlapi/termsofuse,"Wed, 26 Aug 2026 00:24:39 +0000",thing,181158,boardgame,136975874,Colt Express: Horses & Stagecoach,1,2015,https://cf.geekdo-images.com/movEptUmjne5GnbJ5z9--A__original/img/S0dIfJ0o1f-_UrsfxrYodIVVXHs=/0x0/filters:format(jpeg)/pic2602731.jpg,https://cf.geekdo-images.com/movEptUmjne5GnbJ5z9--A__small/img/J-cNdj8ZETBpeFfPQhCxBE6TRaE=/fit-in/200x150/filters:strip_icc()/pic2602731.jpg,2,6,30,60,60,11997,N/A,2831,7.42562,6.5092,1.13529,0,1,0,0,0,0,0,0,0,2025-10-02 9:21:24,,0,,
1088,https://boardgamegeek.com/xmlapi/termsofuse,"Wed, 26 Aug 2026 00:24:39 +0000",thing,2604,boardgame,54335990,Compatibility,1,1995,https://cf.geekdo-images.com/zYE_qfgGOPHH9cKY_OY4fA__original/img/qRhdEbCImyQ58jXg3d96JWdHEoc=/0x0/filters:format(jpeg)/pic336536.jpg,https://cf.geekdo-images.com/zYE_qfgGOPHH9cKY_OY4fA__small/img/xnzLetqYVIbyjxPg_z8hKPOLN-I=/fit-in/200x150/filters:strip_icc()/pic336536.jpg,3,6,30,30,30,2060,N/A,1401,6.57045,5.86166,1.42937,0,0,1,0,0,0,0,0,0,2021-03-01 21:54:30,,0,,
1088,https://boardgamegeek.com/xmlapi/termsofuse,"Wed, 26 Aug 2026 00:24:39 +0000",thing,147151,boardgame,34362253,Concept,1,2013,https://cf.geekdo-images.com/hHFs0_KRoW_FJ0cMIVgZcw__original/img/vbR7Wrdlq4fPcwUE1Ck9CowlJHY=/0x0/filters:format(jpeg)/pic4991925.jpg,https://cf.geekdo-images.com/hHFs0_KRoW_FJ0cMIVgZcw__small/img/1MmGQvJVNw8TA7eWAJ8oIK-ZENc=/fit-in/200x150/filters:strip_icc()/pic4991925.jpg,4,12,40,40,40,37926,N/A,22410,6.73736,6.58053,1.39487,0,1,0,0,0,0,0,0,0,2016-05-01 12:06:26,,0,,
1088,https://boardgamegeek.com/xmlapi/termsofuse,"Wed, 26 Aug 2026 00:24:39 +0000",thing,42685,boardgame,34592176,Connect 4x4,1,2009,https://cf.geekdo-images.com/MVU27Cj-zWtAhDtiU98rDQ__original/img/xbIeKkpPHv1CuYfnW11rI-VTXGo=/0x0/filters:format(jpeg)/pic738022.jpg,https://cf.geekdo-images.com/MVU27Cj-zWtAhDtiU98rDQ__small/img/AayBfpLjHsP1v7JX783o9HX_q54=/fit-in/200x150/filters:strip_icc()/pic738022.jpg,2,4,15,15,15,369,N/A,163,5.81601,5.52023,1.46587,0,0,1,0,0,0,0,0,0,2021-03-07 9:32:01,,0,,
1088,https://boardgamegeek.com/xmlapi/termsofuse,"Wed, 26 Aug 2026 00:24:39 +0000",thing,2719,boardgame,32083278,Connect Four,1,1974,https://cf.geekdo-images.com/I_ZPIWEvFlrMa8caT4UD-w__original/img/w93rimjstxQr4BVmaZ_Tl5pQGOw=/0x0/filters:format(jpeg)/pic859430.jpg,https://cf.geekdo-images.com/I_ZPIWEvFlrMa8caT4UD-w__small/img/JR0u-AXmZpNrZpevcz3lrLPNDf4=/fit-in/200x150/filters:strip_icc()/pic859430.jpg,2,2,10,10,10,16742,4,10665,5.02897,5.05981,1.59574,0,1,0,0,0,0,0,0,0,2015-12-28 12:14:05,,0,Tub & On sliding shelf,
1088,https://boardgamegeek.com/xmlapi/termsofuse,"Wed, 26 Aug 2026 00:24:39 +0000",thing,142432,boardgame,32083292,Continental Express,1,2014,https://cf.geekdo-images.com/Zj7Nh-CH6v-xEMydFzKD6A__original/img/_wpDrXNh9uIKIYxXfGC3ns005fg=/0x0/filters:format(jpeg)/pic1650677.jpg,https://cf.geekdo-images.com/Zj7Nh-CH6v-xEMydFzKD6A__small/img/AIoGO7Pk8xHVefQWyxV9qiCT3VM=/fit-in/200x150/filters:strip_icc()/pic1650677.jpg,2,4,20,20,20,1389,7.5,641,5.96917,5.58694,1.33732,0,1,0,0,0,0,0,0,0,2015-12-28 12:14:12,,0,One of my favorite quick games!,
1088,https://boardgamegeek.com/xmlapi/termsofuse,"Wed, 26 Aug 2026 00:24:39 +0000",thing,15271,boardgame,130510418,Contrario,1,2001,https://cf.geekdo-images.com/0h1OnjnLocWRftOesQDa7Q__original/img/bq0a7P_JySepjgbfQzbjgD-aORA=/0x0/filters:format(jpeg)/pic259589.jpg,https://cf.geekdo-images.com/0h1OnjnLocWRftOesQDa7Q__small/img/HJZ6mnf9CxmjcwI3gK7Actkyq40=/fit-in/200x150/filters:strip_icc()/pic259589.jpg,2,12,30,30,30,908,N/A,345,6.02946,5.56259,1.38654,0,0,1,0,0,0,0,0,0,2025-10-01 20:51:49,,0,,
1088,https://boardgamegeek.com/xmlapi/termsofuse,"Wed, 26 Aug 2026 00:24:39 +0000",thing,4378,boardgame,33170977,Cootie,1,1927,https://cf.geekdo-images.com/PtI2O-L_NtMlXjCgFIF3wQ__original/img/HbthdMYxlrQ22r9GlJ5cpwnuZ78=/0x0/filters:format(jpeg)/pic336039.jpg,https://cf.geekdo-images.com/PtI2O-L_NtMlXjCgFIF3wQ__small/img/6mo47Pg-LgxbrO5hbH_kHmbiAwU=/fit-in/200x150/filters:strip_icc()/pic336039.jpg,2,4,20,20,20,1722,N/A,1119,3.44723,4.82306,1.7096,0,0,1,0,0,0,0,0,0,2016-02-19 17:15:10,,0,,
1088,https://boardgamegeek.com/xmlapi/termsofuse,"Wed, 26 Aug 2026 00:24:39 +0000",thing,277662,boardgame,81002560,Coralia,1,2019,https://cf.geekdo-images.com/9em4hUR-_vI1p9Z3m9JmmA__original/img/gBxaqEp8Nx4kChONAcZchcb05qE=/0x0/filters:format(jpeg)/pic4890796.jpg,https://cf.geekdo-images.com/9em4hUR-_vI1p9Z3m9JmmA__small/img/Wh5eIVLtnRcMQ0Fu1b50eQnJJU8=/fit-in/200x150/filters:strip_icc()/pic4890796.jpg,2,4,30,35,35,865,N/A,436,6.52593,5.6534,1.28266,0,1,0,0,0,0,0,0,0,2021-04-03 17:28:01,,0,,
1088,https://boardgamegeek.com/xmlapi/termsofuse,"Wed, 26 Aug 2026 00:24:39 +0000",thing,318546,boardgame,130744594,CoraQuest,1,2021,https://cf.geekdo-images.com/nh1jnfOxSoxOr5Dtza6_1A__original/img/Bwwj2IR6knXpXqftetxYYbo_g80=/0x0/filters:format(png)/pic5888646.png,https://cf.geekdo-images.com/nh1jnfOxSoxOr5Dtza6_1A__small/img/Bnq9RlrLwuhVHMNnFcwUWxI2tPo=/fit-in/200x150/filters:strip_icc()/pic5888646.png,1,4,45,60,60,4308,N/A,1615,7.74719,6.31768,1.35839,0,0,1,0,0,0,0,0,0,2025-10-01 20:51:59,,0,,
1088,https://boardgamegeek.com/xmlapi/termsofuse,"Wed, 26 Aug 2026 00:24:39 +0000",thing,269725,boardgame,64552939,Corinth,1,2019,https://cf.geekdo-images.com/0uCbbvxRZ0k8Tv1KAUDooQ__original/img/n3PzcFNCMg8yPivby6V0Eyw15dA=/0x0/filters:format(png)/pic4521267.png,https://cf.geekdo-images.com/0uCbbvxRZ0k8Tv1KAUDooQ__small/img/vXY-_zsKdM7zMaHupTIU5F8qgOU=/fit-in/200x150/filters:strip_icc()/pic4521267.png,2,4,20,30,30,6365,N/A,3508,6.73513,6.21706,1.18321,0,1,0,0,0,0,0,0,0,2019-10-05 19:19:19,,0,,
1088,https://boardgamegeek.com/xmlapi/termsofuse,"Wed, 26 Aug 2026 00:24:39 +0000",thing,131357,boardgame,32083299,Coup,1,2012,https://cf.geekdo-images.com/MWhSY_GOe2-bmlQ2rntSVg__original/img/ayAAWBK1rAEumARNmROsOtvqW-4=/0x0/filters:format(jpeg)/pic2016054.jpg,https://cf.geekdo-images.com/MWhSY_GOe2-bmlQ2rntSVg__small/img/vuR_0PCX1w2EkjO_LbchOHZPOwU=/fit-in/200x150/filters:strip_icc()/pic2016054.jpg,2,6,15,15,15,94824,N/A,52823,6.97537,6.83151,1.43038,0,1,0,0,0,0,0,0,0,2015-12-28 9:54:32,,0,We liked this game,
1088,https://boardgamegeek.com/xmlapi/termsofuse,"Wed, 26 Aug 2026 00:24:39 +0000",thing,121193,boardgame,130516125,Cover Your Assets,1,2011,https://cf.geekdo-images.com/dQiQjpVa7mGbyAmrmQsQIA__original/img/rYZzD572CBJk8I7Ha-B2CvA9gcs=/0x0/filters:format(jpeg)/pic8689177.jpg,https://cf.geekdo-images.com/dQiQjpVa7mGbyAmrmQsQIA__small/img/vEMCRHAJLyfLWHBaeTbF-RUcx8g=/fit-in/200x150/filters:strip_icc()/pic8689177.jpg,2,6,20,40,40,7106,N/A,2630,6.47927,5.95296,1.58644,0,1,0,0,0,0,0,0,0,2025-03-19 16:35:36,,0,,
1088,https://boardgamegeek.com/xmlapi/termsofuse,"Wed, 26 Aug 2026 00:24:39 +0000",thing,1254,boardgame,130510429,Crack the Case,1,1993,https://cf.geekdo-images.com/nrzP23haVZyiyvGifPczVg__original/img/TI_lA9uRShdn4uoJSOZ5PwmLBt0=/0x0/filters:format(jpeg)/pic1547894.jpg,https://cf.geekdo-images.com/nrzP23haVZyiyvGifPczVg__small/img/RPG8Lx7F6BYZITvntEu_YXHChSg=/fit-in/200x150/filters:strip_icc()/pic1547894.jpg,2,8,60,60,60,1597,N/A,604,6.09533,5.59864,1.74096,0,0,1,0,0,0,0,0,0,2025-03-19 13:20:22,,0,,
1088,https://boardgamegeek.com/xmlapi/termsofuse,"Wed, 26 Aug 2026 00:24:39 +0000",thing,891,boardgame,32083307,Cranium,1,1998,https://cf.geekdo-images.com/-RAQw4eCx3i__6ctz6-N9A__original/img/Z1nfWJlFJQiirtkqCoMmoDbIQIE=/0x0/filters:format(jpeg)/pic4994220.jpg,https://cf.geekdo-images.com/-RAQw4eCx3i__6ctz6-N9A__small/img/6zwKtSbuLcz8negvxaM4hRA6rBw=/fit-in/200x150/filters:strip_icc()/pic4994220.jpg,4,99,60,60,60,21077,N/A,10091,5.68454,5.57288,1.57098,0,0,1,0,0,0,0,0,0,2021-03-01 21:49:16,,0,,
1088,https://boardgamegeek.com/xmlapi/termsofuse,"Wed, 26 Aug 2026 00:24:39 +0000",thing,12876,boardgame,33171224,Cranium Balloon Lagoon,1,2004,https://cf.geekdo-images.com/8oLJu4SMxJKfU1L_UiGM_g__original/img/gEgfYdQzMVaquZmr1q4Ep2ZoxE0=/0x0/filters:format(jpeg)/pic500769.jpg,https://cf.geekdo-images.com/8oLJu4SMxJKfU1L_UiGM_g__small/img/hPs4kC---tJSB9S5db-7VU6M3qw=/fit-in/200x150/filters:strip_icc()/pic500769.jpg,2,4,15,15,15,337,N/A,162,5.30062,5.4838,1.54973,0,0,1,0,0,0,0,0,0,2016-02-19 17:31:48,,0,,
1088,https://boardgamegeek.com/xmlapi/termsofuse,"Wed, 26 Aug 2026 00:24:39 +0000",thing,30208,boardgame,33171240,Cranium Ballpark Blast,1,2007,https://cf.geekdo-images.com/2_KGg6uTJLdJWrJHNRpGrQ__original/img/LUp7zQ2QyQTCkJRjw8X4hJFmatI=/0x0/filters:format(jpeg)/pic223007.jpg,https://cf.geekdo-images.com/2_KGg6uTJLdJWrJHNRpGrQ__small/img/Kifrz2F88ONt3qHZuxvrOwn2BzI=/fit-in/200x150/filters:strip_icc()/pic223007.jpg,2,99,10,10,10,43,N/A,18,3.94444,0,1.22348,0,0,1,0,0,0,0,0,0,2016-02-19 17:31:54,,0,,
1088,https://boardgamegeek.com/xmlapi/termsofuse,"Wed, 26 Aug 2026 00:24:39 +0000",thing,6420,boardgame,33171212,Cranium Cadoo,1,2001,https://cf.geekdo-images.com/hQI6W-7HwKty4c5yLFP-Aw__original/img/o26MltEMhedIHdu2GjERF9M4NSI=/0x0/filters:format(jpeg)/pic3335930.jpg,https://cf.geekdo-images.com/hQI6W-7HwKty4c5yLFP-Aw__small/img/_IyE4nIyGh7_PVfGCarLoNmDMGc=/fit-in/200x150/filters:strip_icc()/pic3335930.jpg,2,99,45,45,45,2300,N/A,687,5.30808,5.44714,1.50418,0,0,1,0,0,0,0,0,0,2016-02-19 17:33:05,,0,,
1088,https://boardgamegeek.com/xmlapi/termsofuse,"Wed, 26 Aug 2026 00:24:39 +0000",thing,5718,boardgame,33171204,Cranium Cariboo,1,1998,https://cf.geekdo-images.com/mDJo3W5ozJ4mfjLA1e2sBQ__original/img/Q2V2-dJajBVuRbGelFZ_3Ps_M3Q=/0x0/filters:format(jpeg)/pic178412.jpg,https://cf.geekdo-images.com/mDJo3W5ozJ4mfjLA1e2sBQ__small/img/MF7jqxsSS6KGygmXm4wyCOT-u5s=/fit-in/200x150/filters:strip_icc()/pic178412.jpg,2,4,20,20,20,613,N/A,366,6.08915,5.56736,1.66933,0,0,1,0,0,0,0,0,0,2016-02-19 17:32:04,,0,,
1088,https://boardgamegeek.com/xmlapi/termsofuse,"Wed, 26 Aug 2026 00:24:39 +0000",thing,8860,boardgame,33171237,Cranium Conga,1,2003,https://cf.geekdo-images.com/068nTxJrQl3UtA86TDMaqQ__original/img/6rxrXWUTKJLYKOvmGMC1PRSVzMQ=/0x0/filters:format(jpeg)/pic903070.jpg,https://cf.geekdo-images.com/068nTxJrQl3UtA86TDMaqQ__small/img/plhOyjrTYBZR6K_Bsm1VVJRVscE=/fit-in/200x150/filters:strip_icc()/pic903070.jpg,3,6,30,30,30,716,N/A,243,5.24133,5.47581,1.47762,0,0,1,0,0,0,0,0,0,2016-02-19 17:32:11,,0,,
1088,https://boardgamegeek.com/xmlapi/termsofuse,"Wed, 26 Aug 2026 00:24:39 +0000",thing,6013,boardgame,33171246,Cranium Cosmo,1,2001,https://cf.geekdo-images.com/sWZEZQQYFcqoy397sE5W4w__original/img/j76KMw8Sd_e_puKnKFNoZKDWG-g=/0x0/filters:format(jpeg)/pic22484.jpg,https://cf.geekdo-images.com/sWZEZQQYFcqoy397sE5W4w__small/img/u2iAsnuMoopJzSbZy_1kJu7qJzs=/fit-in/200x150/filters:strip_icc()/pic22484.jpg,2,2,10,10,10,42,N/A,19,5.28947,0,1.55018,0,0,1,0,0,0,0,0,0,2016-02-19 17:32:20,,0,,
1088,https://boardgamegeek.com/xmlapi/termsofuse,"Wed, 26 Aug 2026 00:24:39 +0000",thing,72560,boardgame,33171258,Cranium Junior,1,2009,https://cf.geekdo-images.com/UZvuijTrp32m2i51KRN-bw__original/img/1MvsVuS7mW4CSuA0SM0gOYYO1Mw=/0x0/filters:format(jpeg)/pic744875.jpg,https://cf.geekdo-images.com/UZvuijTrp32m2i51KRN-bw__small/img/9armfe9GclC9dGZh8e3xq6GmJQ4=/fit-in/200x150/filters:strip_icc()/pic744875.jpg,2,99,20,20,20,208,N/A,57,5.59649,5.50258,1.22631,0,0,1,0,0,0,0,0,0,2016-02-19 17:32:29,,0,,
1088,https://boardgamegeek.com/xmlapi/termsofuse,"Wed, 26 Aug 2026 00:24:39 +0000",thing,16035,boardgame,32083329,Cranium Whoonu,1,2005,https://cf.geekdo-images.com/4z8Tf1yClJ-dXC7IXDG0DA__original/img/KR6NjIjhXhFCdKWclwXjJpoEAHc=/0x0/filters:format(jpeg)/pic336139.jpg,https://cf.geekdo-images.com/4z8Tf1yClJ-dXC7IXDG0DA__small/img/_KqNpUrgRsMMmcOgSIdCAw3XRr8=/fit-in/200x150/filters:strip_icc()/pic336139.jpg,3,6,30,30,30,1544,N/A,660,6.04042,5.60402,1.49684,0,0,1,0,0,0,0,0,0,2021-03-01 21:48:50,,0,,
1088,https://boardgamegeek.com/xmlapi/termsofuse,"Wed, 26 Aug 2026 00:24:39 +0000",thing,11618,boardgame,55869056,Cranium Zigity,1,2004,https://cf.geekdo-images.com/ZdvhMIyQPH52MprbWb5UQQ__original/img/UxC6kL5qhncdGjW2iiKIkHzoH-Y=/0x0/filters:format(jpeg)/pic282571.jpg,https://cf.geekdo-images.com/ZdvhMIyQPH52MprbWb5UQQ__small/img/Y79JpTLzmsljYaZtoEf7tNxTDcw=/fit-in/200x150/filters:strip_icc()/pic282571.jpg,2,99,10,10,10,2748,N/A,1020,5.34542,5.43971,1.39528,0,0,1,0,0,0,0,0,0,2025-10-01 20:52:46,,0,kids,
1088,https://boardgamegeek.com/xmlapi/termsofuse,"Wed, 26 Aug 2026 00:24:39 +0000",thing,24932,boardgame,32083344,Cranium Zooreka!,1,2006,https://cf.geekdo-images.com/gcbbremGajn-O9f8sFssqw__original/img/P9Fo47f6WXaH8jUiLiqJo0crhHE=/0x0/filters:format(jpeg)/pic174912.jpg,https://cf.geekdo-images.com/gcbbremGajn-O9f8sFssqw__small/img/wEf57oajpIILrGFepIgwDlG4VSE=/fit-in/200x150/filters:strip_icc()/pic174912.jpg,2,4,40,40,40,546,N/A,194,5.45418,5.49352,1.37697,0,0,1,0,0,0,0,0,0,2021-03-01 21:48:31,,0,,
1088,https://boardgamegeek.com/xmlapi/termsofuse,"Wed, 26 Aug 2026 00:24:39 +0000",thing,4424,boardgame,32083888,Cranium: Hoopla,1,2002,https://cf.geekdo-images.com/BL0BlpQ66x3XNmeH-cDRDg__original/img/Tj9sxD4rMEwAol5SUWtpqxCwkFI=/0x0/filters:format(png)/pic7306389.png,https://cf.geekdo-images.com/BL0BlpQ66x3XNmeH-cDRDg__small/img/FWYUd_a6_FZzQgfZ6aB4CRm4YD4=/fit-in/200x150/filters:strip_icc()/pic7306389.png,2,99,20,20,20,2276,N/A,1013,6.19192,5.68539,1.46453,0,0,1,0,0,0,0,0,0,2021-03-01 21:47:59,,0,,
1088,https://boardgamegeek.com/xmlapi/termsofuse,"Wed, 26 Aug 2026 00:24:39 +0000",thing,19796,boardgame,33171222,Cranium: The Family Fun Game,1,2005,https://cf.geekdo-images.com/l1V2NoXmvAcTDvG60F8NVA__original/img/z1PoTEPjFEQOYo4jXj_0kH8DJ04=/0x0/filters:format(jpeg)/pic165645.jpg,https://cf.geekdo-images.com/l1V2NoXmvAcTDvG60F8NVA__small/img/2hINMBn7x8fJlUbkxNpdNt-KqU8=/fit-in/200x150/filters:strip_icc()/pic165645.jpg,4,99,45,45,45,1299,N/A,390,5.61003,5.50572,1.48338,0,0,1,0,0,0,0,0,0,2016-02-19 17:32:42,,0,,
1088,https://boardgamegeek.com/xmlapi/termsofuse,"Wed, 26 Aug 2026 00:24:39 +0000",thing,319579,boardgame,109781575,Crash Octopus,1,2021,https://cf.geekdo-images.com/2nix8SKlJngZREZvW3D9WQ__original/img/DxWfv5wloboiBP2gUc8rNmC_zXo=/0x0/filters:format(png)/pic5673787.png,https://cf.geekdo-images.com/2nix8SKlJngZREZvW3D9WQ__small/img/6-Koxy3YHPZIREI5QkLWWZgyzlU=/fit-in/200x150/filters:strip_icc()/pic5673787.png,1,5,20,30,30,2768,N/A,1390,6.90409,6.00993,1.32396,0,1,0,0,0,0,0,0,0,2023-08-31 12:52:52,,0,,
1088,https://boardgamegeek.com/xmlapi/termsofuse,"Wed, 26 Aug 2026 00:24:39 +0000",thing,147151,boardgame,33171365,Crazy Eights,1,2013,https://cf.geekdo-images.com/hHFs0_KRoW_FJ0cMIVgZcw__original/img/vbR7Wrdlq4fPcwUE1Ck9CowlJHY=/0x0/filters:format(jpeg)/pic4991925.jpg,https://cf.geekdo-images.com/hHFs0_KRoW_FJ0cMIVgZcw__small/img/1MmGQvJVNw8TA7eWAJ8oIK-ZENc=/fit-in/200x150/filters:strip_icc()/pic4991925.jpg,4,12,40,40,40,37926,N/A,22410,6.73736,6.58053,1.39487,0,0,1,0,0,0,0,0,0,2016-12-22 21:52:01,,0,,Concept
1088,https://boardgamegeek.com/xmlapi/termsofuse,"Wed, 26 Aug 2026 00:24:39 +0000",thing,324856,boardgame,96717327,The Crew: Mission Deep Sea,5,2021,https://cf.geekdo-images.com/VuBqZ1sMaDAVVHF_OEJP4g__original/img/jGWxczXC_VWZofeAmlO_DkB0hCI=/0x0/filters:format(jpeg)/pic5988903.jpg,https://cf.geekdo-images.com/VuBqZ1sMaDAVVHF_OEJP4g__small/img/EdacXlcFZ06YK0-ZKa0oKwL4VCw=/fit-in/200x150/filters:strip_icc()/pic5988903.jpg,2,5,20,20,20,53112,N/A,26380,8.04035,7.80238,1.31964,0,1,0,0,0,0,0,0,0,2022-08-11 15:49:57,,0,,
1088,https://boardgamegeek.com/xmlapi/termsofuse,"Wed, 26 Aug 2026 00:24:39 +0000",thing,284083,boardgame,81023847,The Crew: The Quest for Planet Nine,5,2019,https://cf.geekdo-images.com/98LnQShydr11OBKS46xY-Q__original/img/Q-ZkgnuBu9OTBr7J3qnqPjqamAE=/0x0/filters:format(jpeg)/pic5687013.jpg,https://cf.geekdo-images.com/98LnQShydr11OBKS46xY-Q__small/img/et-fnuozyOdBOVL-5kSS3_7I8fw=/fit-in/200x150/filters:strip_icc()/pic5687013.jpg,2,5,20,20,20,94818,N/A,49280,7.75079,7.61213,1.3174,0,1,0,0,0,0,0,0,0,2021-04-04 12:54:11,,0,,
1088,https://boardgamegeek.com/xmlapi/termsofuse,"Wed, 26 Aug 2026 00:24:39 +0000",thing,2398,boardgame,32083353,Cribbage,1,1630,https://cf.geekdo-images.com/EHTu2qG_Nr52NrNMzv_bXw__original/img/xLP9Vul05Qx1wEK1meMKnJvwlqc=/0x0/filters:format(jpeg)/pic121093.jpg,https://cf.geekdo-images.com/EHTu2qG_Nr52NrNMzv_bXw__small/img/tjDba3XVIJFy1OiwX_TFMulO5To=/fit-in/200x150/filters:strip_icc()/pic121093.jpg,2,6,30,30,30,19153,5,11207,7.12461,6.80261,1.59924,0,1,0,0,0,0,0,0,0,2015-12-28 12:14:23,,0,Old Games,
1088,https://boardgamegeek.com/xmlapi/termsofuse,"Wed, 26 Aug 2026 00:24:39 +0000",thing,249814,boardgame,100265488,Crimson Company,1,2019,https://cf.geekdo-images.com/ry9rOc9GDB6tpG5TjpO7Ow__original/img/wJmz3KoLGBdIfbUi8zGWpKxyVpA=/0x0/filters:format(jpeg)/pic4863613.jpg,https://cf.geekdo-images.com/ry9rOc9GDB6tpG5TjpO7Ow__small/img/UP_1FO_G7gIl-5xpekohHh1mtOU=/fit-in/200x150/filters:strip_icc()/pic4863613.jpg,1,4,10,45,45,1261,N/A,650,7.1872,5.81763,1.374,0,1,0,0,0,0,0,0,0,2022-11-27 17:07:13,,0,,
1088,https://boardgamegeek.com/xmlapi/termsofuse,"Wed, 26 Aug 2026 00:24:39 +0000",thing,40902,boardgame,52718222,Crimson Skies: Blake Aviation Security,1,2000,https://cf.geekdo-images.com/UCZ45_ItgXub4325yzBoow__original/img/wDNlS68LQTHmL8nqqvLk4xP9E1k=/0x0/filters:format(jpeg)/pic445604.jpg,https://cf.geekdo-images.com/UCZ45_ItgXub4325yzBoow__small/img/dJzeS5c_OXveZK4p0QowTF2QtUQ=/fit-in/200x150/filters:strip_icc()/pic445604.jpg,2,,75,75,75,112,N/A,20,7.185,0,1.24309,0,0,1,0,0,0,0,0,0,2022-12-28 13:14:33,,0,,
1088,https://boardgamegeek.com/xmlapi/termsofuse,"Wed, 26 Aug 2026 00:24:39 +0000",thing,65611,boardgame,54335970,Cthulhu Dice,1,2010,https://cf.geekdo-images.com/NrNLVf3paCHDtauIsEoFmQ__original/img/PDDBUtYlcODE_O_ZgU1goAhfOyw=/0x0/filters:format(jpeg)/pic674158.jpg,https://cf.geekdo-images.com/NrNLVf3paCHDtauIsEoFmQ__small/img/nxsRULo9oMPw3I2HiDsmuH5m6i8=/fit-in/200x150/filters:strip_icc()/pic674158.jpg,2,6,5,5,5,6647,N/A,2870,5.21279,5.29934,1.78774,0,0,1,0,0,0,0,0,0,2025-10-01 20:54:07,,0,Can,
1088,https://boardgamegeek.com/xmlapi/termsofuse,"Wed, 26 Aug 2026 00:24:39 +0000",thing,122159,boardgame,32083379,Cthulhu Fluxx,1,2012,https://cf.geekdo-images.com/yNTSdQpnDzlxxYdF4-RFKQ__original/img/JUsbz4MgbEPG5MjNWPrGghJsY4o=/0x0/filters:format(jpeg)/pic1314332.jpg,https://cf.geekdo-images.com/yNTSdQpnDzlxxYdF4-RFKQ__small/img/9H-XMP1nbxjHW0bSBTsI-Q296sc=/fit-in/200x150/filters:strip_icc()/pic1314332.jpg,2,6,10,40,40,9715,5.5,3691,6.10462,5.81107,1.65307,0,1,0,0,0,0,0,0,0,2015-12-28 12:14:33,,0,basket,
1088,https://boardgamegeek.com/xmlapi/termsofuse,"Wed, 26 Aug 2026 00:24:39 +0000",thing,296994,boardgame,81033006,Cunning Concoction: Bluff Trivia,1,,https://cf.geekdo-images.com/Zxz1x0ynUt87CcgmM3CI2g__original/img/-09_p6e_xyTiULqY0TkZWxDxHkk=/0x0/filters:format(jpeg)/pic5142852.jpg,https://cf.geekdo-images.com/Zxz1x0ynUt87CcgmM3CI2g__small/img/8c4ccYTsHfg7UFmfahmZj9eRt4s=/fit-in/200x150/filters:strip_icc()/pic5142852.jpg,2,99,20,20,20,85,N/A,4,5.75,0,1.92029,0,0,1,0,0,0,0,0,0,2025-10-02 10:27:10,,0,small,
1088,https://boardgamegeek.com/xmlapi/termsofuse,"Wed, 26 Aug 2026 00:24:39 +0000",thing,5298,boardgame,32083390,Curses!,1,2001,https://cf.geekdo-images.com/h5GYoRMc4pGP1ksiFY4fHw__original/img/-d_Kwol_Bt8VxSMBidMFSTgYLlU=/0x0/filters:format(jpeg)/pic18372.jpg,https://cf.geekdo-images.com/h5GYoRMc4pGP1ksiFY4fHw__small/img/jmKZLuk4xjZFwMw3u5rUe5q5Pgs=/fit-in/200x150/filters:strip_icc()/pic18372.jpg,3,6,25,25,25,1336,5.5,667,5.6258,5.50697,1.75946,0,0,1,0,0,0,0,0,0,2025-10-01 20:56:26,,0,Kids Cute for kids,
1088,https://boardgamegeek.com/xmlapi/termsofuse,"Wed, 26 Aug 2026 00:24:39 +0000",thing,17136,boardgame,54335954,Da Vinci's Challenge,1,2004,https://cf.geekdo-images.com/BraS3HX2ZKoKz7w5XGdDiA__original/img/qbYD5ZJj5G6QiCL-d7P_nsapJDY=/0x0/filters:format(jpeg)/pic95714.jpg,https://cf.geekdo-images.com/BraS3HX2ZKoKz7w5XGdDiA__small/img/xUzfLJ6ttVtXLbyK3RxAlki3-cY=/fit-in/200x150/filters:strip_icc()/pic95714.jpg,2,4,30,30,30,1987,N/A,700,5.60812,5.50817,1.51359,0,0,1,0,0,0,0,0,0,2021-03-01 21:49:54,,0,,
1088,https://boardgamegeek.com/xmlapi/termsofuse,"Wed, 26 Aug 2026 00:24:39 +0000",thing,347883,boardgame,130511767,Dandelions,1,2022,https://cf.geekdo-images.com/5xWZAvsu3FPtJJR0NqFLWQ__original/img/3O50RScNwbPX7PT5DPOS-Wa1v7o=/0x0/filters:format(jpeg)/pic6435146.jpg,https://cf.geekdo-images.com/5xWZAvsu3FPtJJR0NqFLWQ__small/img/7P0mpx3IdLKhNVx96OpSPrMgUAQ=/fit-in/200x150/filters:strip_icc()/pic6435146.jpg,2,3,15,15,15,3573,N/A,1372,6.75321,5.95375,1.16104,0,1,0,0,0,0,0,0,0,2025-03-19 14:04:15,,0,,
1088,https://boardgamegeek.com/xmlapi/termsofuse,"Wed, 26 Aug 2026 00:24:39 +0000",thing,245197,boardgame,80183436,Deadwood 1876,1,2018,https://cf.geekdo-images.com/dClkAV6XTDv9Guu7J0ObXA__original/img/M_UKU7UGYN2JE18C7xDFv9CDSPE=/0x0/filters:format(jpeg)/pic4252510.jpg,https://cf.geekdo-images.com/dClkAV6XTDv9Guu7J0ObXA__small/img/2maKb_zGDCeR_fdQm7bloXELhbE=/fit-in/200x150/filters:strip_icc()/pic4252510.jpg,2,9,20,40,40,7714,N/A,1934,6.57105,5.93553,1.44098,0,1,0,0,0,0,0,0,0,2024-05-20 11:12:14,,0,book,
1088,https://boardgamegeek.com/xmlapi/termsofuse,"Wed, 26 Aug 2026 00:24:39 +0000",thing,1489,boardgame,33171446,Deadwood Studios USA,1,1999,https://cf.geekdo-images.com/46lj1bmvMbAIKnDEQLZwSQ__original/img/TUm2COe3EDctAXnWwzUSJVDOUqc=/0x0/filters:format(jpeg)/pic1732708.jpg,https://cf.geekdo-images.com/46lj1bmvMbAIKnDEQLZwSQ__small/img/GYFmgWdP6Va2awUA_u8Z0QG_9VA=/fit-in/200x150/filters:strip_icc()/pic1732708.jpg,2,8,60,60,60,1934,N/A,879,5.89254,5.58528,1.46502,0,0,1,0,0,0,0,0,0,2022-12-28 13:24:12,,0,,
1088,https://boardgamegeek.com/xmlapi/termsofuse,"Wed, 26 Aug 2026 00:24:39 +0000",thing,175846,boardgame,54335724,Deck Building: The Deck Building Game,1,2015,https://cf.geekdo-images.com/WoyB5Ou7mAODjmfWZSPe8Q__original/img/sOz1dxq_9gXrXX06HqxGWo5TOR8=/0x0/filters:format(jpeg)/pic2472076.jpg,https://cf.geekdo-images.com/WoyB5Ou7mAODjmfWZSPe8Q__small/img/gSpFDxiEvD2bUdbVXIWVmOloVKg=/fit-in/200x150/filters:strip_icc()/pic2472076.jpg,2,2,10,20,20,1313,N/A,478,5.38996,5.47949,1.502,0,0,1,0,0,0,0,0,0,2025-10-01 20:59:26,,0,small,
1088,https://boardgamegeek.com/xmlapi/termsofuse,"Wed, 26 Aug 2026 00:24:39 +0000",thing,218311,boardgame,60794651,Deckscape: Test Time,1,2017,https://cf.geekdo-images.com/wU3b9Li_euyNddvPDYdLww__original/img/-bZdr4I9kVl4UrHNeEqtUAkqZ88=/0x0/filters:format(png)/pic3425752.png,https://cf.geekdo-images.com/wU3b9Li_euyNddvPDYdLww__small/img/hFKe2MEsNE4dX3HGe5Cfc2j9CG4=/fit-in/200x150/filters:strip_icc()/pic3425752.png,1,6,30,90,90,4947,N/A,2891,6.54665,6.0776,1.28383,0,1,0,0,0,0,0,0,0,2024-05-20 11:12:50,,0,small,
1088,https://boardgamegeek.com/xmlapi/termsofuse,"Wed, 26 Aug 2026 00:24:39 +0000",thing,343386,boardgame,139686835,Decktective: The Will without an Heir,1,2021,https://cf.geekdo-images.com/XNCofyWOHbECZRI9iy5ixA__original/img/c81sc3T3h-U6-Np_yIkTPgNIM34=/0x0/filters:format(png)/pic6303032.png,https://cf.geekdo-images.com/XNCofyWOHbECZRI9iy5ixA__small/img/Oh3cfwuI0ATPslzqW51rRZVYloY=/fit-in/200x150/filters:strip_icc()/pic6303032.png,1,6,60,60,60,568,N/A,258,6.79554,5.62625,1.31549,0,1,0,0,0,0,0,0,0,2025-12-12 11:13:18,,0,,
1088,https://boardgamegeek.com/xmlapi/termsofuse,"Wed, 26 Aug 2026 00:24:39 +0000",thing,417879,boardgame,143006735,Decodables,1,2024,https://cf.geekdo-images.com/c9IojMJvANHoq-2CfKt6wg__original/img/4QS-IU5HyslfIHBX7GRl4OKiU8E=/0x0/filters:format(png)/pic8571151.png,https://cf.geekdo-images.com/c9IojMJvANHoq-2CfKt6wg__small/img/SMw2gWmKWnsNaWNF4roYmhTrKwM=/fit-in/200x150/filters:strip_icc()/pic8571151.png,2,8,15,30,30,164,N/A,21,6.38571,0,1.50532,0,1,0,0,0,0,0,0,0,2026-02-26 15:36:31,,0,,
1088,https://boardgamegeek.com/xmlapi/termsofuse,"Wed, 26 Aug 2026 00:24:39 +0000",thing,169654,boardgame,33469742,Deep Sea Adventure,1,2014,https://cf.geekdo-images.com/owyKXaa5SPB2HG9F_MueNQ__original/img/gOmpUB3hM7Ap9o-kDsV8ZVBVYXA=/0x0/filters:format(png)/pic3169827.png,https://cf.geekdo-images.com/owyKXaa5SPB2HG9F_MueNQ__small/img/poEY0PMTpz4X_SOUaPjs6G7qr7o=/fit-in/200x150/filters:strip_icc()/pic3169827.png,2,6,30,30,30,37697,N/A,21303,6.85896,6.68395,1.2998,0,1,0,0,0,0,0,0,0,2024-05-20 11:16:22,,0,Small  Fun pub game,
1088,https://boardgamegeek.com/xmlapi/termsofuse,"Wed, 26 Aug 2026 00:24:39 +0000",thing,183571,boardgame,80013049,Deep Space D-6,1,2015,https://cf.geekdo-images.com/ZidmwrDOlutTZBTOlFBrgA__original/img/szse8LzMOy_JeB0ofBNQaCYenrc=/0x0/filters:format(jpeg)/pic2937444.jpg,https://cf.geekdo-images.com/ZidmwrDOlutTZBTOlFBrgA__small/img/4Irei318jEKoqU_hxevD8uIU83M=/fit-in/200x150/filters:strip_icc()/pic2937444.jpg,1,1,30,30,30,7942,N/A,3854,7.13367,6.45442,1.34464,0,1,0,0,0,0,0,0,0,2022-12-28 13:25:46,,0,p&p,
1088,https://boardgamegeek.com/xmlapi/termsofuse,"Wed, 26 Aug 2026 00:24:39 +0000",thing,126207,boardgame,57628136,Deer in the Headlights Game,1,2012,https://cf.geekdo-images.com/_J7pjIeIPVJ3-gbcuts49g__original/img/hbXPc2Lm4fPIkng8DDw0nban83s=/0x0/filters:format(jpeg)/pic1907320.jpg,https://cf.geekdo-images.com/_J7pjIeIPVJ3-gbcuts49g__small/img/IAETcqdwtI57tclJkjXP_9x1vyc=/fit-in/200x150/filters:strip_icc()/pic1907320.jpg,2,6,30,30,30,1916,N/A,563,4.84967,5.35873,1.91482,0,0,1,0,0,0,0,0,0,2025-10-01 21:00:05,,0,,
1088,https://boardgamegeek.com/xmlapi/termsofuse,"Wed, 26 Aug 2026 00:24:39 +0000",thing,217321,boardgame,130511795,Déjà Vu,1,2017,https://cf.geekdo-images.com/6bHF65Wp4lAzI4mUelKc9w__original/img/f1duzYCcCnj1-FNd6NXDMOwYfOo=/0x0/filters:format(jpeg)/pic4703200.jpg,https://cf.geekdo-images.com/6bHF65Wp4lAzI4mUelKc9w__small/img/DfZ0BZRXXJ1WV65vpDyD1RbCNn4=/fit-in/200x150/filters:strip_icc()/pic4703200.jpg,2,6,15,15,15,1277,N/A,803,6.56955,5.75876,1.22813,0,1,0,0,0,0,0,0,0,2025-03-19 14:04:58,,0,,
1088,https://boardgamegeek.com/xmlapi/termsofuse,"Wed, 26 Aug 2026 00:24:39 +0000",thing,249675,boardgame,58189168,Desolate,1,2018,https://cf.geekdo-images.com/c5hUa2ctAqsROqNKGuSngA__original/img/MjSYMLWDu9XF0YGBHR1OQsth-AM=/0x0/filters:format(jpeg)/pic4140880.jpg,https://cf.geekdo-images.com/c5hUa2ctAqsROqNKGuSngA__small/img/LJQBhgtGREsgiDrC7cX5v2r0bCQ=/fit-in/200x150/filters:strip_icc()/pic4140880.jpg,1,1,15,20,20,1564,N/A,698,7.30786,5.83303,1.36322,0,1,0,0,0,0,0,0,0,2022-12-28 13:26:34,,0,p&p,
1088,https://boardgamegeek.com/xmlapi/termsofuse,"Wed, 26 Aug 2026 00:24:39 +0000",thing,194594,boardgame,60595274,Dice Forge,1,2017,https://cf.geekdo-images.com/4BTVGQWO0M9ayxyku3FW6Q__original/img/8G3m0Cc_y3Qa0jcFn4ynWTwOV3A=/0x0/filters:format(jpeg)/pic3477004.jpg,https://cf.geekdo-images.com/4BTVGQWO0M9ayxyku3FW6Q__small/img/BWNtptZ90Cutx39I3Celuvirt78=/fit-in/200x150/filters:strip_icc()/pic3477004.jpg,2,4,45,45,45,39225,N/A,24790,7.21004,7.00565,1.23897,0,1,0,0,0,0,0,0,0,2019-05-16 11:46:54,,0,,
1088,https://boardgamegeek.com/xmlapi/termsofuse,"Wed, 26 Aug 2026 00:24:39 +0000",thing,295574,boardgame,80284702,Dice Masters,1,2014,https://cf.geekdo-images.com/EzZFVnBg3A6Fp8iUevke8w__original/img/cKl-tdNBYuQDgalFUhiHNIv6GCg=/0x0/filters:format(png)/pic5267788.png,https://cf.geekdo-images.com/EzZFVnBg3A6Fp8iUevke8w__small/img/zV7atgMzpK45v3yy2BXSukhEcwQ=/fit-in/200x150/filters:strip_icc()/pic5267788.png,2,2,15,35,35,543,N/A,295,7.96905,5.74444,1.52159,0,0,1,0,0,0,0,0,0,2025-10-01 21:01:53,,0,tub,
1088,https://boardgamegeek.com/xmlapi/termsofuse,"Wed, 26 Aug 2026 00:24:39 +0000",thing,230267,boardgame,123734718,Dice Settlers,1,2018,https://cf.geekdo-images.com/Rq78Zg67kx0Ay24kgNnx0Q__original/img/Bsg0JxFtvDlhn6zbuX0bpSbwV6k=/0x0/filters:format(jpeg)/pic4145901.jpg,https://cf.geekdo-images.com/Rq78Zg67kx0Ay24kgNnx0Q__small/img/weF3RZ3u_waKER89aCEKW-ciQPc=/fit-in/200x150/filters:strip_icc()/pic4145901.jpg,1,4,45,60,60,5635,N/A,3081,6.86634,6.25647,1.31879,0,1,0,0,0,0,0,0,0,2024-09-29 18:43:35,,0,,
1088,https://boardgamegeek.com/xmlapi/termsofuse,"Wed, 26 Aug 2026 00:24:39 +0000",thing,216734,boardgame,130511644,Dice Throne: Season One,1,2018,https://cf.geekdo-images.com/crZpafHHxItU5EWPCgNbPA__original/img/SW7p_jpQKI-EGcMGjenPjHvGTL0=/0x0/filters:format(jpeg)/pic3962955.jpg,https://cf.geekdo-images.com/crZpafHHxItU5EWPCgNbPA__small/img/6-MfhRxfMD7KwZq9jQT1tZFHTIY=/fit-in/200x150/filters:strip_icc()/pic3962955.jpg,2,6,20,40,40,9467,N/A,6683,7.48589,6.83549,1.50321,0,0,0,0,0,0,0,0,0,2025-03-19 14:00:26,,0,,
1088,https://boardgamegeek.com/xmlapi/termsofuse,"Wed, 26 Aug 2026 00:24:39 +0000",thing,322561,boardgame,130511666,Dice Throne: Season One Rerolled – Battle 1:  Barbarian v. Moon Elf,1,2021,https://cf.geekdo-images.com/XlZwILRgLY2u-DGUsW5D4A__original/img/v8jej5Rk6yHK1voqqhdfJOgm2s4=/0x0/filters:format(jpeg)/pic7486290.jpg,https://cf.geekdo-images.com/XlZwILRgLY2u-DGUsW5D4A__small/img/flUB1kISYRrYreG9ZfL5HAyfWfU=/fit-in/200x150/filters:strip_icc()/pic7486290.jpg,2,2,20,40,40,5051,N/A,1519,7.50851,6.25657,1.34064,0,1,0,0,0,0,0,0,0,2025-03-19 14:00:06,,0,,
1088,https://boardgamegeek.com/xmlapi/termsofuse,"Wed, 26 Aug 2026 00:24:39 +0000",thing,29613,boardgame,32083414,DICEcapades,1,2007,https://cf.geekdo-images.com/vNN4S31En8wut0RQdCBJ-w__original/img/f7hN2e9k6Dgfzl-yTS98D8sakEY=/0x0/filters:format(jpeg)/pic336540.jpg,https://cf.geekdo-images.com/vNN4S31En8wut0RQdCBJ-w__small/img/LLDCbxVVK7_UrG4lSyB1Zj48Ehs=/fit-in/200x150/filters:strip_icc()/pic336540.jpg,2,6,30,30,30,2566,N/A,901,5.08104,5.35937,1.67411,0,0,1,0,0,0,0,0,0,2021-03-01 21:44:08,,0,,
1088,https://boardgamegeek.com/xmlapi/termsofuse,"Wed, 26 Aug 2026 00:24:39 +0000",thing,318009,boardgame,87070100,Dinosaur Island: Rawr 'n Write,1,2021,https://cf.geekdo-images.com/xRP9jo5gfwhfFkgxQBgWTw__original/img/h-5jmA7e2JrfO9DM9OKy0S2MDjw=/0x0/filters:format(png)/pic5622932.png,https://cf.geekdo-images.com/xRP9jo5gfwhfFkgxQBgWTw__small/img/Ax_lCMYmPvnu1qYP0-nRAjcVBO8=/fit-in/200x150/filters:strip_icc()/pic5622932.png,1,4,30,45,45,11625,N/A,4718,7.64821,6.89405,1.20132,0,1,0,0,0,0,0,0,0,2021-10-30 17:46:31,,0,,
1088,https://boardgamegeek.com/xmlapi/termsofuse,"Wed, 26 Aug 2026 00:24:39 +0000",thing,256963,boardgame,136975928,Dirty Drawers,1,2019,https://cf.geekdo-images.com/5q1gkQIkQbbU-WXJmlUYdQ__original/img/mYgEGKE4pfeopQWnwEbBOC1mKVE=/0x0/filters:format(jpeg)/pic4615366.jpg,https://cf.geekdo-images.com/5q1gkQIkQbbU-WXJmlUYdQ__small/img/cZ9Usre3_s2akK2mpv1W5Qhz49c=/fit-in/200x150/filters:strip_icc()/pic4615366.jpg,3,7,5,5,5,24,N/A,6,6.5,0,2.75379,0,1,0,0,0,0,0,0,0,2025-10-02 9:24:08,,0,,
1088,https://boardgamegeek.com/xmlapi/termsofuse,"Wed, 26 Aug 2026 00:24:39 +0000",thing,2956,boardgame,32083417,Dirty Minds: The Game of Naughty Clues,1,1990,https://cf.geekdo-images.com/MB0vxo01As5behq_NCmzrA__original/img/WvNZ7onc_FPz-4DZSLtMmZ5wnD4=/0x0/filters:format(jpeg)/pic431806.jpg,https://cf.geekdo-images.com/MB0vxo01As5behq_NCmzrA__small/img/a2kwnfzLdy8CZHnizq6LXUXKcOc=/fit-in/200x150/filters:strip_icc()/pic431806.jpg,2,6,5,45,45,2135,N/A,674,4.06672,5.18458,1.72245,0,0,1,0,0,0,0,0,0,2021-03-01 21:43:18,,0,,
1088,https://boardgamegeek.com/xmlapi/termsofuse,"Wed, 26 Aug 2026 00:24:39 +0000",thing,10341,boardgame,32083423,Disney Charades Game,1,1999,https://cf.geekdo-images.com/BhVBt8pRJF3Ku0e9HoIh1A__original/img/Y4N_NQ-8fBhD4aXyp49pDt_horU=/0x0/filters:format(jpeg)/pic230091.jpg,https://cf.geekdo-images.com/BhVBt8pRJF3Ku0e9HoIh1A__small/img/CD1dV9-ORAT082L5DkWRnvumuoE=/fit-in/200x150/filters:strip_icc()/pic230091.jpg,4,99,45,45,45,324,4,70,5.37571,5.49208,1.59566,0,0,1,0,0,0,0,0,0,2025-10-01 21:02:49,,0,old games,
1088,https://boardgamegeek.com/xmlapi/termsofuse,"Wed, 26 Aug 2026 00:24:39 +0000",thing,352764,boardgame,144628617,Disney Villainous: Bigger and Badder,1,2022,https://cf.geekdo-images.com/p2AffonSuYOAnxCm7KGzCQ__original/img/8nret2QbaYDLOeJf-qjv2LbNgz0=/0x0/filters:format(png)/pic6560851.png,https://cf.geekdo-images.com/p2AffonSuYOAnxCm7KGzCQ__small/img/yEHVy2b1zkDZUhlflpmxF5UY53Q=/fit-in/200x150/filters:strip_icc()/pic6560851.png,2,3,40,60,60,8696,N/A,1532,7.37698,6.1639,1.41907,0,1,0,0,0,0,0,0,0,2026-04-16 16:26:54,,0,,
1088,https://boardgamegeek.com/xmlapi/termsofuse,"Wed, 26 Aug 2026 00:24:39 +0000",thing,284760,boardgame,66266843,Disney Villainous: Evil Comes Prepared,1,2019,https://cf.geekdo-images.com/iEfri2p4Vqh6QFIxc5IlCg__original/img/it21m6c_rGzW6-K8aGDtbDswGAk=/0x0/filters:format(jpeg)/pic4849477.jpg,https://cf.geekdo-images.com/iEfri2p4Vqh6QFIxc5IlCg__small/img/9xcLYtvW_gKIQV1s0XPm7kkclhw=/fit-in/200x150/filters:strip_icc()/pic4849477.jpg,2,3,40,60,60,21272,N/A,5067,7.47782,6.74199,1.3277,0,1,0,0,0,0,0,0,0,2019-11-29 14:57:08,,0,Under Villainous,
1088,https://boardgamegeek.com/xmlapi/termsofuse,"Wed, 26 Aug 2026 00:24:39 +0000",thing,256382,boardgame,66266788,Disney Villainous: The Worst Takes it All,1,2018,https://cf.geekdo-images.com/7Ej5V5Dq92QdvVFvISfl_A__original/img/XHykA7cqZ0F4tYiKXw095TvHRno=/0x0/filters:format(jpeg)/pic4216110.jpg,https://cf.geekdo-images.com/7Ej5V5Dq92QdvVFvISfl_A__small/img/8tU6KCVSI5dlcibYTT6mq3K9ljk=/fit-in/200x150/filters:strip_icc()/pic4216110.jpg,2,6,45,120,120,55213,N/A,23180,6.90569,6.67544,1.46884,0,1,0,0,0,0,0,0,0,2019-11-29 14:55:18,,0,Under Villainous,
1088,https://boardgamegeek.com/xmlapi/termsofuse,"Wed, 26 Aug 2026 00:24:39 +0000",thing,447298,boardgame,143224192,Disney Villainous: Treacherous Tides,1,2025,https://cf.geekdo-images.com/Ah_RwCGHtPROEl3V8ya44A__original/img/4drq42PLwoFUz-BDcHOGT8VwqAk=/0x0/filters:format(png)/pic8906683.png,https://cf.geekdo-images.com/Ah_RwCGHtPROEl3V8ya44A__small/img/Kqek2c7gdF5XnJkeR9cjTfuBmSE=/fit-in/200x150/filters:strip_icc()/pic8906683.png,2,2,40,40,40,2138,N/A,242,7.63905,5.66593,1.24423,0,1,0,0,0,0,0,0,0,2026-03-04 16:04:50,,0,,
1088,https://boardgamegeek.com/xmlapi/termsofuse,"Wed, 26 Aug 2026 00:24:39 +0000",thing,271518,boardgame,112585401,Disney Villainous: Wicked to the Core,1,2019,https://cf.geekdo-images.com/StWdDnw-pdafavsxZHEc-Q__original/img/HEeGUzR0LEU4ve3TfxIn29dtiNA=/0x0/filters:format(jpeg)/pic4559890.jpg,https://cf.geekdo-images.com/StWdDnw-pdafavsxZHEc-Q__small/img/aUnAHcKDK6aQ3o0pxjZ1PnNk1jY=/fit-in/200x150/filters:strip_icc()/pic4559890.jpg,2,3,40,60,60,21839,N/A,5429,7.47712,6.76618,1.34182,0,1,0,0,0,0,0,0,0,2025-03-19 13:31:45,,0,Under Villainous,
1088,https://boardgamegeek.com/xmlapi/termsofuse,"Wed, 26 Aug 2026 00:24:39 +0000",thing,374368,boardgame,113474329,Disney: Mickey's Christmas Carol,1,2022,https://cf.geekdo-images.com/HU04K88x-xbs8OlDtsW8FA__original/img/q8lxlk4_8Iw0EpDCb0O-Dm1YsAE=/0x0/filters:format(png)/pic7168664.png,https://cf.geekdo-images.com/HU04K88x-xbs8OlDtsW8FA__small/img/l16FiUgf_oqMT1iVR2hR0zlzLJI=/fit-in/200x150/filters:strip_icc()/pic7168664.png,2,4,20,20,20,266,N/A,68,6.21324,5.51755,1.29102,0,0,1,0,0,0,0,0,0,2025-10-02 10:33:59,,0,kids,
1088,https://boardgamegeek.com/xmlapi/termsofuse,"Wed, 26 Aug 2026 00:24:39 +0000",thing,309129,boardgame,143006746,Disney: The Haunted Mansion – Call of the Spirits Game,1,2020,https://cf.geekdo-images.com/LkTpUo9TzxD-KivYZuRsXg__original/img/-GNIzSjcztEXd-TMaDoWh8VGPdI=/0x0/filters:format(png)/pic6715954.png,https://cf.geekdo-images.com/LkTpUo9TzxD-KivYZuRsXg__small/img/zg3L4lpxcTNKprSs6eSqUA7vOJg=/fit-in/200x150/filters:strip_icc()/pic6715954.png,2,6,30,30,30,5160,N/A,1341,6.9204,5.95574,1.28339,0,1,0,0,0,0,0,0,0,2026-02-26 15:36:43,,0,,
1088,https://boardgamegeek.com/xmlapi/termsofuse,"Wed, 26 Aug 2026 00:24:39 +0000",thing,39856,boardgame,32083434,Dixit,1,2008,https://cf.geekdo-images.com/J0PlHArkZDJ57H-brXW2Fw__original/img/jt3kFCHJ3HJ2079dMLwipFZqdQg=/0x0/filters:format(jpeg)/pic6738336.jpg,https://cf.geekdo-images.com/J0PlHArkZDJ57H-brXW2Fw__small/img/QVwPXskFikQwBQlrdLJBAiRGgdg=/fit-in/200x150/filters:strip_icc()/pic6738336.jpg,3,6,30,30,30,109760,5,71968,7.17848,7.06304,1.39309,0,1,0,0,0,0,0,0,0,2015-12-28 12:14:56,,0,"Not a big fan, but the graphics are cool",
1088,https://boardgamegeek.com/xmlapi/termsofuse,"Wed, 26 Aug 2026 00:24:39 +0000",thing,121288,boardgame,32083441,Dixit: Journey,1,2012,https://cf.geekdo-images.com/HX0lvc-JiPzf7Nrqp_N-Fw__original/img/9qsDO-TCNWxVxNZEbgLX08aYeJc=/0x0/filters:format(jpeg)/pic1387599.jpg,https://cf.geekdo-images.com/HX0lvc-JiPzf7Nrqp_N-Fw__small/img/iInoc-itpaO_STBI1QVQ0B-WWME=/fit-in/200x150/filters:strip_icc()/pic1387599.jpg,3,6,30,30,30,8839,5,4739,7.38021,6.70978,1.33642,0,1,0,0,0,0,0,0,0,2015-12-28 12:15:02,,0,,
1088,https://boardgamegeek.com/xmlapi/termsofuse,"Wed, 26 Aug 2026 00:24:39 +0000",thing,92828,boardgame,39270051,Dixit: Odyssey,1,2011,https://cf.geekdo-images.com/7b75ZZJQ4EEbDsKLi6kYSw__original/img/Oep0CGYNB5HiLBBOMmEo2qKgXaM=/0x0/filters:format(jpeg)/pic918568.jpg,https://cf.geekdo-images.com/7b75ZZJQ4EEbDsKLi6kYSw__small/img/N0ZKQJsEo6_hk2UxH2rvqKorh2g=/fit-in/200x150/filters:strip_icc()/pic918568.jpg,3,12,30,30,30,35395,N/A,23156,7.37836,7.14147,1.34663,0,1,0,0,0,0,0,0,0,2016-12-28 17:29:48,,0,,
1088,https://boardgamegeek.com/xmlapi/termsofuse,"Wed, 26 Aug 2026 00:24:39 +0000",thing,2633,boardgame,136975897,DOG,1,1997,https://cf.geekdo-images.com/7MfFQAkv7c7kWBlO8gvi4w__original/img/gmGRwiy2Q7fZoiFLjsraXwXcvRI=/0x0/filters:format(jpeg)/pic395076.jpg,https://cf.geekdo-images.com/7MfFQAkv7c7kWBlO8gvi4w__small/img/lQOBjsrb94zOVnr16F03f5k3hiE=/fit-in/200x150/filters:strip_icc()/pic395076.jpg,2,6,45,45,45,3937,N/A,2160,6.32945,5.85842,1.70834,0,0,1,0,0,0,0,0,0,2025-10-02 9:22:58,,0,,
1088,https://boardgamegeek.com/xmlapi/termsofuse,"Wed, 26 Aug 2026 00:24:39 +0000",thing,344839,boardgame,106203782,Dog Lover,1,2021,https://cf.geekdo-images.com/k5vsit8aU1_PnrqTwum2YQ__original/img/wqanoy5VSZg4kEjXs_5tfXEyybk=/0x0/filters:format(jpeg)/pic6503210.jpg,https://cf.geekdo-images.com/k5vsit8aU1_PnrqTwum2YQ__small/img/Cxs0YbafjQeBS3Kqgf6CtOUPxu8=/fit-in/200x150/filters:strip_icc()/pic6503210.jpg,2,4,30,30,30,2944,N/A,1521,6.69325,5.95024,1.20064,0,1,0,0,0,0,0,0,0,2023-05-05 19:54:49,,0,,
1088,https://boardgamegeek.com/xmlapi/termsofuse,"Wed, 26 Aug 2026 00:24:39 +0000",thing,331401,boardgame,137273666,Dog Park,1,2022,https://cf.geekdo-images.com/cCAAceyvbbqMXqX5QgwSmQ__original/img/xf9bMEHqyjw8QO2NgC6arF5jOnQ=/0x0/filters:format(jpeg)/pic6257426.jpg,https://cf.geekdo-images.com/cCAAceyvbbqMXqX5QgwSmQ__small/img/jrjnG4MTuOgIs_Z4l_W-P7Hy0ME=/fit-in/200x150/filters:strip_icc()/pic6257426.jpg,1,4,40,80,80,9013,N/A,4089,6.86344,6.31064,1.37969,0,1,0,0,0,0,0,0,0,2025-10-11 14:24:36,,0,,
1088,https://boardgamegeek.com/xmlapi/termsofuse,"Wed, 26 Aug 2026 00:24:39 +0000",thing,428753,boardgame,142571703,The Dog's Best Friend Game,5,2023,https://cf.geekdo-images.com/ik08luR-q5ZK1t065CbwqQ__original/img/znGYsSBj714TA6uPi3rQhoAFVBk=/0x0/filters:format(jpeg)/pic8561261.jpg,https://cf.geekdo-images.com/ik08luR-q5ZK1t065CbwqQ__small/img/wvVwSj5_icCSLLJTxVwFiO5empo=/fit-in/200x150/filters:strip_icc()/pic8561261.jpg,1,8,25,25,25,50,N/A,14,6.43571,0,1.41553,0,1,0,0,0,0,0,0,0,2026-02-14 20:31:35,,0,,
1088,https://boardgamegeek.com/xmlapi/termsofuse,"Wed, 26 Aug 2026 00:24:39 +0000",thing,2394,boardgame,32083480,Dominoes,1,1500,https://cf.geekdo-images.com/7YdY99fgAanc04jyhqQ66w__original/img/kGD-mE3oqtGiFU4OVic7pCZk-QI=/0x0/filters:format(jpeg)/pic90585.jpg,https://cf.geekdo-images.com/7YdY99fgAanc04jyhqQ66w__small/img/AnLOv6xw_qtmOXh0koArhrO2kFU=/fit-in/200x150/filters:strip_icc()/pic90585.jpg,2,10,30,30,30,18533,5.5,8293,5.5714,5.50361,1.6655,0,1,0,0,0,0,0,0,0,2015-12-28 12:15:09,,0,bear basket,
1088,https://boardgamegeek.com/xmlapi/termsofuse,"Wed, 26 Aug 2026 00:24:39 +0000",thing,376715,boardgame,109648510,Don't Go Boom,1,2022,https://cf.geekdo-images.com/1CuvkFTFnygCc4LgW7H_dw__original/img/rQmTqEAful2Tz1uV9qFHbMmIFF4=/0x0/filters:format(jpeg)/pic7513307.jpg,https://cf.geekdo-images.com/1CuvkFTFnygCc4LgW7H_dw__small/img/aCQGLGMl6_n5lQjXh-OnT3ayJqY=/fit-in/200x150/filters:strip_icc()/pic7513307.jpg,2,6,25,25,25,144,N/A,32,6.35,5.51116,1.38834,0,1,0,0,0,0,0,0,0,2023-08-27 8:06:52,,0,,
1088,https://boardgamegeek.com/xmlapi/termsofuse,"Wed, 26 Aug 2026 00:24:39 +0000",thing,733,boardgame,32083496,Don't Make Me Laugh Jr.,1,2000,https://cf.geekdo-images.com/skvmwWYeHi3pfBK3fKz6qg__original/img/Pp6sz2Un8aNf8I_wsAmemhCzc9M=/0x0/filters:format(jpeg)/pic89817.jpg,https://cf.geekdo-images.com/skvmwWYeHi3pfBK3fKz6qg__small/img/JzlosHWbINcFdtxXXbEzhd_oxv8=/fit-in/200x150/filters:strip_icc()/pic89817.jpg,2,5,30,30,30,45,N/A,10,3.65,0,1.81728,0,0,1,0,0,0,0,0,0,2025-10-01 21:05:48,,0,kids,
1088,https://boardgamegeek.com/xmlapi/termsofuse,"Wed, 26 Aug 2026 00:24:39 +0000",thing,219638,boardgame,56692789,Donner Dinner Party,1,2017,https://cf.geekdo-images.com/fyoYHV4cmeBtZlo69KVaLQ__original/img/KIv-8cFHVpd0-J4bpXgzdyz6vTQ=/0x0/filters:format(png)/pic3796008.png,https://cf.geekdo-images.com/fyoYHV4cmeBtZlo69KVaLQ__small/img/BwtfnqLwOdl3GASqTCWUCdGEghs=/fit-in/200x150/filters:strip_icc()/pic3796008.png,4,10,30,60,60,2464,N/A,774,6.21157,5.63016,1.59006,0,0,1,0,0,0,0,0,0,2025-10-01 21:06:46,,0,,
1088,https://boardgamegeek.com/xmlapi/termsofuse,"Wed, 26 Aug 2026 00:24:39 +0000",thing,23334,boardgame,32083510,Doodle Dice,1,2006,https://cf.geekdo-images.com/wGDWUArcaOcdK2BffV-MdA__original/img/nEOdI7hMx_WpabAUChl5ztXoZ3E=/0x0/filters:format(jpeg)/pic336444.jpg,https://cf.geekdo-images.com/wGDWUArcaOcdK2BffV-MdA__small/img/OBXLiCfj6VxIcpf0QAUgEB81FC0=/fit-in/200x150/filters:strip_icc()/pic336444.jpg,2,6,20,30,30,1262,N/A,566,5.59027,5.50039,1.55339,0,0,1,0,0,0,0,0,0,2021-03-01 21:44:36,,0,,
1088,https://boardgamegeek.com/xmlapi/termsofuse,"Wed, 26 Aug 2026 00:24:39 +0000",thing,232090,boardgame,56692908,Doodle Rush,1,2017,https://cf.geekdo-images.com/D-zijEBRpyEgafodVc0bzQ__original/img/_T9-m2JH33T76qEmMPBvEq_1ej8=/0x0/filters:format(jpeg)/pic3688701.jpg,https://cf.geekdo-images.com/D-zijEBRpyEgafodVc0bzQ__small/img/eKYFYbtX5A4OzbTb-xgxtZTPhQc=/fit-in/200x150/filters:strip_icc()/pic3688701.jpg,3,6,10,15,15,475,N/A,297,6.49809,5.60553,1.52377,0,1,0,0,0,0,0,0,0,2018-12-17 23:25:50,,0,,
1088,https://boardgamegeek.com/xmlapi/termsofuse,"Wed, 26 Aug 2026 00:24:39 +0000",thing,324413,boardgame,142571777,Doomlings,1,2022,https://cf.geekdo-images.com/v3c8Z12rTB_0lHndnnKZIw__original/img/HnfGCJi2Z2rMIVnCRip4DU3LnIs=/0x0/filters:format(jpeg)/pic8493673.jpg,https://cf.geekdo-images.com/v3c8Z12rTB_0lHndnnKZIw__small/img/W7rBCi1G8WMKHfFxd66N8d3nLnc=/fit-in/200x150/filters:strip_icc()/pic8493673.jpg,2,6,20,45,45,8442,N/A,2686,6.75324,6.0338,1.69989,0,1,0,0,0,0,0,0,0,2026-02-14 20:35:18,,0,,
1088,https://boardgamegeek.com/xmlapi/termsofuse,"Wed, 26 Aug 2026 00:24:39 +0000",thing,156714,boardgame,36113083,Doomtown: Reloaded,1,2014,https://cf.geekdo-images.com/0RRXX6up8XWKoG-r83typg__original/img/-alPVo_JNDGCpHpxpSxZk5Rai1g=/0x0/filters:format(jpeg)/pic1963882.jpg,https://cf.geekdo-images.com/0RRXX6up8XWKoG-r83typg__small/img/hc0vcSd7noejoF339K-DDFunvGg=/fit-in/200x150/filters:strip_icc()/pic1963882.jpg,2,4,30,30,30,6459,N/A,2387,7.0975,6.23717,1.78064,0,1,0,0,0,0,0,0,0,2016-08-07 19:08:04,,0,Super complicated instructions!,
1088,https://boardgamegeek.com/xmlapi/termsofuse,"Wed, 26 Aug 2026 00:24:39 +0000",thing,158267,boardgame,54575961,Double Feature,1,2015,https://cf.geekdo-images.com/wUJsG8YHx8oY-6-ngc0PbQ__original/img/rGS-2o69Ss34ebRuEG3DkM6RiEM=/0x0/filters:format(jpeg)/pic2360691.jpg,https://cf.geekdo-images.com/wUJsG8YHx8oY-6-ngc0PbQ__small/img/dah4zGEfSY_LcMJSB4JEtMbwd7o=/fit-in/200x150/filters:strip_icc()/pic2360691.jpg,3,10,20,35,35,423,N/A,195,5.88103,5.51597,1.45186,0,0,1,0,0,0,0,0,0,2025-10-01 21:07:45,,0,,
1088,https://boardgamegeek.com/xmlapi/termsofuse,"Wed, 26 Aug 2026 00:24:39 +0000",thing,2394,boardgame,32083488,Double Six Dominoes,1,1500,https://cf.geekdo-images.com/7YdY99fgAanc04jyhqQ66w__original/img/kGD-mE3oqtGiFU4OVic7pCZk-QI=/0x0/filters:format(jpeg)/pic90585.jpg,https://cf.geekdo-images.com/7YdY99fgAanc04jyhqQ66w__small/img/AnLOv6xw_qtmOXh0koArhrO2kFU=/fit-in/200x150/filters:strip_icc()/pic90585.jpg,2,10,30,30,30,18533,5.5,8293,5.5714,5.50361,1.6655,0,1,0,0,0,0,0,0,0,2024-05-20 15:04:36,,0,kids,Dominoes
1088,https://boardgamegeek.com/xmlapi/termsofuse,"Wed, 26 Aug 2026 00:24:39 +0000",thing,21916,boardgame,35584274,Double Tangoes,1,2001,https://cf.geekdo-images.com/J4cQainmXAA8IxcYUtWQBw__original/img/XGXVKow8u6r55WVJdfSzBAVlsaQ=/0x0/filters:format(jpeg)/pic393219.jpg,https://cf.geekdo-images.com/J4cQainmXAA8IxcYUtWQBw__small/img/4AKcbwDSOT2Jt1gw34RUBuArW04=/fit-in/200x150/filters:strip_icc()/pic393219.jpg,1,2,30,30,30,47,N/A,11,5.72727,0,1.91125,0,1,0,0,0,0,0,0,0,2016-07-08 13:24:45,,0,old games,
1088,https://boardgamegeek.com/xmlapi/termsofuse,"Wed, 26 Aug 2026 00:24:39 +0000",thing,13004,boardgame,32084275,The Downfall of Pompeii,5,2004,https://cf.geekdo-images.com/eZjGZ9O4hdUnc47rDgAgRg__original/img/dH4prpq1jPIi9IS_7a44MlBm6J4=/0x0/filters:format(jpeg)/pic1685805.jpg,https://cf.geekdo-images.com/eZjGZ9O4hdUnc47rDgAgRg__small/img/Ii0rodwBgEzpHofswh32VECo1xk=/fit-in/200x150/filters:strip_icc()/pic1685805.jpg,2,4,45,45,45,10000,7,8773,7.1654,6.78972,1.1532,0,1,0,0,0,0,0,0,0,2015-12-28 12:15:26,,0,Like this game a lot!,
1088,https://boardgamegeek.com/xmlapi/termsofuse,"Wed, 26 Aug 2026 00:24:39 +0000",thing,232219,boardgame,54269059,Dragon Castle,1,2017,https://cf.geekdo-images.com/LvBG5jXW8ZFyllrbyJme-A__original/img/u8VQUhndzJDGh1EWdLx4FdsAnWE=/0x0/filters:format(png)/pic3683059.png,https://cf.geekdo-images.com/LvBG5jXW8ZFyllrbyJme-A__small/img/rmPTY8XdFru_9M_Ty68j4LpK10A=/fit-in/200x150/filters:strip_icc()/pic3683059.png,1,4,30,45,45,12245,7,8384,7.09422,6.70926,1.188,0,1,0,0,0,0,0,0,0,2018-09-13 19:01:26,,0,,
1088,https://boardgamegeek.com/xmlapi/termsofuse,"Wed, 26 Aug 2026 00:24:39 +0000",thing,128174,boardgame,33885581,Dragon Farkle,1,2015,https://cf.geekdo-images.com/rigU4TVhrrfekl6QKy87gw__original/img/MMYz1-hX7lWnlCOZY9MFsZdsLkg=/0x0/filters:format(png)/pic2556448.png,https://cf.geekdo-images.com/rigU4TVhrrfekl6QKy87gw__small/img/h8fLEElZV9gsCiBi8cKmKBe-3uA=/fit-in/200x150/filters:strip_icc()/pic2556448.png,2,5,30,30,30,2055,N/A,803,6.40529,5.72041,1.53246,0,1,0,0,0,0,0,0,0,2016-04-04 8:55:51,,0,A more complicated version of Farkle,
1088,https://boardgamegeek.com/xmlapi/termsofuse,"Wed, 26 Aug 2026 00:24:39 +0000",thing,274300,boardgame,81002570,Dragon Market,1,2019,https://cf.geekdo-images.com/24mNpZZKWrdwLiWiY9lR3w__original/img/-9_HQRXPH0-jkXJ2zhHDOUE1Y6s=/0x0/filters:format(png)/pic4900173.png,https://cf.geekdo-images.com/24mNpZZKWrdwLiWiY9lR3w__small/img/DXxYkwaWEn7nO-2rIovTvCWrHmE=/fit-in/200x150/filters:strip_icc()/pic4900173.png,2,4,20,40,40,628,N/A,323,6.4002,5.59588,1.3661,0,0,1,0,0,0,0,0,0,2025-10-01 21:09:15,,1,"Kids - Game Play: Goods gathering
Our Rating: Fair
Thoughts: Fast game. Better for 7-12 yo",
1088,https://boardgamegeek.com/xmlapi/termsofuse,"Wed, 26 Aug 2026 00:24:39 +0000",thing,226501,boardgame,64998184,Dragonfire,1,2017,https://cf.geekdo-images.com/ETvzoSRh-UuJJbdSt3ZiCA__original/img/KhVLSQce_k2l8dUj-qJSPgLKVUI=/0x0/filters:format(jpeg)/pic4022104.jpg,https://cf.geekdo-images.com/ETvzoSRh-UuJJbdSt3ZiCA__small/img/IBpluZHe1uzxuWr98gRuRQ_wMb8=/fit-in/200x150/filters:strip_icc()/pic4022104.jpg,2,6,60,90,90,5787,N/A,2610,7.02345,6.18665,1.68959,0,1,0,0,0,0,0,0,0,2019-10-21 20:35:10,,0,,
1088,https://boardgamegeek.com/xmlapi/termsofuse,"Wed, 26 Aug 2026 00:24:39 +0000",thing,272993,boardgame,119312132,Dragonrealm,1,2019,https://cf.geekdo-images.com/izl-fQWG77J6GWcy7cAhKQ__original/img/Kp_jwnciILrbmDEiR5GnDfG8dKk=/0x0/filters:format(jpeg)/pic4781299.jpg,https://cf.geekdo-images.com/izl-fQWG77J6GWcy7cAhKQ__small/img/bcBZNxfwznomyP-jH8H847yMUN0=/fit-in/200x150/filters:strip_icc()/pic4781299.jpg,2,4,20,30,30,3325,N/A,950,6.95166,5.88146,1.18164,0,1,0,0,0,0,0,0,0,2024-05-16 15:54:24,,0,,
1088,https://boardgamegeek.com/xmlapi/termsofuse,"Wed, 26 Aug 2026 00:24:39 +0000",thing,172933,boardgame,56692765,Dragonwood,1,2015,https://cf.geekdo-images.com/npY6grU545xPiRkCAmcdSA__original/img/3lPDU2ddpvUiFtJps48n1V4_aIY=/0x0/filters:format(jpeg)/pic2401338.jpg,https://cf.geekdo-images.com/npY6grU545xPiRkCAmcdSA__small/img/Z0P766eo1owszDfOUE86X2hiMwM=/fit-in/200x150/filters:strip_icc()/pic2401338.jpg,2,4,20,20,20,13753,N/A,5421,6.56653,6.16191,1.33757,0,1,0,0,0,0,0,0,0,2018-12-17 23:15:51,,0,,
1088,https://boardgamegeek.com/xmlapi/termsofuse,"Wed, 26 Aug 2026 00:24:39 +0000",thing,136356,boardgame,33885587,Dread Curse,1,2013,https://cf.geekdo-images.com/Tl9x-TIviutG1AdPgZMhag__original/img/xut564P4UdaHmknpdPRLYCD70xs=/0x0/filters:format(jpeg)/pic1628689.jpg,https://cf.geekdo-images.com/Tl9x-TIviutG1AdPgZMhag__small/img/OVt8MttQbbBpJiYfk6WTgaQZLWc=/fit-in/200x150/filters:strip_icc()/pic1628689.jpg,3,8,30,30,30,1313,N/A,723,6.30768,5.67939,1.28799,0,1,0,0,0,0,0,0,0,2016-04-04 8:56:13,,0,,
1088,https://boardgamegeek.com/xmlapi/termsofuse,"Wed, 26 Aug 2026 00:24:39 +0000",thing,5457,boardgame,32083530,Dread Pirate,1,2002,https://cf.geekdo-images.com/bAzuHajq10MLJrLVogs6yA__original/img/735sA_56Tw28sguiL2_B7CNERa0=/0x0/filters:format(jpeg)/pic726244.jpg,https://cf.geekdo-images.com/bAzuHajq10MLJrLVogs6yA__small/img/fyCi6pzlRqfMGwSRD56zlu1iNZ0=/fit-in/200x150/filters:strip_icc()/pic726244.jpg,2,4,60,60,60,2532,N/A,1064,5.31852,5.40687,1.81627,0,1,0,0,0,0,0,0,0,2015-12-28 10:01:25,,0,,
1088,https://boardgamegeek.com/xmlapi/termsofuse,"Wed, 26 Aug 2026 00:24:39 +0000",thing,194880,boardgame,87070113,Dream Home,1,2016,https://cf.geekdo-images.com/CtVH__gM0TBISzOzV3OeFQ__original/img/d2B_-IP89EV5g22xMzggb4yyit0=/0x0/filters:format(jpeg)/pic3176771.jpg,https://cf.geekdo-images.com/CtVH__gM0TBISzOzV3OeFQ__small/img/2aOcQ_RKw7fJYJTTdWrFHIk6coE=/fit-in/200x150/filters:strip_icc()/pic3176771.jpg,2,4,30,30,30,12262,N/A,7787,6.85608,6.50195,1.18594,0,1,0,0,0,0,0,0,0,2021-10-30 17:46:52,,0,,
1088,https://boardgamegeek.com/xmlapi/termsofuse,"Wed, 26 Aug 2026 00:24:39 +0000",thing,232980,boardgame,64998201,Dream On!,1,2017,https://cf.geekdo-images.com/qqvOP6FnA3HqUASCFWj7OA__original/img/bJ1uI8uBCPUvMKCVcrkt5AXo5IA=/0x0/filters:format(jpeg)/pic3688062.jpg,https://cf.geekdo-images.com/qqvOP6FnA3HqUASCFWj7OA__small/img/vkhxk8jtfXVwXn-6Zb2Ybs3l9cM=/fit-in/200x150/filters:strip_icc()/pic3688062.jpg,2,8,15,20,20,1079,N/A,582,6.70945,5.68642,1.47188,0,1,0,0,0,0,0,0,0,2019-10-21 20:36:11,,0,,
1088,https://boardgamegeek.com/xmlapi/termsofuse,"Wed, 26 Aug 2026 00:24:39 +0000",thing,12746,boardgame,34587183,Dreidel,1,1500,https://cf.geekdo-images.com/bECskgyIJncCpho2oHm-YQ__original/img/Kpn8NjPZe6PaoA7ZbLVFyer1Jwc=/0x0/filters:format(jpeg)/pic51452.jpg,https://cf.geekdo-images.com/bECskgyIJncCpho2oHm-YQ__small/img/jJeKEmUOHtCUVveX9YpKeTFHi_E=/fit-in/200x150/filters:strip_icc()/pic51452.jpg,2,6,10,10,10,202,N/A,135,3.91111,5.41565,2.19226,0,0,1,0,0,0,0,0,0,2021-03-07 9:37:22,,0,,
1088,https://boardgamegeek.com/xmlapi/termsofuse,"Wed, 26 Aug 2026 00:24:39 +0000",thing,20204,boardgame,136975921,Drunter und Drüber,1,1973,https://cf.geekdo-images.com/4AMTAiD_mJ5OUJG0o6LFPQ__original/img/2wJS2p91-GXKGNi-hA1OZN95HkY=/0x0/filters:format(jpeg)/pic5319021.jpg,https://cf.geekdo-images.com/4AMTAiD_mJ5OUJG0o6LFPQ__small/img/mm-CwbBXLZi_JGip9brZ3vIPmAA=/fit-in/200x150/filters:strip_icc()/pic5319021.jpg,2,6,30,30,30,250,N/A,43,6.31163,5.51359,1.06666,0,1,0,0,0,0,0,0,0,2025-10-02 9:23:48,,0,,
1088,https://boardgamegeek.com/xmlapi/termsofuse,"Wed, 26 Aug 2026 00:24:39 +0000",thing,36235,boardgame,36113124,The Duke,5,2013,https://cf.geekdo-images.com/dDFcB5lodNZxzxfWsTJtUg__original/img/bTgwyvsMbY9BvI-J7JHK6DrUpPw=/0x0/filters:format(jpeg)/pic1688903.jpg,https://cf.geekdo-images.com/dDFcB5lodNZxzxfWsTJtUg__small/img/TFdeBRREl0DtKLoCzcT6-Upxy7E=/fit-in/200x150/filters:strip_icc()/pic1688903.jpg,2,2,30,30,30,6943,N/A,4323,7.29692,6.63639,1.33356,0,1,0,0,0,0,0,0,0,2016-08-07 19:09:47,,0,,
1088,https://boardgamegeek.com/xmlapi/termsofuse,"Wed, 26 Aug 2026 00:24:39 +0000",thing,283355,boardgame,141476384,Dune,1,2019,https://cf.geekdo-images.com/2fgPg6Be--w97zoycObUgg__original/img/7PyNxWs85_OKGOm_jYVFvPwAViE=/0x0/filters:format(jpeg)/pic4815198.jpg,https://cf.geekdo-images.com/2fgPg6Be--w97zoycObUgg__small/img/OrjzwJVfE8Qnk8e5efbae5EaSeY=/fit-in/200x150/filters:strip_icc()/pic4815198.jpg,2,6,120,180,180,22959,N/A,11021,7.91171,7.3505,1.61909,0,1,0,0,0,0,0,0,0,2026-01-18 23:02:42,,0,,
1088,https://boardgamegeek.com/xmlapi/termsofuse,"Wed, 26 Aug 2026 00:24:39 +0000",thing,275840,boardgame,119280369,Dungeon Academy,1,2019,https://cf.geekdo-images.com/BfNs41Oju0Ut9JSgo-nJFQ__original/img/DMj8eRDQvmXXmLB1__ttnI_Kwoc=/0x0/filters:format(jpeg)/pic4641504.jpg,https://cf.geekdo-images.com/BfNs41Oju0Ut9JSgo-nJFQ__small/img/MFYrGcw8j72Z99WMVIZDR6M5oiQ=/fit-in/200x150/filters:strip_icc()/pic4641504.jpg,1,6,20,20,20,1622,N/A,746,6.70883,5.76723,1.3136,0,1,0,0,0,0,0,0,0,2024-05-15 14:48:07,,0,,
1088,https://boardgamegeek.com/xmlapi/termsofuse,"Wed, 26 Aug 2026 00:24:39 +0000",thing,80771,boardgame,130511759,Dungeon Raiders,1,2011,https://cf.geekdo-images.com/GPJfie7lVMVbvrEofLDoAA__original/img/12_jcimXmjAi9JMVjJa9XEsuZNA=/0x0/filters:format(jpeg)/pic1733595.jpg,https://cf.geekdo-images.com/GPJfie7lVMVbvrEofLDoAA__small/img/BipjfHQAl8qstF8_rYQKrPVVsFE=/fit-in/200x150/filters:strip_icc()/pic1733595.jpg,3,5,20,60,60,3268,N/A,2171,6.63247,6.00662,1.19397,0,1,0,0,0,0,0,0,0,2025-03-19 14:03:53,,0,,
1088,https://boardgamegeek.com/xmlapi/termsofuse,"Wed, 26 Aug 2026 00:24:39 +0000",thing,275634,boardgame,130512128,Dungeon Royale,1,2019,https://cf.geekdo-images.com/4ysH7n2Si9tPBYf62cYXFg__original/img/Q_dcccIPBAeP3Cq_n1WwZ4OvcmM=/0x0/filters:format(jpeg)/pic4657838.jpg,https://cf.geekdo-images.com/4ysH7n2Si9tPBYf62cYXFg__small/img/WPGQb70La-Towf4We7CEx_I1A0k=/fit-in/200x150/filters:strip_icc()/pic4657838.jpg,2,4,45,90,90,621,N/A,105,6.21029,5.51826,2.03075,0,0,1,0,0,0,0,0,0,2025-10-02 10:37:59,,0,,
1088,https://boardgamegeek.com/xmlapi/termsofuse,"Wed, 26 Aug 2026 00:24:39 +0000",thing,144525,boardgame,53491831,Dungeon Twister: The Card Game,1,2013,https://cf.geekdo-images.com/Kw57XLlPiycdOcKn6LCHCQ__original/img/6JEbGqs0cyBFMa-5IuSZbd9D9Y0=/0x0/filters:format(jpeg)/pic1702457.jpg,https://cf.geekdo-images.com/Kw57XLlPiycdOcKn6LCHCQ__small/img/vHRYWcNkFLERA0v_A6_oEXATEsU=/fit-in/200x150/filters:strip_icc()/pic1702457.jpg,2,2,15,60,60,1825,N/A,517,6.16264,5.61313,1.65191,0,0,1,0,0,0,0,0,0,2025-10-02 12:23:38,,0,,
1088,https://boardgamegeek.com/xmlapi/termsofuse,"Wed, 26 Aug 2026 00:24:39 +0000",thing,1339,boardgame,36713468,Dungeon!,1,1975,https://cf.geekdo-images.com/fvhkcw4s6Q4-nMwwok1J6A__original/img/WJFmTRWQRzOInBnWAjH39F3RyMg=/0x0/filters:format(png)/pic6569894.png,https://cf.geekdo-images.com/fvhkcw4s6Q4-nMwwok1J6A__small/img/zXW1s2ZXq1dZkvbAzYdr9o1xRNQ=/fit-in/200x150/filters:strip_icc()/pic6569894.png,1,8,30,60,60,10847,N/A,4559,6.01331,5.75566,1.54408,0,1,0,0,0,0,0,0,0,2016-09-05 20:25:20,,0,"Like this game, especially since meeting the game designer!",
1088,https://boardgamegeek.com/xmlapi/termsofuse,"Wed, 26 Aug 2026 00:24:39 +0000",thing,153836,boardgame,54335606,Dynasty,1,2005,https://cf.geekdo-images.com/f-oj1_6TAmCmpCLeAHQXNQ__original/img/oHhYsrtSTG1bINIxgzQXdddtBOs=/0x0/filters:format(jpeg)/pic1928710.jpg,https://cf.geekdo-images.com/f-oj1_6TAmCmpCLeAHQXNQ__small/img/V_j5v-kJRpTl1GJOZT3IwF3VPko=/fit-in/200x150/filters:strip_icc()/pic1928710.jpg,2,6,45,45,45,34,N/A,9,4.33333,0,1.49071,0,0,1,0,0,0,0,0,0,2025-10-01 21:12:48,,0,,
1088,https://boardgamegeek.com/xmlapi/termsofuse,"Wed, 26 Aug 2026 00:24:39 +0000",thing,355772,boardgame,130512096,E.T. The Extra-Terrestrial: Light Years From Home Game,1,2022,https://cf.geekdo-images.com/Fem-YzQfrA6d7bLhaVsA4g__original/img/N3Q89rAlgOo-N95TZ5OA7ha3WYM=/0x0/filters:format(png)/pic6649178.png,https://cf.geekdo-images.com/Fem-YzQfrA6d7bLhaVsA4g__small/img/XIwoETLDPPXODHjl50xaBpjNE-M=/fit-in/200x150/filters:strip_icc()/pic6649178.png,2,4,30,30,30,3217,N/A,653,6.78947,5.75124,1.2909,0,1,0,0,0,0,0,0,0,2025-03-19 14:16:57,,0,,
1088,https://boardgamegeek.com/xmlapi/termsofuse,"Wed, 26 Aug 2026 00:24:39 +0000",thing,131366,boardgame,44957965,Eight-Minute Empire,1,2012,https://cf.geekdo-images.com/HKj7MIw-zV-AmQ7PfoltRg__original/img/mHUi6z1OzjvW-Dm5BAoNcEXdwXs=/0x0/filters:format(jpeg)/pic1443212.jpg,https://cf.geekdo-images.com/HKj7MIw-zV-AmQ7PfoltRg__small/img/W0WHf_M-Dq-xO3yfzVA4USbjcgY=/fit-in/200x150/filters:strip_icc()/pic1443212.jpg,2,5,8,20,20,10914,N/A,9017,6.54304,6.30939,1.16824,0,1,0,0,0,0,0,0,0,2017-08-29 16:59:18,,0,,
1088,https://boardgamegeek.com/xmlapi/termsofuse,"Wed, 26 Aug 2026 00:24:39 +0000",thing,142326,boardgame,80284726,Eight-Minute Empire: Legends,1,2013,https://cf.geekdo-images.com/4aL5A2NIxKmITsXZboABvw__original/img/f1g5F2zkWi63MiVvaO2d3PpuGAA=/0x0/filters:format(jpeg)/pic1708628.jpg,https://cf.geekdo-images.com/4aL5A2NIxKmITsXZboABvw__small/img/41zP3EQvuAQGa64VFBhu72oxCpU=/fit-in/200x150/filters:strip_icc()/pic1708628.jpg,2,4,8,20,20,8406,N/A,5458,6.90387,6.47039,1.16631,0,1,0,0,0,0,0,0,0,2021-03-10 16:03:02,,0,,
1088,https://boardgamegeek.com/xmlapi/termsofuse,"Wed, 26 Aug 2026 00:24:39 +0000",thing,205185,boardgame,63693875,Einstein: His Amazing Life and Incomparable Science,1,2017,https://cf.geekdo-images.com/XA6XyYpQ99lQTwQ4Kvbaag__original/img/DtN25fiSs5TKBNwaTFOorYepttA=/0x0/filters:format(png)/pic3640946.png,https://cf.geekdo-images.com/XA6XyYpQ99lQTwQ4Kvbaag__small/img/bVGgozf9YOhUZC-EaYWIXSfEezg=/fit-in/200x150/filters:strip_icc()/pic3640946.png,2,4,15,30,30,1384,N/A,559,6.55069,5.6946,1.30316,0,1,0,0,0,0,0,0,0,2019-09-02 10:37:01,,0,,
1088,https://boardgamegeek.com/xmlapi/termsofuse,"Wed, 26 Aug 2026 00:24:39 +0000",thing,100423,boardgame,32083542,Elder Sign,1,2011,https://cf.geekdo-images.com/wNCSCl961fMzDUhwetfjTg__original/img/H-iLs6JcceMk96bYON5c9PFUag8=/0x0/filters:format(jpeg)/pic1236119.jpg,https://cf.geekdo-images.com/wNCSCl961fMzDUhwetfjTg__small/img/sc0S7TSpC40Mg9EEmufj-XqXcBw=/fit-in/200x150/filters:strip_icc()/pic1236119.jpg,1,8,90,90,90,44414,N/A,26398,6.96707,6.77349,1.40352,0,0,1,0,0,0,0,0,0,2025-03-19 14:08:58,,0,Josh has,
1088,https://boardgamegeek.com/xmlapi/termsofuse,"Wed, 26 Aug 2026 00:24:39 +0000",thing,192283,boardgame,81002588,Emojito!,1,2016,https://cf.geekdo-images.com/vS_kW-sA3ucX0_l8rjiR-Q__original/img/YoVF-FmQovJBZy88MQGGGeWd7ok=/0x0/filters:format(jpeg)/pic3196017.jpg,https://cf.geekdo-images.com/vS_kW-sA3ucX0_l8rjiR-Q__small/img/-83eFWueuzRljOcwZYyYMGOr5Fo=/fit-in/200x150/filters:strip_icc()/pic3196017.jpg,2,14,30,30,30,312,N/A,180,5.88272,5.51639,1.8105,0,0,1,0,0,0,0,0,0,2024-05-20 17:31:06,,0,,
1088,https://boardgamegeek.com/xmlapi/termsofuse,"Wed, 26 Aug 2026 00:24:39 +0000",thing,275030,boardgame,64998166,The Epic Beard Game,5,2018,https://cf.geekdo-images.com/sbkUDlwDn94mQRegAL9DkQ__original/img/CszK7lyBgOQoA1l-2XavqHDsUxM=/0x0/filters:format(jpeg)/pic6299656.jpg,https://cf.geekdo-images.com/sbkUDlwDn94mQRegAL9DkQ__small/img/pHFPcMwFjHi-VsSU6Qly-XsOp48=/fit-in/200x150/filters:strip_icc()/pic6299656.jpg,3,8,45,75,75,223,N/A,42,5.35881,5.49678,2.01305,0,0,1,0,0,0,0,0,0,2021-03-07 9:38:11,,0,,
1088,https://boardgamegeek.com/xmlapi/termsofuse,"Wed, 26 Aug 2026 00:24:39 +0000",thing,151151,boardgame,45815868,Epic Resort,1,2014,https://cf.geekdo-images.com/iZNPyiPLdDfssl99E-ijLQ__original/img/nicUPnO_7QaFIo18PYi4ZRTWq1Y=/0x0/filters:format(jpeg)/pic2319312.jpg,https://cf.geekdo-images.com/iZNPyiPLdDfssl99E-ijLQ__small/img/u4Fo_9vJOe5kIcT2efDjXK5jmDQ=/fit-in/200x150/filters:strip_icc()/pic2319312.jpg,2,4,60,120,120,1812,N/A,736,6.42349,5.70659,1.42818,0,1,0,0,0,0,0,0,0,2024-05-20 11:41:29,,0,main box,
1088,https://boardgamegeek.com/xmlapi/termsofuse,"Wed, 26 Aug 2026 00:24:39 +0000",thing,217764,boardgame,80335203,Epic Resort: Upgrade Kit,1,2016,https://cf.geekdo-images.com/ZByHhqWLRw394elDwFWN6Q__original/img/SnQlCpB5b3yNK7u_0h8pq7N-dhE=/0x0/filters:format(jpeg)/pic4043670.jpg,https://cf.geekdo-images.com/ZByHhqWLRw394elDwFWN6Q__small/img/GEpkZepI0KJ9zg8Id_S1U6-9Ejw=/fit-in/200x150/filters:strip_icc()/pic4043670.jpg,2,4,90,,90,23,N/A,4,7.5,0,0.5,0,1,0,0,0,0,0,0,0,2024-05-20 11:41:39,,0,in main box,
1088,https://boardgamegeek.com/xmlapi/termsofuse,"Wed, 26 Aug 2026 00:24:39 +0000",thing,194044,boardgame,80335261,Epic Resort: Villain's Vacation,1,2016,https://cf.geekdo-images.com/c6UjNuDehtGR1wzL-Lx0QA__original/img/5fsW9qFt5rZLA5Rb509GLd_KcIg=/0x0/filters:format(png)/pic2990950.png,https://cf.geekdo-images.com/c6UjNuDehtGR1wzL-Lx0QA__small/img/sDaJU4NbW1T1-6qtP5XZW5bsOIU=/fit-in/200x150/filters:strip_icc()/pic2990950.png,2,4,60,120,120,563,N/A,63,6.61317,5.52801,1.56966,0,1,0,0,0,0,0,0,0,2024-05-20 11:41:46,,0,in main box,
1088,https://boardgamegeek.com/xmlapi/termsofuse,"Wed, 26 Aug 2026 00:24:39 +0000",thing,82168,boardgame,80013061,Escape from the Aliens in Outer Space,1,2010,https://cf.geekdo-images.com/RMpQKySngukhwS8Vd0Z5DA__original/img/qzsupfBs3THT83OPVNKPb68xzgA=/0x0/filters:format(png)/pic2792336.png,https://cf.geekdo-images.com/RMpQKySngukhwS8Vd0Z5DA__small/img/sq3Z4wWsk2l5dDjMzQPP7g4PoVA=/fit-in/200x150/filters:strip_icc()/pic2792336.png,2,8,20,45,45,9655,N/A,5456,6.90759,6.45117,1.36348,0,1,0,0,0,0,0,0,0,2024-05-23 19:40:22,,0,p&p,
1088,https://boardgamegeek.com/xmlapi/termsofuse,"Wed, 26 Aug 2026 00:24:39 +0000",thing,279911,boardgame,119378745,Escape Room in a Box: Flashback,1,2019,https://cf.geekdo-images.com/DHtVSdRvtTiBNtzqsojIbA__original/img/lzUrltphCY-nEMukrhh1hHBEL5s=/0x0/filters:format(jpeg)/pic4746791.jpg,https://cf.geekdo-images.com/DHtVSdRvtTiBNtzqsojIbA__small/img/MAPiRdm_eYflgMRGtHYicCKJjH8=/fit-in/200x150/filters:strip_icc()/pic4746791.jpg,2,8,30,90,90,707,N/A,269,7.08292,5.66351,1.34043,0,1,0,0,0,0,0,0,0,2024-05-18 21:39:27,,0,,
1088,https://boardgamegeek.com/xmlapi/termsofuse,"Wed, 26 Aug 2026 00:24:39 +0000",thing,188720,boardgame,119444694,Escape Room in a Box: The Werewolf Experiment,1,2016,https://cf.geekdo-images.com/atAMsFNQvlD9lFB2kRaj8g__original/img/Ix7uB86sJEUuhIZVD_Q4qalF1Us=/0x0/filters:format(png)/pic3854955.png,https://cf.geekdo-images.com/atAMsFNQvlD9lFB2kRaj8g__small/img/16KRGKPVeqy-W1Y9q9J99BQkkjQ=/fit-in/200x150/filters:strip_icc()/pic3854955.png,2,8,30,90,90,1490,N/A,710,6.98335,5.84056,1.72238,0,1,0,0,0,0,0,0,0,2024-05-20 17:19:56,,0,,
1088,https://boardgamegeek.com/xmlapi/termsofuse,"Wed, 26 Aug 2026 00:24:39 +0000",thing,204836,boardgame,46526729,Escape Room: The Game,1,2016,https://cf.geekdo-images.com/1CIfreuv-gqcaUndxUAExw__original/img/1-lAwj58R_C50ogYHKN34mWVoR0=/0x0/filters:format(png)/pic3117400.png,https://cf.geekdo-images.com/1CIfreuv-gqcaUndxUAExw__small/img/ve4j9SWc6dtPQhF-fRcRjPmqUxc=/fit-in/200x150/filters:strip_icc()/pic3117400.png,3,5,60,60,60,10107,N/A,4445,6.86213,6.3746,1.42984,0,1,0,0,0,0,0,0,0,2017-11-01 22:11:29,,0,,
1088,https://boardgamegeek.com/xmlapi/termsofuse,"Wed, 26 Aug 2026 00:24:39 +0000",thing,276760,boardgame,141476470,Escape Room: The Game – 2 Player Edition,1,2019,https://cf.geekdo-images.com/j41KWiBPSOWgNLFw_d2FdA__original/img/zVxfGGWE-JDLcoyqqE_WFZv1Uqo=/0x0/filters:format(jpeg)/pic6107745.jpg,https://cf.geekdo-images.com/j41KWiBPSOWgNLFw_d2FdA__small/img/SMyaULotEtMLGG1HcBHJefuDgw0=/fit-in/200x150/filters:strip_icc()/pic6107745.jpg,2,2,60,60,60,1539,N/A,416,6.50846,5.64633,1.6123,0,1,0,0,0,0,0,0,0,2026-01-18 23:05:27,,0,,
1088,https://boardgamegeek.com/xmlapi/termsofuse,"Wed, 26 Aug 2026 00:24:39 +0000",thing,266802,boardgame,119378736,Escape Room: The Game – Jumanji,1,2018,https://cf.geekdo-images.com/L22Rkp07xsv6pikh-sFTiA__original/img/Q-cgMNUq8z1ky25AUPmftCDtXZ4=/0x0/filters:format(jpeg)/pic4497638.jpg,https://cf.geekdo-images.com/L22Rkp07xsv6pikh-sFTiA__small/img/ArGlHw45335ApaqrjAbQdQJQ-JM=/fit-in/200x150/filters:strip_icc()/pic4497638.jpg,1,6,60,60,60,1088,N/A,288,6.48066,5.60159,1.42921,0,1,0,0,0,0,0,0,0,2024-05-18 21:38:47,,0,,
1088,https://boardgamegeek.com/xmlapi/termsofuse,"Wed, 26 Aug 2026 00:24:39 +0000",thing,243633,boardgame,119444631,Escape Room: The Game – Secret Agent,1,2017,https://cf.geekdo-images.com/8o7hMO6lP4pOGDc3DlmBUQ__original/img/BiZt1NkscDiKDiSvdmiw6c6SqFA=/0x0/filters:format(jpeg)/pic4284563.jpg,https://cf.geekdo-images.com/8o7hMO6lP4pOGDc3DlmBUQ__small/img/y9jFKI41qxBETHsEaIfBRBzd7Hk=/fit-in/200x150/filters:strip_icc()/pic4284563.jpg,3,5,60,60,60,824,N/A,186,6.82634,5.59491,1.24573,0,1,0,0,0,0,0,0,0,2024-05-20 17:18:00,,0,In large box with The Dentist & Space Station,
1088,https://boardgamegeek.com/xmlapi/termsofuse,"Wed, 26 Aug 2026 00:24:39 +0000",thing,221701,boardgame,119444548,Escape Room: The Game – Space Station,1,2017,https://cf.geekdo-images.com/BHcEUTt3vkFpuz3yp_qy8Q__original/img/TDXpbxO-5ZGm7B4Lqo-5rrfX_AQ=/0x0/filters:format(jpeg)/pic3752696.jpg,https://cf.geekdo-images.com/BHcEUTt3vkFpuz3yp_qy8Q__small/img/n9tnkGklcFwBWbWqOcV5oy49ods=/fit-in/200x150/filters:strip_icc()/pic3752696.jpg,3,5,60,,60,1260,N/A,281,6.87313,5.64505,1.35746,0,1,0,0,0,0,0,0,0,2024-05-20 17:15:05,,0,in large box with The Dentist & Secret Agent Operation Zekestan,
1088,https://boardgamegeek.com/xmlapi/termsofuse,"Wed, 26 Aug 2026 00:24:39 +0000",thing,243634,boardgame,119444522,Escape Room: The Game – The Dentist,1,2017,https://cf.geekdo-images.com/bvE8yYZLUuam9ctJgTXrSQ__original/img/pwgfRdDXJj2aeXs93sXeY-J3Hxo=/0x0/filters:format(jpeg)/pic4284566.jpg,https://cf.geekdo-images.com/bvE8yYZLUuam9ctJgTXrSQ__small/img/hkUwydoDsueHiGot5XPuyS_Gk_o=/fit-in/200x150/filters:strip_icc()/pic4284566.jpg,3,5,60,60,60,952,N/A,225,6.87606,5.61871,1.5233,0,1,0,0,0,0,0,0,0,2024-05-20 17:13:52,,0,in large box with Space Station < Secret Agent Operation Zekestan,
1088,https://boardgamegeek.com/xmlapi/termsofuse,"Wed, 26 Aug 2026 00:24:39 +0000",thing,216961,boardgame,143576971,Escape Room: The Game – Welcome to Funland,1,2016,https://cf.geekdo-images.com/s1V6QAwqEk2Az6EOZ7xKWg__original/img/aHDFidrcd-vVftecOgsJmzssezg=/0x0/filters:format(jpeg)/pic3355356.jpg,https://cf.geekdo-images.com/s1V6QAwqEk2Az6EOZ7xKWg__small/img/r9b3u1hfDvd3lBW8NBKoWfDaISs=/fit-in/200x150/filters:strip_icc()/pic3355356.jpg,3,5,60,60,60,2378,N/A,567,6.81505,5.75219,1.40203,0,1,0,0,0,0,0,0,0,2026-03-15 14:49:43,,0,,
1088,https://boardgamegeek.com/xmlapi/termsofuse,"Wed, 26 Aug 2026 00:24:39 +0000",thing,193560,boardgame,48983177,Escape the Room: Mystery at the Stargazer's Manor,1,2015,https://cf.geekdo-images.com/VZLG1XNuCAxM1F5v6O_8eg__original/img/A37GXekDvxowJnYGZ2pa14656FM=/0x0/filters:format(jpeg)/pic2900441.jpg,https://cf.geekdo-images.com/VZLG1XNuCAxM1F5v6O_8eg__small/img/XpQFTqKllBJYtgWGvsskiFxlMzo=/fit-in/200x150/filters:strip_icc()/pic2900441.jpg,3,8,90,90,90,3797,N/A,1917,6.55693,5.9705,1.45029,0,1,0,0,0,0,0,0,0,2018-01-19 22:36:17,,0,,
1088,https://boardgamegeek.com/xmlapi/termsofuse,"Wed, 26 Aug 2026 00:24:39 +0000",thing,430307,boardgame,136976005,Escaping Extinction: Based on a True Story,1,2024,https://cf.geekdo-images.com/Lm67sw0WHjpnlb4c8rzdYA__original/img/nUSg6EsNwF0ftu0sxkbPKg5cbFw=/0x0/filters:format(jpeg)/pic8480167.jpg,https://cf.geekdo-images.com/Lm67sw0WHjpnlb4c8rzdYA__small/img/QVcziaGEq3cu9wX7ALnSEz1jpvU=/fit-in/200x150/filters:strip_icc()/pic8480167.jpg,1,4,45,45,45,287,N/A,56,6.55357,5.51423,1.55747,0,1,0,0,0,0,0,0,0,2025-10-02 9:27:14,,0,,
1088,https://boardgamegeek.com/xmlapi/termsofuse,"Wed, 26 Aug 2026 00:24:39 +0000",thing,199792,boardgame,100251419,Everdell,1,2018,https://cf.geekdo-images.com/fjE7V5LNq31yVEW_yuqI-Q__original/img/HQ1ti16wT9lqja5_h3gUfHUIcVI=/0x0/filters:format(png)/pic3918905.png,https://cf.geekdo-images.com/fjE7V5LNq31yVEW_yuqI-Q__small/img/Cf_mYxR_VvdjTEPXseSurni2JNI=/fit-in/200x150/filters:strip_icc()/pic3918905.png,1,4,40,80,80,107735,N/A,69758,7.97489,7.80027,1.30977,0,1,0,0,0,0,0,0,0,2022-11-27 11:04:43,,0,,
1088,https://boardgamegeek.com/xmlapi/termsofuse,"Wed, 26 Aug 2026 00:24:39 +0000",thing,128565,boardgame,32083554,Evil Baby Orphanage,1,2012,https://cf.geekdo-images.com/v7xzX9u7bmM9iNkgcCrbXQ__original/img/PhJfIVExAqs-jDDXwOdEZEUNS2U=/0x0/filters:format(jpeg)/pic1788270.jpg,https://cf.geekdo-images.com/v7xzX9u7bmM9iNkgcCrbXQ__small/img/fyXLVXh2j4l2RCoP3HtNqUdYbR0=/fit-in/200x150/filters:strip_icc()/pic1788270.jpg,3,6,15,15,15,1527,5.5,672,5.2422,5.4158,1.74732,0,0,1,0,0,0,0,0,0,2025-10-01 21:18:32,,0,,
1088,https://boardgamegeek.com/xmlapi/termsofuse,"Wed, 26 Aug 2026 00:24:39 +0000",thing,182134,boardgame,141741569,Evolution: Climate,1,2016,https://cf.geekdo-images.com/hs1P4qPgDKHXct3qs4JWGg__original/img/Do6E6XHAwbYvjH0Tb8n0G2DAlkA=/0x0/filters:format(jpeg)/pic2876816.jpg,https://cf.geekdo-images.com/hs1P4qPgDKHXct3qs4JWGg__small/img/WUTqvVmA5QUW5KJ9wVF4FdnziI0=/fit-in/200x150/filters:strip_icc()/pic2876816.jpg,2,6,60,60,60,14286,N/A,8633,7.4363,6.96259,1.31311,0,1,0,0,0,0,0,0,0,2026-01-24 21:01:20,,0,,
1088,https://boardgamegeek.com/xmlapi/termsofuse,"Wed, 26 Aug 2026 00:24:39 +0000",thing,201248,boardgame,100265555,Evolution: The Beginning,1,2016,https://cf.geekdo-images.com/1rvefz1PSj1c3wC1UIGgnQ__original/img/oDJn48M5XslwbPb_Vdh5GWHYxGQ=/0x0/filters:format(jpeg)/pic3042047.jpg,https://cf.geekdo-images.com/1rvefz1PSj1c3wC1UIGgnQ__small/img/hEcG7RPDUc5M7VsZcOqUMJQaNhM=/fit-in/200x150/filters:strip_icc()/pic3042047.jpg,2,5,30,30,30,6105,N/A,2411,6.56491,6.01523,1.32634,0,1,0,0,0,0,0,0,0,2022-11-27 17:09:09,,0,,
1088,https://boardgamegeek.com/xmlapi/termsofuse,"Wed, 26 Aug 2026 00:24:39 +0000",thing,203420,boardgame,60794678,EXIT: The Game – The Abandoned Cabin,1,2016,https://cf.geekdo-images.com/r7cZVZMpP28w3-JQ-EYY7g__original/img/t--VcMKvWX2__eZYvZ7d9V13nvw=/0x0/filters:format(jpeg)/pic3332426.jpg,https://cf.geekdo-images.com/r7cZVZMpP28w3-JQ-EYY7g__small/img/_XH-DqIVWOmaNX9P3CxNt9OpOQ4=/fit-in/200x150/filters:strip_icc()/pic3332426.jpg,1,6,60,120,120,17960,N/A,12258,7.39776,7.07127,1.3398,0,1,0,0,0,0,0,0,0,2019-05-25 10:07:24,,0,,
1088,https://boardgamegeek.com/xmlapi/termsofuse,"Wed, 26 Aug 2026 00:24:39 +0000",thing,215840,boardgame,51325557,EXIT: The Game – The Forbidden Castle,1,2017,https://cf.geekdo-images.com/9rVXzuVqnFkF9WQbk8Y1qg__original/img/lsJzLJvVxbsJi_We49KW09hx_4o=/0x0/filters:format(jpeg)/pic3663362.jpg,https://cf.geekdo-images.com/9rVXzuVqnFkF9WQbk8Y1qg__small/img/Z6EauUoGg3nN0Rcl5UoBsiEufbg=/fit-in/200x150/filters:strip_icc()/pic3663362.jpg,1,4,45,90,90,7793,N/A,3569,6.77058,6.26402,1.6419,0,1,0,0,0,0,0,0,0,2018-04-29 11:37:08,,0,,
1088,https://boardgamegeek.com/xmlapi/termsofuse,"Wed, 26 Aug 2026 00:24:39 +0000",thing,215841,boardgame,60794692,EXIT: The Game – The Forgotten Island,1,2017,https://cf.geekdo-images.com/MKkrHjarx6m1uLTVWFn1Cw__original/img/h678iny8mQUHrRHMrEPwFzAWCEQ=/0x0/filters:format(jpeg)/pic3663356.jpg,https://cf.geekdo-images.com/MKkrHjarx6m1uLTVWFn1Cw__small/img/LMa0Mkq7SnHscpL3CN1gcRv_2Mo=/fit-in/200x150/filters:strip_icc()/pic3663356.jpg,1,4,45,90,90,7831,N/A,3971,6.85621,6.34008,1.44124,0,1,0,0,0,0,0,0,0,2019-05-25 10:08:15,,0,,
1088,https://boardgamegeek.com/xmlapi/termsofuse,"Wed, 26 Aug 2026 00:24:39 +0000",thing,215842,boardgame,51325343,EXIT: The Game – The Polar Station,1,2017,https://cf.geekdo-images.com/CrqSZVCqD9PJDhGOPBVyHQ__original/img/jKR9BzsmKil8lhCGrgaozbqafrg=/0x0/filters:format(jpeg)/pic3663361.jpg,https://cf.geekdo-images.com/CrqSZVCqD9PJDhGOPBVyHQ__small/img/Yb2NHVS4yOWjuHLDJi2CDXU9gR4=/fit-in/200x150/filters:strip_icc()/pic3663361.jpg,1,4,45,90,90,7360,N/A,3969,6.82278,6.32671,1.50776,0,1,0,0,0,0,0,0,0,2018-04-29 11:27:43,,0,,
1088,https://boardgamegeek.com/xmlapi/termsofuse,"Wed, 26 Aug 2026 00:24:39 +0000",thing,203417,boardgame,48983209,EXIT: The Game – The Secret Lab,1,2016,https://cf.geekdo-images.com/3c1Wy_dXjVZ8Fpytyf9UvQ__original/img/sAMsCqIli73aTRtMJhbaYjOeucI=/0x0/filters:format(jpeg)/pic3332425.jpg,https://cf.geekdo-images.com/3c1Wy_dXjVZ8Fpytyf9UvQ__small/img/nsHTKDzkuv_eo-nkzGMA1ZBcsPk=/fit-in/200x150/filters:strip_icc()/pic3332425.jpg,1,6,45,150,150,12802,N/A,7424,7.03741,6.65794,1.37185,0,1,0,0,0,0,0,0,0,2018-01-19 22:37:50,,0,,
1088,https://boardgamegeek.com/xmlapi/termsofuse,"Wed, 26 Aug 2026 00:24:39 +0000",thing,226518,boardgame,137276599,EXIT: The Game – The Sunken Treasure,1,2017,https://cf.geekdo-images.com/Qy3-Sz1IZB5v4n3uAZ29TA__original/img/MFIOB9BkQ78LKEi4VpsqJ8Y79FA=/0x0/filters:format(jpeg)/pic3958802.jpg,https://cf.geekdo-images.com/Qy3-Sz1IZB5v4n3uAZ29TA__small/img/9-fbF7biR5vs6tfCk5MR0PlOIHw=/fit-in/200x150/filters:strip_icc()/pic3958802.jpg,1,4,45,90,90,7536,N/A,3862,7.02292,6.42944,1.30145,0,1,0,0,0,0,0,0,0,2025-10-11 15:47:37,,0,,
1088,https://boardgamegeek.com/xmlapi/termsofuse,"Wed, 26 Aug 2026 00:24:39 +0000",thing,333516,boardgame,137416066,EXIT: The Game + Puzzle – Nightfall Manor,1,2021,https://cf.geekdo-images.com/K_MwaxEHSTSPo7c00D8Kjg__original/img/wzP0K88VPI5hiBdw90BW7kc9wEQ=/0x0/filters:format(jpeg)/pic6630221.jpg,https://cf.geekdo-images.com/K_MwaxEHSTSPo7c00D8Kjg__small/img/vWp6cDChWw0XzXcuv0fUi8RNAlI=/fit-in/200x150/filters:strip_icc()/pic6630221.jpg,1,4,120,180,180,1075,N/A,464,7.35754,5.80769,1.3712,0,1,0,0,0,0,0,0,0,2025-10-15 17:42:14,,0,,
1088,https://boardgamegeek.com/xmlapi/termsofuse,"Wed, 26 Aug 2026 00:24:39 +0000",thing,172225,boardgame,42450965,Exploding Kittens,1,2015,https://cf.geekdo-images.com/N8bL53-pRU7zaXDTrEaYrw__original/img/0ciN1VZYifUd0qIDO0e8cGXmiss=/0x0/filters:format(png)/pic2691976.png,https://cf.geekdo-images.com/N8bL53-pRU7zaXDTrEaYrw__small/img/3tH4pIc1Udzkd0tXc6MgVQ59BC0=/fit-in/200x150/filters:strip_icc()/pic2691976.png,2,5,15,15,15,95300,N/A,42348,6.06821,5.88458,1.74172,0,1,0,0,0,0,0,0,0,2017-05-10 6:18:03,,0,,
1088,https://boardgamegeek.com/xmlapi/termsofuse,"Wed, 26 Aug 2026 00:24:39 +0000",thing,356226,boardgame,130512314,Exploding Kittens: 2-Player Edition,1,2022,https://cf.geekdo-images.com/YRNbOa7Wt0iNctlTI_ErPQ__original/img/O4YQvywonaHc5obE1qggup0AlaY=/0x0/filters:format(jpeg)/pic6664737.jpg,https://cf.geekdo-images.com/YRNbOa7Wt0iNctlTI_ErPQ__small/img/kH0JaMyPbZV_hY33URfhPMWsits=/fit-in/200x150/filters:strip_icc()/pic6664737.jpg,2,2,20,20,20,1694,N/A,345,6.2609,5.57041,1.60946,0,0,1,0,0,0,0,0,0,2025-10-01 21:20:32,,0,In with main deck,
1088,https://boardgamegeek.com/xmlapi/termsofuse,"Wed, 26 Aug 2026 00:24:39 +0000",thing,204053,boardgame,44199360,Exploding Kittens: Imploding Kittens,1,2016,https://cf.geekdo-images.com/I5JSKlcAKikJ8GlcFRwD6w__original/img/ZpfgFS7Ru7C6N6EZ4OlIzfT_EvU=/0x0/filters:format(jpeg)/pic3518497.jpg,https://cf.geekdo-images.com/I5JSKlcAKikJ8GlcFRwD6w__small/img/4XKbpNyF4f2QCOB2ITjBI5YaSQ8=/fit-in/200x150/filters:strip_icc()/pic3518497.jpg,2,6,15,,15,23177,N/A,5618,6.97662,6.40543,1.4542,0,0,1,0,0,0,0,0,0,2025-10-01 21:20:17,,0,,
1088,https://boardgamegeek.com/xmlapi/termsofuse,"Wed, 26 Aug 2026 00:24:39 +0000",thing,172242,boardgame,54338029,Exploding Kittens: NSFW Edition,1,2015,https://cf.geekdo-images.com/_9v_15rJjapltOr0I74uJQ__original/img/5-sylqMMDS3r8RelWDrcNQJiUSE=/0x0/filters:format(png)/pic9005066.png,https://cf.geekdo-images.com/_9v_15rJjapltOr0I74uJQ__small/img/RG3VraWEZaezik-9vAA0ksN4MZI=/fit-in/200x150/filters:strip_icc()/pic9005066.png,2,5,10,20,20,33448,N/A,11166,6.23023,5.95825,1.74773,0,0,1,0,0,0,0,0,0,2025-10-01 21:20:01,,0,,
1088,https://boardgamegeek.com/xmlapi/termsofuse,"Wed, 26 Aug 2026 00:24:39 +0000",thing,343282,boardgame,121479865,Exploding Kittens: Recipes for Disaster,1,2021,https://cf.geekdo-images.com/gbw-3lRou0Xa3hXhGmxLyw__original/img/WoPpM4Wc9MK-wgC8kNyMV-RrESg=/0x0/filters:format(jpeg)/pic6305890.jpg,https://cf.geekdo-images.com/gbw-3lRou0Xa3hXhGmxLyw__small/img/z0hiwez7q9oXDx7YnOqh_TtTtAo=/fit-in/200x150/filters:strip_icc()/pic6305890.jpg,2,5,15,15,15,4748,N/A,1146,7.01018,5.90215,1.48245,0,0,1,0,0,0,0,0,0,2025-03-19 14:25:01,,0,Josh has,
1088,https://boardgamegeek.com/xmlapi/termsofuse,"Wed, 26 Aug 2026 00:24:39 +0000",thing,260214,boardgame,81004924,Exploding Kittens: Streaking Kittens,1,2018,https://cf.geekdo-images.com/NTKDuf6oQOXTYLP56elQ7w__original/img/5KNUp6geyom1XMopini-QYwSRZ0=/0x0/filters:format(jpeg)/pic4385457.jpg,https://cf.geekdo-images.com/NTKDuf6oQOXTYLP56elQ7w__small/img/C4DkV2oGL-on4OSQkdnIYtIlW7Q=/fit-in/200x150/filters:strip_icc()/pic4385457.jpg,2,5,15,15,15,12087,N/A,2662,7.14798,6.25283,1.41514,0,0,1,0,0,0,0,0,0,2025-03-19 14:25:08,,0,Josh has,
1088,https://boardgamegeek.com/xmlapi/termsofuse,"Wed, 26 Aug 2026 00:24:39 +0000",thing,191932,boardgame,106192942,Exposed,1,2016,https://cf.geekdo-images.com/kNLvMYjJGHlxeWyQ9ixz0A__original/img/jDkvTit1HhLxrAieTj_hT599580=/0x0/filters:format(jpeg)/pic2954794.jpg,https://cf.geekdo-images.com/kNLvMYjJGHlxeWyQ9ixz0A__small/img/0mYUSgv0UTFnjhVf6KqXkQAKasY=/fit-in/200x150/filters:strip_icc()/pic2954794.jpg,2,6,30,45,45,703,N/A,262,6.27973,5.57528,1.36607,0,1,0,0,0,0,0,0,0,2023-05-05 12:00:30,,0,,
1088,https://boardgamegeek.com/xmlapi/termsofuse,"Wed, 26 Aug 2026 00:24:39 +0000",thing,15386,boardgame,32083563,Eye to Eye,1,2004,https://cf.geekdo-images.com/g1QYGHqf2gYK69hqvz_8SQ__original/img/zbiZppOApzlZ7O0hBIs02fDCpTk=/0x0/filters:format(jpeg)/pic440406.jpg,https://cf.geekdo-images.com/g1QYGHqf2gYK69hqvz_8SQ__small/img/e8fF_epNBlRMkXLQvx8SAgyVLro=/fit-in/200x150/filters:strip_icc()/pic440406.jpg,3,6,30,30,30,235,N/A,167,6.42108,5.56204,1.34105,0,0,1,0,0,0,0,0,0,2025-03-19 14:16:09,,0,,
1088,https://boardgamegeek.com/xmlapi/termsofuse,"Wed, 26 Aug 2026 00:24:39 +0000",thing,67932,boardgame,32083592,Face to Face: A Cubist Strategy Game,1,2009,https://cf.geekdo-images.com/DWHCXGaKAuDzCWhCnqxgGA__original/img/wi4AmHaGLXmhhDEGpwXzOpq3JAI=/0x0/filters:format(jpeg)/pic697440.jpg,https://cf.geekdo-images.com/DWHCXGaKAuDzCWhCnqxgGA__small/img/LsSQ7kao-QTdteOeBkcRaaX8P1s=/fit-in/200x150/filters:strip_icc()/pic697440.jpg,2,4,30,30,30,64,N/A,28,2.51786,0,1.31259,0,0,1,0,0,0,0,0,0,2021-03-01 21:55:21,,0,,
1088,https://boardgamegeek.com/xmlapi/termsofuse,"Wed, 26 Aug 2026 00:24:39 +0000",thing,13823,boardgame,32083613,Fairy Tale,1,2004,https://cf.geekdo-images.com/J86NZuK4hEnKWST-fH7LcA__original/img/h3A-Cqc1ritIac-UJWGQhodDRV0=/0x0/filters:format(jpeg)/pic2024738.jpg,https://cf.geekdo-images.com/J86NZuK4hEnKWST-fH7LcA__small/img/wmsDgtzLQyDsW3qkZL78OVUZW-M=/fit-in/200x150/filters:strip_icc()/pic2024738.jpg,2,5,30,30,30,12935,N/A,9065,6.69616,6.43676,1.2622,0,1,0,0,0,0,0,0,0,2015-12-28 10:03:53,,0,,
1088,https://boardgamegeek.com/xmlapi/termsofuse,"Wed, 26 Aug 2026 00:24:39 +0000",thing,135779,boardgame,66266725,A Fake Artist Goes to New York,3,2011,https://cf.geekdo-images.com/5Q5YHxJeVp6PAhfv5Ct0-g__original/img/yRNioltDOtjrTRXa0HHoTTCWNf8=/0x0/filters:format(png)/pic3678404.png,https://cf.geekdo-images.com/5Q5YHxJeVp6PAhfv5Ct0-g__small/img/nqo8xhGEWnqXYDEvYcVpBpABBI4=/fit-in/200x150/filters:strip_icc()/pic3678404.png,5,10,20,20,20,21121,N/A,10839,7.1016,6.79597,1.26965,0,1,0,0,0,0,0,0,0,2019-11-29 14:53:04,,0,,
1088,https://boardgamegeek.com/xmlapi/termsofuse,"Wed, 26 Aug 2026 00:24:39 +0000",thing,232918,boardgame,119254590,Fallout,1,2017,https://cf.geekdo-images.com/9gjrMWDqLCBb-G0AYbKuSQ__original/img/t5RBBMPvLBa4_vEbK7ZrNbD8IdY=/0x0/filters:format(jpeg)/pic3728149.jpg,https://cf.geekdo-images.com/9gjrMWDqLCBb-G0AYbKuSQ__small/img/Idbk30GnVx4RDeZrsUgTXe2RZHs=/fit-in/200x150/filters:strip_icc()/pic3728149.jpg,1,4,120,180,180,20075,N/A,8886,6.9162,6.49709,1.5916,0,0,1,0,0,0,0,0,0,2025-03-19 14:34:56,,0,Josh has,
1088,https://boardgamegeek.com/xmlapi/termsofuse,"Wed, 26 Aug 2026 00:24:39 +0000",thing,319736,boardgame,148901611,La Familia Hort,4,2020,https://cf.geekdo-images.com/cvsGoVCQqffg0ghfUW2W7w__original/img/QyIFo_8mPZ0OBuHoEZfETAmu-04=/0x0/filters:format(jpeg)/pic5665788.jpg,https://cf.geekdo-images.com/cvsGoVCQqffg0ghfUW2W7w__small/img/4e6IESx06mpes3DWvUQJo_d1W2Y=/fit-in/200x150/filters:strip_icc()/pic5665788.jpg,2,4,30,40,40,509,N/A,191,6.98148,5.57629,1.63705,0,1,0,0,0,0,0,0,0,2026-08-25 19:23:06,,0,,
1088,https://boardgamegeek.com/xmlapi/termsofuse,"Wed, 26 Aug 2026 00:24:39 +0000",thing,197061,boardgame,113474628,Fantahzee: Hordes & Heroes,1,2016,https://cf.geekdo-images.com/WGOAibTRWe2DYGie7-7yNA__original/img/zQD6lJVdW7El-GKHmrqb39hXV_w=/0x0/filters:format(jpeg)/pic2958080.jpg,https://cf.geekdo-images.com/WGOAibTRWe2DYGie7-7yNA__small/img/VS3cD3bfZ_BvhZRjoppXJpY99XI=/fit-in/200x150/filters:strip_icc()/pic2958080.jpg,2,5,30,40,40,730,N/A,337,6.24249,5.58818,1.41943,0,0,1,0,0,0,0,0,0,2025-10-02 12:30:43,,0,,
1088,https://boardgamegeek.com/xmlapi/termsofuse,"Wed, 26 Aug 2026 00:24:39 +0000",thing,3181,boardgame,32083618,Farkle,1,1930,https://cf.geekdo-images.com/CKRu4CRpDan3G2tgvEEVrA__original/img/hMn8ZFnL4U2n51C2UrHtEfAYTY4=/0x0/filters:format(jpeg)/pic3624966.jpg,https://cf.geekdo-images.com/CKRu4CRpDan3G2tgvEEVrA__small/img/QfDqSbD-0wNsF9e6xbXKYiOtUgU=/fit-in/200x150/filters:strip_icc()/pic3624966.jpg,2,6,30,30,30,9472,5,3738,5.685,5.55998,1.60305,0,0,1,0,0,0,0,0,0,2021-03-01 21:46:40,,0,,
1088,https://boardgamegeek.com/xmlapi/termsofuse,"Wed, 26 Aug 2026 00:24:39 +0000",thing,177736,boardgame,62271521,A Feast for Odin,3,2016,https://cf.geekdo-images.com/s9oGMCo1fcfV4Dk3EnqLZw__original/img/N1X-0JB1GapFVhl98nP4tNFXMcM=/0x0/filters:format(png)/pic3146943.png,https://cf.geekdo-images.com/s9oGMCo1fcfV4Dk3EnqLZw__small/img/AKxMMz2DTbBrEynhDROla8fdjJ4=/fit-in/200x150/filters:strip_icc()/pic3146943.png,1,4,30,120,120,44389,N/A,34001,8.16006,7.93948,1.38095,0,0,1,0,0,0,0,0,0,2021-03-07 9:40:47,,0,,
1088,https://boardgamegeek.com/xmlapi/termsofuse,"Wed, 26 Aug 2026 00:24:39 +0000",thing,122499,boardgame,32083641,Find It: Deluxe Edition,1,2002,https://cf.geekdo-images.com/rilegbibC4iyg_SNL6EznQ__original/img/70oqKYD7eEuakSYFg7asimF7KiQ=/0x0/filters:format(jpeg)/pic7830696.jpg,https://cf.geekdo-images.com/rilegbibC4iyg_SNL6EznQ__small/img/xf_CkG3WH_9MwkGNQ-15m8mh8nk=/fit-in/200x150/filters:strip_icc()/pic7830696.jpg,2,,,,,129,5,35,4.40943,5.48149,1.98862,0,1,0,0,0,0,0,0,0,2015-12-28 12:15:55,,0,kids & Old games (2 editions),
1088,https://boardgamegeek.com/xmlapi/termsofuse,"Wed, 26 Aug 2026 00:24:39 +0000",thing,417073,boardgame,130512769,Finders Creepers,1,2024,https://cf.geekdo-images.com/q-EK9TLaUmBjfQzYAV6ikw__original/img/IYQGlniYatew8sjm6MwIQNkkbGc=/0x0/filters:format(png)/pic8154856.png,https://cf.geekdo-images.com/q-EK9TLaUmBjfQzYAV6ikw__small/img/S_7e7RldRrsGBzwkGX707NDsqIg=/fit-in/200x150/filters:strip_icc()/pic8154856.png,2,4,30,45,45,486,N/A,86,6.60779,5.53037,1.85512,0,1,0,0,0,0,0,0,0,2025-03-19 14:44:28,,0,,
1088,https://boardgamegeek.com/xmlapi/termsofuse,"Wed, 26 Aug 2026 00:24:39 +0000",thing,226605,boardgame,136903042,Fire Tower,1,2019,https://cf.geekdo-images.com/smRx-veml48bWTsDJFzisQ__original/img/mohzMKSzwV8rK5gsW1cIHz3dJww=/0x0/filters:format(jpeg)/pic4081152.jpg,https://cf.geekdo-images.com/smRx-veml48bWTsDJFzisQ__small/img/4NCvoTZ8gRfXLQT9TrPGPeLjso4=/fit-in/200x150/filters:strip_icc()/pic4081152.jpg,2,4,15,30,30,7777,N/A,2955,7.07289,6.26037,1.4533,0,1,0,0,0,0,0,0,0,2025-09-29 22:29:57,,0,,
1088,https://boardgamegeek.com/xmlapi/termsofuse,"Wed, 26 Aug 2026 00:24:39 +0000",thing,138161,boardgame,53491785,Firefly: The Game,1,2013,https://cf.geekdo-images.com/iRkRCqB6-J428N8JPjL5fg__original/img/hZEedxgN2GQ8UENAGkWAX_E2bZA=/0x0/filters:format(png)/pic1727008.png,https://cf.geekdo-images.com/iRkRCqB6-J428N8JPjL5fg__small/img/kR9xjgvm2GkSGpSuyngRuUuHwTg=/fit-in/200x150/filters:strip_icc()/pic1727008.png,1,4,120,240,240,24171,N/A,12650,7.38265,6.98177,1.56765,0,1,0,0,0,0,0,0,0,2018-08-09 16:24:30,,0,,
1088,https://boardgamegeek.com/xmlapi/termsofuse,"Wed, 26 Aug 2026 00:24:39 +0000",thing,159557,boardgame,60794621,Fish In A Barrel: The Fish-Linking Game,1,2011,https://cf.geekdo-images.com/3x3C3dLrNFAxc6Trgrad8w__original/img/bnbACV_10cnoTKBX6uYfbRpNs-c=/0x0/filters:format(jpeg)/pic2025636.jpg,https://cf.geekdo-images.com/3x3C3dLrNFAxc6Trgrad8w__small/img/L1OU7G9XDRq8MzJBpLBf8RvV2V8=/fit-in/200x150/filters:strip_icc()/pic2025636.jpg,2,4,,,,23,N/A,6,3.5,0,0.957427,0,0,1,0,0,0,0,0,0,2025-10-01 21:24:37,,0,kids,
1088,https://boardgamegeek.com/xmlapi/termsofuse,"Wed, 26 Aug 2026 00:24:39 +0000",thing,157354,boardgame,32083648,Five Tribes: The Djinns of Naqala,1,2014,https://cf.geekdo-images.com/dmo-WD6HZHVUPrbVHunaTw__original/img/PS9HXrThM8Pepbd-cuA1tX8KCYU=/0x0/filters:format(jpeg)/pic2055255.jpg,https://cf.geekdo-images.com/dmo-WD6HZHVUPrbVHunaTw__small/img/I6KVJlQgS1GfWDPSWAFNqce4Cgc=/fit-in/200x150/filters:strip_icc()/pic2055255.jpg,2,4,40,80,80,60356,8,45618,7.76395,7.60681,1.26846,0,1,0,0,0,0,0,0,0,2024-05-20 11:51:29,,0,"Main Box 
This is a great game, but I have trouble explaining the instructions to new players. There's quite a bit involved...",
1088,https://boardgamegeek.com/xmlapi/termsofuse,"Wed, 26 Aug 2026 00:24:39 +0000",thing,199310,boardgame,47181613,Five Tribes: The Thieves of Naqala,1,2016,https://cf.geekdo-images.com/9YXZM_TphNeGYual7aDNIA__original/img/mE2bG89d5Ts4zyzuPrCpCXwVIOE=/0x0/filters:format(jpeg)/pic3001544.jpg,https://cf.geekdo-images.com/9YXZM_TphNeGYual7aDNIA__small/img/aE0zh0QMZ6kr77XfELw9j_o375s=/fit-in/200x150/filters:strip_icc()/pic3001544.jpg,2,4,40,80,80,6925,N/A,1458,7.23301,6.13798,1.43244,0,1,0,0,0,0,0,0,0,2017-11-25 12:22:09,,0,In Main Box,
1088,https://boardgamegeek.com/xmlapi/termsofuse,"Wed, 26 Aug 2026 00:24:39 +0000",thing,336986,boardgame,119378290,Flamecraft,1,2022,https://cf.geekdo-images.com/EvGtnsBDcfnKiqSiXHothQ__original/img/7yj8nA0ObuZ1w5AYCThEOK6meWA=/0x0/filters:format(jpeg)/pic6605448.jpg,https://cf.geekdo-images.com/EvGtnsBDcfnKiqSiXHothQ__small/img/bQcyvzYRdMFFvcdQkFVnIRiCPjE=/fit-in/200x150/filters:strip_icc()/pic6605448.jpg,1,5,60,60,60,47052,N/A,22110,7.36542,7.08602,1.3401,0,1,0,0,0,0,0,0,0,2024-05-18 21:10:27,,0,,
1088,https://boardgamegeek.com/xmlapi/termsofuse,"Wed, 26 Aug 2026 00:24:39 +0000",thing,39862,boardgame,119378262,Flapjacks & Sasquatches,1,2008,https://cf.geekdo-images.com/GBj0b9UJ8YTIcf98SFVsbg__original/img/_0mvTNF_7opkHCAkLj6NN7O-Tao=/0x0/filters:format(jpeg)/pic1293350.jpg,https://cf.geekdo-images.com/GBj0b9UJ8YTIcf98SFVsbg__small/img/AOtIkbRnD40IuPraCoYjUAjOVfU=/fit-in/200x150/filters:strip_icc()/pic1293350.jpg,2,8,20,20,20,924,N/A,412,6.05111,5.55465,1.90444,0,0,1,0,0,0,0,0,0,2025-10-02 12:32:31,,0,,
1088,https://boardgamegeek.com/xmlapi/termsofuse,"Wed, 26 Aug 2026 00:24:39 +0000",thing,100901,boardgame,59051285,Flash Point: Fire Rescue,1,2011,https://cf.geekdo-images.com/v6bTbxeprDFj1nN4AenvjA__original/img/ri91i22ujLCZqxXKhFIdVDPGe8Y=/0x0/filters:format(jpeg)/pic1129370.jpg,https://cf.geekdo-images.com/v6bTbxeprDFj1nN4AenvjA__small/img/7AyBFA8JfZHKxC5ntwOjJTbIgWE=/fit-in/200x150/filters:strip_icc()/pic1129370.jpg,2,6,45,45,45,40993,N/A,25488,7.14104,6.96168,1.25773,0,1,0,0,0,0,0,0,0,2019-03-11 7:38:34,,0,,
1088,https://boardgamegeek.com/xmlapi/termsofuse,"Wed, 26 Aug 2026 00:24:39 +0000",thing,139766,boardgame,59051320,Flash Point: Fire Rescue – Extreme Danger,1,2013,https://cf.geekdo-images.com/LFRrLmALPK5GofldFDXF-g__original/img/eIroGRLopx9i896bvzdZSbImB_c=/0x0/filters:format(jpeg)/pic7003014.jpg,https://cf.geekdo-images.com/LFRrLmALPK5GofldFDXF-g__small/img/vaC946lrqk_70Cs0YpCIqcLSnZc=/fit-in/200x150/filters:strip_icc()/pic7003014.jpg,2,6,45,45,45,8195,N/A,1442,7.69204,6.30052,1.17555,0,1,0,0,0,0,0,0,0,2019-03-11 7:40:20,,0,,
1088,https://boardgamegeek.com/xmlapi/termsofuse,"Wed, 26 Aug 2026 00:24:39 +0000",thing,408308,boardgame,136976019,Flashback: Lucy,1,2024,https://cf.geekdo-images.com/e1CMdKlTNwFb69o1TZ7nyw__original/img/3Ueg3e9JysteSwPh2d2As9xt6ZI=/0x0/filters:format(jpeg)/pic7900971.jpg,https://cf.geekdo-images.com/e1CMdKlTNwFb69o1TZ7nyw__small/img/lHIttQeAAL9m5JejIHTZUtvjVKc=/fit-in/200x150/filters:strip_icc()/pic7900971.jpg,1,4,30,30,30,354,N/A,116,7.27543,5.5793,1.30373,0,1,0,0,0,0,0,0,0,2025-10-02 9:27:42,,0,,
1088,https://boardgamegeek.com/xmlapi/termsofuse,"Wed, 26 Aug 2026 00:24:39 +0000",thing,2294,boardgame,32083653,Flinch,1,1903,https://cf.geekdo-images.com/X7BhHrWExL5qs5lVG3NrvQ__original/img/BJeVRKh1H5E-yO0ki2JEiP49q7I=/0x0/filters:format(jpeg)/pic5343412.jpg,https://cf.geekdo-images.com/X7BhHrWExL5qs5lVG3NrvQ__small/img/uWFN-KvqcOx99KY77TwibMLn2Cc=/fit-in/200x150/filters:strip_icc()/pic5343412.jpg,1,8,20,20,20,2403,N/A,517,5.26741,5.45126,1.64252,0,0,1,0,0,0,0,0,0,2025-10-01 21:26:03,,0,,
1088,https://boardgamegeek.com/xmlapi/termsofuse,"Wed, 26 Aug 2026 00:24:39 +0000",thing,223215,boardgame,54467770,Flip Ships,1,2017,https://cf.geekdo-images.com/u7TUWJk0WA7ENea9U9qDoQ__original/img/UTeihEfE2Ih0h8-0vWHiJogx1I4=/0x0/filters:format(jpeg)/pic3489147.jpg,https://cf.geekdo-images.com/u7TUWJk0WA7ENea9U9qDoQ__small/img/9IZwNJ-O88aooqVSBf_C73us1FM=/fit-in/200x150/filters:strip_icc()/pic3489147.jpg,1,4,30,45,45,4082,N/A,2304,6.9747,6.22585,1.31123,0,1,0,0,0,0,0,0,0,2018-09-22 20:46:11,,0,,
1088,https://boardgamegeek.com/xmlapi/termsofuse,"Wed, 26 Aug 2026 00:24:39 +0000",thing,275469,boardgame,101065225,Floor Plan,1,2020,https://cf.geekdo-images.com/qvxqdDExm7fR2dlB_VikBA__original/img/uY3gnJh-6-ZWKJWYVLyzGBlBzjU=/0x0/filters:format(png)/pic5811654.png,https://cf.geekdo-images.com/qvxqdDExm7fR2dlB_VikBA__small/img/vD_0MYK1_hrEMuGpsrdMznFoAgA=/fit-in/200x150/filters:strip_icc()/pic5811654.png,1,100,20,40,40,2545,N/A,1130,6.38391,5.77998,1.49087,0,1,0,0,0,0,0,0,0,2022-12-21 8:59:27,,0,,
1088,https://boardgamegeek.com/xmlapi/termsofuse,"Wed, 26 Aug 2026 00:24:39 +0000",thing,256701,boardgame,64998176,Fluff,1,2018,https://cf.geekdo-images.com/h4pVybntmrD-5HDkAX5uLg__original/img/b1VWCjC6jfDhh2lYPTHvg71TE1g=/0x0/filters:format(jpeg)/pic4236238.jpg,https://cf.geekdo-images.com/h4pVybntmrD-5HDkAX5uLg__small/img/yhpYXI77Vy0FktZy5oOFPP9IOWw=/fit-in/200x150/filters:strip_icc()/pic4236238.jpg,2,4,20,30,30,699,N/A,245,6.59848,5.59547,1.33809,0,0,1,0,0,0,0,0,0,2025-10-01 21:27:02,,0,kids,
1088,https://boardgamegeek.com/xmlapi/termsofuse,"Wed, 26 Aug 2026 00:24:39 +0000",thing,175324,boardgame,130512743,Fog of Love,1,2017,https://cf.geekdo-images.com/FDOlU-KIv3iRKqHzC57-Qg__original/img/8QVHmUJv4t1bq_4mEiOQ6RHIXNM=/0x0/filters:format(jpeg)/pic6353234.jpg,https://cf.geekdo-images.com/FDOlU-KIv3iRKqHzC57-Qg__small/img/mIpM0XTT_9GvRvCAPmXfRG-sGtw=/fit-in/200x150/filters:strip_icc()/pic6353234.jpg,2,2,60,120,120,18562,N/A,8754,6.58726,6.31711,1.6919,0,1,0,0,0,0,0,0,0,2025-03-19 14:43:29,,0,,
1088,https://boardgamegeek.com/xmlapi/termsofuse,"Wed, 26 Aug 2026 00:24:39 +0000",thing,245622,boardgame,109351211,Food Fight,1,2017,https://cf.geekdo-images.com/JdIC1a_D4sMFPlJ3jZ0StQ__original/img/AJogjiyc1OoNYs3kiLl6v-CZAjQ=/0x0/filters:format(jpeg)/pic3985074.jpg,https://cf.geekdo-images.com/JdIC1a_D4sMFPlJ3jZ0StQ__small/img/8I2Pi65GTQqFmP8Lk673rolSmuw=/fit-in/200x150/filters:strip_icc()/pic3985074.jpg,2,7,15,30,30,35,N/A,9,5.55556,0,2.22916,0,0,1,0,0,0,0,0,0,2024-05-20 11:59:07,,0,kids,
1088,https://boardgamegeek.com/xmlapi/termsofuse,"Wed, 26 Aug 2026 00:24:39 +0000",thing,280896,boardgame,81002593,Foodies,1,2019,https://cf.geekdo-images.com/4ckBACEWLAMUtKk1hzh8ig__original/img/eZwVLdV5q7_gRLTuoXulVt_juPM=/0x0/filters:format(jpeg)/pic4757834.jpg,https://cf.geekdo-images.com/4ckBACEWLAMUtKk1hzh8ig__small/img/dA7FUMfGGUoaJ8yKtZIdem9xa8k=/fit-in/200x150/filters:strip_icc()/pic4757834.jpg,2,5,20,30,30,1576,N/A,820,6.38023,5.71606,1.4348,0,1,0,0,0,0,0,0,0,2021-04-03 17:29:22,,0,,
1088,https://boardgamegeek.com/xmlapi/termsofuse,"Wed, 26 Aug 2026 00:24:39 +0000",thing,136063,boardgame,32083663,Forbidden Desert,1,2013,https://cf.geekdo-images.com/OU26qQZoHJodxSFKiR5IzA__original/img/8smpJMuHROyrbu8FP-EOLXjEi0w=/0x0/filters:format(jpeg)/pic1528722.jpg,https://cf.geekdo-images.com/OU26qQZoHJodxSFKiR5IzA__small/img/eDUA8LpBqRjlzJWJYIsIenpF_rA=/fit-in/200x150/filters:strip_icc()/pic1528722.jpg,2,5,45,45,45,59157,7,33029,7.05661,6.90759,1.19347,0,1,0,0,0,0,0,0,0,2015-12-28 12:17:14,,0,Like this cooperative game,
1088,https://boardgamegeek.com/xmlapi/termsofuse,"Wed, 26 Aug 2026 00:24:39 +0000",thing,65244,boardgame,32083659,Forbidden Island,1,2010,https://cf.geekdo-images.com/JgAkEBUaiHOsOS94iRMs2w__original/img/H5d4I5z_HSpPEu7EAl0DqLt9_pM=/0x0/filters:format(jpeg)/pic646458.jpg,https://cf.geekdo-images.com/JgAkEBUaiHOsOS94iRMs2w__small/img/5aPR8-KMbgucI_XkPE2PJaMQQsg=/fit-in/200x150/filters:strip_icc()/pic646458.jpg,2,4,30,30,30,102056,7,54806,6.74842,6.63874,1.22266,0,1,0,0,0,0,0,0,0,2015-12-28 12:17:09,,0,Like this cooperative game a lot!,
1088,https://boardgamegeek.com/xmlapi/termsofuse,"Wed, 26 Aug 2026 00:24:39 +0000",thing,245271,boardgame,63692646,Forbidden Sky,1,2018,https://cf.geekdo-images.com/DkKz70oUiLhhGLSntEaOTw__original/img/aMR_0OJ0hb4JfWQQyaSNjkmTEC4=/0x0/filters:format(jpeg)/pic4177924.jpg,https://cf.geekdo-images.com/DkKz70oUiLhhGLSntEaOTw__small/img/QFSJHD5hZ7F0PEt0AwYwDh0IcFY=/fit-in/200x150/filters:strip_icc()/pic4177924.jpg,2,5,60,60,60,12340,N/A,4033,6.35888,6.00986,1.42035,0,1,0,0,0,0,0,0,0,2019-09-02 9:56:39,,0,,
1088,https://boardgamegeek.com/xmlapi/termsofuse,"Wed, 26 Aug 2026 00:24:39 +0000",thing,235251,boardgame,80013538,Forest,1,2017,https://cf.geekdo-images.com/djMae_0-NxGdQKcZtVsaJQ__original/img/KtqmBrjmqzwExEQaIRXADp3EftE=/0x0/filters:format(jpeg)/pic3739074.jpg,https://cf.geekdo-images.com/djMae_0-NxGdQKcZtVsaJQ__small/img/2UGoHtvSs4v1M1XLPtGqZzYulow=/fit-in/200x150/filters:strip_icc()/pic3739074.jpg,2,5,15,15,15,1047,N/A,342,5.35491,5.47181,1.50469,0,0,1,0,0,0,0,0,0,2025-10-01 21:27:56,,0,small,
1088,https://boardgamegeek.com/xmlapi/termsofuse,"Wed, 26 Aug 2026 00:24:39 +0000",thing,122867,boardgame,130512777,Four Taverns,1,2012,https://cf.geekdo-images.com/gESYeu3Zhz6M_YSVTCa5_A__original/img/jHaAxoN8sDZDGM2LxZ_0Qyu23_M=/0x0/filters:format(jpeg)/pic1274611.jpg,https://cf.geekdo-images.com/gESYeu3Zhz6M_YSVTCa5_A__small/img/oQbLpjCG7DS8rKpiOe5kv1zCNsE=/fit-in/200x150/filters:strip_icc()/pic1274611.jpg,2,4,35,35,35,440,N/A,137,5.80815,5.51272,1.63643,0,0,1,0,0,0,0,0,0,2025-10-01 21:28:11,,0,,
1088,https://boardgamegeek.com/xmlapi/termsofuse,"Wed, 26 Aug 2026 00:24:39 +0000",thing,221965,boardgame,100265434,The Fox in the Forest,5,2017,https://cf.geekdo-images.com/spcy6nvsfq-hxYgwEpmidQ__original/img/rXKH8tfISrTxPqUKCw1FXIDSBc0=/0x0/filters:format(jpeg)/pic3496085.jpg,https://cf.geekdo-images.com/spcy6nvsfq-hxYgwEpmidQ__small/img/nR2TKxtWOVJR1OHD6hAF05IHuOI=/fit-in/200x150/filters:strip_icc()/pic3496085.jpg,2,2,30,30,30,39589,N/A,18559,7.04939,6.8501,1.24171,0,1,0,0,0,0,0,0,0,2022-11-27 17:05:39,,0,,
1088,https://boardgamegeek.com/xmlapi/termsofuse,"Wed, 26 Aug 2026 00:24:39 +0000",thing,288169,boardgame,100265476,The Fox in the Forest Duet,5,2020,https://cf.geekdo-images.com/1uTAJoAdG3UC6N0G7UMeTA__original/img/Xo0bcffWDmM8g3iLRqFZs3rhWRw=/0x0/filters:format(jpeg)/pic4942502.jpg,https://cf.geekdo-images.com/1uTAJoAdG3UC6N0G7UMeTA__small/img/SzaN4ejLFyjTbElgZPGGjUtlf6o=/fit-in/200x150/filters:strip_icc()/pic4942502.jpg,2,2,30,30,30,10911,N/A,4472,6.95577,6.43142,1.24923,0,1,0,0,0,0,0,0,0,2022-11-27 17:06:53,,0,,
1088,https://boardgamegeek.com/xmlapi/termsofuse,"Wed, 26 Aug 2026 00:24:39 +0000",thing,66188,boardgame,119378255,Fresco,1,2010,https://cf.geekdo-images.com/DCVRR-zA7Jy9wjuZudTZ8w__original/img/dF1pDf3JLgqAdzD9uhy14Pd3yx8=/0x0/filters:format(jpeg)/pic714398.jpg,https://cf.geekdo-images.com/DCVRR-zA7Jy9wjuZudTZ8w__small/img/7-_wICvkH7Opfpkc4vkNYvubia4=/fit-in/200x150/filters:strip_icc()/pic714398.jpg,2,4,60,60,60,16859,N/A,13629,7.23864,6.96409,1.15434,0,1,0,0,0,0,0,0,0,2024-05-18 21:08:27,,0,,
1088,https://boardgamegeek.com/xmlapi/termsofuse,"Wed, 26 Aug 2026 00:24:39 +0000",thing,43570,boardgame,56692741,Friday,1,2011,https://cf.geekdo-images.com/7bBUuYUIyKIBDh_UnNa_Fw__original/img/_tiZYJMEc26kgt7uNF6IM8A-8As=/0x0/filters:format(jpeg)/pic1513328.jpg,https://cf.geekdo-images.com/7bBUuYUIyKIBDh_UnNa_Fw__small/img/Bjg_3ovfjRqjGtYEaEj6107UGWY=/fit-in/200x150/filters:strip_icc()/pic1513328.jpg,1,1,25,25,25,42196,N/A,23389,7.10965,6.92742,1.23992,0,1,0,0,0,0,0,0,0,2018-12-17 23:14:21,,0,,
1088,https://boardgamegeek.com/xmlapi/termsofuse,"Wed, 26 Aug 2026 00:24:39 +0000",thing,2669,boardgame,32083690,Frog Juice,1,1995,https://cf.geekdo-images.com/zhf6ewgYMnG2Mv-GB9aG5A__original/img/b3qteoN0HGdY1z0rLm3cQrbrxYQ=/0x0/filters:format(jpeg)/pic1666951.jpg,https://cf.geekdo-images.com/zhf6ewgYMnG2Mv-GB9aG5A__small/img/uhIqAhMA2mEjn22nql219iCj3rk=/fit-in/200x150/filters:strip_icc()/pic1666951.jpg,2,4,25,25,25,1738,N/A,610,5.54284,5.49084,1.53857,0,0,1,0,0,0,0,0,0,2025-10-01 21:30:00,,0,kids,
1088,https://boardgamegeek.com/xmlapi/termsofuse,"Wed, 26 Aug 2026 00:24:39 +0000",thing,116596,boardgame,32083709,Fruit Ninja Card Game,1,2011,https://cf.geekdo-images.com/aYclWKwLyPW7lHHfSCYh5w__original/img/LX6eGHb6ZeRN8d4jLffCa6amVlo=/0x0/filters:format(jpeg)/pic1194354.jpg,https://cf.geekdo-images.com/aYclWKwLyPW7lHHfSCYh5w__small/img/jGxefj1S_Iv90qTmege2zcEyk3Y=/fit-in/200x150/filters:strip_icc()/pic1194354.jpg,2,4,15,15,15,330,N/A,129,5.38615,5.49343,1.28627,0,0,1,0,0,0,0,0,0,2025-10-01 21:30:25,,0,kids,
1088,https://boardgamegeek.com/xmlapi/termsofuse,"Wed, 26 Aug 2026 00:24:39 +0000",thing,62709,boardgame,32083711,Funglish,1,2009,https://cf.geekdo-images.com/K9ahLIoxHImU7__gyKE8rA__original/img/GSU1CuOd2gy0YMX9KX8x1eB7_QE=/0x0/filters:format(jpeg)/pic1836808.jpg,https://cf.geekdo-images.com/K9ahLIoxHImU7__gyKE8rA__small/img/xAJ-mCQ3UeSL0aKo30Eel7XQUoI=/fit-in/200x150/filters:strip_icc()/pic1836808.jpg,3,99,15,90,90,1379,N/A,448,5.81988,5.54621,1.58054,0,0,1,0,0,0,0,0,0,2021-03-01 21:50:38,,0,,
1088,https://boardgamegeek.com/xmlapi/termsofuse,"Wed, 26 Aug 2026 00:24:39 +0000",thing,292031,boardgame,142571813,Funkoverse Strategy Game: Harry Potter 101,1,2019,https://cf.geekdo-images.com/vQB_69f14snuHl4NGCRc7g__original/img/podC2nuCS8Mv9BdkxZUjcGo0HK4=/0x0/filters:format(png)/pic5008394.png,https://cf.geekdo-images.com/vQB_69f14snuHl4NGCRc7g__small/img/4EfrUxdmpB2laW5Z7GGYnncWADY=/fit-in/200x150/filters:strip_icc()/pic5008394.png,2,2,20,60,60,3090,N/A,554,6.73307,5.71292,1.40812,0,1,0,0,0,0,0,0,0,2026-02-14 20:36:47,,0,,
1088,https://boardgamegeek.com/xmlapi/termsofuse,"Wed, 26 Aug 2026 00:24:39 +0000",thing,163920,boardgame,54467741,Gaïa,1,2014,https://cf.geekdo-images.com/BbsL05PXMaS_1BGNzxJ42A__original/img/19SjxiU2PUdAy3wvKUD8GB1xxiY=/0x0/filters:format(jpeg)/pic2238245.jpg,https://cf.geekdo-images.com/BbsL05PXMaS_1BGNzxJ42A__small/img/-TRmNJrG6m2sfuRCKmgwkSJ3Xng=/fit-in/200x150/filters:strip_icc()/pic2238245.jpg,2,5,30,30,30,2946,N/A,1846,6.17087,5.77831,1.35698,0,1,0,0,0,0,0,0,0,2018-09-22 20:42:53,,0,,
1088,https://boardgamegeek.com/xmlapi/termsofuse,"Wed, 26 Aug 2026 00:24:39 +0000",thing,321539,boardgame,113470457,A Game of Cat & Mouth,3,2020,https://cf.geekdo-images.com/1_cEnRN2mdmxUdeTjjtiaA__original/img/yPSlbK3ST_8GOxcQJEpmCz94lw4=/0x0/filters:format(jpeg)/pic6974496.jpg,https://cf.geekdo-images.com/1_cEnRN2mdmxUdeTjjtiaA__small/img/iD10KpE1Ke30hlI5xjks0gvajXQ=/fit-in/200x150/filters:strip_icc()/pic6974496.jpg,2,2,10,10,10,3625,N/A,1124,6.62793,5.83771,1.48507,0,1,0,0,0,0,0,0,0,2024-05-20 12:00:37,,0,kids,
1088,https://boardgamegeek.com/xmlapi/termsofuse,"Wed, 26 Aug 2026 00:24:39 +0000",thing,15380,boardgame,119378680,The Game of CHIPS,5,1999,https://cf.geekdo-images.com/4jz00SE8TLeyX8Yv0o30UA__original/img/NxfY_2c-vZrhozCG6IR0aizdHTM=/0x0/filters:format(jpeg)/pic637953.jpg,https://cf.geekdo-images.com/4jz00SE8TLeyX8Yv0o30UA__small/img/9VgJprg1da4Jwf-kyyUlT6nW5co=/fit-in/200x150/filters:strip_icc()/pic637953.jpg,2,4,15,15,15,201,N/A,56,4.8181,5.48315,1.54856,0,0,1,0,0,0,0,0,0,2025-10-01 21:31:07,,0,tub,
1088,https://boardgamegeek.com/xmlapi/termsofuse,"Wed, 26 Aug 2026 00:24:39 +0000",thing,2921,boardgame,33170888,The Game of Life,5,1960,https://cf.geekdo-images.com/c4S2XDRb_DCYCAV-ZAzDpg__original/img/23KgFL2BIq657VftWjAuxnrP-3s=/0x0/filters:format(jpeg)/pic288405.jpg,https://cf.geekdo-images.com/c4S2XDRb_DCYCAV-ZAzDpg__small/img/tAejWvDTc-mXjX2euOrJwaXP2Y8=/fit-in/200x150/filters:strip_icc()/pic288405.jpg,2,6,60,60,60,24954,N/A,14358,4.36753,4.39153,1.83482,0,0,1,0,0,0,0,0,0,2016-02-19 17:08:52,,0,,
1088,https://boardgamegeek.com/xmlapi/termsofuse,"Wed, 26 Aug 2026 00:24:39 +0000",thing,10934,boardgame,54335871,The Game of Things,5,2002,https://cf.geekdo-images.com/uW55tB9HBOkNIRi5xdDS3A__original/img/_x96ycFX7-s7RWODY0I9Bww4o5c=/0x0/filters:format(jpeg)/pic8139953.jpg,https://cf.geekdo-images.com/uW55tB9HBOkNIRi5xdDS3A__small/img/UFoJ9UiHuYJh2uHsEosrsNKQcW4=/fit-in/200x150/filters:strip_icc()/pic8139953.jpg,4,15,45,45,45,6986,N/A,2569,6.07951,5.7371,1.61036,0,0,1,0,0,0,0,0,0,2022-12-28 14:42:34,,0,,
1088,https://boardgamegeek.com/xmlapi/termsofuse,"Wed, 26 Aug 2026 00:24:39 +0000",thing,142560,boardgame,32085166,A Game of Thrones: The Card Game – Fire and Ice,3,2013,https://cf.geekdo-images.com/sKWT3HTLwnEtimAIr-dUkw__original/img/_w2UdKRtsPkzayOQoeZu8DCM2RU=/0x0/filters:format(jpeg)/pic1680702.jpg,https://cf.geekdo-images.com/sKWT3HTLwnEtimAIr-dUkw__small/img/waNBkOnhgdqRTkzlRuPPxAF-e0w=/fit-in/200x150/filters:strip_icc()/pic1680702.jpg,2,4,60,60,60,298,N/A,34,7.29412,5.5215,1.47088,0,0,1,0,0,0,0,0,0,2022-12-28 14:42:57,,0,,
1088,https://boardgamegeek.com/xmlapi/termsofuse,"Wed, 26 Aug 2026 00:24:39 +0000",thing,365775,boardgame,119441964,A Game of Thrones: The Card Game – Ice and Fire Draft Starter,3,2013,,,2,4,90,360,360,3,N/A,0,0,0,0,0,0,1,0,0,0,0,0,0,2025-10-01 21:31:40,,0,,
1088,https://boardgamegeek.com/xmlapi/termsofuse,"Wed, 26 Aug 2026 00:24:39 +0000",thing,269077,boardgame,130515387,The Game of Wolf,5,2019,https://cf.geekdo-images.com/5fNRkjZo_aaHATT59IqueQ__original/img/OZCybOaOlGW2nmsQGRM1cYpq9Gc=/0x0/filters:format(jpeg)/pic4699073.jpg,https://cf.geekdo-images.com/5fNRkjZo_aaHATT59IqueQ__small/img/ZrqgVQwYqrEDFStf4l5NZjxzghk=/fit-in/200x150/filters:strip_icc()/pic4699073.jpg,4,12,30,45,45,591,N/A,157,6.65294,5.55912,1.57052,0,0,1,0,0,0,0,0,0,2025-10-01 21:32:35,,0,,
1088,https://boardgamegeek.com/xmlapi/termsofuse,"Wed, 26 Aug 2026 00:24:39 +0000",thing,286171,boardgame,80278608,Gates of Delirium,1,2019,https://cf.geekdo-images.com/dMgxyjkvHW-JxmzbBoyVBg__original/img/vZsNzzZOG6Cg2TzHV4QL_5Ysltg=/0x0/filters:format(jpeg)/pic4885183.jpg,https://cf.geekdo-images.com/dMgxyjkvHW-JxmzbBoyVBg__small/img/a19MWB2TGUq1TM1o-dmjFrHALic=/fit-in/200x150/filters:strip_icc()/pic4885183.jpg,2,4,30,45,45,948,N/A,345,7.0153,5.68243,1.3842,0,1,0,0,0,0,0,0,0,2021-03-10 12:11:05,,0,,
1088,https://boardgamegeek.com/xmlapi/termsofuse,"Wed, 26 Aug 2026 00:24:39 +0000",thing,135431,boardgame,54337995,Geek Battle: The Game Of Extreme Geekdom,1,2012,https://cf.geekdo-images.com/3194-TgJLbGJQl05HobSyA__original/img/a4s0hauUAoBOVNoWdHgpzfc9xvk=/0x0/filters:format(jpeg)/pic1519460.jpg,https://cf.geekdo-images.com/3194-TgJLbGJQl05HobSyA__small/img/iTGKT6bX5QSXM2i6vFeLQ9Sd1mU=/fit-in/200x150/filters:strip_icc()/pic1519460.jpg,3,8,30,90,90,683,N/A,206,5.59272,5.49923,1.62895,0,0,1,0,0,0,0,0,0,2022-12-28 14:43:22,,0,,
1088,https://boardgamegeek.com/xmlapi/termsofuse,"Wed, 26 Aug 2026 00:24:39 +0000",thing,30539,boardgame,32083720,Get Bit!,1,2007,https://cf.geekdo-images.com/km1bBsWSyml95EFxcx5JWw__original/img/gd4oxx55xzh2vy5cDCcokTONNLA=/0x0/filters:format(png)/pic8104136.png,https://cf.geekdo-images.com/km1bBsWSyml95EFxcx5JWw__small/img/O_LMwf86Ybtc-ThsPXMPJ0kDfkA=/fit-in/200x150/filters:strip_icc()/pic8104136.png,2,7,10,20,20,12644,6,7122,6.13634,5.95687,1.27366,0,1,0,0,0,0,0,0,0,2024-05-20 12:01:21,,0,Kids Cute game,
1088,https://boardgamegeek.com/xmlapi/termsofuse,"Wed, 26 Aug 2026 00:24:39 +0000",thing,120447,boardgame,32083757,Get Lucky,1,2014,https://cf.geekdo-images.com/I08bmXEnpKuH9th-t2vdRw__original/img/Y1v87Vo-n7Q0T8RyK19FRhcb0sI=/0x0/filters:format(jpeg)/pic8324819.jpg,https://cf.geekdo-images.com/I08bmXEnpKuH9th-t2vdRw__small/img/-qRBqMFrchvkcpJG6JIw2F2plio=/fit-in/200x150/filters:strip_icc()/pic8324819.jpg,2,6,20,20,20,2203,N/A,693,6.02144,5.60429,1.47625,0,0,1,0,0,0,0,0,0,2025-10-01 21:33:36,,0,,
1088,https://boardgamegeek.com/xmlapi/termsofuse,"Wed, 26 Aug 2026 00:24:39 +0000",thing,380105,boardgame,119441916,Get on Board: Paris & Roma,1,2023,https://cf.geekdo-images.com/ypvmEALtw4LUvL_FDYfUxg__original/img/lx7FvqOOckInO6bJ0z4K3d10mk4=/0x0/filters:format(jpeg)/pic7464327.jpg,https://cf.geekdo-images.com/ypvmEALtw4LUvL_FDYfUxg__small/img/pw_8HFdWtnvu8GmGW1aboIqhTNc=/fit-in/200x150/filters:strip_icc()/pic7464327.jpg,1,5,30,30,30,1676,N/A,679,6.89444,5.80814,1.15586,0,1,0,0,0,0,0,0,0,2024-05-20 15:57:44,,0,,
1088,https://boardgamegeek.com/xmlapi/termsofuse,"Wed, 26 Aug 2026 00:24:39 +0000",thing,118705,boardgame,80184100,Ghost Blitz 2,1,2012,https://cf.geekdo-images.com/gZINyKRulzqWyOEEUuR01A__original/img/5i927I6nsNkdXQ9-WCHAp1M-ow8=/0x0/filters:format(jpeg)/pic1855044.jpg,https://cf.geekdo-images.com/gZINyKRulzqWyOEEUuR01A__small/img/lelYoXCVNf0lc_t1kOivYteRDfY=/fit-in/200x150/filters:strip_icc()/pic1855044.jpg,2,8,30,30,30,4307,N/A,2123,6.73333,6.04035,1.33432,0,1,0,0,0,0,0,0,0,2024-05-20 12:01:34,,0,kids,
1088,https://boardgamegeek.com/xmlapi/termsofuse,"Wed, 26 Aug 2026 00:24:39 +0000",thing,143782,boardgame,75806119,Global Mogul,1,2013,https://cf.geekdo-images.com/_H-X0scRr9gm7gpSft0h2g__original/img/WWfC27PADKbV5hhqh8Be2qvwk4c=/0x0/filters:format(jpeg)/pic1778424.jpg,https://cf.geekdo-images.com/_H-X0scRr9gm7gpSft0h2g__small/img/6Mpgc46rAY-jZ1ZVPTXtIJpR1JI=/fit-in/200x150/filters:strip_icc()/pic1778424.jpg,1,4,60,120,120,611,N/A,251,6.93924,5.63415,1.42163,0,1,0,0,0,0,0,0,0,2020-10-31 16:01:51,,0,,
1088,https://boardgamegeek.com/xmlapi/termsofuse,"Wed, 26 Aug 2026 00:24:39 +0000",thing,12692,boardgame,32083775,Gloom,1,2005,https://cf.geekdo-images.com/jD7_Ir8gL_9AXC-wjnqjHg__original/img/RjeHGxYOUqBv7sUgcRF5VdDlhbs=/0x0/filters:format(jpeg)/pic2080481.jpg,https://cf.geekdo-images.com/jD7_Ir8gL_9AXC-wjnqjHg__small/img/wWqmoercFrbIFjS1FloZFTZddcE=/fit-in/200x150/filters:strip_icc()/pic2080481.jpg,2,5,60,60,60,35452,6,16578,6.32695,6.13858,1.44785,0,1,0,0,0,0,0,0,0,2015-12-28 12:18:05,,0,"Fun game, but we don't play it nearly often enough...",
1088,https://boardgamegeek.com/xmlapi/termsofuse,"Wed, 26 Aug 2026 00:24:39 +0000",thing,140772,boardgame,34587195,Gloom: TableTop Promo Expansion,1,2013,https://cf.geekdo-images.com/ZUmzskJM9sP2qOqVhBXV4g__original/img/Tt5K31w-5o75ImYxV8sInCIdibk=/0x0/filters:format(jpeg)/pic1942380.jpg,https://cf.geekdo-images.com/ZUmzskJM9sP2qOqVhBXV4g__small/img/jPSB-eXzk96-b5RrKlU9k5vnWkY=/fit-in/200x150/filters:strip_icc()/pic1942380.jpg,2,4,60,60,60,618,N/A,115,7.09217,5.56273,1.51429,0,1,0,0,0,0,0,0,0,2016-05-14 12:11:36,,0,in main box,
1088,https://boardgamegeek.com/xmlapi/termsofuse,"Wed, 26 Aug 2026 00:24:39 +0000",thing,373991,boardgame,143577073,Glyphics,1,2022,https://cf.geekdo-images.com/6c7MvibJkZmtwg0nLxUodQ__original/img/mYIkZDNIRkQSL4ZkIN5Jxg8XTJg=/0x0/filters:format(jpeg)/pic8872676.jpg,https://cf.geekdo-images.com/6c7MvibJkZmtwg0nLxUodQ__small/img/H9IZfzvOWjdvDYMhb4ZPQ_Zzat8=/fit-in/200x150/filters:strip_icc()/pic8872676.jpg,3,99,30,30,30,284,N/A,62,6.52258,5.51845,1.67875,0,1,0,0,0,0,0,0,0,2026-03-15 14:52:38,,0,,
1088,https://boardgamegeek.com/xmlapi/termsofuse,"Wed, 26 Aug 2026 00:24:39 +0000",thing,327392,boardgame,138232816,Gnoming A Round,1,2020,https://cf.geekdo-images.com/Bw6-vu4MbgbnWO5g6tUWwg__original/img/cUzdkzWCD4xIuqIlc7qTQFERzfI=/0x0/filters:format(jpeg)/pic5971438.jpg,https://cf.geekdo-images.com/Bw6-vu4MbgbnWO5g6tUWwg__small/img/yu5QcEP8qGNjwxdOrvhJB_L2HUA=/fit-in/200x150/filters:strip_icc()/pic5971438.jpg,2,7,15,30,30,1280,N/A,372,6.54831,5.64003,1.36894,0,1,0,0,0,0,0,0,0,2025-11-04 21:01:57,,0,,
1088,https://boardgamegeek.com/xmlapi/termsofuse,"Wed, 26 Aug 2026 00:24:39 +0000",thing,202819,boardgame,119378292,Gnomopolis,1,2018,https://cf.geekdo-images.com/7DcjO0OZOeIbTCzNrXMnlA__original/img/DzuEwFNixwwtZ6VX1L3u1IaPvWg=/0x0/filters:format(png)/pic4328536.png,https://cf.geekdo-images.com/7DcjO0OZOeIbTCzNrXMnlA__small/img/QVo1IFLvqVgLbVRpLH-au7iK6bE=/fit-in/200x150/filters:strip_icc()/pic4328536.png,1,4,45,45,45,917,N/A,539,7.18984,5.7624,1.39313,0,1,0,0,0,0,0,0,0,2024-05-18 21:10:44,,0,,
1088,https://boardgamegeek.com/xmlapi/termsofuse,"Wed, 26 Aug 2026 00:24:39 +0000",thing,7682,boardgame,80013583,Go Fish,1,,https://cf.geekdo-images.com/aZoXKNA2eIBg-G1rDgySpQ__original/img/IPjXu42dZPjiAPos_SIKYpd3P2g=/0x0/filters:format(jpeg)/pic3177908.jpg,https://cf.geekdo-images.com/aZoXKNA2eIBg-G1rDgySpQ__small/img/C0x1B4SVYpVuTEjGWgYk0rKLx98=/fit-in/200x150/filters:strip_icc()/pic3177908.jpg,2,6,20,20,20,2171,N/A,2147,3.7359,4.63693,1.58157,0,0,1,0,0,0,0,0,0,2021-03-07 9:46:36,,0,,
1088,https://boardgamegeek.com/xmlapi/termsofuse,"Wed, 26 Aug 2026 00:24:39 +0000",thing,13230,boardgame,48981781,Gobblers,1,2003,https://cf.geekdo-images.com/J_1Gonbv57D_0zWJiX6tng__original/img/Hs--GNKbuxHnLQxy-7L-oYm1Lns=/0x0/filters:format(png)/pic9067726.png,https://cf.geekdo-images.com/J_1Gonbv57D_0zWJiX6tng__small/img/oe1UxMKMpXSaU1z87jeGdmEaFQE=/fit-in/200x150/filters:strip_icc()/pic9067726.png,2,2,5,5,5,2723,N/A,1204,6.31732,5.73452,1.41068,0,0,1,0,0,0,0,0,0,2025-10-02 9:31:54,,0,kids our version is Gobblet Jr,
1088,https://boardgamegeek.com/xmlapi/termsofuse,"Wed, 26 Aug 2026 00:24:39 +0000",thing,2266,boardgame,54335400,Gobblet,1,2000,https://cf.geekdo-images.com/fuAt2BOjJwZshXmNatLzCg__original/img/JMkWKg1jUYEBgdoDNi0sDvdcYTU=/0x0/filters:format(jpeg)/pic1783771.jpg,https://cf.geekdo-images.com/fuAt2BOjJwZshXmNatLzCg__small/img/gD_zN-A0Y_bIm_6EbEZ4GpsTMR4=/fit-in/200x150/filters:strip_icc()/pic1783771.jpg,2,2,20,20,20,4154,N/A,2030,6.61695,5.98641,1.30405,0,1,0,0,0,0,0,0,0,2018-09-16 16:57:49,,0,(comes in a wooden box),
1088,https://boardgamegeek.com/xmlapi/termsofuse,"Wed, 26 Aug 2026 00:24:39 +0000",thing,110524,boardgame,32083786,"Goblins, Inc.",1,2012,https://cf.geekdo-images.com/y-7XKqyWHh3sE5N86EBUfA__original/img/4x73_koCjxNqljt1F-91-E0txLk=/0x0/filters:format(jpeg)/pic1415862.jpg,https://cf.geekdo-images.com/y-7XKqyWHh3sE5N86EBUfA__small/img/UtLa49EALZ2DVwSgsR9Ku5hE6hU=/fit-in/200x150/filters:strip_icc()/pic1415862.jpg,2,4,60,60,60,1885,N/A,1155,6.3595,5.77194,1.41637,0,1,0,0,0,0,0,0,0,2015-12-28 10:09:55,,0,,
1088,https://boardgamegeek.com/xmlapi/termsofuse,"Wed, 26 Aug 2026 00:24:39 +0000",thing,342010,boardgame,130540941,The Golden Ticket Game,5,2021,https://cf.geekdo-images.com/2cRn3woQvLT-3ZhY6rWaOQ__original/img/64l3X7JsX3gSBR6fYoa5JRsYqPM=/0x0/filters:format(jpeg)/pic6695603.jpg,https://cf.geekdo-images.com/2cRn3woQvLT-3ZhY6rWaOQ__small/img/W4iuE-LtwRztQdbXrHGXlRuFju4=/fit-in/200x150/filters:strip_icc()/pic6695603.jpg,2,5,20,30,30,2338,N/A,756,6.76634,5.79127,1.30273,0,1,0,0,0,0,0,0,0,2025-03-20 13:13:01,,0,,
1088,https://boardgamegeek.com/xmlapi/termsofuse,"Wed, 26 Aug 2026 00:24:39 +0000",thing,146725,boardgame,54337978,Golem Arcana,1,2014,https://cf.geekdo-images.com/0gV19ixkOkcfEp9tRt7uvA__original/img/iUVPx1V8Blabdi31HkSYiZKM7sE=/0x0/filters:format(jpeg)/pic2219440.jpg,https://cf.geekdo-images.com/0gV19ixkOkcfEp9tRt7uvA__small/img/8xd6r0reSfV1Blv_cUX2-OzkePA=/fit-in/200x150/filters:strip_icc()/pic2219440.jpg,2,8,45,45,45,1680,N/A,655,6.30536,5.6313,2.19839,0,0,1,0,0,0,0,0,0,2025-03-19 16:00:50,,0,Josh has,
1088,https://boardgamegeek.com/xmlapi/termsofuse,"Wed, 26 Aug 2026 00:24:39 +0000",thing,11100,boardgame,130515355,Gone Bush,1,1992,https://cf.geekdo-images.com/MOCxFYQYKz06kAUVrKtDWQ__original/img/GqFSKozrkqbIvPpLSSW-YLdrzWU=/0x0/filters:format(jpeg)/pic96662.jpg,https://cf.geekdo-images.com/MOCxFYQYKz06kAUVrKtDWQ__small/img/wQbBTUEKWkmTdDdJDq9_W2viM00=/fit-in/200x150/filters:strip_icc()/pic96662.jpg,3,8,,,,30,N/A,8,6.5,0,1.47902,0,1,0,0,0,0,0,0,0,2025-03-19 16:10:04,,0,,
1088,https://boardgamegeek.com/xmlapi/termsofuse,"Wed, 26 Aug 2026 00:24:39 +0000",thing,30166,boardgame,34587367,"The Good, the Bad, and the Munchkin",5,2007,https://cf.geekdo-images.com/l6IEkuhpfFlen1F_Fswy5w__original/img/VVSGaReIfGpvwJdiKLRw6O4DcqU=/0x0/filters:format(jpeg)/pic221497.jpg,https://cf.geekdo-images.com/l6IEkuhpfFlen1F_Fswy5w__small/img/1V6I4D3RHlN0olgekRqkC0E4mUk=/fit-in/200x150/filters:strip_icc()/pic221497.jpg,3,6,90,90,90,3910,N/A,1490,6.17091,5.70612,1.59646,0,0,1,0,0,0,0,0,0,2025-03-19 16:05:02,,0,Josh has a lot of the munchkin stuff,
1088,https://boardgamegeek.com/xmlapi/termsofuse,"Wed, 26 Aug 2026 00:24:39 +0000",thing,255615,boardgame,100265421,GoodCritters,1,2018,https://cf.geekdo-images.com/3dcCBokxRf3Jy1GuZlZm1Q__original/img/zHmpudaPW2QMOzzquPVDxxX0CSQ=/0x0/filters:format(jpeg)/pic4783029.jpg,https://cf.geekdo-images.com/3dcCBokxRf3Jy1GuZlZm1Q__small/img/bhLAU5iY8tF-BcrRn-xt7JrmUZI=/fit-in/200x150/filters:strip_icc()/pic4783029.jpg,4,8,30,45,45,3476,N/A,1844,6.9692,6.12851,1.32002,0,1,0,0,0,0,0,0,0,2022-11-27 17:05:13,,0,,
1088,https://boardgamegeek.com/xmlapi/termsofuse,"Wed, 26 Aug 2026 00:24:39 +0000",thing,363252,boardgame,130578183,The Great British Baking Show Game,5,2022,https://cf.geekdo-images.com/gHYSl8HcAnWHTmhZNb6NQQ__original/img/V4x9gUYEcUy6Wz3qLVlUUnZWtRc=/0x0/filters:format(jpeg)/pic6871773.jpg,https://cf.geekdo-images.com/gHYSl8HcAnWHTmhZNb6NQQ__small/img/xuP2DtP_R3gtoat36bjKU7wIAgg=/fit-in/200x150/filters:strip_icc()/pic6871773.jpg,2,4,20,20,20,977,N/A,274,5.89398,5.54311,1.55111,0,0,1,0,0,0,0,0,0,2025-10-01 21:36:13,,0,,
1088,https://boardgamegeek.com/xmlapi/termsofuse,"Wed, 26 Aug 2026 00:24:39 +0000",thing,215004,boardgame,113474381,The Great Dragon Race,5,2016,https://cf.geekdo-images.com/e4dOSdw-qgGKJ1RCbaKhjg__original/img/MxlzAq1ek-Hgjg_Huf_xwPKntwk=/0x0/filters:format(jpeg)/pic4736529.jpg,https://cf.geekdo-images.com/e4dOSdw-qgGKJ1RCbaKhjg__small/img/W0ZwWYZanbxCIqeomDQfBZRn7UM=/fit-in/200x150/filters:strip_icc()/pic4736529.jpg,2,4,25,45,45,199,N/A,63,6.07937,5.50988,1.28411,0,1,0,0,0,0,0,0,0,2023-12-12 15:04:44,,0,,
1088,https://boardgamegeek.com/xmlapi/termsofuse,"Wed, 26 Aug 2026 00:24:39 +0000",thing,177099,boardgame,38907392,Great Scott!,1,2016,https://cf.geekdo-images.com/YraiJrKQyLoRQQNZ-2060A__original/img/k6l0NeE6q8IL57GF9d82NymjZAs=/0x0/filters:format(jpeg)/pic3305628.jpg,https://cf.geekdo-images.com/YraiJrKQyLoRQQNZ-2060A__small/img/hNW3nT4tIbD2ux-i6QjAFLltaX8=/fit-in/200x150/filters:strip_icc()/pic3305628.jpg,3,5,20,45,45,355,N/A,123,6.60547,5.55022,1.65859,0,1,0,0,0,0,0,0,0,2016-12-13 21:26:46,,0,,
1088,https://boardgamegeek.com/xmlapi/termsofuse,"Wed, 26 Aug 2026 00:24:39 +0000",thing,253470,boardgame,105592773,Greedy Kingdoms,1,2018,https://cf.geekdo-images.com/I7GrFEDpbL39GYFvjqcNaw__original/img/qx2dXvOFQU_G8KfbgPfZtBwUSzc=/0x0/filters:format(png)/pic4165848.png,https://cf.geekdo-images.com/I7GrFEDpbL39GYFvjqcNaw__small/img/Hnt7ZAZvi5KfgomtZyllxsSGz8E=/fit-in/200x150/filters:strip_icc()/pic4165848.png,2,2,20,20,20,728,N/A,285,6.86133,5.64064,1.25078,0,1,0,0,0,0,0,0,0,2023-04-15 17:06:10,,0,,
1088,https://boardgamegeek.com/xmlapi/termsofuse,"Wed, 26 Aug 2026 00:24:39 +0000",thing,347805,boardgame,130515368,Green Team Wins,1,2022,https://cf.geekdo-images.com/CnbTdFLjxjuvX_HXgIDYGw__original/img/LGP4yQrZC_67Z2cerjV1ph7ggwQ=/0x0/filters:format(png)/pic6691185.png,https://cf.geekdo-images.com/CnbTdFLjxjuvX_HXgIDYGw__small/img/Xo93w8kwKWbYS-NwE_4XGD6XhQE=/fit-in/200x150/filters:strip_icc()/pic6691185.png,3,12,15,15,15,6618,N/A,3003,6.9567,6.3167,1.2145,0,1,0,0,0,0,0,0,0,2025-03-19 16:10:51,,0,,
1088,https://boardgamegeek.com/xmlapi/termsofuse,"Wed, 26 Aug 2026 00:24:39 +0000",thing,168054,boardgame,54467797,Grifters,1,2015,https://cf.geekdo-images.com/2tou-iNdB4SbFRsg2riyMw__original/img/DeN8-5IhVfjCIdl_BftbCdT00Jw=/0x0/filters:format(jpeg)/pic2922294.jpg,https://cf.geekdo-images.com/2tou-iNdB4SbFRsg2riyMw__small/img/VnbnLa392JBSKpsPAkaOnOOpQDs=/fit-in/200x150/filters:strip_icc()/pic2922294.jpg,2,4,30,30,30,3538,N/A,1626,6.67779,5.962,1.28243,0,0,1,0,0,0,0,0,0,2022-12-28 14:53:04,,0,,
1088,https://boardgamegeek.com/xmlapi/termsofuse,"Wed, 26 Aug 2026 00:24:39 +0000",thing,254513,boardgame,80291553,The Grimm Masquerade,5,2019,https://cf.geekdo-images.com/xCV0HRT0YIvcIugEP-ZtGw__original/img/DZ-G2sJ789HHZp889EHxtVvHYdw=/0x0/filters:format(jpeg)/pic7493762.jpg,https://cf.geekdo-images.com/xCV0HRT0YIvcIugEP-ZtGw__small/img/jrPJFcrUg4cUSOqQQGH1OAtgqu4=/fit-in/200x150/filters:strip_icc()/pic7493762.jpg,2,5,20,40,40,3483,N/A,1497,6.87267,6.00841,1.39673,0,1,0,0,0,0,0,0,0,2021-03-10 21:56:42,,0,,
1088,https://boardgamegeek.com/xmlapi/termsofuse,"Wed, 26 Aug 2026 00:24:39 +0000",thing,171668,boardgame,44199371,The Grizzled,5,2015,https://cf.geekdo-images.com/5JuQCtSAeSZpAL3WgWdwow__original/img/hn5gRpKVlmB3Ds9gIxD7k2SrVt4=/0x0/filters:format(png)/pic3719610.png,https://cf.geekdo-images.com/5JuQCtSAeSZpAL3WgWdwow__small/img/XcI-3g0sVumt8DsaMaBGrwftIRw=/fit-in/200x150/filters:strip_icc()/pic3719610.png,2,5,30,30,30,25377,N/A,15695,7.10764,6.86026,1.30326,0,1,0,0,0,0,0,0,0,2017-08-01 17:55:19,,0,,
1088,https://boardgamegeek.com/xmlapi/termsofuse,"Wed, 26 Aug 2026 00:24:39 +0000",thing,31808,boardgame,32083793,GUBS: A Game of Wit and Luck,1,2007,https://cf.geekdo-images.com/r7_EAUM0YAibRuC2NCNalA__original/img/AiVh0rd8c-xXjG6w8JYtlTyPrSw=/0x0/filters:format(jpeg)/pic917461.jpg,https://cf.geekdo-images.com/r7_EAUM0YAibRuC2NCNalA__small/img/rHer42EHla0S8HBU46MNmCEfTPo=/fit-in/200x150/filters:strip_icc()/pic917461.jpg,2,6,20,20,20,3926,6.5,1727,6.08862,5.69134,1.69171,0,1,0,0,0,0,0,0,0,2015-12-28 12:18:14,,0,Kids LOVE this game!,
1088,https://boardgamegeek.com/xmlapi/termsofuse,"Wed, 26 Aug 2026 00:24:39 +0000",thing,155258,boardgame,143577261,Guess the Mess!,1,2014,https://cf.geekdo-images.com/a30c4_-DPm20GqU-H9l8JQ__original/img/nXaDYgKejp0A4IjEtu1xSyLTlno=/0x0/filters:format(png)/pic9644084.png,https://cf.geekdo-images.com/a30c4_-DPm20GqU-H9l8JQ__small/img/zrCCvk_IXFiFKNXP8vgpQ3GWZwk=/fit-in/200x150/filters:strip_icc()/pic9644084.png,3,8,35,35,35,303,N/A,175,6.74389,5.58403,1.24098,0,1,0,0,0,0,0,0,0,2026-03-15 14:57:30,,0,,
1088,https://boardgamegeek.com/xmlapi/termsofuse,"Wed, 26 Aug 2026 00:24:39 +0000",thing,2379,boardgame,32083813,Guesstures,1,1990,https://cf.geekdo-images.com/d-nb2hUIkGqiA9o0pJoXjw__original/img/zJxp7VKCwwzabm0mBkhLFE5dbD4=/0x0/filters:format(jpeg)/pic3784837.jpg,https://cf.geekdo-images.com/d-nb2hUIkGqiA9o0pJoXjw__small/img/Edco377RbashsgUTVc_oB84xYIs=/fit-in/200x150/filters:strip_icc()/pic3784837.jpg,4,99,10,10,10,5305,N/A,1923,5.93527,5.669,1.52737,0,0,1,0,0,0,0,0,0,2021-03-01 21:44:57,,0,,
1088,https://boardgamegeek.com/xmlapi/termsofuse,"Wed, 26 Aug 2026 00:24:39 +0000",thing,350933,boardgame,137262952,The Guild of Merchant Explorers,5,2022,https://cf.geekdo-images.com/HZQAedsq10yAgotyNth4og__original/img/jTvjgU0WrhyTKWf0bDyMrhPqsdM=/0x0/filters:format(jpeg)/pic6670587.jpg,https://cf.geekdo-images.com/HZQAedsq10yAgotyNth4og__small/img/56IVwtzXk9WZz750cekqFYWw16g=/fit-in/200x150/filters:strip_icc()/pic6670587.jpg,1,4,45,45,45,12327,N/A,8521,7.6099,7.13641,1.13996,0,1,0,0,0,0,0,0,0,2025-10-11 7:38:54,,0,,
1088,https://boardgamegeek.com/xmlapi/termsofuse,"Wed, 26 Aug 2026 00:24:39 +0000",thing,116,boardgame,32083821,Guillotine,1,1998,https://cf.geekdo-images.com/gDbDLBdIZfkU9rc8rK4g2g__original/img/Ul4DqoFNac_z1sTA2yhY4O_b5MI=/0x0/filters:format(jpeg)/pic9528692.jpg,https://cf.geekdo-images.com/gDbDLBdIZfkU9rc8rK4g2g__small/img/xiIZBdWcTWTT4EBd1ZFwaTcl1V0=/fit-in/200x150/filters:strip_icc()/pic9528692.jpg,2,5,30,30,30,34889,6.5,22458,6.5417,6.38962,1.31205,0,1,0,0,0,0,0,0,0,2015-12-28 12:18:21,,0,Fun game!,
1088,https://boardgamegeek.com/xmlapi/termsofuse,"Wed, 26 Aug 2026 00:24:39 +0000",thing,129939,boardgame,32083830,Ha! Ha! Moustache,1,2012,https://cf.geekdo-images.com/9EuUxC9euwnXhRfho5j9xw__original/img/96lBpVP71zuxUXJkAknqZseF088=/0x0/filters:format(jpeg)/pic1605868.jpg,https://cf.geekdo-images.com/9EuUxC9euwnXhRfho5j9xw__small/img/usFSZo67PgbEKgh-RuxBYVdnHxs=/fit-in/200x150/filters:strip_icc()/pic1605868.jpg,2,99,15,30,30,357,2,111,4.76727,5.46727,1.33223,0,0,1,0,0,0,0,0,0,2022-12-28 14:54:12,,0,Blah,
1088,https://boardgamegeek.com/xmlapi/termsofuse,"Wed, 26 Aug 2026 00:24:39 +0000",thing,98778,boardgame,36113105,Hanabi,1,2010,https://cf.geekdo-images.com/JDVksMwfcqoem1k_xtZrOA__original/img/5vNHZiTEhK4aRDuGXv5KImp9cmQ=/0x0/filters:format(jpeg)/pic2007286.jpg,https://cf.geekdo-images.com/JDVksMwfcqoem1k_xtZrOA__small/img/amCeCcEKhYGbVtDvpvIMnu3qTg0=/fit-in/200x150/filters:strip_icc()/pic2007286.jpg,2,5,25,25,25,91563,N/A,53012,7.02646,6.91973,1.41608,0,1,0,0,0,0,0,0,0,2016-08-07 19:09:03,,0,small,
1088,https://boardgamegeek.com/xmlapi/termsofuse,"Wed, 26 Aug 2026 00:24:39 +0000",thing,34707,boardgame,139686854,The Hanging Gardens,5,2008,https://cf.geekdo-images.com/mEKONuxvUvGJvFFFatqkTw__original/img/0pttFfpLOu8UXyV3VzatVHes2zA=/0x0/filters:format(jpeg)/pic580143.jpg,https://cf.geekdo-images.com/mEKONuxvUvGJvFFFatqkTw__small/img/f1rFs-fvAEXyuU2NZ50ZXHsc5o8=/fit-in/200x150/filters:strip_icc()/pic580143.jpg,2,4,45,45,45,1998,N/A,2392,6.77832,6.14031,1.21348,0,1,0,0,0,0,0,0,0,2025-12-12 11:13:53,,0,,
1088,https://boardgamegeek.com/xmlapi/termsofuse,"Wed, 26 Aug 2026 00:24:39 +0000",thing,5314,boardgame,62071519,Hangman,1,1894,https://cf.geekdo-images.com/bBLpq6Nwi5GwOiZ0iyJarQ__original/img/H3UBuwdx6oaMZvDOmlFuPOwxerw=/0x0/filters:format(jpeg)/pic95712.jpg,https://cf.geekdo-images.com/bBLpq6Nwi5GwOiZ0iyJarQ__small/img/8gDHXo17V0AWEVE9OWSueR4NnSI=/fit-in/200x150/filters:strip_icc()/pic95712.jpg,2,2,10,10,10,1777,N/A,1231,4.27901,5.06811,1.59297,0,0,1,0,0,0,0,0,0,2025-10-02 12:40:05,,0,kids,
1088,https://boardgamegeek.com/xmlapi/termsofuse,"Wed, 26 Aug 2026 00:24:39 +0000",thing,194626,boardgame,50054401,Happy Salmon,1,2016,https://cf.geekdo-images.com/qiPO300rG73UqxJvpUe3og__original/img/r-ZepVlPDZRwmxcWJgLA4GpaXfY=/0x0/filters:format(jpeg)/pic7354069.jpg,https://cf.geekdo-images.com/qiPO300rG73UqxJvpUe3og__small/img/jo26IkaY-DSx4MhfRQ7lDHCPtbo=/fit-in/200x150/filters:strip_icc()/pic7354069.jpg,3,8,2,2,2,17592,N/A,7118,6.64112,6.32231,1.6063,0,0,1,0,0,0,0,0,0,2024-05-20 17:32:01,,0,kids,
1088,https://boardgamegeek.com/xmlapi/termsofuse,"Wed, 26 Aug 2026 00:24:39 +0000",thing,155969,boardgame,32083837,Harbour,1,2015,https://cf.geekdo-images.com/ECislQBZPHzEiCHOb1H3Bg__original/img/AzWc6JVdCn9CgDtMn35PEZgc0s0=/0x0/filters:format(jpeg)/pic2726915.jpg,https://cf.geekdo-images.com/ECislQBZPHzEiCHOb1H3Bg__small/img/f_JxFu1OVK5g_bmzw4PXb8imjJY=/fit-in/200x150/filters:strip_icc()/pic2726915.jpg,1,4,30,60,60,10520,6,5377,6.49399,6.1662,1.30824,0,1,0,0,0,0,0,0,0,2015-12-28 12:19:33,,0,Had a hard time with the instructions...,
1088,https://boardgamegeek.com/xmlapi/termsofuse,"Wed, 26 Aug 2026 00:24:39 +0000",thing,231280,boardgame,101384700,Harvest Dice,1,2017,https://cf.geekdo-images.com/0NRxC_50-veoaRXxlv1aBg__original/img/OtLvZaHrBbQxm5_g2gSMch2DNvU=/0x0/filters:format(jpeg)/pic3687781.jpg,https://cf.geekdo-images.com/0NRxC_50-veoaRXxlv1aBg__small/img/VBqfQb3VZjjGVP06svJQfQBVYpI=/fit-in/200x150/filters:strip_icc()/pic3687781.jpg,2,4,15,30,30,4473,N/A,2369,6.61226,6.03782,1.15963,0,1,0,0,0,0,0,0,0,2022-12-28 17:07:16,,0,P&P,
1088,https://boardgamegeek.com/xmlapi/termsofuse,"Wed, 26 Aug 2026 00:24:39 +0000",thing,232403,boardgame,63692542,Haunt the House,1,2018,https://cf.geekdo-images.com/xKSYmss21gyJlUijw4zDew__original/img/s2JUiJ7S5w6LAQ3Yj77YY09kogE=/0x0/filters:format(jpeg)/pic3760243.jpg,https://cf.geekdo-images.com/xKSYmss21gyJlUijw4zDew__small/img/PyJ3NEYwLn_woufWdnEo2auLXLg=/fit-in/200x150/filters:strip_icc()/pic3760243.jpg,2,5,30,40,40,1087,N/A,339,6.70186,5.63478,1.40262,0,1,0,0,0,0,0,0,0,2024-05-20 12:28:33,,0,kids,
1088,https://boardgamegeek.com/xmlapi/termsofuse,"Wed, 26 Aug 2026 00:24:39 +0000",thing,6887,boardgame,33481550,Hearts,1,1850,https://cf.geekdo-images.com/zZn7Q-Q17_I9VtBx9EqQeQ__original/img/RRfop0_qejIWn3o1pk4OyxxV8cA=/0x0/filters:format(jpeg)/pic1393547.jpg,https://cf.geekdo-images.com/zZn7Q-Q17_I9VtBx9EqQeQ__small/img/kPXbLyN16L_hg6BhZtdutqGkSho=/fit-in/200x150/filters:strip_icc()/pic1393547.jpg,3,7,30,30,30,2771,N/A,5096,6.54678,6.19946,1.5096,0,0,1,0,0,0,0,0,0,2025-10-02 12:41:39,,0,,
1088,https://boardgamegeek.com/xmlapi/termsofuse,"Wed, 26 Aug 2026 00:24:39 +0000",thing,1855,boardgame,32083851,Hedbanz for Adults!,1,1991,https://cf.geekdo-images.com/-qOB8gUFTEf8b6_lze6J_A__original/img/L6PeM8TqGDtCloGxyEstC9VzA_A=/0x0/filters:format(jpeg)/pic1876891.jpg,https://cf.geekdo-images.com/-qOB8gUFTEf8b6_lze6J_A__small/img/lzsraP7_c5XfpprpaCxdtxu-DlI=/fit-in/200x150/filters:strip_icc()/pic1876891.jpg,3,10,60,60,60,3443,5,1232,5.37418,5.43422,1.58098,0,0,1,0,0,0,0,0,0,2022-12-28 15:15:59,,0,"Kids liked it until they got stumped, then got bored with it fast.",
1088,https://boardgamegeek.com/xmlapi/termsofuse,"Wed, 26 Aug 2026 00:24:39 +0000",thing,224272,boardgame,56692808,Hellapagos,1,2017,https://cf.geekdo-images.com/2OjDcY1_CIvjKT-kvyb9Lw__original/img/cx9mQfnLgYqYWmbquP4jRKYP20A=/0x0/filters:format(jpeg)/pic3484991.jpg,https://cf.geekdo-images.com/2OjDcY1_CIvjKT-kvyb9Lw__small/img/eK4AY-YtrMfORTGUp44mSp6ves4=/fit-in/200x150/filters:strip_icc()/pic3484991.jpg,3,12,20,20,20,8597,N/A,4202,6.5592,6.12131,1.5445,0,1,0,0,0,0,0,0,0,2018-12-17 23:18:45,,0,,
1088,https://boardgamegeek.com/xmlapi/termsofuse,"Wed, 26 Aug 2026 00:24:39 +0000",thing,244099,boardgame,101065245,Herbaceous Sprouts,1,2019,https://cf.geekdo-images.com/9-iJIeDAHRkhnUkPVnjMTA__original/img/qgVRMu_QB3ZTZd7r-U9gfCzHuCE=/0x0/filters:format(png)/pic4066833.png,https://cf.geekdo-images.com/9-iJIeDAHRkhnUkPVnjMTA__small/img/YZVc-aqS0BTUExZoEUio7nLP78Q=/fit-in/200x150/filters:strip_icc()/pic4066833.png,1,4,30,30,30,2031,N/A,939,6.96418,5.90552,1.11945,0,1,0,0,0,0,0,0,0,2022-12-21 8:59:54,,0,,
1088,https://boardgamegeek.com/xmlapi/termsofuse,"Wed, 26 Aug 2026 00:24:39 +0000",thing,311322,boardgame,144692361,Herd Mentality,1,2020,https://cf.geekdo-images.com/85hYrpSl9Aoh2TgMf4CiDA__original/img/QPcr2EfpZjJzvNGjfQZwRbs-kMo=/0x0/filters:format(png)/pic5509026.png,https://cf.geekdo-images.com/85hYrpSl9Aoh2TgMf4CiDA__small/img/b4cbnSNGps3koFIZKsh2ThZwV8E=/fit-in/200x150/filters:strip_icc()/pic5509026.png,4,20,20,30,30,10781,N/A,4033,6.58545,6.14746,1.37591,0,1,0,0,0,0,0,0,0,2026-04-18 18:00:37,,0,,
1088,https://boardgamegeek.com/xmlapi/termsofuse,"Wed, 26 Aug 2026 00:24:39 +0000",thing,187289,boardgame,130673587,"Here, Kitty, Kitty!",1,2016,https://cf.geekdo-images.com/9oxUDZGBL_RMngH1o_rcsg__original/img/aPgjFWvc2PzRsjzawVsQJDiIq14=/0x0/filters:format(jpeg)/pic3069257.jpg,https://cf.geekdo-images.com/9oxUDZGBL_RMngH1o_rcsg__small/img/RSWdJ_EnQskpDnXkzVUP5raC8cA=/fit-in/200x150/filters:strip_icc()/pic3069257.jpg,3,6,30,30,30,2192,N/A,779,6.23578,5.65544,1.49596,0,0,1,0,0,0,0,0,0,2025-10-01 21:40:16,,0,,
1088,https://boardgamegeek.com/xmlapi/termsofuse,"Wed, 26 Aug 2026 00:24:39 +0000",thing,3439,boardgame,32083862,HeroClix,1,2002,https://cf.geekdo-images.com/OGIl25n9Zw_tvRfzwpxSrg__original/img/WLXtdIw0S6sQdcSssryUGSTXNzs=/0x0/filters:format(jpeg)/pic90721.jpg,https://cf.geekdo-images.com/OGIl25n9Zw_tvRfzwpxSrg__small/img/QEoBt3NqIuAa5m9dWCzl99jhWMM=/fit-in/200x150/filters:strip_icc()/pic90721.jpg,2,2,60,60,60,3962,N/A,2593,6.52304,5.96447,1.67053,0,0,1,0,0,0,0,0,0,2025-03-19 16:17:19,,0,Josh has,
1088,https://boardgamegeek.com/xmlapi/termsofuse,"Wed, 26 Aug 2026 00:24:39 +0000",thing,147459,boardgame,80284758,HeroClix: BioShock Infinite,1,2013,https://cf.geekdo-images.com/6-Xsph5BcHjZz7EQY2tfyA__original/img/JlIUSMwQ0gYKNr1Kao1lWqFbmRw=/0x0/filters:format(jpeg)/pic1797835.jpg,https://cf.geekdo-images.com/6-Xsph5BcHjZz7EQY2tfyA__small/img/cCNwj3c0IUCGGDjNW66Xzj54qdo=/fit-in/200x150/filters:strip_icc()/pic1797835.jpg,2,,30,30,30,34,N/A,12,6.5,0,2.32737,0,0,1,0,0,0,0,0,0,2025-03-19 16:17:37,,0,Josh has,
1088,https://boardgamegeek.com/xmlapi/termsofuse,"Wed, 26 Aug 2026 00:24:39 +0000",thing,8203,boardgame,37222104,"Hey, That's My Fish!",1,2003,https://cf.geekdo-images.com/aEtNj7BH3PDwjOcylyDx6w__original/img/3qds684KEL3fDTVuV3mxydxLhyU=/0x0/filters:format(jpeg)/pic7563283.jpg,https://cf.geekdo-images.com/aEtNj7BH3PDwjOcylyDx6w__small/img/rwsIZDzVir-gRUFkM7OZT2OifHk=/fit-in/200x150/filters:strip_icc()/pic7563283.jpg,2,4,20,20,20,30512,N/A,22913,6.69814,6.57101,1.1327,0,1,0,0,0,0,0,0,0,2016-10-01 20:42:25,,0,kids,
1088,https://boardgamegeek.com/xmlapi/termsofuse,"Wed, 26 Aug 2026 00:24:39 +0000",thing,5272,boardgame,32083869,Hilarium,1,2001,https://cf.geekdo-images.com/i5IDqvagT7JceeTIGdHaVQ__original/img/ay8wWhHaSkkynQQbwzz8DiB8ajs=/0x0/filters:format(jpeg)/pic49846.jpg,https://cf.geekdo-images.com/i5IDqvagT7JceeTIGdHaVQ__small/img/e4s0OVy8iArX7rgT6tUwJnEEEl0=/fit-in/200x150/filters:strip_icc()/pic49846.jpg,3,6,45,45,45,508,N/A,160,5.43875,5.4939,1.69008,0,0,1,0,0,0,0,0,0,2021-03-01 21:50:55,,0,,
1088,https://boardgamegeek.com/xmlapi/termsofuse,"Wed, 26 Aug 2026 00:24:39 +0000",thing,7708,boardgame,80013435,Hisss,1,2001,https://cf.geekdo-images.com/Bhp3ZZbmoSHNjiNtlUc_tQ__original/img/bxP3BuaZgVNdmagKxx_J5tVaAn4=/0x0/filters:format(jpeg)/pic262950.jpg,https://cf.geekdo-images.com/Bhp3ZZbmoSHNjiNtlUc_tQ__small/img/-PXPy1wIUF193WGdPkKjPlCU_Do=/fit-in/200x150/filters:strip_icc()/pic262950.jpg,2,5,15,15,15,3348,N/A,1464,5.6117,5.52609,1.48449,0,1,0,0,0,0,0,0,0,2024-05-20 12:14:31,,0,kids,
1088,https://boardgamegeek.com/xmlapi/termsofuse,"Wed, 26 Aug 2026 00:24:39 +0000",thing,27608,boardgame,68821909,Hit or Miss,1,2006,https://cf.geekdo-images.com/AHuw-WQsD30psQsQjxNxOw__original/img/Mbp4gEmD9Pq5ldsqUWLcRmOWC_s=/0x0/filters:format(png)/pic6783345.png,https://cf.geekdo-images.com/AHuw-WQsD30psQsQjxNxOw__small/img/t0fzXyzA48-bs79DlAUYupexLjA=/fit-in/200x150/filters:strip_icc()/pic6783345.png,3,8,30,30,30,604,N/A,212,6.19546,5.5539,1.54334,0,0,1,0,0,0,0,0,0,2024-05-20 17:32:33,,0,,
1088,https://boardgamegeek.com/xmlapi/termsofuse,"Wed, 26 Aug 2026 00:24:39 +0000",thing,6711,boardgame,32083875,Hit the Deck,1,2001,https://cf.geekdo-images.com/n4j2ZCnkf0T_EW2q851Fag__original/img/q6BXHzAP3mIN8XMudslCwiRiGHw=/0x0/filters:format(jpeg)/pic72867.jpg,https://cf.geekdo-images.com/n4j2ZCnkf0T_EW2q851Fag__small/img/D6ThHQwnlnclZM6MJ8bdAw_xoI4=/fit-in/200x150/filters:strip_icc()/pic72867.jpg,2,6,20,20,20,1167,N/A,273,4.44394,5.38914,1.35473,0,0,1,0,0,0,0,0,0,2025-10-01 21:40:59,,0,kids,
1088,https://boardgamegeek.com/xmlapi/termsofuse,"Wed, 26 Aug 2026 00:24:39 +0000",thing,176083,boardgame,64998097,Hit Z Road,1,2016,https://cf.geekdo-images.com/dPuhviFAHX6m9eCTw0OTsA__original/img/mfDXkmkMunWR6ar33FM26H2Wf6g=/0x0/filters:format(jpeg)/pic3539855.jpg,https://cf.geekdo-images.com/dPuhviFAHX6m9eCTw0OTsA__small/img/f1IExq8l4arckhYR0dacQIsUW6w=/fit-in/200x150/filters:strip_icc()/pic3539855.jpg,1,4,30,60,60,8382,N/A,4804,6.76606,6.3106,1.3027,0,1,0,0,0,0,0,0,0,2019-10-21 20:31:51,,0,,
1088,https://boardgamegeek.com/xmlapi/termsofuse,"Wed, 26 Aug 2026 00:24:39 +0000",thing,2655,boardgame,32083882,Hive,1,2001,https://cf.geekdo-images.com/fQe85tsBZoH6ibPnm1k1UA__original/img/eqUVrCJKcMBGBhw4Gfc9_9JabYE=/0x0/filters:format(jpeg)/pic791151.jpg,https://cf.geekdo-images.com/fQe85tsBZoH6ibPnm1k1UA__small/img/8ULXa8v7095ohgXMMmNlCGrC7zU=/fit-in/200x150/filters:strip_icc()/pic791151.jpg,2,2,20,20,20,58568,6,40719,7.31353,7.1652,1.33215,0,1,0,0,0,0,0,0,0,2015-12-28 12:21:03,,0,I stink at this game :),
1088,https://boardgamegeek.com/xmlapi/termsofuse,"Wed, 26 Aug 2026 00:24:39 +0000",thing,236537,boardgame,115966324,The Hollow Woods: Storytelling Card Game,5,2017,https://cf.geekdo-images.com/Lz4Q1SF2SZI92DwZs1uWng__original/img/aeodE10aVsfmPsIsbvTI_uPqqaU=/0x0/filters:format(jpeg)/pic3772157.jpg,https://cf.geekdo-images.com/Lz4Q1SF2SZI92DwZs1uWng__small/img/CPx1vKYNbFh1VQmNlMg0iJr2Ywg=/fit-in/200x150/filters:strip_icc()/pic3772157.jpg,2,5,,,,215,N/A,33,6.14394,5.50337,1.78698,0,0,1,0,0,0,0,0,0,2025-10-01 21:42:05,,0,,
1088,https://boardgamegeek.com/xmlapi/termsofuse,"Wed, 26 Aug 2026 00:24:39 +0000",thing,284742,boardgame,148901615,Honey Buzz,1,2020,https://cf.geekdo-images.com/q3KbDdmiSkvKucANAdOU1g__original/img/2mJguceZAdOqSem23FEHobaZ0a4=/0x0/filters:format(jpeg)/pic5608344.jpg,https://cf.geekdo-images.com/q3KbDdmiSkvKucANAdOU1g__small/img/4e8jsNQHJp_Cir_h1_rEBK5xXWM=/fit-in/200x150/filters:strip_icc()/pic5608344.jpg,1,4,45,90,90,20339,N/A,8961,7.48831,7.0286,1.21495,0,1,0,0,0,0,0,0,0,2026-08-25 19:23:19,,0,,
1088,https://boardgamegeek.com/xmlapi/termsofuse,"Wed, 26 Aug 2026 00:24:39 +0000",thing,607,boardgame,32084438,Honor of the Samurai,1,1996,https://cf.geekdo-images.com/I59OtNExvAKjyJTtSfc4cQ__original/img/dxoePYUFCvgmkzaaheA-pbsXbBQ=/0x0/filters:format(jpeg)/pic745942.jpg,https://cf.geekdo-images.com/I59OtNExvAKjyJTtSfc4cQ__small/img/BThZt4kyOuPOX2Xp9sHG_iwevqA=/fit-in/200x150/filters:strip_icc()/pic745942.jpg,3,6,60,60,60,1695,N/A,847,5.94659,5.59306,1.59935,0,0,1,0,0,0,0,0,0,2025-10-01 21:43:41,,0,,
1088,https://boardgamegeek.com/xmlapi/termsofuse,"Wed, 26 Aug 2026 00:24:39 +0000",thing,207336,boardgame,47181567,Honshū,1,2016,https://cf.geekdo-images.com/eqDAlJIqk1rjnoY0MDR5-w__original/img/hT1fCJW8HxRyZxtyg68Qz4PRTCg=/0x0/filters:format(jpeg)/pic3627583.jpg,https://cf.geekdo-images.com/eqDAlJIqk1rjnoY0MDR5-w__small/img/9DSDZqnYzElelWfO4beAwFbuzHc=/fit-in/200x150/filters:strip_icc()/pic3627583.jpg,2,5,30,30,30,8709,N/A,5397,6.88037,6.44266,1.12944,0,1,0,0,0,0,0,0,0,2017-11-25 12:19:39,,0,,
1088,https://boardgamegeek.com/xmlapi/termsofuse,"Wed, 26 Aug 2026 00:24:39 +0000",thing,336845,boardgame,119444210,Host Your Own Murder Mystery: At the Theatre,1,,https://cf.geekdo-images.com/I9hSY-a6PP6r1AlgFct10w__original/img/YFSqISKFFJtrsg5TltkGHRR-bak=/0x0/filters:format(jpeg)/pic8923196.jpg,https://cf.geekdo-images.com/I9hSY-a6PP6r1AlgFct10w__small/img/I8O-xdO_bf_PQaGyLj_vOgdEm74=/fit-in/200x150/filters:strip_icc()/pic8923196.jpg,5,12,,,,110,N/A,6,5.66667,0,2.49444,0,1,0,0,0,0,0,0,0,2024-05-20 17:03:18,,0,,
1088,https://boardgamegeek.com/xmlapi/termsofuse,"Wed, 26 Aug 2026 00:24:39 +0000",thing,368043,boardgame,101380501,Hot Takes,1,2021,https://cf.geekdo-images.com/Jikq3NFRVrlBPZr3ziV6UA__original/img/7emqvU3wYIGqew4S-adkfcDJm84=/0x0/filters:format(jpeg)/pic7673591.jpg,https://cf.geekdo-images.com/Jikq3NFRVrlBPZr3ziV6UA__small/img/n_54Ugt1582E_ypadwb5ojEXDfw=/fit-in/200x150/filters:strip_icc()/pic7673591.jpg,3,8,30,90,90,224,N/A,50,4.392,5.47715,1.72787,0,0,1,0,0,0,0,0,0,2025-10-01 21:44:32,,0,Party game,
1088,https://boardgamegeek.com/xmlapi/termsofuse,"Wed, 26 Aug 2026 00:24:39 +0000",thing,312759,boardgame,142571832,Hot Words,1,2020,https://cf.geekdo-images.com/ulxUXHFahoDmwNSiLA2OHw__original/img/UOqO1GKOAZZnwalUyPB2M29cUxE=/0x0/filters:format(png)/pic5492644.png,https://cf.geekdo-images.com/ulxUXHFahoDmwNSiLA2OHw__small/img/TyHLJqIeHqhzik8z_6Ag3nA-CQw=/fit-in/200x150/filters:strip_icc()/pic5492644.png,4,16,20,30,30,311,N/A,56,6.55536,5.52238,1.41698,0,1,0,0,0,0,0,0,0,2026-02-14 20:37:56,,0,,
1088,https://boardgamegeek.com/xmlapi/termsofuse,"Wed, 26 Aug 2026 00:24:39 +0000",thing,218050,boardgame,54467755,Hotshots,1,2017,https://cf.geekdo-images.com/iP9tvXkrRcRY2Sj2xCt4Ag__original/img/qdqMPvxnZOUa0k0WYZG1rFwV8Ts=/0x0/filters:format(jpeg)/pic9542449.jpg,https://cf.geekdo-images.com/iP9tvXkrRcRY2Sj2xCt4Ag__small/img/AvYaBPPNFhxfqSwqp8dYsO2VuYc=/fit-in/200x150/filters:strip_icc()/pic9542449.jpg,1,4,60,60,60,1877,N/A,950,6.98743,5.89715,1.31552,0,1,0,0,0,0,0,0,0,2023-02-19 18:12:48,,1,"Game Play: Coop. 
Our Rating: Good. Fun
Thoughts: Work Together, put out fires. Easy rules.",
1088,https://boardgamegeek.com/xmlapi/termsofuse,"Wed, 26 Aug 2026 00:24:39 +0000",thing,4875,boardgame,32083896,How to Host a Murder: The Class of '54,1,1987,https://cf.geekdo-images.com/5MLjHeCwex8F7qjgr8a2dA__original/img/Acp1T620T1CTUugPO7AIVUzmHPg=/0x0/filters:format(jpeg)/pic82071.jpg,https://cf.geekdo-images.com/5MLjHeCwex8F7qjgr8a2dA__small/img/_JmpiE77qvTS3AqsQPNgc5eMnQo=/fit-in/200x150/filters:strip_icc()/pic82071.jpg,8,8,180,180,180,289,N/A,57,6.75965,5.52724,1.30772,0,1,0,0,0,0,0,0,0,2015-12-28 10:13:04,,0,,
1088,https://boardgamegeek.com/xmlapi/termsofuse,"Wed, 26 Aug 2026 00:24:39 +0000",thing,4867,boardgame,34587294,How to Host a Murder: The Tragical Mystery Tour,1,1998,https://cf.geekdo-images.com/_PJAGT1oveAvuMkFH4StXw__original/img/Xs2oB_FRuN-A_66wpKMaNcfh97E=/0x0/filters:format(jpeg)/pic82455.jpg,https://cf.geekdo-images.com/_PJAGT1oveAvuMkFH4StXw__small/img/SfdLojzy49XxpDanZdzT4ZV3fTE=/fit-in/200x150/filters:strip_icc()/pic82455.jpg,8,8,180,180,180,78,N/A,20,6.125,0,2.21289,0,0,1,0,0,0,0,0,0,2018-09-16 16:50:19,,0,,
1088,https://boardgamegeek.com/xmlapi/termsofuse,"Wed, 26 Aug 2026 00:24:39 +0000",thing,302520,boardgame,119378300,Hues and Cues,1,2020,https://cf.geekdo-images.com/jdR8WW75HkaoHGMTCIx9lA__original/img/i8nlw_c9CYgJMzixadYVh7GTTPc=/0x0/filters:format(jpeg)/pic5390676.jpg,https://cf.geekdo-images.com/jdR8WW75HkaoHGMTCIx9lA__small/img/EJ5gcczwsYvSavYuO4UoNPS45vo=/fit-in/200x150/filters:strip_icc()/pic5390676.jpg,3,10,30,30,30,18603,N/A,8073,6.42728,6.152,1.44122,0,1,0,0,0,0,0,0,0,2024-05-18 21:11:05,,0,,
1088,https://boardgamegeek.com/xmlapi/termsofuse,"Wed, 26 Aug 2026 00:24:39 +0000",thing,2387,boardgame,32083911,Huggermugger,1,1989,https://cf.geekdo-images.com/fPep3Ze_haawiA6wu979YQ__original/img/QlHSWYyF2JAXiPitbjELs_m4kkQ=/0x0/filters:format(jpeg)/pic353210.jpg,https://cf.geekdo-images.com/fPep3Ze_haawiA6wu979YQ__small/img/ACFXxWqeRMZ-lD5B1TuH28ZR9B8=/fit-in/200x150/filters:strip_icc()/pic353210.jpg,2,4,45,45,45,1399,N/A,511,5.35741,5.45714,1.81563,0,0,1,0,0,0,0,0,0,2021-03-01 21:54:08,,0,,
1088,https://boardgamegeek.com/xmlapi/termsofuse,"Wed, 26 Aug 2026 00:24:39 +0000",thing,346463,boardgame,114710663,Hunt A Killer: Body on the Boardwalk,1,2021,https://cf.geekdo-images.com/K_2uUsyeUJxAHbSBQG0xGw__original/img/vWNDv0cVz6B1pH08C_hkca8o3Zo=/0x0/filters:format(jpeg)/pic6882266.jpg,https://cf.geekdo-images.com/K_2uUsyeUJxAHbSBQG0xGw__small/img/XVtYqlS3E6yMgTSZXld-Wf7XdLY=/fit-in/200x150/filters:strip_icc()/pic6882266.jpg,1,6,30,180,180,569,N/A,148,6.97196,5.58435,1.27768,0,1,0,0,0,0,0,0,0,2024-01-08 9:24:48,,0,,
1088,https://boardgamegeek.com/xmlapi/termsofuse,"Wed, 26 Aug 2026 00:24:39 +0000",thing,315954,boardgame,112585442,Hunt A Killer: Death at the Dive Bar,1,2020,https://cf.geekdo-images.com/kq3yHDjFbKFp7XA29Eu52Q__original/img/ZGiN59vIFYz_KNVdJQyhaV5UvcA=/0x0/filters:format(jpeg)/pic6585386.jpg,https://cf.geekdo-images.com/kq3yHDjFbKFp7XA29Eu52Q__small/img/k5ZStrEe71d7kPhSbLf1sba7KPo=/fit-in/200x150/filters:strip_icc()/pic6585386.jpg,1,6,30,180,180,1552,N/A,397,6.69843,5.65452,1.39923,0,1,0,0,0,0,0,0,0,2023-11-18 19:49:51,,0,,
1088,https://boardgamegeek.com/xmlapi/termsofuse,"Wed, 26 Aug 2026 00:24:39 +0000",thing,346467,boardgame,139686875,Hunt A Killer: Nancy Drew – Mystery at Magnolia Gardens,1,2021,https://cf.geekdo-images.com/gKVcYwrdyw0xPfcf9w80uw__original/img/OXeqHggz58q7tJ1plDTx7zhXrr0=/0x0/filters:format(jpeg)/pic6421114.jpg,https://cf.geekdo-images.com/gKVcYwrdyw0xPfcf9w80uw__small/img/KJVVyGtRGnxMddMPjWtyjTgDnqg=/fit-in/200x150/filters:strip_icc()/pic6421114.jpg,1,99,60,90,90,636,N/A,155,7.04484,5.58939,1.32356,0,1,0,0,0,0,0,0,0,2025-12-12 11:14:24,,0,,
1088,https://boardgamegeek.com/xmlapi/termsofuse,"Wed, 26 Aug 2026 00:24:39 +0000",thing,428825,boardgame,130515988,The Hygge Game: Trivia Edition,5,2018,https://cf.geekdo-images.com/ZjkdrNzUd3oaH3l-ZLIQBQ__original/img/g-EHCy42052ZP491Fv3dRHFjcoM=/0x0/filters:format(png)/pic8468314.png,https://cf.geekdo-images.com/ZjkdrNzUd3oaH3l-ZLIQBQ__small/img/y3_gTNfvbjTzKmrMYPsGZNlvxVs=/fit-in/200x150/filters:strip_icc()/pic8468314.png,2,99,,,,91,N/A,14,5.91071,0,1.99017,0,0,1,0,0,0,0,0,0,2025-03-19 16:31:32,,0,,
1088,https://boardgamegeek.com/xmlapi/termsofuse,"Wed, 26 Aug 2026 00:24:39 +0000",thing,177524,boardgame,136976083,ICECOOL,1,2016,https://cf.geekdo-images.com/xVx8ex1fjO9C7W8rRvWdVQ__original/img/rIyNSXqNgGs4Yqt0xL5CdTp9grg=/0x0/filters:format(png)/pic3320017.png,https://cf.geekdo-images.com/xVx8ex1fjO9C7W8rRvWdVQ__small/img/7ZeCdaJWigksF5wUHTGGXmmfP6Y=/fit-in/200x150/filters:strip_icc()/pic3320017.png,2,4,30,30,30,20761,N/A,12362,6.77943,6.54875,1.26288,0,1,0,0,0,0,0,0,0,2025-10-02 9:30:25,,0,,
1088,https://boardgamegeek.com/xmlapi/termsofuse,"Wed, 26 Aug 2026 00:24:39 +0000",thing,28,boardgame,141741565,Illuminati,1,1987,https://cf.geekdo-images.com/ea8y04WKGgdQkFy1Pbw9tA__original/img/F_xGJIZyrFTkGwRRhV4wk8uVbh4=/0x0/filters:format(jpeg)/pic1320091.jpg,https://cf.geekdo-images.com/ea8y04WKGgdQkFy1Pbw9tA__small/img/eph2ZknTAhhs-A8ij76DJbhzjrs=/fit-in/200x150/filters:strip_icc()/pic1320091.jpg,2,6,60,180,180,10027,N/A,5318,6.46374,6.09055,1.60118,0,1,0,0,0,0,0,0,0,2026-01-24 21:00:51,,0,,
1088,https://boardgamegeek.com/xmlapi/termsofuse,"Wed, 26 Aug 2026 00:24:39 +0000",thing,218804,boardgame,63692596,Imaginarium,1,2018,https://cf.geekdo-images.com/-5vpTD8Jk-CnuSraXOpyDA__original/img/0b9kPawSRSkqTJ7zbOTM_y6ev-I=/0x0/filters:format(jpeg)/pic6108487.jpg,https://cf.geekdo-images.com/-5vpTD8Jk-CnuSraXOpyDA__small/img/jO-AckFa4XQlJwjBMwWlD-vGnSE=/fit-in/200x150/filters:strip_icc()/pic6108487.jpg,2,5,90,90,90,4061,N/A,2232,7.1194,6.24772,1.35575,0,1,0,0,0,0,0,0,0,2019-09-02 9:54:02,,0,,
1088,https://boardgamegeek.com/xmlapi/termsofuse,"Wed, 26 Aug 2026 00:24:39 +0000",thing,191894,boardgame,108871082,Imagine,1,2015,https://cf.geekdo-images.com/K-Hp2v5Bc_UKMGlBF2oIEQ__original/img/Yrr-KrZV24OPZyqPq9KR5CJO-pA=/0x0/filters:format(jpeg)/pic3061260.jpg,https://cf.geekdo-images.com/K-Hp2v5Bc_UKMGlBF2oIEQ__small/img/7iWqJ6jHsgKCTcNs41nEgT7_NzA=/fit-in/200x150/filters:strip_icc()/pic3061260.jpg,3,8,20,20,20,9263,N/A,4796,6.80509,6.32535,1.29849,0,1,0,0,0,0,0,0,0,2023-08-03 22:43:37,,0,,
1088,https://boardgamegeek.com/xmlapi/termsofuse,"Wed, 26 Aug 2026 00:24:39 +0000",thing,2750,boardgame,32083921,Imaginiff,1,1998,https://cf.geekdo-images.com/wfhigRDClr2BkJJb5_CB9w__original/img/msqp5cHWR7h2aQ0Lo6ociZRf1us=/0x0/filters:format(jpeg)/pic212910.jpg,https://cf.geekdo-images.com/wfhigRDClr2BkJJb5_CB9w__small/img/475cIeOaIfYts63b0O-qdBQtSr8=/fit-in/200x150/filters:strip_icc()/pic212910.jpg,3,8,30,30,30,3818,N/A,1653,5.52643,5.48392,1.54355,0,0,1,0,0,0,0,0,0,2022-12-28 15:38:11,,0,,
1088,https://boardgamegeek.com/xmlapi/termsofuse,"Wed, 26 Aug 2026 00:24:39 +0000",thing,191862,boardgame,40604153,Imhotep,1,2016,https://cf.geekdo-images.com/HkAt5n4R8XM0vNozl7fftA__original/img/934t5i7J90wlw6mb6p2m_3u98i0=/0x0/filters:format(jpeg)/pic3029488.jpg,https://cf.geekdo-images.com/HkAt5n4R8XM0vNozl7fftA__small/img/1JpxGZSWJf3mxnZZGaGOTqExoH4=/fit-in/200x150/filters:strip_icc()/pic3029488.jpg,2,4,40,40,40,23672,N/A,16982,7.12347,6.89706,1.14481,0,1,0,0,0,0,0,0,0,2017-02-17 15:01:06,,0,,
1088,https://boardgamegeek.com/xmlapi/termsofuse,"Wed, 26 Aug 2026 00:24:39 +0000",thing,255674,boardgame,80291509,Imhotep: The Duel,1,2018,https://cf.geekdo-images.com/EZ_6hP3PPQxF8oEkOZ1qng__original/img/QLGzyao7nE2s7Wr5wtZsRgjY5Yk=/0x0/filters:format(jpeg)/pic4597146.jpg,https://cf.geekdo-images.com/EZ_6hP3PPQxF8oEkOZ1qng__small/img/Ir14CaCv7g1dSMAy6PdBRBV5AFY=/fit-in/200x150/filters:strip_icc()/pic4597146.jpg,2,2,30,30,30,7800,N/A,3540,7.04499,6.41427,1.12955,0,1,0,0,0,0,0,0,0,2021-03-10 21:51:43,,0,,
1088,https://boardgamegeek.com/xmlapi/termsofuse,"Wed, 26 Aug 2026 00:24:39 +0000",thing,270844,boardgame,66266947,Imperial Settlers: Empires of the North,1,2019,https://cf.geekdo-images.com/w6HMeWkxsTJM6zC8oxwUfQ__original/img/HTrXseY1Z66BC8QkdFgL2XUnA4A=/0x0/filters:format(jpeg)/pic4543694.jpg,https://cf.geekdo-images.com/w6HMeWkxsTJM6zC8oxwUfQ__small/img/g1qP3Gm2krXidqUYAJCS-xZVz0I=/fit-in/200x150/filters:strip_icc()/pic4543694.jpg,1,4,45,90,90,13978,N/A,8081,7.37206,6.91346,1.34636,0,1,0,0,0,0,0,0,0,2019-11-29 15:00:18,,0,,
1088,https://boardgamegeek.com/xmlapi/termsofuse,"Wed, 26 Aug 2026 00:24:39 +0000",thing,289020,boardgame,100975114,Incohearent,1,2019,https://cf.geekdo-images.com/Gf4dy08tU_3MyljIGXopyQ__original/img/xG7bNzl8GB2Lx0BjMP0eIIsMQvA=/0x0/filters:format(jpeg)/pic9031636.jpg,https://cf.geekdo-images.com/Gf4dy08tU_3MyljIGXopyQ__small/img/ePv1ftfDfGn79MGQpxkE7AIo_RI=/fit-in/200x150/filters:strip_icc()/pic9031636.jpg,2,20,20,40,40,1761,N/A,360,5.45334,5.48385,1.54217,0,0,1,0,0,0,0,0,0,2025-10-01 21:48:07,,0,Party game,
1088,https://boardgamegeek.com/xmlapi/termsofuse,"Wed, 26 Aug 2026 00:24:39 +0000",thing,71099,boardgame,54575915,Ingenious Challenges,1,2010,https://cf.geekdo-images.com/xr05OmQS62ErDJ-qa6I6aA__original/img/56tInRj0oVM1pJF26OTF-89IG7M=/0x0/filters:format(jpeg)/pic784334.jpg,https://cf.geekdo-images.com/xr05OmQS62ErDJ-qa6I6aA__small/img/rmV8dHoOp06VsxIa2YGsd1WmiTI=/fit-in/200x150/filters:strip_icc()/pic784334.jpg,2,4,30,45,45,1360,N/A,496,5.87475,5.56457,1.47708,0,0,1,0,0,0,0,0,0,2025-10-02 10:47:41,,0,,
1088,https://boardgamegeek.com/xmlapi/termsofuse,"Wed, 26 Aug 2026 00:24:39 +0000",thing,154246,boardgame,53491804,La Isla,4,2014,https://cf.geekdo-images.com/NR5VdEHv-LilFS3UKG82wg__original/img/PU2IpbxX8KGs_sIV5IoBW6jfIS4=/0x0/filters:format(jpeg)/pic2073938.jpg,https://cf.geekdo-images.com/NR5VdEHv-LilFS3UKG82wg__small/img/PO7_SuSMn-k1xOVj4resJoonmnA=/fit-in/200x150/filters:strip_icc()/pic2073938.jpg,2,4,30,60,60,8921,N/A,5905,6.86999,6.46427,1.15884,0,1,0,0,0,0,0,0,0,2024-05-20 12:24:02,,2,"(filed under La Isla)  
Game Play: Resource collection
Our Rating: Good
Thoughts: Fun. Good timing. Strategic",
1088,https://boardgamegeek.com/xmlapi/termsofuse,"Wed, 26 Aug 2026 00:24:39 +0000",thing,281259,boardgame,119339955,The Isle of Cats,5,2019,https://cf.geekdo-images.com/AuAheDzhkLufiZFE9JaRNA__original/img/pKq-l1Ms78olHwMbZYMa_x6m-fM=/0x0/filters:format(jpeg)/pic4781085.jpg,https://cf.geekdo-images.com/AuAheDzhkLufiZFE9JaRNA__small/img/gENtMHYJDff6XaGGOYw9oSZShCs=/fit-in/200x150/filters:strip_icc()/pic4781085.jpg,1,4,60,90,90,44112,N/A,25592,7.60433,7.35835,1.27128,0,1,0,0,0,0,0,0,0,2024-05-17 14:37:26,,0,,
1088,https://boardgamegeek.com/xmlapi/termsofuse,"Wed, 26 Aug 2026 00:24:39 +0000",thing,148949,boardgame,80284853,Istanbul,1,2014,https://cf.geekdo-images.com/PHH9Mreen2sBcxV6ZsE3ew__original/img/pHIJibqf-DmlOQD3CfT_rAjGmc0=/0x0/filters:format(jpeg)/pic1885326.jpg,https://cf.geekdo-images.com/PHH9Mreen2sBcxV6ZsE3ew__small/img/Vzpg3sdeAbCy0IxSAoh1aH9nvDE=/fit-in/200x150/filters:strip_icc()/pic1885326.jpg,2,5,40,60,60,39158,N/A,33944,7.53327,7.37006,1.15204,0,0,1,0,0,0,0,0,0,2025-10-02 9:49:00,,0,,
1088,https://boardgamegeek.com/xmlapi/termsofuse,"Wed, 26 Aug 2026 00:24:39 +0000",thing,235488,boardgame,52718243,Istanbul: The Dice Game,1,2017,https://cf.geekdo-images.com/1Plr8IRp0aXsfWOslhAgZQ__original/img/obry31vcOZx4Fg_bNFa_6mcJgRE=/0x0/filters:format(jpeg)/pic4017301.jpg,https://cf.geekdo-images.com/1Plr8IRp0aXsfWOslhAgZQ__small/img/dUJntOtZqXSlbtDl6PoqE6AKuSg=/fit-in/200x150/filters:strip_icc()/pic4017301.jpg,2,4,20,40,40,8779,N/A,5408,7.14241,6.61538,1.16941,0,1,0,0,0,0,0,0,0,2018-07-06 18:20:05,,0,,
1088,https://boardgamegeek.com/xmlapi/termsofuse,"Wed, 26 Aug 2026 00:24:39 +0000",thing,54043,boardgame,34362262,Jaipur,1,2009,https://cf.geekdo-images.com/_LTujSe_o16nvjDC-J0seA__original/img/zUnAdsgt4dCxvtoRDc_9DHbic0M=/0x0/filters:format(jpeg)/pic5100947.jpg,https://cf.geekdo-images.com/_LTujSe_o16nvjDC-J0seA__small/img/82vhODfpxIT03BzW4NkisJ5Unzs=/fit-in/200x150/filters:strip_icc()/pic5100947.jpg,2,2,30,30,30,97257,N/A,58857,7.47824,7.36109,1.11578,0,1,0,0,0,0,0,0,0,2016-05-01 12:06:48,,0,I like this game a lot,
1088,https://boardgamegeek.com/xmlapi/termsofuse,"Wed, 26 Aug 2026 00:24:39 +0000",thing,28023,boardgame,105116959,Jamaica,1,2007,https://cf.geekdo-images.com/jZRfv3isrBG5waCzEx60Cw__original/img/aLqKSqw-RWyR4wyfFUywWMQXUTc=/0x0/filters:format(png)/pic6434838.png,https://cf.geekdo-images.com/jZRfv3isrBG5waCzEx60Cw__small/img/6q5nirF5yn1d0qtjm2UEI5HV874=/fit-in/200x150/filters:strip_icc()/pic6434838.png,2,6,30,60,60,33203,N/A,22476,7.05746,6.87462,1.2488,0,1,0,0,0,0,0,0,0,2023-03-31 15:43:11,,0,,
1088,https://boardgamegeek.com/xmlapi/termsofuse,"Wed, 26 Aug 2026 00:24:39 +0000",thing,2452,boardgame,32083930,Jenga,1,1983,https://cf.geekdo-images.com/YH5C06snaoJtDqKjwMROPw__original/img/gB1mfMGbSkXgYxU5FA4QWForCZk=/0x0/filters:format(jpeg)/pic5140451.jpg,https://cf.geekdo-images.com/YH5C06snaoJtDqKjwMROPw__small/img/cSHIiN_mZQEqKMI1G7qRbTMp4nk=/fit-in/200x150/filters:strip_icc()/pic5140451.jpg,1,8,20,20,20,36057,5,17616,5.66456,5.58255,1.47139,0,1,0,0,0,0,0,0,0,2015-12-28 12:21:56,,0,kids,
1088,https://boardgamegeek.com/xmlapi/termsofuse,"Wed, 26 Aug 2026 00:24:39 +0000",thing,37624,boardgame,52030697,The Joke Game,5,2008,https://cf.geekdo-images.com/RHGtp51HIgWVRN02YANJgA__original/img/dtWhxsKgjC_pkEit8Tl4Y3rcj4M=/0x0/filters:format(jpeg)/pic367666.jpg,https://cf.geekdo-images.com/RHGtp51HIgWVRN02YANJgA__small/img/Ngxd2ueD1og9XpMeV9qY6Ju_isE=/fit-in/200x150/filters:strip_icc()/pic367666.jpg,3,6,30,30,30,62,N/A,18,3.33333,0,1.88562,0,0,1,0,0,0,0,0,0,2021-03-01 21:50:20,,0,,
1088,https://boardgamegeek.com/xmlapi/termsofuse,"Wed, 26 Aug 2026 00:24:39 +0000",thing,263744,boardgame,81061925,Jonathan Strange & Mr Norrell: A Board Game of English Magic,1,2019,https://cf.geekdo-images.com/eFqi4c0Yl7p9WKvhBiJesA__original/img/8710sqqwZSG2alm-D6MsMJxL7PY=/0x0/filters:format(jpeg)/pic4385110.jpg,https://cf.geekdo-images.com/eFqi4c0Yl7p9WKvhBiJesA__small/img/MMfPru0dYurPNXR2ictobX8nP1g=/fit-in/200x150/filters:strip_icc()/pic4385110.jpg,2,4,60,80,80,818,N/A,292,6.37305,5.57961,1.60655,0,1,0,0,0,0,0,0,0,2021-04-05 17:56:04,,0,,
1088,https://boardgamegeek.com/xmlapi/termsofuse,"Wed, 26 Aug 2026 00:24:39 +0000",thing,178647,boardgame,50348442,Jr. Rangerland FickleFish,1,2013,https://cf.geekdo-images.com/AQhN4zh1HfJhVImHLi-Law__original/img/MfX5CLMIjmeK_Jv3R0RB-JyoZOk=/0x0/filters:format(png)/pic2556391.png,https://cf.geekdo-images.com/AQhN4zh1HfJhVImHLi-Law__small/img/SRb_emIUOg8PZID1blwt9YWR5S8=/fit-in/200x150/filters:strip_icc()/pic2556391.png,2,6,10,,10,15,N/A,4,5.75,0,1.47902,0,0,1,0,0,0,0,0,0,2025-10-01 21:50:38,,0,kids,
1088,https://boardgamegeek.com/xmlapi/termsofuse,"Wed, 26 Aug 2026 00:24:39 +0000",thing,205597,boardgame,54467733,Jump Drive,1,2017,https://cf.geekdo-images.com/vidEoAQGKIucMiHEwVE-tQ__original/img/c8_pAZOeAxfE6vOoUTUYy3G-z5Y=/0x0/filters:format(jpeg)/pic3121227.jpg,https://cf.geekdo-images.com/vidEoAQGKIucMiHEwVE-tQ__small/img/tuaYCNt7vesWf83MSn7_Dwa64m4=/fit-in/200x150/filters:strip_icc()/pic3121227.jpg,2,4,10,30,30,7604,N/A,5531,6.99516,6.53593,1.36223,0,1,0,0,0,0,0,0,0,2018-09-22 20:41:40,,0,,
1088,https://boardgamegeek.com/xmlapi/termsofuse,"Wed, 26 Aug 2026 00:24:39 +0000",thing,192729,boardgame,55258444,Jump Ship!,1,2016,https://cf.geekdo-images.com/AAHmtONgZ8APh2T_E_S_ZQ__original/img/qz6NDWdogGfaZgCN4QKBc96L_uM=/0x0/filters:format(jpeg)/pic3048469.jpg,https://cf.geekdo-images.com/AAHmtONgZ8APh2T_E_S_ZQ__small/img/m-_iw2AOzwRbGyqJJYucfp6f-eM=/fit-in/200x150/filters:strip_icc()/pic3048469.jpg,1,2,15,15,15,283,N/A,79,5.41899,5.4977,1.32933,0,0,1,0,0,0,0,0,0,2025-10-01 21:52:18,,0,,
1088,https://boardgamegeek.com/xmlapi/termsofuse,"Wed, 26 Aug 2026 00:24:39 +0000",thing,14495,boardgame,54336062,Junior Mix & Match,1,2003,https://cf.geekdo-images.com/XqVEdjp0DMx1WBKhLFCIHg__original/img/06j9b9wLIrQDjaXInzaq3uECmQo=/0x0/filters:format(jpeg)/pic72884.jpg,https://cf.geekdo-images.com/XqVEdjp0DMx1WBKhLFCIHg__small/img/tkmLgD6mTwgAyd0kNrLZEC6fRYA=/fit-in/200x150/filters:strip_icc()/pic72884.jpg,2,4,20,20,20,55,N/A,22,5.58636,0,1.74962,0,0,1,0,0,0,0,0,0,2025-10-01 21:52:49,,0,Kids Our Version is Vehicle Mix & Match),
1088,https://boardgamegeek.com/xmlapi/termsofuse,"Wed, 26 Aug 2026 00:24:39 +0000",thing,193042,boardgame,66266954,Junk Art,1,2016,https://cf.geekdo-images.com/5VDnpX_3ykgCjTJSmHdfCA__original/img/jb13nJHqbMmoK0P9gpjGaVu8v3U=/0x0/filters:format(jpeg)/pic2884509.jpg,https://cf.geekdo-images.com/5VDnpX_3ykgCjTJSmHdfCA__small/img/LLHF9t1MxB0m-NBe_C9cxAyIslA=/fit-in/200x150/filters:strip_icc()/pic2884509.jpg,2,6,30,30,30,12219,N/A,8336,7.34298,6.90287,1.25285,0,1,0,0,0,0,0,0,0,2019-11-29 15:00:35,,0,,
1088,https://boardgamegeek.com/xmlapi/termsofuse,"Wed, 26 Aug 2026 00:24:39 +0000",thing,254640,boardgame,112601979,Just One,1,2018,https://cf.geekdo-images.com/74haNunMBn85beBi-yIKwA__original/img/hA22qL6nZxchA8FMTIfhLMcI53I=/0x0/filters:format(png)/pic8669313.png,https://cf.geekdo-images.com/74haNunMBn85beBi-yIKwA__small/img/feIV-gqMeza43ycvxh6PGx4lA_w=/fit-in/200x150/filters:strip_icc()/pic8669313.png,3,7,20,60,60,61648,N/A,35732,7.58789,7.43581,1.20945,0,1,0,0,0,0,0,0,0,2023-11-19 8:31:59,,0,,
1088,https://boardgamegeek.com/xmlapi/termsofuse,"Wed, 26 Aug 2026 00:24:39 +0000",thing,91113,boardgame,97206671,KaBam!,1,2011,https://cf.geekdo-images.com/x6rPynQJwKUm4mhPyPo6Bw__original/img/EFF1K6qDBanzq2jHgNWcbAZma7U=/0x0/filters:format(jpeg)/pic901656.jpg,https://cf.geekdo-images.com/x6rPynQJwKUm4mhPyPo6Bw__small/img/yLA6WdJUW1FOKsLM8N6EfS903H4=/fit-in/200x150/filters:strip_icc()/pic901656.jpg,2,,15,15,15,47,N/A,8,6.75,0,1.47902,0,1,0,0,0,0,0,0,0,2024-05-20 12:33:20,,0,kids,
1088,https://boardgamegeek.com/xmlapi/termsofuse,"Wed, 26 Aug 2026 00:24:39 +0000",thing,394,boardgame,54030371,Kahuna,1,1998,https://cf.geekdo-images.com/UdhhVlmQihMbvlNSvY1lUA__original/img/eFUPl6jyG6enyuTqqEE-4vGw7NI=/0x0/filters:format(jpeg)/pic2606165.jpg,https://cf.geekdo-images.com/UdhhVlmQihMbvlNSvY1lUA__small/img/bc5NxkspfUfPskxlC30SxlwNyxs=/fit-in/200x150/filters:strip_icc()/pic2606165.jpg,2,2,30,40,40,15129,N/A,10383,6.60807,6.38333,1.27471,0,1,0,0,0,0,0,0,0,2018-09-02 15:34:36,,0,,
1088,https://boardgamegeek.com/xmlapi/termsofuse,"Wed, 26 Aug 2026 00:24:39 +0000",thing,159506,boardgame,101384629,Kaiju,1,2014,https://cf.geekdo-images.com/lGv3u5FaGAUY-E5ZPEaJIw__original/img/q4QsPpQwCFbAOadztvKLTlvkmB0=/0x0/filters:format(jpeg)/pic2066219.jpg,https://cf.geekdo-images.com/lGv3u5FaGAUY-E5ZPEaJIw__small/img/fishtDfjExtfF29XTPwoFoKd2gU=/fit-in/200x150/filters:strip_icc()/pic2066219.jpg,3,8,10,10,10,75,N/A,24,6.79167,0,1.49942,0,1,0,0,0,0,0,0,0,2022-12-28 17:05:41,,0,P&P,
1088,https://boardgamegeek.com/xmlapi/termsofuse,"Wed, 26 Aug 2026 00:24:39 +0000",thing,2448,boardgame,32084058,Kalah,1,1940,https://cf.geekdo-images.com/Rvu1UIrmRwpfA3TPB8gMQg__original/img/XtvUXTworDGm-D1HA9ubQPxullo=/0x0/filters:format(jpeg)/pic302117.jpg,https://cf.geekdo-images.com/Rvu1UIrmRwpfA3TPB8gMQg__small/img/xzezJomWTN7zH-5672AX9d7C-9U=/fit-in/200x150/filters:strip_icc()/pic302117.jpg,2,2,10,10,10,18094,N/A,8140,6.01489,5.84705,1.45775,0,1,0,0,0,0,0,0,0,2024-05-20 12:34:02,,0,"Old Games
Our version is called Mancala",
1088,https://boardgamegeek.com/xmlapi/termsofuse,"Wed, 26 Aug 2026 00:24:39 +0000",thing,183251,boardgame,86306953,Karuba,1,2015,https://cf.geekdo-images.com/hhV3JiYZUHEi_glLhC0v8w__original/img/CJ-VpizVCicjpKS6Gs5hy9E74LQ=/0x0/filters:format(jpeg)/pic2727088.jpg,https://cf.geekdo-images.com/hhV3JiYZUHEi_glLhC0v8w__small/img/_XHxgYraTvLmBnHpY8snFa2ma9o=/fit-in/200x150/filters:strip_icc()/pic2727088.jpg,2,4,30,40,40,17681,N/A,12006,7.16096,6.86119,1.09903,0,1,0,0,0,0,0,0,0,2021-10-07 21:31:30,,0,,
1088,https://boardgamegeek.com/xmlapi/termsofuse,"Wed, 26 Aug 2026 00:24:39 +0000",thing,16991,boardgame,36812872,Khet: The Laser Game,1,2005,https://cf.geekdo-images.com/V3qUgAQLpkGU5SPffh3m2Q__original/img/odGSljFJVeANsBmkrtOWUuxdvZw=/0x0/filters:format(jpeg)/pic289666.jpg,https://cf.geekdo-images.com/V3qUgAQLpkGU5SPffh3m2Q__small/img/Vi3W4mJ9VBRAovoQ04L2Vei-Mh0=/fit-in/200x150/filters:strip_icc()/pic289666.jpg,2,2,20,20,20,4370,N/A,2849,6.48704,6.00563,1.38123,0,0,1,0,0,0,0,0,0,2016-10-01 19:55:09,,0,,
1088,https://boardgamegeek.com/xmlapi/termsofuse,"Wed, 26 Aug 2026 00:24:39 +0000",thing,283124,boardgame,130517219,Kids Against Maturity,1,2018,https://cf.geekdo-images.com/8LoZKTzgadapJGYUu8DpSw__original/img/3cWR27HyyT0SFmC9_6qjD8NFFHc=/0x0/filters:format(jpeg)/pic4817588.jpg,https://cf.geekdo-images.com/8LoZKTzgadapJGYUu8DpSw__small/img/w45fm6pM0ixzZRu-Kfvmvb-tQB8=/fit-in/200x150/filters:strip_icc()/pic4817588.jpg,4,10,30,90,90,1307,N/A,245,5.22903,5.46405,1.72715,0,0,1,0,0,0,0,0,0,2025-10-02 12:51:26,,0,Kids,
1088,https://boardgamegeek.com/xmlapi/termsofuse,"Wed, 26 Aug 2026 00:24:39 +0000",thing,340288,boardgame,115965557,Kids Chronicles: Quest for the Moon Stones,1,2021,https://cf.geekdo-images.com/C8HD9TscSCe-beO1OY2Lug__original/img/F_DzxFw3xNVg4n20JShzZSzXw0k=/0x0/filters:format(jpeg)/pic6528408.jpg,https://cf.geekdo-images.com/C8HD9TscSCe-beO1OY2Lug__small/img/R4wNpjlq6Ii3RbizqNxrc8C8W68=/fit-in/200x150/filters:strip_icc()/pic6528408.jpg,1,4,30,45,45,2590,N/A,980,7.21979,5.97528,1.40957,0,1,0,0,0,0,0,0,0,2025-03-19 17:03:43,,0,Kids,
1088,https://boardgamegeek.com/xmlapi/termsofuse,"Wed, 26 Aug 2026 00:24:39 +0000",thing,257,boardgame,53491794,Kill Doctor Lucky,1,1996,https://cf.geekdo-images.com/HzSvdAtAiktVmdTfDEIayA__original/img/hdvDZLMGdx5EDOQFlKj8GcZkTp8=/0x0/filters:format(jpeg)/pic2923257.jpg,https://cf.geekdo-images.com/HzSvdAtAiktVmdTfDEIayA__small/img/fIMPwA6ZEVr9bSf7QFrsezXjafg=/fit-in/200x150/filters:strip_icc()/pic2923257.jpg,3,8,45,45,45,13528,N/A,7521,6.15566,5.94087,1.53578,0,0,1,0,0,0,0,0,0,2025-10-02 12:53:25,,0,,
1088,https://boardgamegeek.com/xmlapi/termsofuse,"Wed, 26 Aug 2026 00:24:39 +0000",thing,95607,boardgame,62071261,Killer Bunnies and the Conquest of the Magic Carrot,1,2011,https://cf.geekdo-images.com/K297LEKWE7ZqDVXLWtM-xg__original/img/-2fYUpFrcEX7sV8MgfRnApMKlzo=/0x0/filters:format(jpeg)/pic953190.jpg,https://cf.geekdo-images.com/K297LEKWE7ZqDVXLWtM-xg__small/img/q_hYB4M8Q3WtjSqYR-SkrOuH-l4=/fit-in/200x150/filters:strip_icc()/pic953190.jpg,2,8,60,60,60,700,N/A,231,5.88859,5.51945,2.04904,0,0,1,0,0,0,0,0,0,2025-10-02 12:54:02,,0,,
1088,https://boardgamegeek.com/xmlapi/termsofuse,"Wed, 26 Aug 2026 00:24:39 +0000",thing,3699,boardgame,34362240,Killer Bunnies and the Quest for the Magic Carrot,1,2002,https://cf.geekdo-images.com/D5riwsF99qUKZfvflF48dQ__original/img/N-xG8X2vsIux-l9pGwiKQsJtTso=/0x0/filters:format(jpeg)/pic207282.jpg,https://cf.geekdo-images.com/D5riwsF99qUKZfvflF48dQ__small/img/pKAAesmaLatkg_ZGoTcicsioWM4=/fit-in/200x150/filters:strip_icc()/pic207282.jpg,2,8,45,45,45,11359,N/A,6057,5.51656,5.39389,1.99136,0,0,0,0,0,0,0,0,0,2025-03-19 17:07:06,,0,In with killer Bunnies and the conquest of the magic carrot - Fun game for the kids,
1088,https://boardgamegeek.com/xmlapi/termsofuse,"Wed, 26 Aug 2026 00:24:39 +0000",thing,209849,boardgame,64998222,King Frog,1,2016,https://cf.geekdo-images.com/CRNr-IjANGmnMly93P9_lw__original/img/e-mptaAQU9iEDNHY_FhTijWcmog=/0x0/filters:format(png)/pic3648641.png,https://cf.geekdo-images.com/CRNr-IjANGmnMly93P9_lw__small/img/C85uPMQ3exnB5lhL8JPZ4GWj5jc=/fit-in/200x150/filters:strip_icc()/pic3648641.png,2,4,15,15,15,235,N/A,132,6.67424,5.56024,1.12544,0,1,0,0,0,0,0,0,0,2019-10-21 20:37:13,,0,kids,
1088,https://boardgamegeek.com/xmlapi/termsofuse,"Wed, 26 Aug 2026 00:24:39 +0000",thing,160499,boardgame,32083941,King of New York,1,2014,https://cf.geekdo-images.com/FGekxht_r5xqt8oSmQ9HZg__original/img/b5zgGvja0Qpte-Jqb5baQNWuG3c=/0x0/filters:format(jpeg)/pic2407103.jpg,https://cf.geekdo-images.com/FGekxht_r5xqt8oSmQ9HZg__small/img/DBoMebkqbcyZWJVLC5MRbF-YbnU=/fit-in/200x150/filters:strip_icc()/pic2407103.jpg,2,6,40,40,40,27638,N/A,17417,6.85808,6.6507,1.29759,0,1,0,0,0,0,0,0,0,2024-05-20 12:36:12,,0,,
1088,https://boardgamegeek.com/xmlapi/termsofuse,"Wed, 26 Aug 2026 00:24:39 +0000",thing,70323,boardgame,50644894,King of Tokyo,1,2011,https://cf.geekdo-images.com/m_RzXpHURC0_xLkvRSR_sw__original/img/hSvWgiRYJCTTuoLOWTW3c8sYtl8=/0x0/filters:format(jpeg)/pic3043734.jpg,https://cf.geekdo-images.com/m_RzXpHURC0_xLkvRSR_sw__small/img/OfgWmkGJj5BgOO0zFHEtP5CHfbU=/fit-in/200x150/filters:strip_icc()/pic3043734.jpg,2,6,30,30,30,112960,N/A,76436,7.11154,7.00627,1.33076,0,1,0,0,0,0,0,0,0,2018-03-29 19:24:44,,0,,
1088,https://boardgamegeek.com/xmlapi/termsofuse,"Wed, 26 Aug 2026 00:24:39 +0000",thing,161761,boardgame,50348396,King's Gold,1,2014,https://cf.geekdo-images.com/cTDV73d5TTpRxh4LYdP0Ig__original/img/if1xec_Xtfl7EJrVT7-fNb-SeMk=/0x0/filters:format(jpeg)/pic3782387.jpg,https://cf.geekdo-images.com/cTDV73d5TTpRxh4LYdP0Ig__small/img/AgS0MEVZu1O-UY7xBo7B497W-F4=/fit-in/200x150/filters:strip_icc()/pic3782387.jpg,2,6,15,15,15,1300,N/A,642,6.28712,5.64873,1.35314,0,1,0,0,0,0,0,0,0,2018-03-16 14:42:12,,0,,
1088,https://boardgamegeek.com/xmlapi/termsofuse,"Wed, 26 Aug 2026 00:24:39 +0000",thing,107529,boardgame,54335350,Kingdom Builder,1,2011,https://cf.geekdo-images.com/kJOP_BICVX-88sKqFRh9PQ__original/img/2m6YJhA3JbYe1cNhybRtFJrRECw=/0x0/filters:format(jpeg)/pic1152359.jpg,https://cf.geekdo-images.com/kJOP_BICVX-88sKqFRh9PQ__small/img/KwrWpSRncnCE0cEldldyVQ-0Cdk=/fit-in/200x150/filters:strip_icc()/pic1152359.jpg,2,4,45,45,45,31916,N/A,25079,6.93197,6.77935,1.42373,0,1,0,0,0,0,0,0,0,2018-09-16 16:55:36,,0,,
1088,https://boardgamegeek.com/xmlapi/termsofuse,"Wed, 26 Aug 2026 00:24:39 +0000",thing,204583,boardgame,53984475,Kingdomino,1,2016,https://cf.geekdo-images.com/c0m3gwZTcfKoLI63ASio8g__original/img/HT6NQPT0cSFcZXjSewtjTO_NBAE=/0x0/filters:format(png)/pic8443569.png,https://cf.geekdo-images.com/c0m3gwZTcfKoLI63ASio8g__small/img/4p4Xydg0tze9UFcd6oUbCnVyxCw=/fit-in/200x150/filters:strip_icc()/pic8443569.png,2,4,15,25,25,92484,N/A,53573,7.28671,7.16869,1.12687,0,1,0,0,0,0,0,0,0,2018-08-31 15:15:16,,0,,
1088,https://boardgamegeek.com/xmlapi/termsofuse,"Wed, 26 Aug 2026 00:24:39 +0000",thing,281960,boardgame,81002605,Kingdomino Duel,1,2019,https://cf.geekdo-images.com/Tygk_sCQEIpa7PUxsl2TmA__original/img/JbxNf6L8DvSJzi6SSSa9EFK8xaM=/0x0/filters:format(jpeg)/pic4783810.jpg,https://cf.geekdo-images.com/Tygk_sCQEIpa7PUxsl2TmA__small/img/QNTDALrYI4_MCxyN14Z2tF2egrY=/fit-in/200x150/filters:strip_icc()/pic4783810.jpg,2,2,20,20,20,6605,N/A,2589,6.66682,6.09251,1.18501,0,1,0,0,0,0,0,0,0,2021-04-03 17:29:50,,0,,
1088,https://boardgamegeek.com/xmlapi/termsofuse,"Wed, 26 Aug 2026 00:24:39 +0000",thing,4376,boardgame,32083950,Kings in the Corner,1,1996,https://cf.geekdo-images.com/VpzLpOOM_719RyG2MK-80Q__original/img/6VQxjI-lh1wslOpbd-fUzM_ia58=/0x0/filters:format(jpeg)/pic1514006.jpg,https://cf.geekdo-images.com/VpzLpOOM_719RyG2MK-80Q__small/img/nthXPSM3WPOsQPPSnV-I5VNvcI0=/fit-in/200x150/filters:strip_icc()/pic1514006.jpg,2,6,30,30,30,1584,N/A,628,5.26951,5.44061,1.58655,0,0,1,0,0,0,0,0,0,2025-10-01 21:58:18,,0,,
1088,https://boardgamegeek.com/xmlapi/termsofuse,"Wed, 26 Aug 2026 00:24:39 +0000",thing,348096,boardgame,117215029,Kites,1,2022,https://cf.geekdo-images.com/TIEYwnIRV6kvAEnFkYe2OA__original/img/F_I7FrEWXrTcl-3fYOgC4OZcryQ=/0x0/filters:format(png)/pic6858706.png,https://cf.geekdo-images.com/TIEYwnIRV6kvAEnFkYe2OA__small/img/ysbEGf4Z0tNnYPSnGOH8tw5sa8Y=/fit-in/200x150/filters:strip_icc()/pic6858706.png,2,6,10,10,10,8797,N/A,4321,6.84121,6.34356,1.22676,0,1,0,0,0,0,0,0,0,2024-03-11 18:43:41,,0,,
1088,https://boardgamegeek.com/xmlapi/termsofuse,"Wed, 26 Aug 2026 00:24:39 +0000",thing,108831,boardgame,32083965,Kulami,1,2011,https://cf.geekdo-images.com/yBza-0DIfCpnxRyxBDNrHw__original/img/Cj35sWvnyM4bUQTxuI1LLJ8H2fw=/0x0/filters:format(png)/pic9735082.png,https://cf.geekdo-images.com/yBza-0DIfCpnxRyxBDNrHw__small/img/w07W2qEgeXbZmxriKyx7iqiIM6Y=/fit-in/200x150/filters:strip_icc()/pic9735082.png,2,2,30,30,30,1500,N/A,898,7.00728,5.89461,1.30571,0,1,0,0,0,0,0,0,0,2015-12-28 10:14:50,,0,I liked this game,
1088,https://boardgamegeek.com/xmlapi/termsofuse,"Wed, 26 Aug 2026 00:24:39 +0000",thing,8958,boardgame,54597712,kuuduk,1,2003,https://cf.geekdo-images.com/ABhnPFjf0RjI9-U9FyWAEQ__original/img/BvGg6QWNBFKo_vCudXxo8a4H9w8=/0x0/filters:format(jpeg)/pic321783.jpg,https://cf.geekdo-images.com/ABhnPFjf0RjI9-U9FyWAEQ__small/img/lo61ITfRPPvuFoyVwrLyjnE_ZSk=/fit-in/200x150/filters:strip_icc()/pic321783.jpg,2,8,20,20,20,637,N/A,182,4.8904,5.4472,1.51248,0,0,1,0,0,0,0,0,0,2025-10-01 21:59:13,,0,,
1088,https://boardgamegeek.com/xmlapi/termsofuse,"Wed, 26 Aug 2026 00:24:39 +0000",thing,1219,boardgame,32083974,Labyrinth,1,1986,https://cf.geekdo-images.com/qpL225YNN5iKRPotB7Q7MA__original/img/5ZGo501PquASeGxpQLBIglcVSYs=/0x0/filters:format(jpeg)/pic6173371.jpg,https://cf.geekdo-images.com/qpL225YNN5iKRPotB7Q7MA__small/img/JZR5MVC8xYrboBrYMsZmWtjJTu0=/fit-in/200x150/filters:strip_icc()/pic6173371.jpg,2,4,20,20,20,35281,6.5,16184,6.40997,6.23376,1.29288,0,1,0,0,0,0,0,0,0,2025-03-19 17:20:18,,0,Kids,
1088,https://boardgamegeek.com/xmlapi/termsofuse,"Wed, 26 Aug 2026 00:24:39 +0000",thing,533,boardgame,34587325,Labyrinth: The Card Game,1,2000,https://cf.geekdo-images.com/l3UUH9kbZmW8AxfwESNPHQ__original/img/mNhQ6BGOVYge-eThck9kDFxUua8=/0x0/filters:format(jpeg)/pic472535.jpg,https://cf.geekdo-images.com/l3UUH9kbZmW8AxfwESNPHQ__small/img/bGjZ3LgMj6aHDzZTiGgfeYjwa7o=/fit-in/200x150/filters:strip_icc()/pic472535.jpg,2,6,30,30,30,4400,N/A,1702,5.5887,5.52671,1.34497,0,0,1,0,0,0,0,0,0,2025-10-01 21:59:48,,0,kids,
1088,https://boardgamegeek.com/xmlapi/termsofuse,"Wed, 26 Aug 2026 00:24:39 +0000",thing,222643,boardgame,63692340,The Lady and the Tiger,5,2017,https://cf.geekdo-images.com/qdKy1hoBmVj6PE6YHu-jaQ__original/img/zyVOKvCTMZ1jmzKatSXm0RoxlWY=/0x0/filters:format(jpeg)/pic4088921.jpg,https://cf.geekdo-images.com/qdKy1hoBmVj6PE6YHu-jaQ__small/img/hBd7BBP5kBS68hPyfLhKAsDXhck=/fit-in/200x150/filters:strip_icc()/pic4088921.jpg,1,6,15,20,20,2814,N/A,890,6.23757,5.68977,1.49321,0,1,0,0,0,0,0,0,0,2019-09-02 9:44:34,,0,,
1088,https://boardgamegeek.com/xmlapi/termsofuse,"Wed, 26 Aug 2026 00:24:39 +0000",thing,191681,boardgame,54463607,Lagoonies,1,2016,https://cf.geekdo-images.com/YJ35CitVepRlUZ14Ditcxw__original/img/cAT9CvNPRI04qVpPXraYodCFFVc=/0x0/filters:format(jpeg)/pic3332475.jpg,https://cf.geekdo-images.com/YJ35CitVepRlUZ14Ditcxw__small/img/c4z-LhEVYbjsFTLmKzwzJjG9Y1A=/fit-in/200x150/filters:strip_icc()/pic3332475.jpg,2,4,20,20,20,266,N/A,132,6.04323,5.52053,1.61749,0,0,1,0,0,0,0,0,0,2025-10-02 13:01:04,,0,kids,
1088,https://boardgamegeek.com/xmlapi/termsofuse,"Wed, 26 Aug 2026 00:24:39 +0000",thing,308386,boardgame,119539834,LANTERN,1,2019,https://cf.geekdo-images.com/3CGbNXczhWUAdRrubqTJYw__original/img/oNb34u5ouay9Cinakn2YrP_5GtU=/0x0/filters:format(png)/pic5392147.png,https://cf.geekdo-images.com/3CGbNXczhWUAdRrubqTJYw__small/img/wbdkEwm0kbb8ABXBUY26soLP0W8=/fit-in/200x150/filters:strip_icc()/pic5392147.png,1,1,10,20,20,361,N/A,173,6.67231,5.55042,1.59684,0,1,0,0,0,0,0,0,0,2024-05-23 19:41:50,,0,p&p,
1088,https://boardgamegeek.com/xmlapi/termsofuse,"Wed, 26 Aug 2026 00:24:39 +0000",thing,274090,boardgame,80291510,Lanterns Dice: Lights in the Sky,1,2019,https://cf.geekdo-images.com/egXgi_aGyYtET6161-6Wfw__original/img/iFUpLsgu6oEpEn0LpFVmxYBAIOs=/0x0/filters:format(jpeg)/pic4616271.jpg,https://cf.geekdo-images.com/egXgi_aGyYtET6161-6Wfw__small/img/__xFIzqZg0gTPNxzPRXobp6J_xQ=/fit-in/200x150/filters:strip_icc()/pic4616271.jpg,2,4,30,45,45,3032,N/A,1079,6.76471,5.89077,1.14318,0,1,0,0,0,0,0,0,0,2021-03-10 21:51:59,,0,,
1088,https://boardgamegeek.com/xmlapi/termsofuse,"Wed, 26 Aug 2026 00:24:39 +0000",thing,160851,boardgame,80013095,Lanterns: The Harvest Festival,1,2015,https://cf.geekdo-images.com/JmY4nVWwW98qEn0NRbKdTw__original/img/a5OqnY-e8hhVO1IHp6wZKnXHWlY=/0x0/filters:format(png)/pic2372790.png,https://cf.geekdo-images.com/JmY4nVWwW98qEn0NRbKdTw__small/img/qQuRUZQAineOCl4abLvZgPjnqTE=/fit-in/200x150/filters:strip_icc()/pic2372790.png,2,4,30,30,30,20915,N/A,12035,6.85553,6.59352,1.19258,0,1,0,0,0,0,0,0,0,2021-03-01 22:53:22,,0,,
1088,https://boardgamegeek.com/xmlapi/termsofuse,"Wed, 26 Aug 2026 00:24:39 +0000",thing,303053,boardgame,130517778,Last Defense!,1,2020,https://cf.geekdo-images.com/_jU26xH6hCrUe8D5dnTtTQ__original/img/ej4GGmgB9UtPFXZp6LHSXI2wGcY=/0x0/filters:format(png)/pic5252899.png,https://cf.geekdo-images.com/_jU26xH6hCrUe8D5dnTtTQ__small/img/ZhRj9l5gS53zdT-rwD9ZH41b9zU=/fit-in/200x150/filters:strip_icc()/pic5252899.png,2,6,20,20,20,1628,N/A,497,6.27046,5.61453,1.4944,0,1,0,0,0,0,0,0,0,2025-03-19 17:32:45,,0,,
1088,https://boardgamegeek.com/xmlapi/termsofuse,"Wed, 26 Aug 2026 00:24:39 +0000",thing,192927,boardgame,54467714,Last Friday,1,2016,https://cf.geekdo-images.com/_qJ5n-V3ByCDZTu0XEvLvg__original/img/sWZ9rYipVnM-WQR-B37YsrRHvcw=/0x0/filters:format(jpeg)/pic6234210.jpg,https://cf.geekdo-images.com/_qJ5n-V3ByCDZTu0XEvLvg__small/img/2C-kguI_1OvdOcBh49hpSeT-9yk=/fit-in/200x150/filters:strip_icc()/pic6234210.jpg,2,6,30,120,120,3879,N/A,1644,6.4154,5.83168,1.57056,0,0,1,0,0,0,0,0,0,2025-03-19 17:21:36,,0,Josh has,
1088,https://boardgamegeek.com/xmlapi/termsofuse,"Wed, 26 Aug 2026 00:24:39 +0000",thing,17709,boardgame,32083981,Last Word,1,2005,https://cf.geekdo-images.com/wR1ZYgA3DAlyeXkBh0yZdA__original/img/7TAN6OaFREQtxElC_whxP0nlIXg=/0x0/filters:format(jpeg)/pic1673714.jpg,https://cf.geekdo-images.com/wR1ZYgA3DAlyeXkBh0yZdA__small/img/8jq-NaKMPxi1JWzFSjL7d-BH5_A=/fit-in/200x150/filters:strip_icc()/pic1673714.jpg,2,8,30,30,30,2703,N/A,880,5.4482,5.4731,1.50452,0,0,1,0,0,0,0,0,0,2021-03-01 21:54:59,,0,,
1088,https://boardgamegeek.com/xmlapi/termsofuse,"Wed, 26 Aug 2026 00:24:39 +0000",thing,283542,boardgame,109351223,Latice Hawai'i,1,2019,https://cf.geekdo-images.com/gs7yhNEMqKQqboeZSZDYpA__original/img/P1OOJtgpTDlkwqEMLmmr-9r3Mr0=/0x0/filters:format(jpeg)/pic5711301.jpg,https://cf.geekdo-images.com/gs7yhNEMqKQqboeZSZDYpA__small/img/arz6551naz75fd7QHbFWb59XP7U=/fit-in/200x150/filters:strip_icc()/pic5711301.jpg,2,4,20,20,20,1047,N/A,361,6.80914,5.64851,1.30037,0,1,0,0,0,0,0,0,0,2023-08-17 15:35:47,,0,,
1088,https://boardgamegeek.com/xmlapi/termsofuse,"Wed, 26 Aug 2026 00:24:39 +0000",thing,3522,boardgame,32083993,LCR,1,1983,https://cf.geekdo-images.com/8rxCRziKeKX4CA6ZfgjuSA__original/img/AEZF9UPbHeerME1njPiLkB7JQvg=/0x0/filters:format(jpeg)/pic2371259.jpg,https://cf.geekdo-images.com/8rxCRziKeKX4CA6ZfgjuSA__small/img/3_c-sKzzNz057gZVPTdPjo2Lpo0=/fit-in/200x150/filters:strip_icc()/pic2371259.jpg,3,12,20,20,20,6414,6,2662,3.74121,4.5303,2.18163,0,1,0,0,0,0,0,0,0,2024-05-20 12:56:35,,0,"Small & tubs (we have 2 copies)
I find this game easy & relaxing",
1088,https://boardgamegeek.com/xmlapi/termsofuse,"Wed, 26 Aug 2026 00:24:39 +0000",thing,234669,boardgame,130517843,Legacy of Dragonholt,1,2017,https://cf.geekdo-images.com/RAdppZ1_dduI7vnJi3mtZQ__original/img/evc4kIOTJl3PEC1opktfjRNZtzI=/0x0/filters:format(jpeg)/pic3754388.jpg,https://cf.geekdo-images.com/RAdppZ1_dduI7vnJi3mtZQ__small/img/lSVVIS6MP8Hvn_qLj7DAHYQtl-4=/fit-in/200x150/filters:strip_icc()/pic3754388.jpg,1,6,60,999,999,7754,N/A,3457,7.18009,6.45043,1.67621,0,1,0,0,0,0,0,0,0,2025-03-19 17:34:59,,0,,
1088,https://boardgamegeek.com/xmlapi/termsofuse,"Wed, 26 Aug 2026 00:24:39 +0000",thing,146652,boardgame,47363369,Legendary Encounters: An Alien Deck Building Game,1,2014,https://cf.geekdo-images.com/jSz_KRUxsjGYitoqx9YH1Q__original/img/nrvJtT-4tYTD0fp3Cr57SKpfMfw=/0x0/filters:format(jpeg)/pic2225180.jpg,https://cf.geekdo-images.com/jSz_KRUxsjGYitoqx9YH1Q__small/img/AT5BHzGvyKq2w84Cw97JX3tDy-I=/fit-in/200x150/filters:strip_icc()/pic2225180.jpg,1,5,30,60,60,19356,N/A,13803,7.75176,7.36312,1.37298,0,0,1,0,0,0,0,0,0,2025-03-19 17:27:15,,0,Josh has,
1088,https://boardgamegeek.com/xmlapi/termsofuse,"Wed, 26 Aug 2026 00:24:39 +0000",thing,200785,boardgame,112693990,Legendary Inventors,1,2016,https://cf.geekdo-images.com/Ng7WBbRO-Ydu5YTxWxoUXw__original/img/Iuek1-sHAEiiVf0IWAjxK2oyqfk=/0x0/filters:format(jpeg)/pic3238287.jpg,https://cf.geekdo-images.com/Ng7WBbRO-Ydu5YTxWxoUXw__small/img/S9_xBG6Mdlo9mXw2Y3CxUzm0Ds4=/fit-in/200x150/filters:strip_icc()/pic3238287.jpg,2,5,30,40,40,2686,N/A,1721,6.31075,5.82819,1.28096,0,1,0,0,0,0,0,0,0,2023-11-21 14:50:17,,0,,
1088,https://boardgamegeek.com/xmlapi/termsofuse,"Wed, 26 Aug 2026 00:24:39 +0000",thing,147194,boardgame,57627941,Linkee!,1,2012,https://cf.geekdo-images.com/8qh1V4TIn1vGecr5cB-ZSQ__original/img/G9banGD5jecW6qmwCGCiosVRXCY=/0x0/filters:format(png)/pic4820668.png,https://cf.geekdo-images.com/8qh1V4TIn1vGecr5cB-ZSQ__small/img/B3614E9Ps-6Yi3BYZxdszJiJpC4=/fit-in/200x150/filters:strip_icc()/pic4820668.png,2,30,30,30,30,2596,N/A,1039,6.4054,5.74791,1.43311,0,1,0,0,0,0,0,0,0,2019-01-16 18:19:33,,0,,
1088,https://boardgamegeek.com/xmlapi/termsofuse,"Wed, 26 Aug 2026 00:24:39 +0000",thing,199766,boardgame,39270064,Listography: The Game,1,2016,https://cf.geekdo-images.com/Qwgj7NTTvKAmcdYMIbb9mg__original/img/5B1Um6ZpORZBbVWFz9kzH6ACGYA=/0x0/filters:format(jpeg)/pic8116052.jpg,https://cf.geekdo-images.com/Qwgj7NTTvKAmcdYMIbb9mg__small/img/vUqh9J0EAXdq4toddJMJaDagwYw=/fit-in/200x150/filters:strip_icc()/pic8116052.jpg,3,6,15,45,45,525,N/A,195,6.93971,5.59425,1.41959,0,1,0,0,0,0,0,0,0,2016-12-28 17:30:09,,0,,
1088,https://boardgamegeek.com/xmlapi/termsofuse,"Wed, 26 Aug 2026 00:24:39 +0000",thing,335869,boardgame,130517990,A Little Wordy,3,2021,https://cf.geekdo-images.com/vCyHmXq8ZO7GjdRCDoU8Sw__original/img/AXQOetl6MFBpENDQQFWeGFDzsCI=/0x0/filters:format(jpeg)/pic6451120.jpg,https://cf.geekdo-images.com/vCyHmXq8ZO7GjdRCDoU8Sw__small/img/uv_TcEWvZNlv-8UCw4scd7H5GZg=/fit-in/200x150/filters:strip_icc()/pic6451120.jpg,2,2,5,15,15,5949,N/A,1634,6.66485,5.9381,1.25071,0,1,0,0,0,0,0,0,0,2025-10-02 9:52:23,,0,,
1088,https://boardgamegeek.com/xmlapi/termsofuse,"Wed, 26 Aug 2026 00:24:39 +0000",thing,153213,boardgame,130517862,Livestock Uprising,1,2014,https://cf.geekdo-images.com/82QuJeqn2eIU9ZOe3KCuvg__original/img/MCCxGNq75xQ1J2kTci2Xtr89qcg=/0x0/filters:format(jpeg)/pic2232226.jpg,https://cf.geekdo-images.com/82QuJeqn2eIU9ZOe3KCuvg__small/img/8MZMUXyxeAK_1GPYjZ4-BD-LA9I=/fit-in/200x150/filters:strip_icc()/pic2232226.jpg,2,4,90,90,90,212,N/A,84,6.50119,5.50882,2.18411,0,1,0,0,0,0,0,0,0,2025-03-19 17:35:38,,0,,
1088,https://boardgamegeek.com/xmlapi/termsofuse,"Wed, 26 Aug 2026 00:24:39 +0000",thing,268936,boardgame,130517998,Llamas Unleashed,1,2019,https://cf.geekdo-images.com/yQ5MyueGa6LSLQ_WhFMIrg__original/img/PAYofjMPj3zrUDP8JS-Ri4Hg79c=/0x0/filters:format(jpeg)/pic4529020.jpg,https://cf.geekdo-images.com/yQ5MyueGa6LSLQ_WhFMIrg__small/img/59akOwYNsXEw78ixYuS9zGszj1I=/fit-in/200x150/filters:strip_icc()/pic4529020.jpg,2,8,30,45,45,3779,N/A,801,6.09227,5.59986,1.69202,0,0,1,0,0,0,0,0,0,2025-10-01 22:01:34,,0,,
1088,https://boardgamegeek.com/xmlapi/termsofuse,"Wed, 26 Aug 2026 00:24:39 +0000",thing,2838,boardgame,32084001,Loaded Questions,1,1997,https://cf.geekdo-images.com/4ij-MAlvhZzV4JQ0TH5Mow__original/img/qdizDYOhGPcnGXUFkkQOxUJ5riA=/0x0/filters:format(jpeg)/pic622237.jpg,https://cf.geekdo-images.com/4ij-MAlvhZzV4JQ0TH5Mow__small/img/pg8EwGV4TNXNeID249ovHkhPasg=/fit-in/200x150/filters:strip_icc()/pic622237.jpg,3,6,45,45,45,2936,N/A,1121,5.94506,5.59705,1.72491,0,0,1,0,0,0,0,0,0,2021-03-01 22:00:31,,0,,
1088,https://boardgamegeek.com/xmlapi/termsofuse,"Wed, 26 Aug 2026 00:24:39 +0000",thing,85243,boardgame,50054418,Loch Ness,1,2010,https://cf.geekdo-images.com/QBNlbKe3qHyejD32Ov5tGA__original/img/GOsGyB0Izohm4yhmHFshs5M5ZUs=/0x0/filters:format(jpeg)/pic839057.jpg,https://cf.geekdo-images.com/QBNlbKe3qHyejD32Ov5tGA__small/img/EcZ2s6JD0pYT0z7xgK3XRzRDX8M=/fit-in/200x150/filters:strip_icc()/pic839057.jpg,2,5,30,45,45,726,N/A,418,5.75594,5.53329,1.34291,0,0,1,0,0,0,0,0,0,2025-10-01 22:01:53,,0,,
1088,https://boardgamegeek.com/xmlapi/termsofuse,"Wed, 26 Aug 2026 00:24:39 +0000",thing,38334,boardgame,32084005,Logan Stones,1,2008,https://cf.geekdo-images.com/WHFI2s_DkS24qPYtTS5Pig__original/img/gPTEiN7r8Yi0AIiIs5RLgs6J0Es=/0x0/filters:format(jpeg)/pic6919177.jpg,https://cf.geekdo-images.com/WHFI2s_DkS24qPYtTS5Pig__small/img/BLclTIzDQtZYEEp8J58J4IaBeS0=/fit-in/200x150/filters:strip_icc()/pic6919177.jpg,2,2,10,10,10,366,N/A,193,5.76098,5.51642,1.38525,0,0,1,0,0,0,0,0,0,2025-10-01 22:02:46,,0,I was surprised to find that I like this game.,
1088,https://boardgamegeek.com/xmlapi/termsofuse,"Wed, 26 Aug 2026 00:24:39 +0000",thing,246757,boardgame,80013631,Long Cow,1,2018,https://cf.geekdo-images.com/YUHX5usfYNEOUhgcvSEUnQ__original/img/xEZqDgcxaJ2O0lUBG6J38CVTv24=/0x0/filters:format(jpeg)/pic9324946.jpg,https://cf.geekdo-images.com/YUHX5usfYNEOUhgcvSEUnQ__small/img/gSgeIILdyEllnZoNntO-RowsV90=/fit-in/200x150/filters:strip_icc()/pic9324946.jpg,2,5,20,20,20,448,N/A,153,5.80523,5.50962,1.78684,0,0,1,0,0,0,0,0,0,2024-05-20 12:50:15,,0,,
1088,https://boardgamegeek.com/xmlapi/termsofuse,"Wed, 26 Aug 2026 00:24:39 +0000",thing,295374,boardgame,137262976,Long Shot: The Dice Game,1,2022,https://cf.geekdo-images.com/j9RO81ihYw0_oPj6iqV_bA__original/img/-jPNsFg5d9uA7D4WGDIP3TNLHX4=/0x0/filters:format(jpeg)/pic6682376.jpg,https://cf.geekdo-images.com/j9RO81ihYw0_oPj6iqV_bA__small/img/iRomFjZ0oELmm1pBVtJrNwyl4nc=/fit-in/200x150/filters:strip_icc()/pic6682376.jpg,1,8,25,25,25,19387,N/A,10698,7.50889,7.12212,1.17629,0,1,0,0,0,0,0,0,0,2025-10-11 7:40:17,,0,,
1088,https://boardgamegeek.com/xmlapi/termsofuse,"Wed, 26 Aug 2026 00:24:39 +0000",thing,770,boardgame,54335685,Loot,1,1992,https://cf.geekdo-images.com/dlbZb-s9Taj5XqtFoOr3cg__original/img/kRqcwCKqbCApLkaftGJIZWpVYUk=/0x0/filters:format(jpeg)/pic8548587.jpg,https://cf.geekdo-images.com/dlbZb-s9Taj5XqtFoOr3cg__small/img/UHgxAOmhglpTSZ5WBh6mEevmn6s=/fit-in/200x150/filters:strip_icc()/pic8548587.jpg,2,8,20,20,20,13895,N/A,7231,6.30073,6.07836,1.25834,0,1,0,0,0,0,0,0,0,2018-09-16 17:08:38,,0,,
1088,https://boardgamegeek.com/xmlapi/termsofuse,"Wed, 26 Aug 2026 00:24:39 +0000",thing,27634,boardgame,54336757,The Lord of the Rings Board Game,5,1996,https://cf.geekdo-images.com/0tvyTe2wQaz4kOITbMi0KQ__original/img/EUQQfHBtRIjZi9nFAGdJV8lqXig=/0x0/filters:format(gif)/pic8219231.gif,https://cf.geekdo-images.com/0tvyTe2wQaz4kOITbMi0KQ__small/img/9bsjAASgVPpu5l8T5dverUTuwnk=/fit-in/200x150/filters:strip_icc()/pic8219231.gif,2,2,90,90,90,78,N/A,13,6.88462,0,1.30316,0,0,1,0,0,0,0,0,0,2021-03-01 21:56:25,,0,,
1088,https://boardgamegeek.com/xmlapi/termsofuse,"Wed, 26 Aug 2026 00:24:39 +0000",thing,127127,boardgame,40604180,The Lord of the Rings: The Fellowship of the Ring Deck-Building Game,5,2013,https://cf.geekdo-images.com/m4iqRaUy_mppQMXaRQYiEg__original/img/uXwlnIx9eUqz5gPjROZbdSDzj2w=/0x0/filters:format(jpeg)/pic1615179.jpg,https://cf.geekdo-images.com/m4iqRaUy_mppQMXaRQYiEg__small/img/3EsYU1cx6MLMHzdiVwSAxZG8twM=/fit-in/200x150/filters:strip_icc()/pic1615179.jpg,2,5,30,30,30,3014,N/A,1627,6.84361,5.99993,1.48384,0,0,1,0,0,0,0,0,0,2018-09-16 18:06:25,,0,,
1088,https://boardgamegeek.com/xmlapi/termsofuse,"Wed, 26 Aug 2026 00:24:39 +0000",thing,110327,boardgame,33171390,Lords of Waterdeep,1,2012,https://cf.geekdo-images.com/DFZlakC9Lv8cB5Co5z3meA__original/img/zBcLeKy1quxQsUL3IWfXXBMvpqM=/0x0/filters:format(jpeg)/pic9230112.jpg,https://cf.geekdo-images.com/DFZlakC9Lv8cB5Co5z3meA__small/img/zioDxFvYNCzSbh09ibB6arS017w=/fit-in/200x150/filters:strip_icc()/pic9230112.jpg,2,5,60,120,120,75164,N/A,59514,7.72867,7.57967,1.27717,0,1,0,0,0,0,0,0,0,2016-12-22 21:54:21,,0,,
1088,https://boardgamegeek.com/xmlapi/termsofuse,"Wed, 26 Aug 2026 00:24:39 +0000",thing,50,boardgame,33170392,Lost Cities,1,1999,https://cf.geekdo-images.com/AL5D-dXabY-Lk3PqIFk_0g__original/img/PdGBQ7xc0GA9ndKnnInx_sQwvl4=/0x0/filters:format(jpeg)/pic4597095.jpg,https://cf.geekdo-images.com/AL5D-dXabY-Lk3PqIFk_0g__small/img/Q-76aN92M3OveMp26t7b0i7V-i4=/fit-in/200x150/filters:strip_icc()/pic4597095.jpg,2,2,30,30,30,77244,N/A,51416,7.26046,7.15442,1.27148,0,1,0,0,0,0,0,0,0,2016-02-19 18:14:06,,0,"Fun, quick game.",
1088,https://boardgamegeek.com/xmlapi/termsofuse,"Wed, 26 Aug 2026 00:24:39 +0000",thing,327831,boardgame,87070125,Lost Cities: Roll & Write,1,2021,https://cf.geekdo-images.com/YTAWV2dWsPSGyFR5kWZ9GA__original/img/ivOhP4IATLw2c-3ppLWafoZ9qGk=/0x0/filters:format(jpeg)/pic5975807.jpg,https://cf.geekdo-images.com/YTAWV2dWsPSGyFR5kWZ9GA__small/img/SkFfp5ODrgfy65G4S_tI3R2jD1M=/fit-in/200x150/filters:strip_icc()/pic5975807.jpg,2,5,30,30,30,3669,N/A,1472,7.04745,6.07938,1.22252,0,1,0,0,0,0,0,0,0,2021-10-30 17:47:25,,0,,
1088,https://boardgamegeek.com/xmlapi/termsofuse,"Wed, 26 Aug 2026 00:24:39 +0000",thing,216459,boardgame,45815826,The Lost Expedition,5,2017,https://cf.geekdo-images.com/W8yjFs_0LaFL7TMg-nxi_g__original/img/KUZ244YDkZpaXtrRdVRcB1TnV2Y=/0x0/filters:format(jpeg)/pic3339655.jpg,https://cf.geekdo-images.com/W8yjFs_0LaFL7TMg-nxi_g__small/img/cKmWHBSmqx0MFFyO_6dZmedX0U4=/fit-in/200x150/filters:strip_icc()/pic3339655.jpg,1,5,30,50,50,14916,N/A,8131,7.02835,6.64139,1.21615,0,1,0,0,0,0,0,0,0,2017-10-06 9:26:39,,0,,
1088,https://boardgamegeek.com/xmlapi/termsofuse,"Wed, 26 Aug 2026 00:24:39 +0000",thing,197707,boardgame,41297163,Lost in R'lyeh,1,2016,https://cf.geekdo-images.com/aZfgWPlTsl6D8mTR76MMHQ__original/img/vctiUiitV0zIjkWvQeujADBLSRE=/0x0/filters:format(jpeg)/pic2969891.jpg,https://cf.geekdo-images.com/aZfgWPlTsl6D8mTR76MMHQ__small/img/808e8pSETZ0Ihe31Qk8etvlwQ_U=/fit-in/200x150/filters:strip_icc()/pic2969891.jpg,2,6,45,45,45,1713,N/A,602,6.04712,5.59495,1.48823,0,1,0,0,0,0,0,0,0,2017-03-18 18:23:19,,0,,
1088,https://boardgamegeek.com/xmlapi/termsofuse,"Wed, 26 Aug 2026 00:24:39 +0000",thing,288251,boardgame,105592794,Lost Kingdoms: Pangea in Pieces,1,2021,https://cf.geekdo-images.com/MKHQQh2c9P5h4ywdOnbPPQ__original/img/QlZF7lFOP97Fb-63qp0AESA_nVM=/0x0/filters:format(png)/pic5905391.png,https://cf.geekdo-images.com/MKHQQh2c9P5h4ywdOnbPPQ__small/img/poWXv6tNVsjQnYrYz-sf8raAH-g=/fit-in/200x150/filters:strip_icc()/pic5905391.png,1,5,30,60,60,260,N/A,84,6.66548,5.53883,1.44967,0,1,0,0,0,0,0,0,0,2023-04-15 17:06:37,,1,,
1088,https://boardgamegeek.com/xmlapi/termsofuse,"Wed, 26 Aug 2026 00:24:39 +0000",thing,312484,boardgame,132670716,Lost Ruins of Arnak,1,2020,https://cf.geekdo-images.com/6GqH14TJJhza86BX5HCLEQ__original/img/CXqwimJPonWy1oyXEMgPN_ZVmUI=/0x0/filters:format(jpeg)/pic5674958.jpg,https://cf.geekdo-images.com/6GqH14TJJhza86BX5HCLEQ__small/img/J8SVmGOJXZGxNjkT3xYNQU7Haxg=/fit-in/200x150/filters:strip_icc()/pic5674958.jpg,1,4,30,120,120,88770,N/A,58428,8.08355,7.91726,1.26844,0,1,0,0,0,0,0,0,0,2025-05-26 18:44:07,,0,,
1088,https://boardgamegeek.com/xmlapi/termsofuse,"Wed, 26 Aug 2026 00:24:39 +0000",thing,5878,boardgame,130517824,Loteria,1,1887,https://cf.geekdo-images.com/m53JAYLlgysB4KiaUYCd3w__original/img/th01elodzdzA9Xr37mtJTg_NA84=/0x0/filters:format(jpeg)/pic21958.jpg,https://cf.geekdo-images.com/m53JAYLlgysB4KiaUYCd3w__small/img/pGiMDCgbiM-5G5hn2p_Jhc18YCo=/fit-in/200x150/filters:strip_icc()/pic21958.jpg,2,10,10,10,10,782,N/A,313,5.82628,5.46499,2.31248,0,0,1,0,0,0,0,0,0,2025-10-01 22:04:59,,0,,
1088,https://boardgamegeek.com/xmlapi/termsofuse,"Wed, 26 Aug 2026 00:24:39 +0000",thing,198525,boardgame,112585417,Lotus,1,2016,https://cf.geekdo-images.com/Dh8f10PsgclhlaYbRnkApQ__original/img/Y387tYDQQSHC0N0Ld5ZX3MBx0GY=/0x0/filters:format(jpeg)/pic8037572.jpg,https://cf.geekdo-images.com/Dh8f10PsgclhlaYbRnkApQ__small/img/CVC82X02UUjfv6K3kpQh1dhaPVM=/fit-in/200x150/filters:strip_icc()/pic8037572.jpg,1,4,30,30,30,5803,N/A,3169,6.66171,6.13936,1.22331,0,1,0,0,0,0,0,0,0,2023-11-18 19:48:26,,0,,
1088,https://boardgamegeek.com/xmlapi/termsofuse,"Wed, 26 Aug 2026 00:24:39 +0000",thing,129622,boardgame,45816035,Love Letter,1,2012,https://cf.geekdo-images.com/T1ltXwapFUtghS9A7_tf4g__original/img/xIAzJY7rl-mtPStRZSqnTVsAr8Y=/0x0/filters:format(jpeg)/pic1401448.jpg,https://cf.geekdo-images.com/T1ltXwapFUtghS9A7_tf4g__small/img/GtNX7gCmGpw39Tr6JApWC3Aga5U=/fit-in/200x150/filters:strip_icc()/pic1401448.jpg,2,4,20,20,20,118550,N/A,72267,7.22616,7.12218,1.35411,0,1,0,0,0,0,0,0,0,2017-10-06 9:36:31,,0,Really like this quick game!,
1088,https://boardgamegeek.com/xmlapi/termsofuse,"Wed, 26 Aug 2026 00:24:39 +0000",thing,129622,boardgame,51271938,Love Letter,1,2012,https://cf.geekdo-images.com/T1ltXwapFUtghS9A7_tf4g__original/img/xIAzJY7rl-mtPStRZSqnTVsAr8Y=/0x0/filters:format(jpeg)/pic1401448.jpg,https://cf.geekdo-images.com/T1ltXwapFUtghS9A7_tf4g__small/img/GtNX7gCmGpw39Tr6JApWC3Aga5U=/fit-in/200x150/filters:strip_icc()/pic1401448.jpg,2,4,20,20,20,118550,N/A,72267,7.22616,7.12218,1.35411,0,0,1,0,0,0,0,0,0,2025-03-19 17:31:39,,0,Josh has the Munchkin Love Letter version,
1088,https://boardgamegeek.com/xmlapi/termsofuse,"Wed, 26 Aug 2026 00:24:39 +0000",thing,202664,boardgame,80013283,Lucha Jefe,1,2017,https://cf.geekdo-images.com/9feRQaPaC1q4uxt2JlCgdA__original/img/yGK5e83EPu8ta4V23MniawbR5Ho=/0x0/filters:format(jpeg)/pic3530479.jpg,https://cf.geekdo-images.com/9feRQaPaC1q4uxt2JlCgdA__small/img/Qcko8p-sLaQ2KHLA5qXQnBRI2Ck=/fit-in/200x150/filters:strip_icc()/pic3530479.jpg,2,2,10,15,15,191,N/A,55,5.52582,5.49824,1.67736,0,1,0,0,0,0,0,0,0,2024-05-20 12:57:53,,0,tubs,
1088,https://boardgamegeek.com/xmlapi/termsofuse,"Wed, 26 Aug 2026 00:24:39 +0000",thing,222145,boardgame,125670849,Lucidity: Six-Sided Nightmares,1,2018,https://cf.geekdo-images.com/3YTjhw_QXe8fztpIfPZbeA__original/img/a2mQgsgHnBc0JsRsRWGrfC07Yzc=/0x0/filters:format(png)/pic3553653.png,https://cf.geekdo-images.com/3YTjhw_QXe8fztpIfPZbeA__small/img/1Y7owbM-iI4BZrOYQ4f3KkiLUxU=/fit-in/200x150/filters:strip_icc()/pic3553653.png,1,4,20,30,30,3044,N/A,1121,6.30762,5.71956,1.66901,0,1,0,0,0,0,0,0,0,2024-11-20 18:42:15,,0,,
1088,https://boardgamegeek.com/xmlapi/termsofuse,"Wed, 26 Aug 2026 00:24:39 +0000",thing,143884,boardgame,34970671,Machi Koro,1,2012,https://cf.geekdo-images.com/_lI2eUDHfesfe5SswJiFAg__original/img/H4XHVffQ4SOxgWoG396I9LUrwg8=/0x0/filters:format(png)/pic4783831.png,https://cf.geekdo-images.com/_lI2eUDHfesfe5SswJiFAg__small/img/tCTP0XMMmsAfNqzb0iYmp0b-YUc=/fit-in/200x150/filters:strip_icc()/pic4783831.png,2,4,30,30,30,60359,N/A,36177,6.59184,6.47311,1.36546,0,1,0,0,0,0,0,0,0,2016-06-02 8:40:10,,0,I really like this game. I want to get expansions!,
1088,https://boardgamegeek.com/xmlapi/termsofuse,"Wed, 26 Aug 2026 00:24:39 +0000",thing,205494,boardgame,115965445,"Machi Koro: Bright Lights, Big City",1,2016,https://cf.geekdo-images.com/e9Z1IOX7_HwspCzP54prPg__original/img/rQT2b1YEIHQMOusvfz4u011zr_c=/0x0/filters:format(png)/pic3119592.png,https://cf.geekdo-images.com/e9Z1IOX7_HwspCzP54prPg__small/img/hw04Z1zdSvxIV7REA5pryXVqZas=/fit-in/200x150/filters:strip_icc()/pic3119592.png,2,5,30,30,30,7609,N/A,2947,6.64358,6.07955,1.45423,0,1,0,0,0,0,0,0,0,2024-02-05 14:24:21,,0,,
1088,https://boardgamegeek.com/xmlapi/termsofuse,"Wed, 26 Aug 2026 00:24:39 +0000",thing,764,boardgame,32084038,Mad Gab,1,1996,https://cf.geekdo-images.com/Ajwn7lvbj7mK8Gr6tsyTZg__original/img/-9jb6PjiD6-fFz3q-nqZRgCmyFs=/0x0/filters:format(jpeg)/pic203911.jpg,https://cf.geekdo-images.com/Ajwn7lvbj7mK8Gr6tsyTZg__small/img/WH28Q8J_YzN-1nQMA1gbinMF68A=/fit-in/200x150/filters:strip_icc()/pic203911.jpg,2,12,45,45,45,4614,N/A,1694,5.05428,5.28841,1.61474,0,0,1,0,0,0,0,0,0,2021-03-01 21:58:39,,0,,
1088,https://boardgamegeek.com/xmlapi/termsofuse,"Wed, 26 Aug 2026 00:24:39 +0000",thing,217466,boardgame,80013102,Mafiozoo,1,2017,https://cf.geekdo-images.com/3tjmyryUCODqNLuYTmzirQ__original/img/QhoIgQLy6akaGLa8DgxBMFvwfzk=/0x0/filters:format(jpeg)/pic9046727.jpg,https://cf.geekdo-images.com/3tjmyryUCODqNLuYTmzirQ__small/img/CbfWtZXTu1bWK7Lfdpz-7CMe1bE=/fit-in/200x150/filters:strip_icc()/pic9046727.jpg,2,4,60,60,60,1134,N/A,448,6.72167,5.68356,1.40559,0,1,0,0,0,0,0,0,0,2021-03-01 22:53:45,,0,,
1088,https://boardgamegeek.com/xmlapi/termsofuse,"Wed, 26 Aug 2026 00:24:39 +0000",thing,41916,boardgame,54269077,The Magic Labyrinth,5,2009,https://cf.geekdo-images.com/XdRFJ8oqpUnDSN4AnIO5KA__original/img/eVitrOg_vW3GVRI5vHxmDCy4H3s=/0x0/filters:format(jpeg)/pic6961974.jpg,https://cf.geekdo-images.com/XdRFJ8oqpUnDSN4AnIO5KA__small/img/Aop_DugN6rEE_v0PKOsm0fxEC6w=/fit-in/200x150/filters:strip_icc()/pic6961974.jpg,2,4,20,30,30,13348,N/A,6819,6.807,6.42458,1.21168,0,1,0,0,0,0,0,0,0,2024-05-20 13:34:57,,0,kids,
1088,https://boardgamegeek.com/xmlapi/termsofuse,"Wed, 26 Aug 2026 00:24:39 +0000",thing,209778,boardgame,46699063,Magic Maze,1,2017,https://cf.geekdo-images.com/NVsxRYyE_vIBzObK72maCQ__original/img/Y00t5jiiOS6kcaUyQnGlU74zRlY=/0x0/filters:format(jpeg)/pic9402780.jpg,https://cf.geekdo-images.com/NVsxRYyE_vIBzObK72maCQ__small/img/mbTY-NayWlIEb4Jpry95-Icqeko=/fit-in/200x150/filters:strip_icc()/pic9402780.jpg,1,8,15,15,15,38646,N/A,24152,6.93405,6.77322,1.34488,0,1,0,0,0,0,0,0,0,2017-11-07 16:55:15,,0,,
1088,https://boardgamegeek.com/xmlapi/termsofuse,"Wed, 26 Aug 2026 00:24:39 +0000",thing,341919,boardgame,143576906,Magic Mountain,1,2021,https://cf.geekdo-images.com/P44XaZ5uizRCH1gmodh9sg__original/img/JCDq2DfVMZnBf8xQKpaLCCNYB64=/0x0/filters:format(jpeg)/pic6348973.jpg,https://cf.geekdo-images.com/P44XaZ5uizRCH1gmodh9sg__small/img/kLmlis4JUj3QJiVdb3Mr4_fBh50=/fit-in/200x150/filters:strip_icc()/pic6348973.jpg,2,6,15,15,15,1771,N/A,880,6.81624,5.84949,1.31809,0,1,0,0,0,0,0,0,0,2026-03-15 14:47:26,,0,,
1088,https://boardgamegeek.com/xmlapi/termsofuse,"Wed, 26 Aug 2026 00:24:39 +0000",thing,283863,boardgame,143577267,The Magnificent,5,2019,https://cf.geekdo-images.com/6pci74DWc7U7XuwkfpEu2Q__original/img/wrPl4ne51gvMUIeUuv56k02CUhE=/0x0/filters:format(jpeg)/pic4871117.jpg,https://cf.geekdo-images.com/6pci74DWc7U7XuwkfpEu2Q__small/img/K-X_5jjTMmesaFzFUoFOZu5p_AU=/fit-in/200x150/filters:strip_icc()/pic4871117.jpg,1,4,60,90,90,7577,N/A,4335,7.46591,6.74823,1.1705,0,1,0,0,0,0,0,0,0,2026-03-15 14:57:48,,0,,
1088,https://boardgamegeek.com/xmlapi/termsofuse,"Wed, 26 Aug 2026 00:24:39 +0000",thing,2093,boardgame,136976240,Mahjong,1,1850,https://cf.geekdo-images.com/R2R8UHcaRNJwaCJq8PJGFQ__original/img/qjjJqaGaMogvjhygppEy7Yg5p3E=/0x0/filters:format(jpeg)/pic43709.jpg,https://cf.geekdo-images.com/R2R8UHcaRNJwaCJq8PJGFQ__small/img/wxs22a4TfQjVpfpmNvaTdPo0FHY=/fit-in/200x150/filters:strip_icc()/pic43709.jpg,3,4,120,120,120,13181,N/A,8343,7.06602,6.6482,1.67261,0,1,0,0,0,0,0,0,0,2025-10-02 9:36:18,,0,,
1088,https://boardgamegeek.com/xmlapi/termsofuse,"Wed, 26 Aug 2026 00:24:39 +0000",thing,5135,boardgame,32084046,Malarky,1,1996,https://cf.geekdo-images.com/rs4gtz8_2ASenGAar4SyRg__original/img/8OPcz7yh2EpI0CfokW5iYC6bPV8=/0x0/filters:format(jpeg)/pic1547887.jpg,https://cf.geekdo-images.com/rs4gtz8_2ASenGAar4SyRg__small/img/kctKEkaqSLF18z4NsTKOD-k7fnk=/fit-in/200x150/filters:strip_icc()/pic1547887.jpg,3,6,45,45,45,1438,N/A,466,5.66238,5.51358,1.65874,0,0,1,0,0,0,0,0,0,2021-03-01 22:00:06,,0,,
1088,https://boardgamegeek.com/xmlapi/termsofuse,"Wed, 26 Aug 2026 00:24:39 +0000",thing,4035,boardgame,32084053,Man Bites Dog,1,2002,https://cf.geekdo-images.com/8wmFf3pJy_09R24rrUsF9A__original/img/x6rqXdCS0ZrMweIzK1WaquMPuLI=/0x0/filters:format(jpeg)/pic536539.jpg,https://cf.geekdo-images.com/8wmFf3pJy_09R24rrUsF9A__small/img/as2ZfZJNyWTkZdKb66iIvkCVBiQ=/fit-in/200x150/filters:strip_icc()/pic536539.jpg,2,6,10,10,10,2334,N/A,920,4.61268,5.24989,1.66195,0,0,1,0,0,0,0,0,0,2022-12-28 16:12:52,,0,,
1088,https://boardgamegeek.com/xmlapi/termsofuse,"Wed, 26 Aug 2026 00:24:39 +0000",thing,264241,boardgame,137276572,Mandala,1,2019,https://cf.geekdo-images.com/FZUJ_Ieaw83mpz1eL-dY_g__original/img/FvjnGQH9SpkJ9_FB4frouPOe064=/0x0/filters:format(jpeg)/pic5056121.jpg,https://cf.geekdo-images.com/FZUJ_Ieaw83mpz1eL-dY_g__small/img/o8B080rjfGtNloX7wMa_IRthuXo=/fit-in/200x150/filters:strip_icc()/pic5056121.jpg,2,2,20,20,20,11808,N/A,7262,7.43253,6.94309,1.17816,0,1,0,0,0,0,0,0,0,2025-10-11 15:46:49,,0,,
1088,https://boardgamegeek.com/xmlapi/termsofuse,"Wed, 26 Aug 2026 00:24:39 +0000",thing,205059,boardgame,137447349,Mansions of Madness: Second Edition,1,2016,https://cf.geekdo-images.com/LIooA9bTdjnE9qmhjL-UFw__original/img/Go6c8-ZiXomS8E7X4MBCdDd-aZc=/0x0/filters:format(jpeg)/pic3118622.jpg,https://cf.geekdo-images.com/LIooA9bTdjnE9qmhjL-UFw__small/img/kwaa7aI2sMeyWV5JSRKcKrS5hC8=/fit-in/200x150/filters:strip_icc()/pic3118622.jpg,1,5,120,180,180,66635,N/A,40729,7.91197,7.67391,1.51038,0,1,0,0,0,0,0,0,0,2025-10-16 17:12:08,,0,,
1088,https://boardgamegeek.com/xmlapi/termsofuse,"Wed, 26 Aug 2026 00:24:39 +0000",thing,236205,boardgame,64998189,The Mansky Caper,5,2018,https://cf.geekdo-images.com/r4CIyPtGfZh7hGQhsRZvog__original/img/5lY4zMZgyAixkdRHdd47L35LgMw=/0x0/filters:format(png)/pic3835745.png,https://cf.geekdo-images.com/r4CIyPtGfZh7hGQhsRZvog__small/img/KHadU_gFstI3veCFGUot2pw1kpg=/fit-in/200x150/filters:strip_icc()/pic3835745.png,2,6,30,50,50,601,N/A,192,7.04703,5.57533,1.77215,0,1,0,0,0,0,0,0,0,2019-10-21 20:35:30,,0,,
1088,https://boardgamegeek.com/xmlapi/termsofuse,"Wed, 26 Aug 2026 00:24:39 +0000",thing,156496,boardgame,143122086,March of the Ants,1,2015,https://cf.geekdo-images.com/OGb3iqs888qMreT84R5rqA__original/img/d7FfzDczG4sYgpmMhspTohga6_s=/0x0/filters:format(jpeg)/pic2004618.jpg,https://cf.geekdo-images.com/OGb3iqs888qMreT84R5rqA__small/img/fzma4blrY4ESvW6cpjffih14KN4=/fit-in/200x150/filters:strip_icc()/pic2004618.jpg,1,5,60,90,90,3369,N/A,1714,7.10513,6.13791,1.422,0,1,0,0,0,0,0,0,0,2026-03-01 17:10:31,,0,,
1088,https://boardgamegeek.com/xmlapi/termsofuse,"Wed, 26 Aug 2026 00:24:39 +0000",thing,297978,boardgame,137262917,Mariposas,1,2020,https://cf.geekdo-images.com/UHTHsuI998L89uSTXS3hxg__original/img/OMzfKuv9bpTVIT5KBZcnMfm3Jmg=/0x0/filters:format(jpeg)/pic5153415.jpg,https://cf.geekdo-images.com/UHTHsuI998L89uSTXS3hxg__small/img/ruD8L6-y9vFuuvYd1eABXJPnsXk=/fit-in/200x150/filters:strip_icc()/pic5153415.jpg,2,5,45,75,75,12471,N/A,5836,6.73475,6.34868,1.31964,0,1,0,0,0,0,0,0,0,2025-10-11 7:37:00,,0,,
1088,https://boardgamegeek.com/xmlapi/termsofuse,"Wed, 26 Aug 2026 00:24:39 +0000",thing,29223,boardgame,37415557,Marrakech,1,2007,https://cf.geekdo-images.com/JFE29MODWOFXreEmM-xhyQ__original/img/o3eyWAqWhMfOIP-iTB4namBJeFk=/0x0/filters:format(jpeg)/pic8594649.jpg,https://cf.geekdo-images.com/JFE29MODWOFXreEmM-xhyQ__small/img/NQHgWgWxP-e2JzaGtIjQ3yR1_5g=/fit-in/200x150/filters:strip_icc()/pic8594649.jpg,2,4,30,30,30,7855,N/A,6237,6.70652,6.33765,1.26873,0,0,1,0,0,0,0,0,0,2024-05-20 13:35:45,,4,"Game Play: placement
Our Rating: Fair/good
Thoughts: Good to fair, not unique enough after multiple plays.",
1088,https://boardgamegeek.com/xmlapi/termsofuse,"Wed, 26 Aug 2026 00:24:39 +0000",thing,99875,boardgame,32084063,Martian Dice,1,2011,https://cf.geekdo-images.com/y3lAFsCTULz0iIbYVR0yZQ__original/img/PvbdirZXTybI0mwwIBulQx5MsUo=/0x0/filters:format(png)/pic8716684.png,https://cf.geekdo-images.com/y3lAFsCTULz0iIbYVR0yZQ__small/img/GvhaUs7S_-njCotdr0ojAG7J0us=/fit-in/200x150/filters:strip_icc()/pic8716684.png,2,99,10,10,10,5983,6,4563,6.14778,5.90061,1.44728,0,0,1,0,0,0,0,0,0,2025-10-01 22:07:36,,0,"Cans
Cute dice game",
1088,https://boardgamegeek.com/xmlapi/termsofuse,"Wed, 26 Aug 2026 00:24:39 +0000",thing,39432,boardgame,101382562,Martini: the Game,1,2008,https://cf.geekdo-images.com/MpjQS0PIGs6h4AEXkcB2Uw__original/img/7y31xP3sNnWuJMk_BWzP48obGjs=/0x0/filters:format(jpeg)/pic468927.jpg,https://cf.geekdo-images.com/MpjQS0PIGs6h4AEXkcB2Uw__small/img/fTioe4-Wv5Y_kEcKLKHADnakmR8=/fit-in/200x150/filters:strip_icc()/pic468927.jpg,2,8,,,,69,N/A,20,4.2575,0,1.29028,0,0,1,0,0,0,0,0,0,2025-03-19 17:51:36,,0,,
1088,https://boardgamegeek.com/xmlapi/termsofuse,"Wed, 26 Aug 2026 00:24:39 +0000",thing,335528,boardgame,130510893,Marvel Villainous: Mischief & Malice,1,2021,https://cf.geekdo-images.com/YXb5p2v36MYlMcamIlpUrg__original/img/3fReb0oc7IAtW4KIKemsuE0uQ9Y=/0x0/filters:format(jpeg)/pic6183694.jpg,https://cf.geekdo-images.com/YXb5p2v36MYlMcamIlpUrg__small/img/5CJcgX0oYX6nGiGI4mwN6u-ZBQA=/fit-in/200x150/filters:strip_icc()/pic6183694.jpg,2,3,40,80,80,5366,N/A,745,7.2531,5.86081,1.44099,0,1,0,0,0,0,0,0,0,2025-03-19 13:34:21,,0,,
1088,https://boardgamegeek.com/xmlapi/termsofuse,"Wed, 26 Aug 2026 00:24:39 +0000",thing,65673,boardgame,55869045,Masques,1,2010,https://cf.geekdo-images.com/quaemf_3BbcU80zC4-Yz_w__original/img/ANbC0OjD_gjoVad5sbTAUIBdvHE=/0x0/filters:format(jpeg)/pic3090551.jpg,https://cf.geekdo-images.com/quaemf_3BbcU80zC4-Yz_w__small/img/J2qfqe5iKNKD0yA8VkJ_YFwXaWw=/fit-in/200x150/filters:strip_icc()/pic3090551.jpg,2,4,45,45,45,3443,N/A,1524,6.4535,5.85167,1.34132,0,1,0,0,0,0,0,0,0,2018-11-16 18:20:41,,0,,
1088,https://boardgamegeek.com/xmlapi/termsofuse,"Wed, 26 Aug 2026 00:24:39 +0000",thing,280453,boardgame,80320471,Masters of Renaissance: Lorenzo il Magnifico – The Card Game,1,2019,https://cf.geekdo-images.com/-zdSgCFfOGAsgZ6M-Rjw1w__original/img/VSCFpg9uVgB-PmmtnndbiJWAFUs=/0x0/filters:format(jpeg)/pic4782992.jpg,https://cf.geekdo-images.com/-zdSgCFfOGAsgZ6M-Rjw1w__small/img/f-1Uj2NMpfWdbGGafA60wdaufzk=/fit-in/200x150/filters:strip_icc()/pic4782992.jpg,1,4,30,45,45,3939,N/A,2483,7.08151,6.29645,1.15587,0,1,0,0,0,0,0,0,0,2021-03-11 19:15:22,,0,,
1088,https://boardgamegeek.com/xmlapi/termsofuse,"Wed, 26 Aug 2026 00:24:39 +0000",thing,102750,boardgame,80013239,Math Dice Jr.,1,,https://cf.geekdo-images.com/81jECP6XAgs96Z1xol4Lqg__original/img/xPgUE-EQKWZKmIXj3VDKfmk9o5k=/0x0/filters:format(jpeg)/pic2047428.jpg,https://cf.geekdo-images.com/81jECP6XAgs96Z1xol4Lqg__small/img/GuaHwgGe_SoGOlfHn5oqbF9ibGg=/fit-in/200x150/filters:strip_icc()/pic2047428.jpg,2,,10,10,10,315,N/A,62,5.40665,5.49752,1.36973,0,0,1,0,0,0,0,0,0,2024-05-20 17:34:13,,0,kids,
1088,https://boardgamegeek.com/xmlapi/termsofuse,"Wed, 26 Aug 2026 00:24:39 +0000",thing,179928,boardgame,100259227,The Mazins,5,,https://cf.geekdo-images.com/llzcYv64sfBUhaGLz-6VLw__original/img/5iAIySTQ5Zf9-_QgvVwDkkbdPEQ=/0x0/filters:format(jpeg)/pic2852364.jpg,https://cf.geekdo-images.com/llzcYv64sfBUhaGLz-6VLw__small/img/8EYZlQYCP720sldMGGbJKZjjy1k=/fit-in/200x150/filters:strip_icc()/pic2852364.jpg,1,5,10,20,20,77,N/A,16,5.43125,0,0.975781,0,0,1,0,0,0,0,0,0,2023-02-19 11:04:07,,1,"Rating: Fair
Play: Find the path
Thoughts: Simple.  Maybe for younger kids",
1088,https://boardgamegeek.com/xmlapi/termsofuse,"Wed, 26 Aug 2026 00:24:39 +0000",thing,415036,boardgame,125670861,Medical Mysteries: NYC Emergency Room,1,2024,https://cf.geekdo-images.com/TkTyTkM7vVMia8Igfdhdjg__original/img/sginU2T5062cadP6pOgOMI8YOeI=/0x0/filters:format(jpeg)/pic8043539.jpg,https://cf.geekdo-images.com/TkTyTkM7vVMia8Igfdhdjg__small/img/L6nZmMmt_VV2QApHItuAIQA348U=/fit-in/200x150/filters:strip_icc()/pic8043539.jpg,1,4,30,60,60,3092,N/A,906,7.56136,6.05865,1.23557,0,1,0,0,0,0,0,0,0,2024-11-20 18:42:37,,0,,
1088,https://boardgamegeek.com/xmlapi/termsofuse,"Wed, 26 Aug 2026 00:24:39 +0000",thing,154386,boardgame,54269107,Medieval Academy,1,2014,https://cf.geekdo-images.com/T5D8h0d5kXhtNIoZFCQ1sQ__original/img/dQFYDW4sFQ15DfOuii3fZ1BWIhw=/0x0/filters:format(jpeg)/pic2468716.jpg,https://cf.geekdo-images.com/T5D8h0d5kXhtNIoZFCQ1sQ__small/img/4c8mS52iwk1rC4RcAGQzTU0YVM0=/fit-in/200x150/filters:strip_icc()/pic2468716.jpg,2,5,30,30,30,5848,N/A,4196,6.93207,6.40745,1.17237,0,1,0,0,0,0,0,0,0,2018-09-13 19:00:48,,0,,
1088,https://boardgamegeek.com/xmlapi/termsofuse,"Wed, 26 Aug 2026 00:24:39 +0000",thing,242529,boardgame,101065143,Medium,1,2019,https://cf.geekdo-images.com/gaiG9Iv8S3G6ppC5AKlNIQ__original/img/Qrleq5aHqrsQEcNKin1FYtgp6-E=/0x0/filters:format(png)/pic4912833.png,https://cf.geekdo-images.com/gaiG9Iv8S3G6ppC5AKlNIQ__small/img/85q4rpTU8rQy3n0-agc3YUjda4o=/fit-in/200x150/filters:strip_icc()/pic4912833.png,2,8,30,45,45,5568,N/A,2761,6.82042,6.17019,1.38121,0,1,0,0,0,0,0,0,0,2022-12-21 8:57:29,,0,,
1088,https://boardgamegeek.com/xmlapi/termsofuse,"Wed, 26 Aug 2026 00:24:39 +0000",thing,251293,boardgame,100969844,Megaland,1,2018,https://cf.geekdo-images.com/246rJgxtKzCuVTmsAfn62g__original/img/eKbgU2ovJm6ZLlPuB9hsGAM1QjU=/0x0/filters:format(jpeg)/pic4171243.jpg,https://cf.geekdo-images.com/246rJgxtKzCuVTmsAfn62g__small/img/Xl0HLaiNdPQSwyqUIy1Td1-hLRA=/fit-in/200x150/filters:strip_icc()/pic4171243.jpg,2,5,20,20,20,5682,N/A,2391,6.59583,6.03035,1.22958,0,1,0,0,0,0,0,0,0,2022-12-18 16:07:45,,0,,
1088,https://boardgamegeek.com/xmlapi/termsofuse,"Wed, 26 Aug 2026 00:24:39 +0000",thing,230383,boardgame,63692382,Memoarrr!,1,2017,https://cf.geekdo-images.com/yyMIexhj5GczPnnqYfHHnQ__original/img/o9jD4jHNA8xNHsVjcMOVMxFHV1o=/0x0/filters:format(jpeg)/pic4007207.jpg,https://cf.geekdo-images.com/yyMIexhj5GczPnnqYfHHnQ__small/img/r1ZltjtQ2SQ-nAN6TqohfFA6uaA=/fit-in/200x150/filters:strip_icc()/pic4007207.jpg,2,4,10,20,20,5169,N/A,2565,6.87099,6.20465,1.21108,0,1,0,0,0,0,0,0,0,2019-09-02 9:46:34,,0,,
1088,https://boardgamegeek.com/xmlapi/termsofuse,"Wed, 26 Aug 2026 00:24:39 +0000",thing,10630,boardgame,115965439,Memoir '44,1,2004,https://cf.geekdo-images.com/Ij9Zpnx1jVmtLtBD3DvLXQ__original/img/S5OMoCGqlYwZQWcnYRUvVmap2NE=/0x0/filters:format(png)/pic9000036.png,https://cf.geekdo-images.com/Ij9Zpnx1jVmtLtBD3DvLXQ__small/img/YvzL5r5jpC7tTYckNgTediSiiXU=/fit-in/200x150/filters:strip_icc()/pic9000036.png,2,4,30,45,45,43770,N/A,32113,7.52829,7.32749,1.39056,0,1,0,0,0,0,0,0,0,2024-02-05 14:24:04,,0,,
1088,https://boardgamegeek.com/xmlapi/termsofuse,"Wed, 26 Aug 2026 00:24:39 +0000",thing,347748,boardgame,136976064,Mickey and Friends: Food Fight!,1,2021,https://cf.geekdo-images.com/nOOdenHhhRjlE8rVUrAG5w__original/img/0ru2u-wWkzR86ywjvHie_4SqFJ0=/0x0/filters:format(jpeg)/pic6414406.jpg,https://cf.geekdo-images.com/nOOdenHhhRjlE8rVUrAG5w__small/img/0IYfvsn2s3VFQwBYbi8p7D-OWxs=/fit-in/200x150/filters:strip_icc()/pic6414406.jpg,3,5,10,20,20,564,N/A,171,6.6845,5.57424,1.51905,0,1,0,0,0,0,0,0,0,2025-10-02 9:29:33,,0,,
1088,https://boardgamegeek.com/xmlapi/termsofuse,"Wed, 26 Aug 2026 00:24:39 +0000",thing,590,boardgame,32084079,Mille Bornes,1,1954,https://cf.geekdo-images.com/kzLZY_DHTh-hBcqXP34a5w__original/img/v5fEmVXDcDomVNhd9O02bGsVskI=/0x0/filters:format(jpeg)/pic4330533.jpg,https://cf.geekdo-images.com/kzLZY_DHTh-hBcqXP34a5w__small/img/82b4hCqE8tTLkwexnLrp3ubGU_c=/fit-in/200x150/filters:strip_icc()/pic4330533.jpg,2,6,45,45,45,20950,6,9103,5.71629,5.60004,1.60803,0,0,1,0,0,0,0,0,0,2025-10-01 22:10:47,,0,Fun game,
1088,https://boardgamegeek.com/xmlapi/termsofuse,"Wed, 26 Aug 2026 00:24:39 +0000",thing,244992,boardgame,66894416,The Mind,5,2018,https://cf.geekdo-images.com/q_JGK291hrhnhiRB0667oA__original/img/8VjZEG278faO9JZwzce3v3EKssI=/0x0/filters:format(png)/pic3979766.png,https://cf.geekdo-images.com/q_JGK291hrhnhiRB0667oA__small/img/PUrzEmTo5kOcK5BOb4cbOOcH86I=/fit-in/200x150/filters:strip_icc()/pic3979766.png,2,4,20,20,20,70995,N/A,37983,6.70978,6.58914,1.6018,0,1,0,0,0,0,0,0,0,2019-12-21 14:56:38,,0,,
1088,https://boardgamegeek.com/xmlapi/termsofuse,"Wed, 26 Aug 2026 00:24:39 +0000",thing,19576,boardgame,32084092,Mind the Gap,1,2004,https://cf.geekdo-images.com/0mL647pKsOWUzNdZRdl4Qw__original/img/qUvZPp3GcZ8cx5c2JrckgH69fm4=/0x0/filters:format(jpeg)/pic306192.jpg,https://cf.geekdo-images.com/0mL647pKsOWUzNdZRdl4Qw__small/img/tEtcFsl2TS5uNJQeRpAd3UU8fuM=/fit-in/200x150/filters:strip_icc()/pic306192.jpg,2,6,15,15,15,22,N/A,9,2.99333,0,1.67741,0,0,1,0,0,0,0,0,0,2021-03-01 21:57:30,,0,,
1088,https://boardgamegeek.com/xmlapi/termsofuse,"Wed, 26 Aug 2026 00:24:39 +0000",thing,112840,boardgame,32084098,Mine Shift,1,2011,https://cf.geekdo-images.com/CQOak1jMwLOPuYiBUhmxHg__original/img/GkimQ70Ndr-Wb29YmaoL9X13JD0=/0x0/filters:format(jpeg)/pic1225342.jpg,https://cf.geekdo-images.com/CQOak1jMwLOPuYiBUhmxHg__small/img/q88_eJcy2hkKOMxI-aPUxSJV4RQ=/fit-in/200x150/filters:strip_icc()/pic1225342.jpg,2,4,20,20,20,416,N/A,132,5.72705,5.50958,1.38797,0,0,1,0,0,0,0,0,0,2025-10-02 10:54:10,,0,,
1088,https://boardgamegeek.com/xmlapi/termsofuse,"Wed, 26 Aug 2026 00:24:39 +0000",thing,236178,boardgame,56692754,Mini DiverCity,1,2018,https://cf.geekdo-images.com/rwiDgZB4ufBd1AbYXuV3aQ__original/img/EKN4Clhv7NOJ31r6--O_kPzCR3s=/0x0/filters:format(jpeg)/pic3758092.jpg,https://cf.geekdo-images.com/rwiDgZB4ufBd1AbYXuV3aQ__small/img/WlHaJr4ryJGO5zrY3ndRAYe0apQ=/fit-in/200x150/filters:strip_icc()/pic3758092.jpg,1,7,15,20,20,437,N/A,215,6.28338,5.54987,1.66758,0,1,0,0,0,0,0,0,0,2018-12-17 23:15:00,,0,,
1088,https://boardgamegeek.com/xmlapi/termsofuse,"Wed, 26 Aug 2026 00:24:39 +0000",thing,200077,boardgame,54335788,Mint Works,1,2017,https://cf.geekdo-images.com/v05V4Po1FdP2tbIvWOGp-g__original/img/D2VhcbE2XniRmCx8pFd-r4qajno=/0x0/filters:format(png)/pic3418969.png,https://cf.geekdo-images.com/v05V4Po1FdP2tbIvWOGp-g__small/img/wBNdIabdazh-D5_f5ZjpxMGPvU8=/fit-in/200x150/filters:strip_icc()/pic3418969.png,1,4,10,20,20,15010,N/A,7106,6.88256,6.51049,1.22951,0,1,0,0,0,0,0,0,0,2024-05-20 13:39:55,,0,small,
1088,https://boardgamegeek.com/xmlapi/termsofuse,"Wed, 26 Aug 2026 00:24:39 +0000",thing,134738,boardgame,35039539,Minute to Win It Card Game,1,2010,https://cf.geekdo-images.com/kdftbul_JQ975x_wxofc9g__original/img/RxSpYWHQnl3qwRMvoBz6YjgvBlM=/0x0/filters:format(jpeg)/pic6302627.jpg,https://cf.geekdo-images.com/kdftbul_JQ975x_wxofc9g__small/img/RcgpDeg-gtwcIGupkvq2Qn_jkVI=/fit-in/200x150/filters:strip_icc()/pic6302627.jpg,2,,30,30,30,47,N/A,0,0,0,0,0,0,1,0,0,0,0,0,0,2021-03-01 21:58:04,,0,,
1088,https://boardgamegeek.com/xmlapi/termsofuse,"Wed, 26 Aug 2026 00:24:39 +0000",thing,440759,boardgame,143122094,The Mire,5,2025,https://cf.geekdo-images.com/9B8TPSfXs8z_GCitxJzCLQ__original/img/G4hpTI9vq_qdVPhbm0XWTrsHP4I=/0x0/filters:format(png)/pic8906303.png,https://cf.geekdo-images.com/9B8TPSfXs8z_GCitxJzCLQ__small/img/tc2qG9xr1r6vteVbNHJnKr5Y-Uk=/fit-in/200x150/filters:strip_icc()/pic8906303.png,2,2,10,20,20,43,N/A,21,9.09524,0,1.06479,0,1,0,0,0,0,0,0,0,2026-03-01 17:10:47,,0,,
1088,https://boardgamegeek.com/xmlapi/termsofuse,"Wed, 26 Aug 2026 00:24:39 +0000",thing,176920,boardgame,101386706,Mission: Red Planet (Second/Third Edition),1,2015,https://cf.geekdo-images.com/dqA_FWqa16taFKOqvdvCEA__original/img/H-cOJQRUO5I_LuDx1EaMcPi-3JU=/0x0/filters:format(jpeg)/pic8483896.jpg,https://cf.geekdo-images.com/dqA_FWqa16taFKOqvdvCEA__small/img/tv2UwUf9pKFHQKY7utSSq7xk9tI=/fit-in/200x150/filters:strip_icc()/pic8483896.jpg,2,6,45,90,90,16513,N/A,12493,7.38372,7.06112,1.18886,0,1,0,0,0,0,0,0,0,2022-12-28 17:49:10,,0,,
1088,https://boardgamegeek.com/xmlapi/termsofuse,"Wed, 26 Aug 2026 00:24:39 +0000",thing,246704,boardgame,64998114,Mixtape,1,2018,https://cf.geekdo-images.com/S7MXSyoBzry8LRY-mF0AzA__original/img/mRIxKNg2sXkO_1yBDtJCDSaYa3w=/0x0/filters:format(jpeg)/pic4278840.jpg,https://cf.geekdo-images.com/S7MXSyoBzry8LRY-mF0AzA__small/img/V6WuAtXG_OER221lUJBwR1T_Azc=/fit-in/200x150/filters:strip_icc()/pic4278840.jpg,3,,,,,336,N/A,59,5.36949,5.49583,1.85977,0,0,1,0,0,0,0,0,0,2021-03-01 22:01:25,,0,,
1088,https://boardgamegeek.com/xmlapi/termsofuse,"Wed, 26 Aug 2026 00:24:39 +0000",thing,156546,boardgame,113474590,Monikers,1,2015,https://cf.geekdo-images.com/XvWGuvDebUB5Vht9x00ZMg__original/img/ayjwmNxAcELTBfRDDfApSNGsWN4=/0x0/filters:format(png)/pic9147640.png,https://cf.geekdo-images.com/XvWGuvDebUB5Vht9x00ZMg__small/img/gMRbZnTJmA5KWBEzU5Q_v6vUEK0=/fit-in/200x150/filters:strip_icc()/pic9147640.png,4,16,30,60,60,16299,N/A,7930,7.75266,7.20403,1.46895,0,1,0,0,0,0,0,0,0,2023-12-12 15:08:34,,0,,
1088,https://boardgamegeek.com/xmlapi/termsofuse,"Wed, 26 Aug 2026 00:24:39 +0000",thing,37983,boardgame,32084106,Monkey Lab,1,2009,https://cf.geekdo-images.com/4f6CvD8QMbr8X7RCVEbY8Q__original/img/pU9o9v5J2iLqMRf0iBcGNIgfqMY=/0x0/filters:format(jpeg)/pic517933.jpg,https://cf.geekdo-images.com/4f6CvD8QMbr8X7RCVEbY8Q__small/img/onmy4zMmi3hjBW-V0DnGWqYds5A=/fit-in/200x150/filters:strip_icc()/pic517933.jpg,2,4,30,30,30,540,N/A,286,5.76934,5.51832,1.50524,0,0,1,0,0,0,0,0,0,2025-10-01 22:12:16,,0,Silly kid game,
1088,https://boardgamegeek.com/xmlapi/termsofuse,"Wed, 26 Aug 2026 00:24:39 +0000",thing,40398,boardgame,34587342,Monopoly Deal Card Game,1,2008,https://cf.geekdo-images.com/XACkCb3JL0uvF6xOn0lRSg__original/img/BBhxJBuYU2N7oTs1oxfuVsHJ47w=/0x0/filters:format(jpeg)/pic4595026.jpg,https://cf.geekdo-images.com/XACkCb3JL0uvF6xOn0lRSg__small/img/MSoqR2WLqhqV9mkayMmd11sNanY=/fit-in/200x150/filters:strip_icc()/pic4595026.jpg,2,5,15,15,15,28862,N/A,13034,6.32649,6.09568,1.51472,0,0,1,0,0,0,0,0,0,2021-03-01 22:01:06,,0,,
1088,https://boardgamegeek.com/xmlapi/termsofuse,"Wed, 26 Aug 2026 00:24:39 +0000",thing,13107,boardgame,32084114,Monopoly: Alaska,1,1998,https://cf.geekdo-images.com/QOBFYth019XtWaCgiKxH6Q__original/img/kBL6SDShku8qnAWndO8DV15mPcw=/0x0/filters:format(jpeg)/pic52568.jpg,https://cf.geekdo-images.com/QOBFYth019XtWaCgiKxH6Q__small/img/3ptfSg3jYeG2bcJutMIgBrNe9T4=/fit-in/200x150/filters:strip_icc()/pic52568.jpg,2,6,120,120,120,46,5,19,5.42105,0,2.39112,0,0,1,0,0,0,0,0,0,2025-10-01 22:12:25,,0,Old Games,
1088,https://boardgamegeek.com/xmlapi/termsofuse,"Wed, 26 Aug 2026 00:24:39 +0000",thing,283212,boardgame,119378309,MonsDRAWsity,1,2020,https://cf.geekdo-images.com/7oRPCQ_9TzJXw16AG7qrsw__original/img/VKRodH7wchJ5YPNv5RjT665M8t0=/0x0/filters:format(png)/pic5794428.png,https://cf.geekdo-images.com/7oRPCQ_9TzJXw16AG7qrsw__small/img/BuaF_CT0-3Y6YqwnBstlnVlLWko=/fit-in/200x150/filters:strip_icc()/pic5794428.png,3,8,5,30,30,3227,N/A,1372,7.03956,6.03691,1.34704,0,1,0,0,0,0,0,0,0,2024-05-18 21:11:23,,0,,
1088,https://boardgamegeek.com/xmlapi/termsofuse,"Wed, 26 Aug 2026 00:24:39 +0000",thing,4659,boardgame,32084119,Moods,1,2000,https://cf.geekdo-images.com/AdEh13XTwWOJc1cWelFGTA__original/img/HQD9_liShRt6UY4eg-jAqAz34V4=/0x0/filters:format(jpeg)/pic475818.jpg,https://cf.geekdo-images.com/AdEh13XTwWOJc1cWelFGTA__small/img/ppPQRAZhMskhQ6vk8iDzAVZnU-M=/fit-in/200x150/filters:strip_icc()/pic475818.jpg,3,8,20,20,20,934,N/A,469,5.85126,5.54615,1.6483,0,0,1,0,0,0,0,0,0,2021-03-01 21:57:06,,0,,
1088,https://boardgamegeek.com/xmlapi/termsofuse,"Wed, 26 Aug 2026 00:24:39 +0000",thing,380229,boardgame,130518594,Moose Master,1,2019,https://cf.geekdo-images.com/G9y7w2_4hDtxWkymrjnMpQ__original/img/GhkTMPL3Z7sQ63xfZBwZq1Ao5eM=/0x0/filters:format(jpeg)/pic7743566.jpg,https://cf.geekdo-images.com/G9y7w2_4hDtxWkymrjnMpQ__small/img/V5vmziXwlJHmcKxtPGy_ygEmEww=/fit-in/200x150/filters:strip_icc()/pic7743566.jpg,3,99,30,30,30,881,N/A,221,6.5819,5.56374,2.01095,0,1,0,0,0,0,0,0,0,2025-03-19 18:05:54,,0,,
1088,https://boardgamegeek.com/xmlapi/termsofuse,"Wed, 26 Aug 2026 00:24:39 +0000",thing,147624,boardgame,137416089,Mount Everest,1,2013,https://cf.geekdo-images.com/RcZFWeX4ejSXHxWPJDU3iQ__original/img/Uyu6q6ctE3LZgYHM_UlHZTOpgKE=/0x0/filters:format(jpeg)/pic6135139.jpg,https://cf.geekdo-images.com/RcZFWeX4ejSXHxWPJDU3iQ__small/img/ZlZo7LUuR427L7gYsgL8IGmZ6y8=/fit-in/200x150/filters:strip_icc()/pic6135139.jpg,2,5,90,90,90,830,N/A,406,6.34039,5.61297,1.45709,0,1,0,0,0,0,0,0,0,2025-10-15 17:43:09,,0,,
1088,https://boardgamegeek.com/xmlapi/termsofuse,"Wed, 26 Aug 2026 00:24:39 +0000",thing,460712,boardgame,148901549,Mountain Goats: Legacy,1,2026,https://cf.geekdo-images.com/dXsu87GAJWpF5Rh0fiEkQw__original/img/S1Rsq0x4HGU3LXAnlJ84VMdbYVU=/0x0/filters:format(jpeg)/pic9293080.jpg,https://cf.geekdo-images.com/dXsu87GAJWpF5Rh0fiEkQw__small/img/Wc_Wsha-u8Emoyy3BVoSLk2TBD4=/fit-in/200x150/filters:strip_icc()/pic9293080.jpg,2,5,20,45,45,1227,N/A,117,7.91142,5.6049,1.09479,0,1,0,0,0,0,0,0,0,2026-08-25 19:20:04,,0,,
1088,https://boardgamegeek.com/xmlapi/termsofuse,"Wed, 26 Aug 2026 00:24:39 +0000",thing,354395,boardgame,100265703,Mountains out of Molehills,1,2022,https://cf.geekdo-images.com/06HbYgjKmq7k32SgtHFW2Q__original/img/7gQ7dBdooBevideyv2mK4DwRja4=/0x0/filters:format(jpeg)/pic6625693.jpg,https://cf.geekdo-images.com/06HbYgjKmq7k32SgtHFW2Q__small/img/FOtbac7BYkszR2w4OrRRLse9ZGo=/fit-in/200x150/filters:strip_icc()/pic6625693.jpg,2,4,45,60,60,833,N/A,292,6.65985,5.58862,1.65108,0,1,0,0,0,0,0,0,0,2022-11-27 17:12:57,,0,,
1088,https://boardgamegeek.com/xmlapi/termsofuse,"Wed, 26 Aug 2026 00:24:39 +0000",thing,2679,boardgame,33170781,Mouse Trap,1,1963,https://cf.geekdo-images.com/FOAtyHTLsx-YS_eeB6gi8Q__original/img/Bg3vVUuAPMGI35K9Ppx5qvJiHNs=/0x0/filters:format(jpeg)/pic8203815.jpg,https://cf.geekdo-images.com/FOAtyHTLsx-YS_eeB6gi8Q__small/img/mg7g44hQKtCX-GeqdfIDrnMRM3A=/fit-in/200x150/filters:strip_icc()/pic8203815.jpg,2,4,30,30,30,4683,N/A,3482,4.13996,4.66122,1.71002,0,0,1,0,0,0,0,0,0,2016-02-19 17:02:36,,0,,
1088,https://boardgamegeek.com/xmlapi/termsofuse,"Wed, 26 Aug 2026 00:24:39 +0000",thing,267945,boardgame,81061966,Mr. Face,1,2018,https://cf.geekdo-images.com/uBBBtbjmKDGJilb7bn9r8Q__original/img/4OZRR9qwOBtb9S63lccCqLTjcvo=/0x0/filters:format(png)/pic5797033.png,https://cf.geekdo-images.com/uBBBtbjmKDGJilb7bn9r8Q__small/img/pReg8AZr5HMH4uRg5SRjKrO30-w=/fit-in/200x150/filters:strip_icc()/pic5797033.png,3,6,20,20,20,704,N/A,263,6.02909,5.55107,1.47291,0,0,1,0,0,0,0,0,0,2025-10-01 22:13:18,,0,small,
1088,https://boardgamegeek.com/xmlapi/termsofuse,"Wed, 26 Aug 2026 00:24:39 +0000",thing,21763,boardgame,37222013,Mr. Jack,1,2006,https://cf.geekdo-images.com/CDdF4xOQJsNK0gX8-tBdCQ__original/img/d18QDvd0PyfMsipVpHPajZCFPsE=/0x0/filters:format(jpeg)/pic3066125.jpg,https://cf.geekdo-images.com/CDdF4xOQJsNK0gX8-tBdCQ__small/img/5b44BrekfAQznAhRIOSPDtwHMsg=/fit-in/200x150/filters:strip_icc()/pic3066125.jpg,2,2,30,30,30,25692,N/A,19131,6.95951,6.76468,1.24431,0,1,0,0,0,0,0,0,0,2018-07-20 15:06:31,,0,,
1088,https://boardgamegeek.com/xmlapi/termsofuse,"Wed, 26 Aug 2026 00:24:39 +0000",thing,72287,boardgame,32084128,Mr. Jack Pocket,1,2010,https://cf.geekdo-images.com/nd44m6n6ykDCsHVt4wcEcQ__original/img/9GFcbKuPOzXXMli4QcQFTBJaKDU=/0x0/filters:format(jpeg)/pic1519530.jpg,https://cf.geekdo-images.com/nd44m6n6ykDCsHVt4wcEcQ__small/img/wpEJcfEdHyXDW1Kh3xbevgW2JuA=/fit-in/200x150/filters:strip_icc()/pic1519530.jpg,2,2,15,15,15,15413,6.5,9125,6.82509,6.53102,1.21108,0,1,0,0,0,0,0,0,0,2015-12-28 12:23:52,,0,Fun strategy game,
1088,https://boardgamegeek.com/xmlapi/termsofuse,"Wed, 26 Aug 2026 00:24:39 +0000",thing,192638,boardgame,130518626,Multiuniversum,1,2016,https://cf.geekdo-images.com/eatXdaDkITjRMFipB_iHmQ__original/img/27hZHdzUJNztQSVFbP7HX3IJ4qw=/0x0/filters:format(png)/pic4167532.png,https://cf.geekdo-images.com/eatXdaDkITjRMFipB_iHmQ__small/img/x3Y3EYbgDDZDTQ_ylXGMnF-HeTs=/fit-in/200x150/filters:strip_icc()/pic4167532.png,1,5,20,40,40,3183,N/A,1564,6.50405,5.88304,1.33157,0,1,0,0,0,0,0,0,0,2025-03-19 18:07:03,,0,,
1088,https://boardgamegeek.com/xmlapi/termsofuse,"Wed, 26 Aug 2026 00:24:39 +0000",thing,1927,boardgame,33469700,Munchkin,1,2001,https://cf.geekdo-images.com/J-ts3MW0UhDzs621TR6cog__original/img/FbqPPCilgZKND2xmhWJgkfjZiYE=/0x0/filters:format(jpeg)/pic1871016.jpg,https://cf.geekdo-images.com/J-ts3MW0UhDzs621TR6cog__small/img/8hVkpMC5pDLr6ARI_4gI4N3aF5M=/fit-in/200x150/filters:strip_icc()/pic1871016.jpg,3,6,60,120,120,104028,N/A,53721,5.87471,5.69244,1.84136,0,0,1,0,0,0,0,0,0,2025-10-02 10:55:49,,0,Who doesn't like a little Munchkin once in a while? :),
1088,https://boardgamegeek.com/xmlapi/termsofuse,"Wed, 26 Aug 2026 00:24:39 +0000",thing,94915,boardgame,33171593,Munchkin Axe Cop,1,2011,https://cf.geekdo-images.com/BK1NacCY4BkDTTiCPo7-kQ__original/img/rOyCU0PGT8qbGsnkTGng2tZAs8s=/0x0/filters:format(jpeg)/pic1045944.jpg,https://cf.geekdo-images.com/BK1NacCY4BkDTTiCPo7-kQ__small/img/RAxAuYVLe3t-l8LgGndh7LF7h18=/fit-in/200x150/filters:strip_icc()/pic1045944.jpg,3,6,60,120,120,1523,N/A,402,6.07935,5.55884,1.72176,0,0,1,0,0,0,0,0,0,2025-03-19 17:57:49,,0,Josh has,
1088,https://boardgamegeek.com/xmlapi/termsofuse,"Wed, 26 Aug 2026 00:24:39 +0000",thing,144325,boardgame,32084146,Munchkin Legends,1,2013,https://cf.geekdo-images.com/5RVDYX231cxsf7WTRM9BeA__original/img/F7IF0h4uhUwMZqVzn2lfWsTyMWg=/0x0/filters:format(jpeg)/pic1698736.jpg,https://cf.geekdo-images.com/5RVDYX231cxsf7WTRM9BeA__small/img/dFyRAG9AxM8X-_M634xR3tnmk6Y=/fit-in/200x150/filters:strip_icc()/pic1698736.jpg,3,6,60,120,120,5047,N/A,1412,6.35929,5.7537,1.63011,0,0,1,0,0,0,0,0,0,2025-03-19 17:57:59,,0,Josh has,
1088,https://boardgamegeek.com/xmlapi/termsofuse,"Wed, 26 Aug 2026 00:24:39 +0000",thing,181192,boardgame,130518414,Munchkin Oz,1,2015,https://cf.geekdo-images.com/B7KOYNiKVOIXZeTungXT6g__original/img/zmodNzRJi1bL8PbIZyVN89tYuRk=/0x0/filters:format(jpeg)/pic2600587.jpg,https://cf.geekdo-images.com/B7KOYNiKVOIXZeTungXT6g__small/img/cU-BNJxBVJuxAI4-cTur0fmdyOU=/fit-in/200x150/filters:strip_icc()/pic2600587.jpg,3,6,60,120,120,1640,N/A,297,6.33835,5.58085,1.69197,0,1,0,0,0,0,0,0,0,2025-03-19 18:02:02,,0,,
1088,https://boardgamegeek.com/xmlapi/termsofuse,"Wed, 26 Aug 2026 00:24:39 +0000",thing,129359,boardgame,32084149,Munchkin Pathfinder,1,2013,https://cf.geekdo-images.com/vRimUOTB4iXWBnkY6ILhFw__original/img/WG2oG7lzXuQi2diE3alpzU6cHfY=/0x0/filters:format(jpeg)/pic1641599.jpg,https://cf.geekdo-images.com/vRimUOTB4iXWBnkY6ILhFw__small/img/UYGD7j4XbFFw9TUwXWVhSyqoTCI=/fit-in/200x150/filters:strip_icc()/pic1641599.jpg,3,6,60,90,90,4159,N/A,1072,6.31167,5.70974,1.69542,0,0,1,0,0,0,0,0,0,2025-03-19 17:58:04,,0,Josh has,
1088,https://boardgamegeek.com/xmlapi/termsofuse,"Wed, 26 Aug 2026 00:24:39 +0000",thing,41034,boardgame,34587370,Munchkin Promo Cards,1,,https://cf.geekdo-images.com/ZY9BuA5T7Ib9R_Hzg1UctA__original/img/UKE4Vo-zWvThP5YKM-KuMTZqTx4=/0x0/filters:format(jpeg)/pic2648293.jpg,https://cf.geekdo-images.com/ZY9BuA5T7Ib9R_Hzg1UctA__small/img/0GCf6i1Q2Db0XwgTzMhKSlE_TKI=/fit-in/200x150/filters:strip_icc()/pic2648293.jpg,3,6,90,90,90,6501,N/A,231,6.771,5.58261,2.09106,0,0,1,0,0,0,0,0,0,2025-03-19 17:58:10,,0,Josh has,
1088,https://boardgamegeek.com/xmlapi/termsofuse,"Wed, 26 Aug 2026 00:24:39 +0000",thing,24733,boardgame,34587394,Munchkin Promotional Bookmarks,1,2001,https://cf.geekdo-images.com/c7BjaeIjEwLTnOjUpDQUdQ__original/img/rg3VfKUsNFhHG3Bd_WB2Liw19Tw=/0x0/filters:format(jpeg)/pic745628.jpg,https://cf.geekdo-images.com/c7BjaeIjEwLTnOjUpDQUdQ__small/img/3m_vE1PrYhkZnRv-kPJeced6W9I=/fit-in/200x150/filters:strip_icc()/pic745628.jpg,3,6,90,90,90,3530,N/A,282,5.68388,5.49693,2.17216,0,0,1,0,0,0,0,0,0,2025-03-19 17:58:16,,0,Josh has,
1088,https://boardgamegeek.com/xmlapi/termsofuse,"Wed, 26 Aug 2026 00:24:39 +0000",thing,29678,boardgame,32084142,Munchkin Quest,1,2008,https://cf.geekdo-images.com/ICz9kzlFwkvjrNeLOuhIyA__original/img/_H7hbVCSt0qaSc3Dsc6yoLISLMg=/0x0/filters:format(jpeg)/pic294853.jpg,https://cf.geekdo-images.com/ICz9kzlFwkvjrNeLOuhIyA__small/img/bRRTjKNns5pXE8Uen_tz7RmNhpg=/fit-in/200x150/filters:strip_icc()/pic294853.jpg,2,4,180,180,180,10115,N/A,4149,5.81825,5.62026,1.81188,0,0,1,0,0,0,0,0,0,2025-03-19 17:58:25,,0,Josh has,
1088,https://boardgamegeek.com/xmlapi/termsofuse,"Wed, 26 Aug 2026 00:24:39 +0000",thing,76466,boardgame,34587377,Munchkin Santa's Revenge,1,2010,https://cf.geekdo-images.com/hFWbLpoIzXiEUs2HRSpW2Q__original/img/m2yrIXRYXCg2t-gqfbGltxUwfDw=/0x0/filters:format(jpeg)/pic770418.jpg,https://cf.geekdo-images.com/hFWbLpoIzXiEUs2HRSpW2Q__small/img/BXoB_2OYenfVyGJNUXGpFY9mUqs=/fit-in/200x150/filters:strip_icc()/pic770418.jpg,3,6,90,90,90,1286,N/A,292,6.71788,5.61084,1.54419,0,0,1,0,0,0,0,0,0,2025-03-19 17:58:33,,0,Josh has,
1088,https://boardgamegeek.com/xmlapi/termsofuse,"Wed, 26 Aug 2026 00:24:39 +0000",thing,263933,boardgame,113474466,Murder Mystery Flexi Party: Murder in the Roaring '20s,1,2016,,,6,14,,,,3,N/A,1,6,0,0,0,1,0,0,0,0,0,0,0,2023-12-12 15:05:33,,0,,
1088,https://boardgamegeek.com/xmlapi/termsofuse,"Wed, 26 Aug 2026 00:24:39 +0000",thing,266266,boardgame,130521680,Murder Mystery Party Case Files: Death in Antarctica,1,2017,https://cf.geekdo-images.com/UJBIm8aStALGXNJVr-IxKA__original/img/IfqrYerztYFhIgLQtZFYgzeOrBg=/0x0/filters:format(jpeg)/pic8918154.jpg,https://cf.geekdo-images.com/UJBIm8aStALGXNJVr-IxKA__small/img/zPZS6pmEOeUcIGUe7Y9PSr5t80w=/fit-in/200x150/filters:strip_icc()/pic8918154.jpg,1,6,90,180,180,905,N/A,343,7.11537,5.69015,1.3907,0,1,0,0,0,0,0,0,0,2025-03-19 20:52:07,,0,,
1088,https://boardgamegeek.com/xmlapi/termsofuse,"Wed, 26 Aug 2026 00:24:39 +0000",thing,263190,boardgame,119378781,Murder Mystery Party: Murder in the Orient,1,2002,https://cf.geekdo-images.com/4H9XhbwWIbrF4DaaqGkplw__original/img/TSW-0wT-ucm_S_5hPtXtp6mxbi8=/0x0/filters:format(jpeg)/pic8921727.jpg,https://cf.geekdo-images.com/4H9XhbwWIbrF4DaaqGkplw__small/img/_jSSK0Xdkvs9flro25v2BQQ9ywY=/fit-in/200x150/filters:strip_icc()/pic8921727.jpg,6,6,60,180,180,7,N/A,0,0,0,0,0,1,0,0,0,0,0,0,0,2024-05-18 21:41:44,,0,,
1088,https://boardgamegeek.com/xmlapi/termsofuse,"Wed, 26 Aug 2026 00:24:39 +0000",thing,430994,boardgame,130521640,Murder Mystery: Murder on the Express,1,2023,https://cf.geekdo-images.com/wtG8-CSswe2rf82RXZGTZQ__original/img/khA6AKZTGS10yfXu9s4krGYD6qw=/0x0/filters:format(jpeg)/pic8489932.jpg,https://cf.geekdo-images.com/wtG8-CSswe2rf82RXZGTZQ__small/img/NGZhzv89xLQSqFiI0AArxat2RS4=/fit-in/200x150/filters:strip_icc()/pic8489932.jpg,2,13,,,,13,N/A,1,3,0,0,0,1,0,0,0,0,0,0,0,2025-03-19 20:50:19,,0,,
1088,https://boardgamegeek.com/xmlapi/termsofuse,"Wed, 26 Aug 2026 00:24:39 +0000",thing,234396,boardgame,54030347,Muse,1,2017,https://cf.geekdo-images.com/6gDD73LSCMrr7ab1LHCXCg__original/img/PD8dhfO_eTUCZrAxFt_ihXOg3Ig=/0x0/filters:format(jpeg)/pic3719954.jpg,https://cf.geekdo-images.com/6gDD73LSCMrr7ab1LHCXCg__small/img/YmT4zvKoAkhx62AGUdeylS7mQig=/fit-in/200x150/filters:strip_icc()/pic3719954.jpg,2,12,30,30,30,5098,N/A,2530,6.57371,6.03212,1.32973,0,1,0,0,0,0,0,0,0,2018-09-02 15:33:50,,0,,
1088,https://boardgamegeek.com/xmlapi/termsofuse,"Wed, 26 Aug 2026 00:24:39 +0000",thing,252776,boardgame,100265352,Muse: Awakenings,1,2018,https://cf.geekdo-images.com/HAl2mFKP0mujF49-X0mMiQ__original/img/gI6y4cgb1exGq3jR8Iexfrg4Mgo=/0x0/filters:format(png)/pic4133038.png,https://cf.geekdo-images.com/HAl2mFKP0mujF49-X0mMiQ__small/img/ENOc9pIVCgUX02pXZ2eU3LuN5-Y=/fit-in/200x150/filters:strip_icc()/pic4133038.png,2,12,30,30,30,1228,N/A,374,6.85173,5.68326,1.2715,0,1,0,0,0,0,0,0,0,2022-11-27 17:02:27,,0,,
1088,https://boardgamegeek.com/xmlapi/termsofuse,"Wed, 26 Aug 2026 00:24:39 +0000",thing,220541,boardgame,54463685,Museum Heist,1,2017,https://cf.geekdo-images.com/edx81JiH8KQRWbOg83x94A__original/img/6Hu8w7rcosVULzPj_8o1UMTUnmk=/0x0/filters:format(jpeg)/pic3417947.jpg,https://cf.geekdo-images.com/edx81JiH8KQRWbOg83x94A__small/img/Kbq_uN-LC-EH10lYO1-gninVzd0=/fit-in/200x150/filters:strip_icc()/pic3417947.jpg,2,4,20,20,20,291,N/A,122,6.19459,5.53257,1.41181,0,0,1,0,0,0,0,0,0,2025-10-01 22:15:47,,0,,
1088,https://boardgamegeek.com/xmlapi/termsofuse,"Wed, 26 Aug 2026 00:24:39 +0000",thing,295486,boardgame,130518580,My City,1,2020,https://cf.geekdo-images.com/fz4aYmycg9baQlm_DzwyKA__original/img/TvWwknCLoPNxx3uIOhlCg-9F1mM=/0x0/filters:format(jpeg)/pic7443423.jpg,https://cf.geekdo-images.com/fz4aYmycg9baQlm_DzwyKA__small/img/j66PBN_vi0zLs7c-zR-r2NkUT2g=/fit-in/200x150/filters:strip_icc()/pic7443423.jpg,2,4,30,30,30,25741,N/A,13634,7.5689,7.24153,1.25392,0,1,0,0,0,0,0,0,0,2025-03-19 18:05:27,,0,,
1088,https://boardgamegeek.com/xmlapi/termsofuse,"Wed, 26 Aug 2026 00:24:39 +0000",thing,41010,boardgame,54030309,My First Carcassonne,1,2009,https://cf.geekdo-images.com/cj1OiLMQ1tXF1VfuNXqDdA__original/img/8OaEhESNP9rQ2IgZtYtsCxNistU=/0x0/filters:format(png)/pic5606668.png,https://cf.geekdo-images.com/cj1OiLMQ1tXF1VfuNXqDdA__small/img/KrwkqSCsQmYfVS9F_lYqUsIaHEw=/fit-in/200x150/filters:strip_icc()/pic5606668.png,2,4,10,20,20,10540,N/A,4947,6.65059,6.22708,1.32363,0,1,0,0,0,0,0,0,0,2024-05-20 13:42:58,,0,Kids,
1088,https://boardgamegeek.com/xmlapi/termsofuse,"Wed, 26 Aug 2026 00:24:39 +0000",thing,267314,boardgame,109781598,My First Castle Panic,1,2019,https://cf.geekdo-images.com/jacehOaTJlMKMEl5RKZuGw__original/img/MgHPbS6FUyonnCgnTZJqWFbbF0g=/0x0/filters:format(jpeg)/pic4472950.jpg,https://cf.geekdo-images.com/jacehOaTJlMKMEl5RKZuGw__small/img/pl51DzVdTuF_0FrCPr3XFPggtv8=/fit-in/200x150/filters:strip_icc()/pic4472950.jpg,1,4,20,20,20,3115,N/A,1377,6.39196,5.79888,1.62036,0,1,0,0,0,0,0,0,0,2024-05-20 13:43:03,,0,Kids,
1088,https://boardgamegeek.com/xmlapi/termsofuse,"Wed, 26 Aug 2026 00:24:39 +0000",thing,226320,boardgame,87070078,My Little Scythe,1,2018,https://cf.geekdo-images.com/EhXCpSR6ambdYuKbrej3UQ__original/img/M1WeUiGRTGOeiB9prqpy07OIKGM=/0x0/filters:format(jpeg)/pic4134810.jpg,https://cf.geekdo-images.com/EhXCpSR6ambdYuKbrej3UQ__small/img/3znFvjc6uN6rossizk5I5eOr4Rk=/fit-in/200x150/filters:strip_icc()/pic4134810.jpg,1,6,45,60,60,14125,N/A,6430,7.194,6.70025,1.32292,0,1,0,0,0,0,0,0,0,2021-10-30 17:45:51,,0,,
1088,https://boardgamegeek.com/xmlapi/termsofuse,"Wed, 26 Aug 2026 00:24:39 +0000",thing,181304,boardgame,32084154,Mysterium,1,2015,https://cf.geekdo-images.com/1nQ3ZKudtDeAP7IiKE-kNg__original/img/6igmXolQesapNU9yEnexip6m9B8=/0x0/filters:format(jpeg)/pic8625343.jpg,https://cf.geekdo-images.com/1nQ3ZKudtDeAP7IiKE-kNg__small/img/sW38512N2r1ZuuPE2TUD2LNfoxM=/fit-in/200x150/filters:strip_icc()/pic8625343.jpg,2,7,42,42,42,85312,N/A,49702,7.18839,7.04669,1.39285,0,1,0,0,0,0,0,0,0,2023-02-19 12:05:31,,1,"Game Play: Deduction
Our Rating: Good
Thoughts: Complex setup. Fun on later plays with proper understanding of rules. 

Its a cross between Clue & DixIt, didn't like first play. Setup not easy and easy to misunderstand rules.",
1088,https://boardgamegeek.com/xmlapi/termsofuse,"Wed, 26 Aug 2026 00:24:39 +0000",thing,65907,boardgame,119444398,Mystery Express,1,2010,https://cf.geekdo-images.com/kGfPbEmsYpZfJUKQe4aSPw__original/img/_f8NImf4uZ9dBwrnDQVbLVW6sT4=/0x0/filters:format(jpeg)/pic654578.jpg,https://cf.geekdo-images.com/kGfPbEmsYpZfJUKQe4aSPw__small/img/rc8l6HOJwYgR47WTGy1Th3Tf0qw=/fit-in/200x150/filters:strip_icc()/pic654578.jpg,3,5,60,90,90,3819,N/A,2655,6.54694,6.03508,1.46722,0,1,0,0,0,0,0,0,0,2024-05-20 17:08:34,,0,our version is called Murder on the Express,
1088,https://boardgamegeek.com/xmlapi/termsofuse,"Wed, 26 Aug 2026 00:24:39 +0000",thing,106,boardgame,54597685,Mystery Rummy: Jack the Ripper,1,1998,https://cf.geekdo-images.com/lVc5ebKuO3kLu6a0m-cZuA__original/img/jwBmQ9Fc_tCeDCu9JG1tnwok-DI=/0x0/filters:format(jpeg)/pic592086.jpg,https://cf.geekdo-images.com/lVc5ebKuO3kLu6a0m-cZuA__small/img/xBBA7X5p6rOzGV0RLr92x1DQ66E=/fit-in/200x150/filters:strip_icc()/pic592086.jpg,2,4,45,45,45,6276,N/A,3606,6.94247,6.34341,1.3318,0,1,0,0,0,0,0,0,0,2018-09-28 21:31:23,,0,,
1088,https://boardgamegeek.com/xmlapi/termsofuse,"Wed, 26 Aug 2026 00:24:39 +0000",thing,194607,boardgame,52999233,Mystic Vale,1,2016,https://cf.geekdo-images.com/2cf8lebaIrJ8Z62HGEs2wQ__original/img/tgXds1PLtf7gcZsH4bsL34uT8Rk=/0x0/filters:format(png)/pic3287905.png,https://cf.geekdo-images.com/2cf8lebaIrJ8Z62HGEs2wQ__small/img/_iH-e13A0Suy5CBOZIwdCeKlEXc=/fit-in/200x150/filters:strip_icc()/pic3287905.png,2,4,45,45,45,17842,N/A,12761,7.23422,6.92476,1.3236,0,1,0,0,0,0,0,0,0,2018-07-20 15:01:24,,0,,
1088,https://boardgamegeek.com/xmlapi/termsofuse,"Wed, 26 Aug 2026 00:24:39 +0000",thing,244191,boardgame,80320458,Naga Raja,1,2019,https://cf.geekdo-images.com/BhWG7lpcdeDtgREf_qoxnw__original/img/DZPHZKfcCd8722GNo6en6GgCWmk=/0x0/filters:format(jpeg)/pic4584504.jpg,https://cf.geekdo-images.com/BhWG7lpcdeDtgREf_qoxnw__small/img/A05JkFIHJGHpkTvNu2jgNxFx5M0=/fit-in/200x150/filters:strip_icc()/pic4584504.jpg,2,2,30,30,30,4953,N/A,2889,7.08914,6.3565,1.21164,0,1,0,0,0,0,0,0,0,2021-03-11 19:14:41,,0,,
1088,https://boardgamegeek.com/xmlapi/termsofuse,"Wed, 26 Aug 2026 00:24:39 +0000",thing,158970,boardgame,80320431,Nautilus Industries,1,2015,https://cf.geekdo-images.com/dgxwmGO30va4nwc5EbdVGw__original/img/vS6KMSCEBut6SIL8fHpJRjm_mC8=/0x0/filters:format(jpeg)/pic2087108.jpg,https://cf.geekdo-images.com/dgxwmGO30va4nwc5EbdVGw__small/img/9upxed0PKIEuy75Nk_YO6JCEXu4=/fit-in/200x150/filters:strip_icc()/pic2087108.jpg,2,6,60,60,60,580,N/A,246,6.66293,5.60513,1.42022,0,1,0,0,0,0,0,0,0,2021-03-11 19:12:50,,0,,
1088,https://boardgamegeek.com/xmlapi/termsofuse,"Wed, 26 Aug 2026 00:24:39 +0000",thing,108044,boardgame,55284620,Nefarious,1,2011,https://cf.geekdo-images.com/GsTDQa-ln8ZGILcnZRpYBA__original/img/K_HgDc6Bj9qGDv8CmqNWF2WyA-0=/0x0/filters:format(jpeg)/pic2568631.jpg,https://cf.geekdo-images.com/GsTDQa-ln8ZGILcnZRpYBA__small/img/cmj6OCzYFEnb4PEGr3KmsZiIQgc=/fit-in/200x150/filters:strip_icc()/pic2568631.jpg,2,6,30,45,45,4260,N/A,2822,6.24292,5.87709,1.50415,0,1,0,0,0,0,0,0,0,2018-10-27 16:16:21,,0,,
1088,https://boardgamegeek.com/xmlapi/termsofuse,"Wed, 26 Aug 2026 00:24:39 +0000",thing,223495,boardgame,55284652,Nefarious: Becoming a Monster Expansion,1,2016,https://cf.geekdo-images.com/LraunH4x8M1QOnd2n30tOg__original/img/yLX03H2UO910Qw3XjnPtPQeijCM=/0x0/filters:format(jpeg)/pic3518317.jpg,https://cf.geekdo-images.com/LraunH4x8M1QOnd2n30tOg__small/img/VZhL65YjsrzjU4NKdpwJDQOSnWc=/fit-in/200x150/filters:strip_icc()/pic3518317.jpg,2,6,30,45,45,473,N/A,71,7.19535,5.54486,1.25008,0,1,0,0,0,0,0,0,0,2018-10-27 16:17:31,,0,,
1088,https://boardgamegeek.com/xmlapi/termsofuse,"Wed, 26 Aug 2026 00:24:39 +0000",thing,7263,boardgame,79321918,Nertz,1,1930,https://cf.geekdo-images.com/nUwySSpIuK5sPvf2L0gVGw__original/img/XPQtvTZ4jxG7bzzaK8D8NAHMdrU=/0x0/filters:format(png)/pic7665576.png,https://cf.geekdo-images.com/nUwySSpIuK5sPvf2L0gVGw__small/img/jAWzZvk3EI4EgEhQxEviWUAJPnI=/fit-in/200x150/filters:strip_icc()/pic7665576.png,2,6,60,60,60,1362,N/A,716,6.63605,5.73286,1.90295,0,0,1,0,0,0,0,0,0,2022-12-28 16:46:43,,0,Solitaire Frenzy,
1088,https://boardgamegeek.com/xmlapi/termsofuse,"Wed, 26 Aug 2026 00:24:39 +0000",thing,170274,boardgame,32084159,Never Have I Ever: The Game of Poor Life Decisions,1,2014,https://cf.geekdo-images.com/jFwQsiChKVxGL0rCzX6gaQ__original/img/AeUIXFAI11T9dDrnKv3VtZvQOBI=/0x0/filters:format(jpeg)/pic4503017.jpg,https://cf.geekdo-images.com/jFwQsiChKVxGL0rCzX6gaQ__small/img/wKxq0_UWfgZgYt65BvpaS95TGcw=/fit-in/200x150/filters:strip_icc()/pic4503017.jpg,4,12,30,30,30,1149,6.5,227,4.77031,5.43083,1.8995,0,0,1,0,0,0,0,0,0,2025-10-01 22:17:23,,0,Party - Fun party game,
1088,https://boardgamegeek.com/xmlapi/termsofuse,"Wed, 26 Aug 2026 00:24:39 +0000",thing,245058,boardgame,81002649,The Neverland Rescue,5,2019,https://cf.geekdo-images.com/8TsLzigNXdZhhtnyRwZFrQ__original/img/8FDa7RKG_SasZFkfgZVkjYpseQs=/0x0/filters:format(png)/pic3949569.png,https://cf.geekdo-images.com/8TsLzigNXdZhhtnyRwZFrQ__small/img/BsGinUt7pCfX07QcysHS5G02dVA=/fit-in/200x150/filters:strip_icc()/pic3949569.png,2,2,30,45,45,282,N/A,75,6.4568,5.52233,1.68042,0,1,0,0,0,0,0,0,0,2021-04-03 17:31:20,,0,,
1088,https://boardgamegeek.com/xmlapi/termsofuse,"Wed, 26 Aug 2026 00:24:39 +0000",thing,287810,boardgame,100975128,"New Phone, Who Dis?",1,2019,https://cf.geekdo-images.com/PR0ojGaLskaFz8BBou_GQw__original/img/k2O1fIK01YFhmr3UI-bGiCTpZ7w=/0x0/filters:format(jpeg)/pic7369897.jpg,https://cf.geekdo-images.com/PR0ojGaLskaFz8BBou_GQw__small/img/9ZAHp4ViCj3cdE_G5A7QnsoWBd8=/fit-in/200x150/filters:strip_icc()/pic7369897.jpg,3,20,30,90,90,1756,N/A,397,4.8043,5.38843,1.85184,0,0,1,0,0,0,0,0,0,2025-10-01 22:17:46,,0,Party,
1088,https://boardgamegeek.com/xmlapi/termsofuse,"Wed, 26 Aug 2026 00:24:39 +0000",thing,34615,boardgame,114710563,New World: A Carcassonne Game,1,2008,https://cf.geekdo-images.com/EOvcnlAohLxg6gY7odaphw__original/img/LMzYbY7w58_67Ks7f2LQ5At2D0g=/0x0/filters:format(jpeg)/pic303773.jpg,https://cf.geekdo-images.com/EOvcnlAohLxg6gY7odaphw__small/img/yizS4gAeKFGapxgUZQ4wf_ypH9g=/fit-in/200x150/filters:strip_icc()/pic303773.jpg,2,5,45,45,45,4322,N/A,2350,6.47849,5.9663,1.37824,0,0,1,0,0,0,0,0,0,2025-10-01 22:19:04,,0,(filed under Carcassonne),
1088,https://boardgamegeek.com/xmlapi/termsofuse,"Wed, 26 Aug 2026 00:24:39 +0000",thing,174660,boardgame,47181579,New York 1901,1,2015,https://cf.geekdo-images.com/HTdnmBGtjaS2hgn9IEta9g__original/img/7HYeDu_2vBCepbhAFh1-6eg8WjQ=/0x0/filters:format(jpeg)/pic2515532.jpg,https://cf.geekdo-images.com/HTdnmBGtjaS2hgn9IEta9g__small/img/wSOIMKcHyhSA7sU4p9xY2xyj7kA=/fit-in/200x150/filters:strip_icc()/pic2515532.jpg,2,4,30,60,60,11081,N/A,6594,6.78199,6.42122,1.17773,0,1,0,0,0,0,0,0,0,2017-11-25 12:20:13,,0,,
1088,https://boardgamegeek.com/xmlapi/termsofuse,"Wed, 26 Aug 2026 00:24:39 +0000",thing,300877,boardgame,98478390,New York Zoo,1,2020,https://cf.geekdo-images.com/8vqr1uYik715mqDqy0W9vg__original/img/n_Q1WMkgDeNke6RdnagDS6j1lcc=/0x0/filters:format(jpeg)/pic5673404.jpg,https://cf.geekdo-images.com/8vqr1uYik715mqDqy0W9vg__small/img/Bu97VesRjdbQO2PxfuOrdC6icd8=/fit-in/200x150/filters:strip_icc()/pic5673404.jpg,1,5,30,60,60,18788,N/A,10307,6.99723,6.68886,1.19531,0,1,0,0,0,0,0,0,0,2022-10-07 13:03:52,,0,,
1088,https://boardgamegeek.com/xmlapi/termsofuse,"Wed, 26 Aug 2026 00:24:39 +0000",thing,28454,boardgame,81061910,The New Yorker: Cartoon Caption Game,5,2006,https://cf.geekdo-images.com/j_Z0b622j3Sp8I8W8MAzQQ__original/img/RVrPZtZtmunLr3QG4Zt5BPjwy2Y=/0x0/filters:format(jpeg)/pic192080.jpg,https://cf.geekdo-images.com/j_Z0b622j3Sp8I8W8MAzQQ__small/img/kFVs3I5ieFECIWVi9d9CvAN5clo=/fit-in/200x150/filters:strip_icc()/pic192080.jpg,3,6,45,45,45,251,N/A,99,6.17172,5.5201,1.84227,0,0,1,0,0,0,0,0,0,2025-10-02 10:57:06,,0,,
1088,https://boardgamegeek.com/xmlapi/termsofuse,"Wed, 26 Aug 2026 00:24:39 +0000",thing,337391,boardgame,130519019,Nice Buns,1,2021,https://cf.geekdo-images.com/5YUtqpk3DbtcoEuBwSXr0g__original/img/huVc4tHa4GLxOi63ALdsKdxc7MI=/0x0/filters:format(png)/pic6162624.png,https://cf.geekdo-images.com/5YUtqpk3DbtcoEuBwSXr0g__small/img/_aKokcl8MSztbJ4NY6oCv6dvDWw=/fit-in/200x150/filters:strip_icc()/pic6162624.png,2,6,30,30,30,737,N/A,253,6.16636,5.54464,1.61703,0,0,1,0,0,0,0,0,0,2025-10-01 22:22:11,,0,,
1088,https://boardgamegeek.com/xmlapi/termsofuse,"Wed, 26 Aug 2026 00:24:39 +0000",thing,230064,boardgame,64998246,Ninjitsu!,1,2018,https://cf.geekdo-images.com/rLGHc2FzjKvvRQoOoq7bmQ__original/img/QBrkIz5z1MFV7utk_HE7MpghzgY=/0x0/filters:format(png)/pic4157006.png,https://cf.geekdo-images.com/rLGHc2FzjKvvRQoOoq7bmQ__small/img/QEgnJHZyjCGu3KEY_7PeG9VknbA=/fit-in/200x150/filters:strip_icc()/pic4157006.png,2,5,5,10,10,1049,N/A,251,6.37123,5.57663,1.47996,0,1,0,0,0,0,0,0,0,2019-10-21 20:38:24,,0,,
1088,https://boardgamegeek.com/xmlapi/termsofuse,"Wed, 26 Aug 2026 00:24:39 +0000",thing,12942,boardgame,32084167,No Thanks!,1,2004,https://cf.geekdo-images.com/JSAs8aMopjf8P9JXwTMV7w__original/img/pm0ioQ1vNabJExMgcXwB2oMIalY=/0x0/filters:format(png)/pic9005058.png,https://cf.geekdo-images.com/JSAs8aMopjf8P9JXwTMV7w__small/img/j7oqDPsahGkdKQMXbKjYMZ0jmwM=/fit-in/200x150/filters:strip_icc()/pic9005058.png,3,7,20,20,20,47188,7,31012,7.0807,6.95428,1.20668,0,1,0,0,0,0,0,0,0,2015-12-28 12:24:38,,0,Fun pub game,
1088,https://boardgamegeek.com/xmlapi/termsofuse,"Wed, 26 Aug 2026 00:24:39 +0000",thing,376472,boardgame,142571671,Noobs in Space,1,2023,https://cf.geekdo-images.com/1j-412YMFlb0GhAVKDMouw__original/img/7GZ8Fv09vPz9GGbzKJxrf-OnVBQ=/0x0/filters:format(png)/pic7233515.png,https://cf.geekdo-images.com/1j-412YMFlb0GhAVKDMouw__small/img/A5DW0g4qAodfERg9lnBIZa3TqDY=/fit-in/200x150/filters:strip_icc()/pic7233515.png,3,5,15,15,15,2177,N/A,938,7.08392,5.94707,1.33097,0,1,0,0,0,0,0,0,0,2026-02-14 20:29:49,,0,,
1088,https://boardgamegeek.com/xmlapi/termsofuse,"Wed, 26 Aug 2026 00:24:39 +0000",thing,194879,boardgame,45667257,Not Alone,1,2016,https://cf.geekdo-images.com/2nPAI9x1rOjj2fq30qRFvQ__original/img/Sc9SmhfC5cLiDdXeY9HOQphCKcQ=/0x0/filters:format(jpeg)/pic3118416.jpg,https://cf.geekdo-images.com/2nPAI9x1rOjj2fq30qRFvQ__small/img/JXiKvNcM8FmuJxJV6-SSm-2CN2o=/fit-in/200x150/filters:strip_icc()/pic3118416.jpg,2,7,30,45,45,18491,N/A,12087,6.95396,6.66561,1.31117,0,1,0,0,0,0,0,0,0,2017-09-29 12:42:34,,0,,
1088,https://boardgamegeek.com/xmlapi/termsofuse,"Wed, 26 Aug 2026 00:24:39 +0000",thing,241297,boardgame,119378319,Not Parent Approved,1,2015,https://cf.geekdo-images.com/1Rg8yMbCY2EFpwIV6Dw8uQ__original/img/xFm8B0bLUjD0CKKkvyfXWYVS77Q=/0x0/filters:format(png)/pic6477830.png,https://cf.geekdo-images.com/1Rg8yMbCY2EFpwIV6Dw8uQ__small/img/UsUj6QlcqpXC94Wrhxw1iNT2RoQ=/fit-in/200x150/filters:strip_icc()/pic6477830.png,4,10,6,60,60,364,N/A,49,5.63673,5.49965,1.77955,0,0,1,0,0,0,0,0,0,2025-10-02 10:58:28,,0,,
1088,https://boardgamegeek.com/xmlapi/termsofuse,"Wed, 26 Aug 2026 00:24:39 +0000",thing,25554,boardgame,56692831,Notre Dame,1,2007,https://cf.geekdo-images.com/d1g8Yh14XHf63H3VOC93AA__original/img/au2Y5st7foP0ohkFEbFqAOPR7Nc=/0x0/filters:format(jpeg)/pic199316.jpg,https://cf.geekdo-images.com/d1g8Yh14XHf63H3VOC93AA__small/img/DwCJeQSpNHs_cX8FfWwNlKqDRSQ=/fit-in/200x150/filters:strip_icc()/pic199316.jpg,2,5,45,75,75,14335,N/A,13873,7.30819,7.02973,1.20146,0,1,0,0,0,0,0,0,0,2018-12-17 23:20:11,,0,,
1088,https://boardgamegeek.com/xmlapi/termsofuse,"Wed, 26 Aug 2026 00:24:39 +0000",thing,284435,boardgame,137273707,Nova Luna,1,2019,https://cf.geekdo-images.com/k8OZeKYMN2vVSVCl5FD-UA__original/img/XiytG0d5nHtdoN4Kq3pCM6VcSac=/0x0/filters:format(jpeg)/pic5382418.jpg,https://cf.geekdo-images.com/k8OZeKYMN2vVSVCl5FD-UA__small/img/lRMeiFcB9C3ivyZlCoPRQe5xKNU=/fit-in/200x150/filters:strip_icc()/pic5382418.jpg,1,4,30,60,60,15156,N/A,10318,7.2509,6.88866,1.19577,0,1,0,0,0,0,0,0,0,2025-10-11 14:26:05,,0,,
1088,https://boardgamegeek.com/xmlapi/termsofuse,"Wed, 26 Aug 2026 00:24:39 +0000",thing,65515,boardgame,51302865,Nuns on the Run,1,2010,https://cf.geekdo-images.com/ElzQsdH-hryJQnIJ7gld1w__original/img/q2XsYxJ1cMWvQhIiHn8nlzbXuhQ=/0x0/filters:format(jpeg)/pic649087.jpg,https://cf.geekdo-images.com/ElzQsdH-hryJQnIJ7gld1w__small/img/rDQCn9UlP_LqQh1-sO_UMi6K9WY=/fit-in/200x150/filters:strip_icc()/pic649087.jpg,2,8,45,60,60,6238,N/A,4316,6.49399,6.12359,1.41532,0,1,0,0,0,0,0,0,0,2018-04-28 12:29:56,,0,,
1088,https://boardgamegeek.com/xmlapi/termsofuse,"Wed, 26 Aug 2026 00:24:39 +0000",thing,241796,boardgame,119378313,Nut So Fast,1,2018,https://cf.geekdo-images.com/IZmkEZz-exze-qw0qAAs9A__original/img/E0mgV7sZgV5r_jRkwJnbs8ybAL4=/0x0/filters:format(png)/pic3926183.png,https://cf.geekdo-images.com/IZmkEZz-exze-qw0qAAs9A__small/img/0VpCBOmea4DZLCzDhWvgG-OASkI=/fit-in/200x150/filters:strip_icc()/pic3926183.png,3,6,15,20,20,570,N/A,318,6.723,5.60545,1.71526,0,1,0,0,0,0,0,0,0,2024-05-18 21:11:42,,0,,
1088,https://boardgamegeek.com/xmlapi/termsofuse,"Wed, 26 Aug 2026 00:24:39 +0000",thing,192860,boardgame,54463698,Oceanos,1,2016,https://cf.geekdo-images.com/pSz89XjEGXbZZn5ROo45EQ__original/img/Wm4nqb0UNLmG4ISVBzDRN925A7U=/0x0/filters:format(jpeg)/pic3014888.jpg,https://cf.geekdo-images.com/pSz89XjEGXbZZn5ROo45EQ__small/img/Rbz9RYPUhHIpxOHRNxcgKhzTAQc=/fit-in/200x150/filters:strip_icc()/pic3014888.jpg,2,5,30,45,45,6200,N/A,3591,6.78207,6.25948,1.1635,0,1,0,0,0,0,0,0,0,2018-09-22 16:40:55,,0,,
1088,https://boardgamegeek.com/xmlapi/termsofuse,"Wed, 26 Aug 2026 00:24:39 +0000",thing,180231,boardgame,96720351,OctoDice,1,2015,https://cf.geekdo-images.com/2k43LKBjLl5QCdwquBc-Pw__original/img/Z1ScaLUngXl-CwbMFwMBaP9S0yc=/0x0/filters:format(jpeg)/pic2635740.jpg,https://cf.geekdo-images.com/2k43LKBjLl5QCdwquBc-Pw__small/img/TjBsq2s9gaA9WRg__01PG2nNMrc=/fit-in/200x150/filters:strip_icc()/pic2635740.jpg,1,4,20,30,30,2004,N/A,1247,6.39717,5.80413,1.29228,0,1,0,0,0,0,0,0,0,2022-08-11 17:45:00,,0,,
1088,https://boardgamegeek.com/xmlapi/termsofuse,"Wed, 26 Aug 2026 00:24:39 +0000",thing,8479,boardgame,32084180,Odds'R,1,2002,https://cf.geekdo-images.com/YdxKBMFhv1RttUaIrCpeIA__original/img/fTHqi24dd_baIoamhLstyz9V8pk=/0x0/filters:format(jpeg)/pic450512.jpg,https://cf.geekdo-images.com/YdxKBMFhv1RttUaIrCpeIA__small/img/DM9wqBzzKIDhz9HkjP5u4gk9syM=/fit-in/200x150/filters:strip_icc()/pic450512.jpg,2,12,90,90,90,205,N/A,86,4.53815,5.46468,1.37563,0,0,1,0,0,0,0,0,0,2021-03-01 21:59:43,,0,,
1088,https://boardgamegeek.com/xmlapi/termsofuse,"Wed, 26 Aug 2026 00:24:39 +0000",thing,123219,boardgame,38907425,OddVille,1,2012,https://cf.geekdo-images.com/VSpLBWdBYFifcmUak91yGA__original/img/WXYdqfLCLw-RzMBBkaGnLB-JU2U=/0x0/filters:format(jpeg)/pic1358373.jpg,https://cf.geekdo-images.com/VSpLBWdBYFifcmUak91yGA__small/img/fes6IW2ublVBYe18uJrT_D4sMTE=/fit-in/200x150/filters:strip_icc()/pic1358373.jpg,2,4,30,60,60,2846,N/A,2023,6.73686,6.06112,1.14277,0,1,0,0,0,0,0,0,0,2016-12-13 21:28:07,,1,"Game Play: collection, placement
Our Rating: great
Thoughts: Very fun.  Keep instructions handy for all the ""definitions"".",
1088,https://boardgamegeek.com/xmlapi/termsofuse,"Wed, 26 Aug 2026 00:24:39 +0000",thing,320043,boardgame,99984423,Off Topic,1,2019,https://cf.geekdo-images.com/KmyVGhTiX4Y9rErKdn1GaA__original/img/Pd2qCT7PjFQHBAQZtEI_fSMF-Ps=/0x0/filters:format(jpeg)/pic5913698.jpg,https://cf.geekdo-images.com/KmyVGhTiX4Y9rErKdn1GaA__small/img/Gc_ss4Eu1gyRUIO9g5Sadh6Vmco=/fit-in/200x150/filters:strip_icc()/pic5913698.jpg,2,10,30,90,90,398,N/A,89,5.98614,5.51076,1.53634,0,0,1,0,0,0,0,0,0,2025-10-01 22:27:54,,0,,
1088,https://boardgamegeek.com/xmlapi/termsofuse,"Wed, 26 Aug 2026 00:24:39 +0000",thing,9297,boardgame,32084183,"Oh, Pharaoh!",1,2004,https://cf.geekdo-images.com/sPQBhjUB-QASAG7kAcAs3g__original/img/ApJCDrzIPkaNpZqqb6tGuTS3_1A=/0x0/filters:format(jpeg)/pic3129667.jpg,https://cf.geekdo-images.com/sPQBhjUB-QASAG7kAcAs3g__small/img/Z1V3JGNb0vcfyKlSiE9HvG3xs1Q=/fit-in/200x150/filters:strip_icc()/pic3129667.jpg,2,4,40,40,40,987,N/A,453,5.84723,5.54935,1.26744,0,0,1,0,0,0,0,0,0,2025-10-01 22:28:48,,0,,
1088,https://boardgamegeek.com/xmlapi/termsofuse,"Wed, 26 Aug 2026 00:24:39 +0000",thing,125311,boardgame,32084164,Okiya,1,2012,https://cf.geekdo-images.com/a86BdUaCSfIqygVvStXsGQ__original/img/_Ec8R_-snR1r-LA3pMZSeWMVCl0=/0x0/filters:format(png)/pic3711392.png,https://cf.geekdo-images.com/a86BdUaCSfIqygVvStXsGQ__small/img/jAV9bZYZln9N21DaKOXWRp0e8vA=/fit-in/200x150/filters:strip_icc()/pic3711392.png,2,2,10,10,10,4530,N/A,2305,6.55527,6.00137,1.26996,0,1,0,0,0,0,0,0,0,2024-05-20 13:52:49,,0,"(our version is called Niya) I like this quick 
game",
1088,https://boardgamegeek.com/xmlapi/termsofuse,"Wed, 26 Aug 2026 00:24:39 +0000",thing,10799,boardgame,80013580,Old Maid,1,1874,https://cf.geekdo-images.com/UKKTv_tLR0BkO2SgJgaB1Q__original/img/131MQHrzm3gcaHsTknqTDagcq0s=/0x0/filters:format(png)/pic9453538.png,https://cf.geekdo-images.com/UKKTv_tLR0BkO2SgJgaB1Q__small/img/LOg1eoqa1XGc2Zv8uE51yeggRL8=/fit-in/200x150/filters:strip_icc()/pic9453538.png,2,6,5,5,5,3483,N/A,2078,3.76257,4.66179,1.66607,0,0,1,0,0,0,0,0,0,2025-10-01 22:29:37,,0,Kids,
1088,https://boardgamegeek.com/xmlapi/termsofuse,"Wed, 26 Aug 2026 00:24:39 +0000",thing,289018,boardgame,130519282,On a Scale of One to T-Rex,1,2019,https://cf.geekdo-images.com/9qbxsnp1CWpI6OUiV1cL2w__original/img/L_64t52CFZDFXOAgWeypRNu2SOY=/0x0/filters:format(jpeg)/pic4960288.jpg,https://cf.geekdo-images.com/9qbxsnp1CWpI6OUiV1cL2w__small/img/f9eYtnLr5ojiemZAefdT6qR10Xk=/fit-in/200x150/filters:strip_icc()/pic4960288.jpg,2,8,15,15,15,2953,N/A,699,5.66639,5.52507,1.69967,0,0,1,0,0,0,0,0,0,2025-10-02 10:59:01,,0,Kids,
1088,https://boardgamegeek.com/xmlapi/termsofuse,"Wed, 26 Aug 2026 00:24:39 +0000",thing,22465,boardgame,57628131,On the Dot,1,2006,https://cf.geekdo-images.com/UGn6-9LI9gObVwYvClMC1Q__original/img/cjtIX-cxke1IZmYmpTD4W_8D_HA=/0x0/filters:format(jpeg)/pic8713348.jpg,https://cf.geekdo-images.com/UGn6-9LI9gObVwYvClMC1Q__small/img/SL9k5r5BNy_v7PnAKowQ4SEMTw8=/fit-in/200x150/filters:strip_icc()/pic8713348.jpg,2,4,5,5,5,1630,N/A,690,6.15938,5.63427,1.40596,0,0,1,0,0,0,0,0,0,2025-10-01 22:30:05,,0,small,
1088,https://boardgamegeek.com/xmlapi/termsofuse,"Wed, 26 Aug 2026 00:24:39 +0000",thing,244333,boardgame,136976281,Once Upon a Castle,1,2018,https://cf.geekdo-images.com/G1wfev_SQuLN1leRF0uUpA__original/img/Zg3M_hvKi9p9EU5V8Dbquxma_x8=/0x0/filters:format(png)/pic4062262.png,https://cf.geekdo-images.com/G1wfev_SQuLN1leRF0uUpA__small/img/OgliVfwMe3JqTZwt1p_M3ZBsyDY=/fit-in/200x150/filters:strip_icc()/pic4062262.png,2,4,20,20,20,1014,N/A,418,6.58532,5.65959,1.25978,0,1,0,0,0,0,0,0,0,2025-10-02 9:37:53,,0,,
1088,https://boardgamegeek.com/xmlapi/termsofuse,"Wed, 26 Aug 2026 00:24:39 +0000",thing,1234,boardgame,136976250,Once Upon a Time: The Storytelling Card Game,1,1993,https://cf.geekdo-images.com/IHYBF2QWcZwlYfH4doj06Q__original/img/YzblvnFHp0ez4tJGmtI4ywKJ2Cw=/0x0/filters:format(jpeg)/pic1494028.jpg,https://cf.geekdo-images.com/IHYBF2QWcZwlYfH4doj06Q__small/img/XkT-0Bj73aLec9BYdqWSqIpIKis=/fit-in/200x150/filters:strip_icc()/pic1494028.jpg,2,6,30,30,30,18647,N/A,9281,6.3519,6.1247,1.54335,0,1,0,0,0,0,0,0,0,2025-10-02 9:36:44,,0,,
1088,https://boardgamegeek.com/xmlapi/termsofuse,"Wed, 26 Aug 2026 00:24:39 +0000",thing,147949,boardgame,125669391,One Night Ultimate Werewolf,1,2014,https://cf.geekdo-images.com/rqLju4uaZq-G9z4g91aPPQ__original/img/eOxUlbCuix0lOjuyBYpjtIXVihc=/0x0/filters:format(png)/pic8783294.png,https://cf.geekdo-images.com/rqLju4uaZq-G9z4g91aPPQ__small/img/viW0s_SZmeEo53dKbM84WbVjIaY=/fit-in/200x150/filters:strip_icc()/pic8783294.png,3,10,10,10,10,60237,N/A,31278,7.03055,6.85235,1.61167,0,1,0,0,0,0,0,0,0,2024-11-20 17:35:22,,0,,
1088,https://boardgamegeek.com/xmlapi/termsofuse,"Wed, 26 Aug 2026 00:24:39 +0000",thing,163166,boardgame,96720442,One Night Ultimate Werewolf: Daybreak,1,2015,https://cf.geekdo-images.com/-jMVcPlkpLcs-2nA_htb8g__original/img/akA2sjnFZ_b4DVAF4H-G5pK4m5Q=/0x0/filters:format(jpeg)/pic2225958.jpg,https://cf.geekdo-images.com/-jMVcPlkpLcs-2nA_htb8g__small/img/W-6ZwWzAaqQw5CGziy7caBAZzQg=/fit-in/200x150/filters:strip_icc()/pic2225958.jpg,3,10,10,10,10,17385,N/A,6559,7.28069,6.76225,1.50854,0,1,0,0,0,0,0,0,0,2022-08-11 17:48:36,,0,,
1088,https://boardgamegeek.com/xmlapi/termsofuse,"Wed, 26 Aug 2026 00:24:39 +0000",thing,106753,boardgame,32084187,Ooga Booga,1,2011,https://cf.geekdo-images.com/lxE_wuhxtkrKSKYfmwdByw__original/img/No1AZ5ppaaWsMDdnPthQrUM0esg=/0x0/filters:format(jpeg)/pic1086925.jpg,https://cf.geekdo-images.com/lxE_wuhxtkrKSKYfmwdByw__small/img/ESU4BiDiBK1rjSgVPRGN2wPo3Xs=/fit-in/200x150/filters:strip_icc()/pic1086925.jpg,3,6,10,10,10,2384,N/A,1098,5.96462,5.62529,1.50742,0,0,1,0,0,0,0,0,0,2025-10-02 11:01:07,,0,kids,
1088,https://boardgamegeek.com/xmlapi/termsofuse,"Wed, 26 Aug 2026 00:24:39 +0000",thing,3737,boardgame,33170908,Operation,1,1965,https://cf.geekdo-images.com/d2_etBWEZCsfOLbgbIK78g__original/img/nb95bEegYC2Pf_jHtzd6ZyPDwnY=/0x0/filters:format(jpeg)/pic153389.jpg,https://cf.geekdo-images.com/d2_etBWEZCsfOLbgbIK78g__small/img/vhLGmAy6h7P08pPLULPPjWVgMTI=/fit-in/200x150/filters:strip_icc()/pic153389.jpg,1,6,10,10,10,9387,N/A,4960,4.17725,4.5727,1.55573,0,0,1,0,0,0,0,0,0,2016-02-19 17:10:20,,0,,
1088,https://boardgamegeek.com/xmlapi/termsofuse,"Wed, 26 Aug 2026 00:24:39 +0000",thing,245487,boardgame,80013119,Orchard: 9 card solitaire game,1,2018,https://cf.geekdo-images.com/tAlkLzFCj-OusgaxQo7SxQ__original/img/QEz5rtHvpnZ_uGaBipjknwQ3gKI=/0x0/filters:format(png)/pic5159434.png,https://cf.geekdo-images.com/tAlkLzFCj-OusgaxQo7SxQ__small/img/ePGNy1jSXaVuTx05OYcsOTubEjA=/fit-in/200x150/filters:strip_icc()/pic5159434.png,1,1,5,10,10,9174,N/A,4342,7.22073,6.57998,1.23303,0,1,0,0,0,0,0,0,0,2022-12-28 16:58:27,,0,p&p,
1088,https://boardgamegeek.com/xmlapi/termsofuse,"Wed, 26 Aug 2026 00:24:39 +0000",thing,205322,boardgame,39270416,The Oregon Trail Card Game,5,2016,https://cf.geekdo-images.com/DCel3jD_8RTlCwZwUR6Z4w__original/img/pdN6wWA1GETtNG1t9lKHzsKtB3s=/0x0/filters:format(jpeg)/pic8898081.jpg,https://cf.geekdo-images.com/DCel3jD_8RTlCwZwUR6Z4w__small/img/TcUqS73LlNwvdycl58JXg0bTioo=/fit-in/200x150/filters:strip_icc()/pic8898081.jpg,2,6,30,45,45,11831,N/A,4051,4.20989,4.63094,1.93722,0,0,1,0,0,0,0,0,0,2025-10-01 22:31:14,,0,,
1088,https://boardgamegeek.com/xmlapi/termsofuse,"Wed, 26 Aug 2026 00:24:39 +0000",thing,231939,boardgame,101384436,The Oregon Trail: Hunt for Food Card Game,5,2017,https://cf.geekdo-images.com/MGJo7cD7DAL_JUf1vp98og__original/img/_MxgezK516W8ejtHOb9Lf5VP0MU=/0x0/filters:format(jpeg)/pic3902271.jpg,https://cf.geekdo-images.com/MGJo7cD7DAL_JUf1vp98og__small/img/nEpNHfe56h8DHne-6WhTZFKfx1E=/fit-in/200x150/filters:strip_icc()/pic3902271.jpg,2,6,30,45,45,2477,N/A,417,4.49082,5.34524,1.73369,0,0,1,0,0,0,0,0,0,2025-10-01 22:31:23,,0,,
1088,https://boardgamegeek.com/xmlapi/termsofuse,"Wed, 26 Aug 2026 00:24:39 +0000",thing,35023,boardgame,32084192,The Origin of Expressions,5,2007,https://cf.geekdo-images.com/kNyGvJ5Wx8etZZuL7NufWw__original/img/yJZgTUa0oa-c7NwOTAGJ4GGsNWg=/0x0/filters:format(jpeg)/pic306438.jpg,https://cf.geekdo-images.com/kNyGvJ5Wx8etZZuL7NufWw__small/img/fvbT2ZMojphzE2g19y8_VnkeKbg=/fit-in/200x150/filters:strip_icc()/pic306438.jpg,3,99,45,45,45,397,N/A,90,5.43444,5.49729,1.3764,0,0,1,0,0,0,0,0,0,2025-10-01 22:31:54,,0,,
1088,https://boardgamegeek.com/xmlapi/termsofuse,"Wed, 26 Aug 2026 00:24:39 +0000",thing,419805,boardgame,130519370,Origins & Ends,1,2022,https://cf.geekdo-images.com/XVBH0EquF_WFu8QLt2n0mw__original/img/B7FTsAG7J6TJSE_wdmdIBJoCtic=/0x0/filters:format(jpeg)/pic9260040.jpg,https://cf.geekdo-images.com/XVBH0EquF_WFu8QLt2n0mw__small/img/rtaOHV2ADTh8C4i9h7UEoRt1Hr4=/fit-in/200x150/filters:strip_icc()/pic9260040.jpg,1,6,120,240,240,21,N/A,4,7.25,0,1.47902,0,1,0,0,0,0,0,0,0,2025-03-19 18:33:32,,0,,
1088,https://boardgamegeek.com/xmlapi/termsofuse,"Wed, 26 Aug 2026 00:24:39 +0000",thing,2196,boardgame,52029926,Out of Context,1,1985,https://cf.geekdo-images.com/BcUS7J8gUVg7mcrbs2qpMA__original/img/QvP8OpPsdmwsIRN85umxr9cWL14=/0x0/filters:format(jpeg)/pic27214.jpg,https://cf.geekdo-images.com/BcUS7J8gUVg7mcrbs2qpMA__small/img/9OL-gBMwc7pkE-TPR1pWVcLczi0=/fit-in/200x150/filters:strip_icc()/pic27214.jpg,3,6,30,30,30,258,N/A,62,5.41129,5.49635,1.52539,0,0,1,0,0,0,0,0,0,2021-03-01 21:59:11,,0,,
1088,https://boardgamegeek.com/xmlapi/termsofuse,"Wed, 26 Aug 2026 00:24:39 +0000",thing,21275,boardgame,45669323,Outburst: Travel Edition,1,1991,https://cf.geekdo-images.com/xyTI_nma9orbHrOaZpoiJg__original/img/v0wMbWndBHXWUHi91efAM4jTeKw=/0x0/filters:format(jpeg)/pic236620.jpg,https://cf.geekdo-images.com/xyTI_nma9orbHrOaZpoiJg__small/img/rE3g4EBz1nPkbADIO2u2PefsrvI=/fit-in/200x150/filters:strip_icc()/pic236620.jpg,2,99,60,60,60,150,N/A,32,5.97378,5.50585,1.58507,0,0,1,0,0,0,0,0,0,2022-12-28 16:59:38,,0,,
1088,https://boardgamegeek.com/xmlapi/termsofuse,"Wed, 26 Aug 2026 00:24:39 +0000",thing,172931,boardgame,119378442,Outfoxed!,1,2014,https://cf.geekdo-images.com/v0FCI-wY8YlPn39XKd3F8w__original/img/vppUmOYk1ZFqprmgN_1-htcXa-s=/0x0/filters:format(jpeg)/pic2401324.jpg,https://cf.geekdo-images.com/v0FCI-wY8YlPn39XKd3F8w__small/img/lgy2HBtB0l2m-XknC9fGn-qakXc=/fit-in/200x150/filters:strip_icc()/pic2401324.jpg,2,4,20,20,20,12484,N/A,5755,7.13769,6.60892,1.27896,0,1,0,0,0,0,0,0,0,2024-05-20 13:56:15,,0,kids,
1088,https://boardgamegeek.com/xmlapi/termsofuse,"Wed, 26 Aug 2026 00:24:39 +0000",thing,226878,boardgame,55284699,Outpost: Siberia,1,2017,https://cf.geekdo-images.com/x4iuLj-oKPRXhdA8BZVMuQ__original/img/lR-sad2NyaxYR-W62hJ-fz8tjOY=/0x0/filters:format(jpeg)/pic3547435.jpg,https://cf.geekdo-images.com/x4iuLj-oKPRXhdA8BZVMuQ__small/img/8n8clb3GjaZvoh3GLlXGmMWRj7g=/fit-in/200x150/filters:strip_icc()/pic3547435.jpg,2,6,30,45,45,415,N/A,127,4.72157,5.45663,1.97811,0,0,1,0,0,0,0,0,0,2025-10-02 11:01:55,,0,,
1088,https://boardgamegeek.com/xmlapi/termsofuse,"Wed, 26 Aug 2026 00:24:39 +0000",thing,129988,boardgame,119441102,Over/Under,1,2008,https://cf.geekdo-images.com/kpbFiqdQ-yeKNEooopuBQg__original/img/xlomvDXVqWLEmOFaqL1tbXjE7-U=/0x0/filters:format(jpeg)/pic1950463.jpg,https://cf.geekdo-images.com/kpbFiqdQ-yeKNEooopuBQg__small/img/jHPiC8wYYNR87u4pOqfaqS4YWyE=/fit-in/200x150/filters:strip_icc()/pic1950463.jpg,2,99,15,15,15,532,N/A,146,5.68092,5.50806,1.41913,0,0,1,0,0,0,0,0,0,2025-10-01 22:33:22,,0,small,
1088,https://boardgamegeek.com/xmlapi/termsofuse,"Wed, 26 Aug 2026 00:24:39 +0000",thing,383300,boardgame,130520777,Paint the Roses: Deluxe Edition,1,2022,https://cf.geekdo-images.com/E5bhmfc9Y4Bj6NR7Wf_SEA__original/img/jNHgALAVSxaqdjGe_dc3B8M296s=/0x0/filters:format(jpeg)/pic7434715.jpg,https://cf.geekdo-images.com/E5bhmfc9Y4Bj6NR7Wf_SEA__small/img/Xoh968L8JWUpiqbab4vsj5uR4To=/fit-in/200x150/filters:strip_icc()/pic7434715.jpg,2,5,50,70,70,1322,N/A,368,7.60329,5.76843,1.25145,0,1,0,0,0,0,0,0,0,2025-03-19 20:00:28,,0,,
1088,https://boardgamegeek.com/xmlapi/termsofuse,"Wed, 26 Aug 2026 00:24:39 +0000",thing,152237,boardgame,33885595,Pairs,1,2014,https://cf.geekdo-images.com/-6Hzw9SmWRz69EEYdzKAzA__original/img/gjcsI88tOypkdTj1MmWFnsf8uXs=/0x0/filters:format(jpeg)/pic2618391.jpg,https://cf.geekdo-images.com/-6Hzw9SmWRz69EEYdzKAzA__small/img/3M5FmFCWCzqxRzytsJZiEf80fGs=/fit-in/200x150/filters:strip_icc()/pic2618391.jpg,2,8,15,15,15,6640,N/A,2496,6.32996,5.90745,1.48821,0,1,0,0,0,0,0,0,0,2024-05-20 13:56:45,,0,"small
Fun pub game",
1088,https://boardgamegeek.com/xmlapi/termsofuse,"Wed, 26 Aug 2026 00:24:39 +0000",thing,300531,boardgame,137273714,Paleo,1,2020,https://cf.geekdo-images.com/85t1wkwgvh3d2mmjsRcDrw__original/img/ejYTb1MVpf9optjLWlwbYua0TMk=/0x0/filters:format(jpeg)/pic6039256.jpg,https://cf.geekdo-images.com/85t1wkwgvh3d2mmjsRcDrw__small/img/K1IMVdd39Or51HpLAfiXz3JNUvI=/fit-in/200x150/filters:strip_icc()/pic6039256.jpg,2,4,45,60,60,30707,N/A,16427,7.64379,7.30535,1.29491,0,1,0,0,0,0,0,0,0,2025-10-11 14:26:21,,0,,
1088,https://boardgamegeek.com/xmlapi/termsofuse,"Wed, 26 Aug 2026 00:24:39 +0000",thing,239464,boardgame,80013339,Palm Island,1,2018,https://cf.geekdo-images.com/CPJhhXGPCPIIpsTh-p3UQQ__original/img/o0OXnGNtsBkYd4lupJxcZPpNJgU=/0x0/filters:format(png)/pic3995767.png,https://cf.geekdo-images.com/CPJhhXGPCPIIpsTh-p3UQQ__small/img/2N2T0qeyGfqLCy7egIYquhGhhHU=/fit-in/200x150/filters:strip_icc()/pic3995767.png,1,2,15,15,15,16193,N/A,7206,7.04987,6.61821,1.28404,0,1,0,0,0,0,0,0,0,2022-12-28 17:01:22,,0,p&p,
1088,https://boardgamegeek.com/xmlapi/termsofuse,"Wed, 26 Aug 2026 00:24:39 +0000",thing,30549,boardgame,32084195,Pandemic,1,2008,https://cf.geekdo-images.com/S3ybV1LAp-8SnHIXLLjVqA__original/img/IsrvRLpUV1TEyZsO5rC-btXaPz0=/0x0/filters:format(jpeg)/pic1534148.jpg,https://cf.geekdo-images.com/S3ybV1LAp-8SnHIXLLjVqA__small/img/oqViRj6nVxK3m36NluTxU1PZkrk=/fit-in/200x150/filters:strip_icc()/pic1534148.jpg,2,4,45,45,45,228373,6.5,136094,7.51104,7.40142,1.33932,0,1,0,0,0,0,0,0,0,2015-12-28 12:24:51,,0,,
1088,https://boardgamegeek.com/xmlapi/termsofuse,"Wed, 26 Aug 2026 00:24:39 +0000",thing,157789,boardgame,32084199,Pandemic: Contagion,1,2014,https://cf.geekdo-images.com/xzvsFlkgqol2UPF_qxKBFQ__original/img/2ejpxK3-W8MBJoWYcaMavw0_9Zs=/0x0/filters:format(png)/pic2037506.png,https://cf.geekdo-images.com/xzvsFlkgqol2UPF_qxKBFQ__small/img/H06sFJkk14_wquReTiy55zqHALg=/fit-in/200x150/filters:strip_icc()/pic2037506.png,2,5,30,30,30,8772,N/A,3550,6.40315,6.02219,1.34886,0,1,0,0,0,0,0,0,0,2015-12-28 10:23:29,,0,,
1088,https://boardgamegeek.com/xmlapi/termsofuse,"Wed, 26 Aug 2026 00:24:39 +0000",thing,56692,boardgame,57186269,Parade,1,2007,https://cf.geekdo-images.com/lmRNihICb4mklj0ec1vj6g__original/img/FA-gxYbwNAZl_jwzPjU9n_0Nwbo=/0x0/filters:format(jpeg)/pic2239001.jpg,https://cf.geekdo-images.com/lmRNihICb4mklj0ec1vj6g__small/img/UYkr4MpEZv5QiLWW5ef9RUm3gm0=/fit-in/200x150/filters:strip_icc()/pic2239001.jpg,2,6,45,45,45,12940,N/A,8695,6.99612,6.65476,1.22185,0,1,0,0,0,0,0,0,0,2019-01-03 12:57:03,,0,,
1088,https://boardgamegeek.com/xmlapi/termsofuse,"Wed, 26 Aug 2026 00:24:39 +0000",thing,280136,boardgame,98478401,Paranormal Detectives,1,2019,https://cf.geekdo-images.com/2eV2FXx4DaSPpNJzG-eung__original/img/GfIfcXqpHqSU2K1hEGg6gX5atCI=/0x0/filters:format(png)/pic4746947.png,https://cf.geekdo-images.com/2eV2FXx4DaSPpNJzG-eung__small/img/yJzP6LRlRzw0qaiXMsk3T2zkKqc=/fit-in/200x150/filters:strip_icc()/pic4746947.png,2,6,30,50,50,6461,N/A,3038,6.93381,6.27036,1.36371,0,1,0,0,0,0,0,0,0,2022-10-07 13:04:08,,0,,
1088,https://boardgamegeek.com/xmlapi/termsofuse,"Wed, 26 Aug 2026 00:24:39 +0000",thing,168484,boardgame,51302876,Parenthood,1,2015,https://cf.geekdo-images.com/ESdbw17RtkJqOgBjrSflFg__original/img/3BJv5u8-mL2duI2-VCf_1BLLUc0=/0x0/filters:format(jpeg)/pic2608285.jpg,https://cf.geekdo-images.com/ESdbw17RtkJqOgBjrSflFg__small/img/5uaoXJku_tAi_uLtRk3CSjdT8iY=/fit-in/200x150/filters:strip_icc()/pic2608285.jpg,2,6,20,30,30,23,N/A,10,4,0,2.40832,0,0,1,0,0,0,0,0,0,2024-05-20 13:59:25,,1,"Game Play: Cheesy deck building
Our Rating: Fair
Thoughts: Way too simple, get stuck easily",
1088,https://boardgamegeek.com/xmlapi/termsofuse,"Wed, 26 Aug 2026 00:24:39 +0000",thing,172546,boardgame,53252284,Parfum,1,2015,https://cf.geekdo-images.com/e_ZSrPuyjbSdtUlbFUWozw__original/img/EI2H3i7Od6sMaRc4G7ZTCkC3vzg=/0x0/filters:format(jpeg)/pic2448514.jpg,https://cf.geekdo-images.com/e_ZSrPuyjbSdtUlbFUWozw__small/img/1sNCdgDUHfFRK2eXH5-v1C74Bw8=/fit-in/200x150/filters:strip_icc()/pic2448514.jpg,2,4,45,45,45,3560,N/A,1768,6.47162,5.88741,1.29424,0,1,0,0,0,0,0,0,0,2018-07-31 15:57:18,,0,,
1088,https://boardgamegeek.com/xmlapi/termsofuse,"Wed, 26 Aug 2026 00:24:39 +0000",thing,284429,boardgame,105592835,Paris: New Eden,1,2019,https://cf.geekdo-images.com/hIg0m-WymvmtFhNW7te5aw__original/img/8V0xF-Z-rEG9sraV1CcHZhSOoe8=/0x0/filters:format(jpeg)/pic4870350.jpg,https://cf.geekdo-images.com/hIg0m-WymvmtFhNW7te5aw__small/img/J9mFBk2a-Jy3XFqEDZLQ4FdItKc=/fit-in/200x150/filters:strip_icc()/pic4870350.jpg,2,4,45,45,45,1644,N/A,860,6.75644,5.82191,1.32739,0,1,0,0,0,0,0,0,0,2023-04-15 17:07:30,,0,,
1088,https://boardgamegeek.com/xmlapi/termsofuse,"Wed, 26 Aug 2026 00:24:39 +0000",thing,137,boardgame,53991859,Pass the Bomb,1,1994,https://cf.geekdo-images.com/abIqz_XwoGwcPajExsurTA__original/img/Z_JyWIYIOW78y6E3pzqBXc4hy54=/0x0/filters:format(jpeg)/pic70432.jpg,https://cf.geekdo-images.com/abIqz_XwoGwcPajExsurTA__small/img/P50T3xLjAFVPuiWt50s7vROTDeI=/fit-in/200x150/filters:strip_icc()/pic70432.jpg,2,10,20,20,20,3700,N/A,1771,5.84128,5.61277,1.51925,0,0,1,0,0,0,0,0,0,2021-03-01 21:56:52,,0,,
1088,https://boardgamegeek.com/xmlapi/termsofuse,"Wed, 26 Aug 2026 00:24:39 +0000",thing,163412,boardgame,80013127,Patchwork,1,2014,https://cf.geekdo-images.com/xNSaIHCKr_cc7Q2rQSSJPQ__original/img/HJJdVosBV35kj8pQ6wmQMiJRhVA=/0x0/filters:format(jpeg)/pic9273518.jpg,https://cf.geekdo-images.com/xNSaIHCKr_cc7Q2rQSSJPQ__small/img/9Kf3YKiVIJxd_EbqJEJFdlGfj7I=/fit-in/200x150/filters:strip_icc()/pic9273518.jpg,2,2,15,30,30,124466,N/A,74837,7.57648,7.47094,1.17385,0,1,0,0,0,0,0,0,0,2021-03-01 22:55:11,,0,,
1088,https://boardgamegeek.com/xmlapi/termsofuse,"Wed, 26 Aug 2026 00:24:39 +0000",thing,264239,boardgame,101065195,Patchwork Doodle,1,2019,https://cf.geekdo-images.com/8nSMDhVg9QsyesfLBwIxCA__original/img/SLn-yrpjoQXEgzAE8HamdJ0YSvg=/0x0/filters:format(jpeg)/pic4682702.jpg,https://cf.geekdo-images.com/8nSMDhVg9QsyesfLBwIxCA__small/img/scutbWwsWG69Ba-T5Rllyr-Xp3o=/fit-in/200x150/filters:strip_icc()/pic4682702.jpg,1,6,20,20,20,5275,N/A,2300,6.57259,6.01144,1.27017,0,1,0,0,0,0,0,0,0,2022-12-21 8:58:40,,0,,
1088,https://boardgamegeek.com/xmlapi/termsofuse,"Wed, 26 Aug 2026 00:24:39 +0000",thing,2884,boardgame,32084233,Pathfinder,1,1974,https://cf.geekdo-images.com/cLgSR3xkF2LiHDSvKKVx1w__original/img/h0SBrsySFjK0VxK_qkdO4MZ4N94=/0x0/filters:format(jpeg)/pic7352.jpg,https://cf.geekdo-images.com/cLgSR3xkF2LiHDSvKKVx1w__small/img/ufWjEADbVhSbnfk7_xQCQZO3cTY=/fit-in/200x150/filters:strip_icc()/pic7352.jpg,2,2,20,20,20,816,N/A,306,6.23874,5.57969,1.32754,0,0,1,0,0,0,0,0,0,2025-03-19 19:56:27,,0,Josh has,
1088,https://boardgamegeek.com/xmlapi/termsofuse,"Wed, 26 Aug 2026 00:24:39 +0000",thing,133038,boardgame,32084207,Pathfinder Adventure Card Game: Rise of the Runelords – Base Set,1,2013,https://cf.geekdo-images.com/oilW_2LuTedEdM0R2y3_MA__original/img/mI00RqJFHhbrh_YmlimWaXCgjJM=/0x0/filters:format(jpeg)/pic1775517.jpg,https://cf.geekdo-images.com/oilW_2LuTedEdM0R2y3_MA__small/img/jmxTLSPA-ZE_cNJja4xmQNpT2kA=/fit-in/200x150/filters:strip_icc()/pic1775517.jpg,1,4,90,90,90,19484,N/A,12943,7.15544,6.82873,1.59527,0,0,1,0,0,0,0,0,0,2025-03-19 19:57:22,,0,Josh has,
1088,https://boardgamegeek.com/xmlapi/termsofuse,"Wed, 26 Aug 2026 00:24:39 +0000",thing,1797,boardgame,33170772,Pay Day,1,1974,https://cf.geekdo-images.com/CzfJOaOl9f5SucjCQSwi3g__original/img/ZQgdCYrW2JlbSNKwgCIWGLodDMs=/0x0/filters:format(jpeg)/pic117375.jpg,https://cf.geekdo-images.com/CzfJOaOl9f5SucjCQSwi3g__small/img/nvKQFg7lnynWv1bqiYSeXBX1mv8=/fit-in/200x150/filters:strip_icc()/pic117375.jpg,2,6,30,30,30,7728,N/A,3367,4.89158,5.09042,1.69141,0,0,1,0,0,0,0,0,0,2016-02-19 17:03:22,,0,,
1088,https://boardgamegeek.com/xmlapi/termsofuse,"Wed, 26 Aug 2026 00:24:39 +0000",thing,8229,boardgame,35473639,Pearladöra,1,2003,https://cf.geekdo-images.com/K5IUysi9Y6xobJbG29x7LQ__original/img/hP0LTZUSwsRAcNX90VsUmqR_PQg=/0x0/filters:format(jpeg)/pic6835957.jpg,https://cf.geekdo-images.com/K5IUysi9Y6xobJbG29x7LQ__small/img/3oDnjCBIuAjGQge60vG9jo7BqAY=/fit-in/200x150/filters:strip_icc()/pic6835957.jpg,2,4,20,30,30,2242,N/A,1290,6.35862,5.79187,1.306,0,1,0,0,0,0,0,0,0,2024-05-20 14:01:05,,0,"(Our version is called Armadora)
Fun 2 player game",
1088,https://boardgamegeek.com/xmlapi/termsofuse,"Wed, 26 Aug 2026 00:24:39 +0000",thing,1295,boardgame,34779405,Pente,1,1977,https://cf.geekdo-images.com/2aehMgvcnEh8TR-4kpAmyw__original/img/cmnlPbQ_Ek4K61lZ5Pc39svT3KM=/0x0/filters:format(jpeg)/pic1476333.jpg,https://cf.geekdo-images.com/2aehMgvcnEh8TR-4kpAmyw__small/img/rdBwaswpZtKu4rmOu5-r5ZY2u_E=/fit-in/200x150/filters:strip_icc()/pic1476333.jpg,2,4,30,30,30,6415,N/A,3259,6.65179,6.11072,1.51257,0,1,0,0,0,0,0,0,0,2016-05-21 19:53:06,,0,Used to play this all the time,
1088,https://boardgamegeek.com/xmlapi/termsofuse,"Wed, 26 Aug 2026 00:24:39 +0000",thing,45,boardgame,130520977,Perudo,1,1800,https://cf.geekdo-images.com/wX4cTWNjTG7XiGHGgSpiiw__original/img/86bXDwl4gmMb_GehNQ-9y6O9G0E=/0x0/filters:format(png)/pic8630033.png,https://cf.geekdo-images.com/wX4cTWNjTG7XiGHGgSpiiw__small/img/vU6kaL3f06BaVfmwUV91trrvDng=/fit-in/200x150/filters:strip_icc()/pic8630033.png,2,10,15,30,30,24657,N/A,17077,6.9293,6.72693,1.4106,0,1,0,0,0,0,0,0,0,2025-03-19 20:10:21,,0,Our version is Perudo,
1088,https://boardgamegeek.com/xmlapi/termsofuse,"Wed, 26 Aug 2026 00:24:39 +0000",thing,218603,boardgame,51302857,Photosynthesis,1,2017,https://cf.geekdo-images.com/HhkYuVxMy-XrRCBWmZ78Eg__original/img/V6bgfuxV2jfmRbz9pJVyK01x6dI=/0x0/filters:format(jpeg)/pic3364832.jpg,https://cf.geekdo-images.com/HhkYuVxMy-XrRCBWmZ78Eg__small/img/eVdvmMALg8vjPr6eDoj-mqvDbUc=/fit-in/200x150/filters:strip_icc()/pic3364832.jpg,2,4,30,60,60,43543,N/A,26117,6.9239,6.759,1.28217,0,1,0,0,0,0,0,0,0,2018-04-28 12:29:36,,0,,
1088,https://boardgamegeek.com/xmlapi/termsofuse,"Wed, 26 Aug 2026 00:24:39 +0000",thing,2281,boardgame,32084235,Pictionary,1,1985,https://cf.geekdo-images.com/YfUxodD7JSqYitxvjXB69Q__original/img/YRJAlLzkxMuJHVPsdnBLNFpoODA=/0x0/filters:format(png)/pic5147022.png,https://cf.geekdo-images.com/YfUxodD7JSqYitxvjXB69Q__small/img/7ls1a8ak5oT7BaKM-rVHpOVrP14=/fit-in/200x150/filters:strip_icc()/pic5147022.png,3,16,90,90,90,16129,6,8685,5.85589,5.71688,1.58832,0,0,1,0,0,0,0,0,0,2025-10-01 22:35:58,,0,"Floor
Great for parties",
1088,https://boardgamegeek.com/xmlapi/termsofuse,"Wed, 26 Aug 2026 00:24:39 +0000",thing,252526,boardgame,64493629,Pictomania (Second Edition),1,2018,https://cf.geekdo-images.com/AXnDLnuXrmbQRoFpCMvTJA__original/img/TKTOPSUFA-zKMipbpznhxY8E-XU=/0x0/filters:format(jpeg)/pic4122381.jpg,https://cf.geekdo-images.com/AXnDLnuXrmbQRoFpCMvTJA__small/img/eBxAUMxxsKEagCdV_l-hBlh_mjs=/fit-in/200x150/filters:strip_icc()/pic4122381.jpg,3,6,20,40,40,5352,N/A,2790,7.56129,6.6036,1.22524,0,1,0,0,0,0,0,0,0,2021-03-07 10:05:44,,0,,
1088,https://boardgamegeek.com/xmlapi/termsofuse,"Wed, 26 Aug 2026 00:24:39 +0000",thing,53317,boardgame,32084257,Pictureka! Card Game,1,2008,https://cf.geekdo-images.com/rd874eaUwEpybyVPDQOtsA__original/img/o7sShpXwpEL_KWdewvrSrtmKPNo=/0x0/filters:format(jpeg)/pic577020.jpg,https://cf.geekdo-images.com/rd874eaUwEpybyVPDQOtsA__small/img/-kCG7UQNqgDO6b0DmMEwz5UGYF0=/fit-in/200x150/filters:strip_icc()/pic577020.jpg,2,20,15,15,15,2225,5,603,5.07899,5.40327,1.45862,0,0,1,0,0,0,0,0,0,2025-10-01 22:37:03,,0,kids,
1088,https://boardgamegeek.com/xmlapi/termsofuse,"Wed, 26 Aug 2026 00:24:39 +0000",thing,42686,boardgame,32084243,Pictureka! Flipper,1,2009,https://cf.geekdo-images.com/jqT2j0-07lzcOcx5ZSKhUQ__original/img/FJdGpbNibtxjfFHd7nIHlo1y4Zs=/0x0/filters:format(jpeg)/pic503084.jpg,https://cf.geekdo-images.com/jqT2j0-07lzcOcx5ZSKhUQ__small/img/tx4_GyGvnKTIEC3g0M5ZYgL9hl0=/fit-in/200x150/filters:strip_icc()/pic503084.jpg,2,10,,,,168,5,53,4.77641,5.4835,1.32518,0,0,1,0,0,0,0,0,0,2021-03-07 10:06:04,,0,,
1088,https://boardgamegeek.com/xmlapi/termsofuse,"Wed, 26 Aug 2026 00:24:39 +0000",thing,37371,boardgame,119441870,Piece o' Cake,1,2008,https://cf.geekdo-images.com/V0sx6y7s9v73PkQ-qToUkg__original/img/FV-UQn4S5PKQcxNpkxurnyuAhZ0=/0x0/filters:format(jpeg)/pic629711.jpg,https://cf.geekdo-images.com/V0sx6y7s9v73PkQ-qToUkg__small/img/g53Mi9_zmRYWo-c-Vi1IXQWGbQo=/fit-in/200x150/filters:strip_icc()/pic629711.jpg,2,5,20,20,20,2723,N/A,2521,6.64375,6.08464,1.17309,0,1,0,0,0,0,0,0,0,2024-05-20 15:56:14,,0,,
1088,https://boardgamegeek.com/xmlapi/termsofuse,"Wed, 26 Aug 2026 00:24:39 +0000",thing,135860,boardgame,54336023,Pig Jax,1,2004,https://cf.geekdo-images.com/a0fFIo-Hz1SZVSY59XJnBA__original/img/vE2uZwOWT24vnM5LczsW926HkNQ=/0x0/filters:format(jpeg)/pic1530706.jpg,https://cf.geekdo-images.com/a0fFIo-Hz1SZVSY59XJnBA__small/img/8H4QtuUkcWHO40CpxDkpwOAXcgA=/fit-in/200x150/filters:strip_icc()/pic1530706.jpg,1,2,15,15,15,7,N/A,1,6,0,0,0,0,1,0,0,0,0,0,0,2024-05-20 14:02:30,,0,,
1088,https://boardgamegeek.com/xmlapi/termsofuse,"Wed, 26 Aug 2026 00:24:39 +0000",thing,73538,boardgame,130517227,Pirate Fluxx,1,2011,https://cf.geekdo-images.com/4mY-lf2rH7LDrYWNaNTCwA__original/img/XU6rSVtm_sG3voDL1J-0OSe5DOc=/0x0/filters:format(jpeg)/pic887575.jpg,https://cf.geekdo-images.com/4mY-lf2rH7LDrYWNaNTCwA__small/img/lR7EVZu98k4P14bstzWfeZps_sg=/fit-in/200x150/filters:strip_icc()/pic887575.jpg,2,6,10,40,40,7815,N/A,2928,6.19726,5.82155,1.62885,0,0,1,0,0,0,0,0,0,2025-10-01 22:37:29,,0,,
1088,https://boardgamegeek.com/xmlapi/termsofuse,"Wed, 26 Aug 2026 00:24:39 +0000",thing,386,boardgame,41297156,Pirateer,1,1978,https://cf.geekdo-images.com/izfpPdXomDszj0M623ue7g__original/img/3jE7L4ij9d5bvwi9Lo8QXJgZGQQ=/0x0/filters:format(jpeg)/pic1514978.jpg,https://cf.geekdo-images.com/izfpPdXomDszj0M623ue7g__small/img/wTMqPqI8p-4op4TzD_UaVZC_yQ8=/fit-in/200x150/filters:strip_icc()/pic1514978.jpg,2,4,15,15,15,2397,N/A,1353,5.56881,5.49079,1.7911,0,0,1,0,0,0,0,0,0,2025-10-01 22:38:03,,0,,
1088,https://boardgamegeek.com/xmlapi/termsofuse,"Wed, 26 Aug 2026 00:24:39 +0000",thing,140,boardgame,42325842,Pit,1,1903,https://cf.geekdo-images.com/LkEPNu7bPTS1rVRU_Ba-Dg__original/img/rLq4S5WQ8ns2Ez3n3RIwe1_ZI8Y=/0x0/filters:format(jpeg)/pic423644.jpg,https://cf.geekdo-images.com/LkEPNu7bPTS1rVRU_Ba-Dg__small/img/TTYL285XHOkpIzFtonMnuunPZS8=/fit-in/200x150/filters:strip_icc()/pic423644.jpg,3,8,30,90,90,20048,N/A,10313,6.41097,6.19717,1.56292,0,1,0,0,0,0,0,0,0,2024-05-18 16:15:33,,0,,
1088,https://boardgamegeek.com/xmlapi/termsofuse,"Wed, 26 Aug 2026 00:24:39 +0000",thing,218996,boardgame,67432426,Pixel Glory: Light & Shadow,1,2018,https://cf.geekdo-images.com/5_Q8tJ5E5aTynQuvHHehvA__original/img/yFrULxmgTIbFPPFwOE-DTc8zQ80=/0x0/filters:format(png)/pic4076047.png,https://cf.geekdo-images.com/5_Q8tJ5E5aTynQuvHHehvA__small/img/y0hblSa_8ONCzG2aB1UcwKMpzUU=/fit-in/200x150/filters:strip_icc()/pic4076047.png,1,4,30,30,30,273,N/A,86,7.32791,5.54764,1.44066,0,0,1,0,0,0,0,0,0,2025-10-01 22:38:25,,0,,
1088,https://boardgamegeek.com/xmlapi/termsofuse,"Wed, 26 Aug 2026 00:24:39 +0000",thing,156976,boardgame,50348375,Planes,1,2014,https://cf.geekdo-images.com/_qGlcGcezT1MK0wLxLvrcg__original/img/5mpRTCtF9jEFLzs_BrAC4gWBVeU=/0x0/filters:format(jpeg)/pic2020706.jpg,https://cf.geekdo-images.com/_qGlcGcezT1MK0wLxLvrcg__small/img/UOyak_TwuDqW4P22MCTLAqfjNMg=/fit-in/200x150/filters:strip_icc()/pic2020706.jpg,2,4,30,30,30,1605,N/A,796,5.91522,5.60054,1.42909,0,0,1,0,0,0,0,0,0,2025-10-02 11:03:55,,0,,
1088,https://boardgamegeek.com/xmlapi/termsofuse,"Wed, 26 Aug 2026 00:24:39 +0000",thing,252929,boardgame,136976295,Planet,1,2018,https://cf.geekdo-images.com/bTE1oeN-8Y-RdSpjR0b-2A__original/img/u-ZcZzzK3CLQZZJ-SlHjmSJHzwE=/0x0/filters:format(png)/pic4199323.png,https://cf.geekdo-images.com/bTE1oeN-8Y-RdSpjR0b-2A__small/img/72I7C1n3SD0nxifUrB6A24tuIxw=/fit-in/200x150/filters:strip_icc()/pic4199323.png,2,4,30,45,45,11520,N/A,6279,6.62048,6.28611,1.26762,0,1,0,0,0,0,0,0,0,2025-10-02 9:38:19,,0,,
1088,https://boardgamegeek.com/xmlapi/termsofuse,"Wed, 26 Aug 2026 00:24:39 +0000",thing,147299,boardgame,119441722,Pocket Imperium,1,2013,https://cf.geekdo-images.com/K34Z34C_Vltb6iZz4DDH3g__original/img/-WtA4SQbL8bwcZDkoqsjnGLDkq8=/0x0/filters:format(jpeg)/pic2644229.jpg,https://cf.geekdo-images.com/K34Z34C_Vltb6iZz4DDH3g__small/img/Hz7DClMjF5AhBjOqoMnYiSDeCE0=/fit-in/200x150/filters:strip_icc()/pic2644229.jpg,2,4,30,45,45,2087,N/A,786,6.18157,5.65553,1.52239,0,0,1,0,0,0,0,0,0,2025-10-01 22:40:51,,0,,
1088,https://boardgamegeek.com/xmlapi/termsofuse,"Wed, 26 Aug 2026 00:24:39 +0000",thing,344620,boardgame,119441783,Pocket Master Builder,1,2022,https://cf.geekdo-images.com/G9ZlZUhTgas0S7u4rYWgNw__original/img/ZS-YF9KxO8o3ujtFQ3DNfwGOWEI=/0x0/filters:format(jpeg)/pic6881773.jpg,https://cf.geekdo-images.com/G9ZlZUhTgas0S7u4rYWgNw__small/img/LYLmLcQJ0HpKbUbohSDkPTkAgyU=/fit-in/200x150/filters:strip_icc()/pic6881773.jpg,1,2,20,40,40,829,N/A,207,6.47433,5.57694,1.44908,0,1,0,0,0,0,0,0,0,2024-05-20 15:53:51,,0,small,
1088,https://boardgamegeek.com/xmlapi/termsofuse,"Wed, 26 Aug 2026 00:24:39 +0000",thing,312786,boardgame,130578131,Poetry for Neanderthals,1,2020,https://cf.geekdo-images.com/CDlBjXSPT-3Zyrj8ENBkvQ__original/img/FgAyx5Q1pe7TyHsYskhbab_S_os=/0x0/filters:format(jpeg)/pic5702797.jpg,https://cf.geekdo-images.com/CDlBjXSPT-3Zyrj8ENBkvQ__small/img/0ON18UcLepuwPLhwkRtRUjhvAZ8=/fit-in/200x150/filters:strip_icc()/pic5702797.jpg,2,12,15,15,15,12707,N/A,3986,6.63575,6.16219,1.48032,0,1,0,0,0,0,0,0,0,2025-03-21 16:43:27,,0,,
1088,https://boardgamegeek.com/xmlapi/termsofuse,"Wed, 26 Aug 2026 00:24:39 +0000",thing,351880,boardgame,130520955,Poetry for Neanderthals: More Cards Box 1,1,2021,https://cf.geekdo-images.com/y8uLoD3KqAMORi5bAdWvAA__original/img/j2qruWLqCYLUx0_7ssj9vVZ5kYs=/0x0/filters:format(jpeg)/pic6537496.jpg,https://cf.geekdo-images.com/y8uLoD3KqAMORi5bAdWvAA__small/img/7opoQgunq8eUxsI3fpjDuTG_0sw=/fit-in/200x150/filters:strip_icc()/pic6537496.jpg,2,12,15,,15,738,N/A,76,7.538,5.55463,1.61987,0,1,0,0,0,0,0,0,0,2025-03-21 16:43:06,,0,Party - in with main box,
1088,https://boardgamegeek.com/xmlapi/termsofuse,"Wed, 26 Aug 2026 00:24:39 +0000",thing,363550,boardgame,130520940,Poetry for Neanderthals: NSFW Edition,1,2022,https://cf.geekdo-images.com/PH1vykQA9SWU4Zm0TA7KhA__original/img/kcyXrCp0lxm9skWX_dJ_TQ9lqGU=/0x0/filters:format(png)/pic6882081.png,https://cf.geekdo-images.com/PH1vykQA9SWU4Zm0TA7KhA__small/img/PpmvO3jk-7qo3ETUDRvT-Sq4B00=/fit-in/200x150/filters:strip_icc()/pic6882081.png,2,8,15,15,15,1156,N/A,245,6.46886,5.57948,1.6601,0,0,1,0,0,0,0,0,0,2025-03-21 16:42:30,,0,,
1088,https://boardgamegeek.com/xmlapi/termsofuse,"Wed, 26 Aug 2026 00:24:39 +0000",thing,274960,boardgame,80013138,Point Salad,1,2019,https://cf.geekdo-images.com/Xy0W9NtEpX0EVjwgxO3IEA__original/img/WdLBZcryNqysYsyC3PNF9FeaPWQ=/0x0/filters:format(png)/pic4621571.png,https://cf.geekdo-images.com/Xy0W9NtEpX0EVjwgxO3IEA__small/img/1gKeE2_50dXcL03gH3cEU-Ixj6c=/fit-in/200x150/filters:strip_icc()/pic4621571.png,2,6,15,30,30,40228,N/A,23640,7.08348,6.91084,1.13993,0,1,0,0,0,0,0,0,0,2025-10-01 22:42:07,,0,,
1088,https://boardgamegeek.com/xmlapi/termsofuse,"Wed, 26 Aug 2026 00:24:39 +0000",thing,17025,boardgame,32083677,Poison,1,2005,https://cf.geekdo-images.com/tTaHGpCEQLnl3B4s078Dwg__original/img/3i27aT0vrkZCBW8ilLwbvvUkcoo=/0x0/filters:format(jpeg)/pic8968937.jpg,https://cf.geekdo-images.com/tTaHGpCEQLnl3B4s078Dwg__small/img/MuvCo7A8jpHtEgm3GUWkJiqUeP0=/fit-in/200x150/filters:strip_icc()/pic8968937.jpg,3,6,30,30,30,6215,N/A,4458,6.45557,6.09985,1.21373,0,0,1,0,0,0,0,0,0,2025-10-02 13:50:17,,0,Our version is called Friday the 13th,
1088,https://boardgamegeek.com/xmlapi/termsofuse,"Wed, 26 Aug 2026 00:24:39 +0000",thing,1115,boardgame,32084271,Poker,1,1810,https://cf.geekdo-images.com/QhsvR9GY0LbTpj27fairWA__original/img/4ODyzAOOgoIJrUzLOjtzItR2uH0=/0x0/filters:format(jpeg)/pic186610.jpg,https://cf.geekdo-images.com/QhsvR9GY0LbTpj27fairWA__small/img/_Nvnav-rd4ckyC_lMKYu0AqC06I=/fit-in/200x150/filters:strip_icc()/pic186610.jpg,2,10,60,60,60,12069,N/A,12266,6.72366,6.46606,1.88417,0,1,0,0,0,0,0,0,0,2015-12-28 10:26:03,,0,In a Tin,
1088,https://boardgamegeek.com/xmlapi/termsofuse,"Wed, 26 Aug 2026 00:24:39 +0000",thing,194231,boardgame,64998393,Poker Assault,1,2016,https://cf.geekdo-images.com/oCHhaZHt0o3mX427dBtUmA__original/img/s-VN2Ek_rIwzkg0aDB47RXErQA4=/0x0/filters:format(jpeg)/pic3050364.jpg,https://cf.geekdo-images.com/oCHhaZHt0o3mX427dBtUmA__small/img/AmdRZfwT-Ca76W9qJHJKVfg1GtU=/fit-in/200x150/filters:strip_icc()/pic3050364.jpg,2,4,15,25,25,356,N/A,86,6.05209,5.51232,1.91943,0,0,1,0,0,0,0,0,0,2025-10-02 11:04:20,,0,,
1088,https://boardgamegeek.com/xmlapi/termsofuse,"Wed, 26 Aug 2026 00:24:39 +0000",thing,118536,boardgame,136976310,Police Precinct,1,2013,https://cf.geekdo-images.com/lGGeZqlB6f_8TLsgidC-0g__original/img/aUQD8IobQRF3MMT_YqjZZr-E1Hg=/0x0/filters:format(jpeg)/pic3101848.jpg,https://cf.geekdo-images.com/lGGeZqlB6f_8TLsgidC-0g__small/img/gwwDWK-VXCnsbubpOuqYv7pKhPM=/fit-in/200x150/filters:strip_icc()/pic3101848.jpg,1,6,90,90,90,3349,N/A,1803,6.83946,6.06442,1.41932,0,1,0,0,0,0,0,0,0,2025-10-02 9:39:16,,0,,
1088,https://boardgamegeek.com/xmlapi/termsofuse,"Wed, 26 Aug 2026 00:24:39 +0000",thing,60579,boardgame,32084278,Poo: The Card Game,1,2009,https://cf.geekdo-images.com/jfuR5hIlqIiARkrW-0XOIQ__original/img/HDliBGsFpeV8x7xRfbD8sW3NHs4=/0x0/filters:format(jpeg)/pic611381.jpg,https://cf.geekdo-images.com/jfuR5hIlqIiARkrW-0XOIQ__small/img/4wUvQpyWj2KVSDRmjPuxtYdILaA=/fit-in/200x150/filters:strip_icc()/pic611381.jpg,2,8,5,15,15,4032,5.5,1905,5.55378,5.48801,1.67699,0,1,0,0,0,0,0,0,0,2015-12-28 12:25:41,,0,small,
1088,https://boardgamegeek.com/xmlapi/termsofuse,"Wed, 26 Aug 2026 00:24:39 +0000",thing,27356,boardgame,51302940,Portobello Market,1,2007,https://cf.geekdo-images.com/cBcFw1ewvJ9ycYzb5NJ-bg__original/img/giJOxClxEtHQeVHVIqqiTgoveCk=/0x0/filters:format(jpeg)/pic201947.jpg,https://cf.geekdo-images.com/cBcFw1ewvJ9ycYzb5NJ-bg__small/img/-6Oqgv0H0HG5usGa3wvldNrga9k=/fit-in/200x150/filters:strip_icc()/pic201947.jpg,2,4,35,35,35,3439,N/A,2761,6.40276,5.97984,1.17718,0,1,0,0,0,0,0,0,0,2018-04-28 12:35:05,,0,,
1088,https://boardgamegeek.com/xmlapi/termsofuse,"Wed, 26 Aug 2026 00:24:39 +0000",thing,180974,boardgame,54335315,Potion Explosion,1,2015,https://cf.geekdo-images.com/vwjYMFporFhvAU48k73MIw__original/img/6sAfG89R42SJRv2wjiItRTMmcoQ=/0x0/filters:format(jpeg)/pic7298696.jpg,https://cf.geekdo-images.com/vwjYMFporFhvAU48k73MIw__small/img/uNBrY-gqZLq7aiv1E_pDsc3vmyE=/fit-in/200x150/filters:strip_icc()/pic7298696.jpg,2,4,30,45,45,34256,N/A,22280,7.12156,6.92459,1.21073,0,1,0,0,0,0,0,0,0,2018-09-16 16:53:30,,0,,
1088,https://boardgamegeek.com/xmlapi/termsofuse,"Wed, 26 Aug 2026 00:24:39 +0000",thing,2651,boardgame,143122250,Power Grid,1,2004,https://cf.geekdo-images.com/yd6LuatytHRhcFCxCf-EEg__original/img/OS13C6W4i1XW__wWVVVaqF7BV0c=/0x0/filters:format(jpeg)/pic4459753.jpg,https://cf.geekdo-images.com/yd6LuatytHRhcFCxCf-EEg__small/img/jWTonZ5oYNlPzpELKHIJGWSS0Y8=/fit-in/200x150/filters:strip_icc()/pic4459753.jpg,2,6,120,120,120,87479,N/A,70007,7.79727,7.68014,1.33649,0,0,0,0,0,0,0,1,0,2026-03-01 17:15:50,4,0,,
1088,https://boardgamegeek.com/xmlapi/termsofuse,"Wed, 26 Aug 2026 00:24:39 +0000",thing,203780,boardgame,52718263,Power Grid: The Card Game,1,2016,https://cf.geekdo-images.com/rUj7XGeBmcyFPH2UorVL6w__original/img/VDlmSNJFV0gy-q1HZEqkGynhZ74=/0x0/filters:format(jpeg)/pic3091756.jpg,https://cf.geekdo-images.com/rUj7XGeBmcyFPH2UorVL6w__small/img/493msPA5kAJ0oOEBppYGzRuydTM=/fit-in/200x150/filters:strip_icc()/pic3091756.jpg,2,6,45,60,60,5087,N/A,2133,6.64412,6.02672,1.29648,0,1,0,0,0,0,0,0,0,2018-07-06 18:21:23,,0,,
1088,https://boardgamegeek.com/xmlapi/termsofuse,"Wed, 26 Aug 2026 00:24:39 +0000",thing,411404,boardgame,136976973,Power Hungry Pets,1,2024,https://cf.geekdo-images.com/L3Ag19WXRFKjKmRSCMI9UQ__original/img/kwbHLZQFzMcHuzZ-dsCYuDwxXdo=/0x0/filters:format(png)/pic7959893.png,https://cf.geekdo-images.com/L3Ag19WXRFKjKmRSCMI9UQ__small/img/YR9S9czDxK8EBrSj4yFf4slvMW0=/fit-in/200x150/filters:strip_icc()/pic7959893.png,2,6,15,15,15,2916,N/A,867,6.92626,5.82974,1.54519,0,1,0,0,0,0,0,0,0,2025-10-02 9:58:20,,0,,
1088,https://boardgamegeek.com/xmlapi/termsofuse,"Wed, 26 Aug 2026 00:24:39 +0000",thing,2060,boardgame,36657548,Probe,1,1964,https://cf.geekdo-images.com/Rfx1aRFHoZGMdSWVQ4JcKg__original/img/aKn-thgZQ9N2B2-GjvXBAwH36s4=/0x0/filters:format(jpeg)/pic912712.jpg,https://cf.geekdo-images.com/Rfx1aRFHoZGMdSWVQ4JcKg__small/img/x8ycKtGsGB4nv0H1pU9Jh9fjpOs=/fit-in/200x150/filters:strip_icc()/pic912712.jpg,2,4,60,60,60,2604,N/A,876,5.84378,5.56851,1.53347,0,0,1,0,0,0,0,0,0,2022-12-28 17:19:11,,0,,
1088,https://boardgamegeek.com/xmlapi/termsofuse,"Wed, 26 Aug 2026 00:24:39 +0000",thing,201478,boardgame,64998215,Problem Picnic: Attack of the Ants,1,2017,https://cf.geekdo-images.com/OFfN5Xq8MvkhEcjslSvfjQ__original/img/52TzlQhzTtft2N-MyiVkqW-Y94k=/0x0/filters:format(jpeg)/pic3171504.jpg,https://cf.geekdo-images.com/OFfN5Xq8MvkhEcjslSvfjQ__small/img/bxJYJSQ3RTXzQJDtLAW-lkJ61ds=/fit-in/200x150/filters:strip_icc()/pic3171504.jpg,2,4,20,30,30,736,N/A,281,6.7173,5.62302,1.3057,0,1,0,0,0,0,0,0,0,2019-10-21 20:36:51,,0,,
1088,https://boardgamegeek.com/xmlapi/termsofuse,"Wed, 26 Aug 2026 00:24:39 +0000",thing,268890,boardgame,80278561,Proving Grounds,1,2019,https://cf.geekdo-images.com/o8MhySbt2Dzm36f3l1Z4vQ__original/img/Wyz3ugSxq12hoLOmsT2j23cuJkg=/0x0/filters:format(jpeg)/pic4502912.jpg,https://cf.geekdo-images.com/o8MhySbt2Dzm36f3l1Z4vQ__small/img/VLg8K6XVv2Zkt9SYdGTP1oh_NrE=/fit-in/200x150/filters:strip_icc()/pic4502912.jpg,1,1,30,45,45,3029,N/A,1156,6.62485,5.85151,1.39902,0,1,0,0,0,0,0,0,0,2021-03-10 12:09:00,,0,,
1088,https://boardgamegeek.com/xmlapi/termsofuse,"Wed, 26 Aug 2026 00:24:39 +0000",thing,3076,boardgame,135085518,Puerto Rico,1,2002,https://cf.geekdo-images.com/QFiIRd2kimaMqTyWsX0aUg__original/img/DOgIp57F7tKZvxeITGAd3e_Q9as=/0x0/filters:format(jpeg)/pic158548.jpg,https://cf.geekdo-images.com/QFiIRd2kimaMqTyWsX0aUg__small/img/5fLo89ChZH6Wzukk36bhZ-EpBS0=/fit-in/200x150/filters:strip_icc()/pic158548.jpg,3,5,90,150,150,85329,N/A,74645,7.89708,7.75072,1.38928,0,1,0,0,0,0,0,0,0,2025-08-06 14:14:51,,0,8/6/25,
1088,https://boardgamegeek.com/xmlapi/termsofuse,"Wed, 26 Aug 2026 00:24:39 +0000",thing,308529,boardgame,130520963,Puns of Anarchy,1,2020,https://cf.geekdo-images.com/_19LYeWet3QPQYydNbihtA__original/img/Q8oIM_ZhL7rQZv5OmkBTM7M-aIo=/0x0/filters:format(jpeg)/pic7031286.jpg,https://cf.geekdo-images.com/_19LYeWet3QPQYydNbihtA__small/img/vVR5U_i4OwwojZcOBvisBEhDj_s=/fit-in/200x150/filters:strip_icc()/pic7031286.jpg,3,6,30,90,90,1149,N/A,288,6.32416,5.57326,1.85133,0,0,1,0,0,0,0,0,0,2025-10-01 22:44:13,,0,Party,
1088,https://boardgamegeek.com/xmlapi/termsofuse,"Wed, 26 Aug 2026 00:24:39 +0000",thing,220203,boardgame,64998405,Purrrlock Holmes: Furriarty's Trail,1,2017,https://cf.geekdo-images.com/doYde2wT-0CeYaEoMXDeMQ__original/img/p68OMQ8P30HRVUztyEoiLgEofXU=/0x0/filters:format(jpeg)/pic3497196.jpg,https://cf.geekdo-images.com/doYde2wT-0CeYaEoMXDeMQ__small/img/m_0vsMc4txz4ss1fcTrH6505W6Q=/fit-in/200x150/filters:strip_icc()/pic3497196.jpg,2,5,20,30,30,1535,N/A,596,6.4963,5.68439,1.30705,0,1,0,0,0,0,0,0,0,2019-10-21 20:48:02,,0,,
1088,https://boardgamegeek.com/xmlapi/termsofuse,"Wed, 26 Aug 2026 00:24:39 +0000",thing,331573,boardgame,130520924,Pusheen Purrfect Pick,1,2021,https://cf.geekdo-images.com/BJ1TqchAWPg3T3N_Rro0Ow__original/img/JNwq7wgoLrzqWWcB3rPDpDUzQgM=/0x0/filters:format(jpeg)/pic5994681.jpg,https://cf.geekdo-images.com/BJ1TqchAWPg3T3N_Rro0Ow__small/img/PleKgaBi2LCDshAotiAIiUB67hM=/fit-in/200x150/filters:strip_icc()/pic5994681.jpg,2,5,10,30,30,655,N/A,224,6.17239,5.54253,1.53158,0,0,1,0,0,0,0,0,0,2025-10-01 22:45:13,,0,,
1088,https://boardgamegeek.com/xmlapi/termsofuse,"Wed, 26 Aug 2026 00:24:39 +0000",thing,213492,boardgame,119441838,Pyramids,1,2017,https://cf.geekdo-images.com/t4a3ptGmPwcJP0jQjob2mA__original/img/7lBIzYzUEkZ22t8bHkvTmj1zjWI=/0x0/filters:format(png)/pic3375150.png,https://cf.geekdo-images.com/t4a3ptGmPwcJP0jQjob2mA__small/img/gCkLlGE0Wd-JbLJ4HualiWh1Nlg=/fit-in/200x150/filters:strip_icc()/pic3375150.png,2,5,30,30,30,2182,N/A,1183,6.71903,5.90276,1.16712,0,1,0,0,0,0,0,0,0,2024-05-20 15:55:26,,0,,
1088,https://boardgamegeek.com/xmlapi/termsofuse,"Wed, 26 Aug 2026 00:24:39 +0000",thing,66088,boardgame,136976315,Q•bitz,1,2009,https://cf.geekdo-images.com/1kn5gs_lLl_tI2poZNxRzQ__original/img/dKFaoNdZMmlHsm0fZDy7CmOU5Co=/0x0/filters:format(jpeg)/pic957087.jpg,https://cf.geekdo-images.com/1kn5gs_lLl_tI2poZNxRzQ__small/img/1NXo5jDp6CtYPluMmETd0wf6X9w=/fit-in/200x150/filters:strip_icc()/pic957087.jpg,2,4,15,25,25,1541,N/A,405,6.09008,5.56853,1.36002,0,1,0,0,0,0,0,0,0,2025-10-02 9:39:38,,0,,
1088,https://boardgamegeek.com/xmlapi/termsofuse,"Wed, 26 Aug 2026 00:24:39 +0000",thing,217184,boardgame,80013489,Q•bitz Jr.,1,2016,https://cf.geekdo-images.com/zL1Ag3FDOi_70Y_YMUk8Xg__original/img/H46ycTs1Fk8KwlLP8GERFVLV0us=/0x0/filters:format(jpeg)/pic4324792.jpg,https://cf.geekdo-images.com/zL1Ag3FDOi_70Y_YMUk8Xg__small/img/wz_jnMSY1wvSs1GvVj5QoCJcYQA=/fit-in/200x150/filters:strip_icc()/pic4324792.jpg,1,4,,,,81,N/A,9,6.33333,0,1.24722,0,0,1,0,0,0,0,0,0,2025-10-01 22:45:32,,0,kids,
1088,https://boardgamegeek.com/xmlapi/termsofuse,"Wed, 26 Aug 2026 00:24:39 +0000",thing,144334,boardgame,80285148,QBits,1,2012,https://cf.geekdo-images.com/p5KbTIIxh2gpcmW5bKj6hg__original/img/9Qxd6YFQBsPm_E3yhCViBeuaaM8=/0x0/filters:format(jpeg)/pic2844969.jpg,https://cf.geekdo-images.com/p5KbTIIxh2gpcmW5bKj6hg__small/img/-vqNvN1Wil-goVrWUApS8wuNs58=/fit-in/200x150/filters:strip_icc()/pic2844969.jpg,2,8,,,,81,N/A,18,5.81667,0,1.31413,0,0,1,0,0,0,0,0,0,2022-12-28 17:25:06,,0,,
1088,https://boardgamegeek.com/xmlapi/termsofuse,"Wed, 26 Aug 2026 00:24:39 +0000",thing,244521,boardgame,119378324,Quacks,1,2018,https://cf.geekdo-images.com/B1bLRWzTASZ-xx9NoAE79A__original/img/HulJk6gFzp_bxl0wzc2XEMq8NLM=/0x0/filters:format(png)/pic8780293.png,https://cf.geekdo-images.com/B1bLRWzTASZ-xx9NoAE79A__small/img/deG3pr-ORZ3JrGvQA-oQNrwh0l0=/fit-in/200x150/filters:strip_icc()/pic8780293.png,2,4,45,45,45,95727,N/A,59999,7.80194,7.6651,1.25263,0,1,0,0,0,0,0,0,0,2024-05-20 14:07:01,,0,main box,
1088,https://boardgamegeek.com/xmlapi/termsofuse,"Wed, 26 Aug 2026 00:24:39 +0000",thing,269259,boardgame,119378593,The Quacks of Quedlinburg: The Herb Witches,5,2019,https://cf.geekdo-images.com/nseXZ6c_ubJwyCM1s086yA__original/img/qbq826nSRdJ7XJJxKeXEeY-viyc=/0x0/filters:format(png)/pic6137510.png,https://cf.geekdo-images.com/nseXZ6c_ubJwyCM1s086yA__small/img/mhXh1WC05O6XmAGvXMOX8vP7mK4=/fit-in/200x150/filters:strip_icc()/pic6137510.png,2,5,45,45,45,29548,N/A,7410,7.99765,7.36079,1.08881,0,1,0,0,0,0,0,0,0,2024-05-20 14:07:10,,0,in main box,
1088,https://boardgamegeek.com/xmlapi/termsofuse,"Wed, 26 Aug 2026 00:24:39 +0000",thing,4331,boardgame,32084293,Quads,1,1996,https://cf.geekdo-images.com/rV1Z2iPAkjwhEGboJspYww__original/img/01JtkqJoEWfo0TB6PcHxF5OnF_E=/0x0/filters:format(jpeg)/pic669975.jpg,https://cf.geekdo-images.com/rV1Z2iPAkjwhEGboJspYww__small/img/iNL8qDwrajjl5GGYp2t9IIWxqTA=/fit-in/200x150/filters:strip_icc()/pic669975.jpg,2,2,10,10,10,592,N/A,298,6.19228,5.57325,1.45851,0,0,1,0,0,0,0,0,0,2025-10-02 11:06:44,,0,,
1088,https://boardgamegeek.com/xmlapi/termsofuse,"Wed, 26 Aug 2026 00:24:39 +0000",thing,30393,boardgame,32084295,Quao,1,2007,https://cf.geekdo-images.com/jzR3tUvQ87r6hd8egtfz1Q__original/img/QPcwtiEM-Xrn8gwQIBt83RMnbm4=/0x0/filters:format(jpeg)/pic256784.jpg,https://cf.geekdo-images.com/jzR3tUvQ87r6hd8egtfz1Q__small/img/AJkDqUJWBTlK4bx6FEOVsOYUehg=/fit-in/200x150/filters:strip_icc()/pic256784.jpg,3,6,60,60,60,715,N/A,228,5.02566,5.45545,1.83815,0,0,1,0,0,0,0,0,0,2025-10-01 22:46:19,,0,,
1088,https://boardgamegeek.com/xmlapi/termsofuse,"Wed, 26 Aug 2026 00:24:39 +0000",thing,109764,boardgame,32084301,Quarantine,1,2013,https://cf.geekdo-images.com/yZX7r2kWBLI4Rb0lx8td1g__original/img/TzeHamMVUengrNmNq3zWiv1uU-U=/0x0/filters:format(jpeg)/pic1487289.jpg,https://cf.geekdo-images.com/yZX7r2kWBLI4Rb0lx8td1g__small/img/gzkwtTbqD_YMGztbuwpQ-Ja-rps=/fit-in/200x150/filters:strip_icc()/pic1487289.jpg,2,4,60,60,60,1310,6,921,6.04862,5.65215,1.40757,0,1,0,0,0,0,0,0,0,2015-12-28 12:25:52,,0,,
1088,https://boardgamegeek.com/xmlapi/termsofuse,"Wed, 26 Aug 2026 00:24:39 +0000",thing,91536,boardgame,32084305,Quarriors!,1,2011,https://cf.geekdo-images.com/12Bgvi0MpA10redngwI5MA__original/img/i2BO-n_bbR4Du2iV3dQtjMd0U1w=/0x0/filters:format(jpeg)/pic1604985.jpg,https://cf.geekdo-images.com/12Bgvi0MpA10redngwI5MA__small/img/z985bdF5fL4hmuWuQUa5QLSmpYA=/fit-in/200x150/filters:strip_icc()/pic1604985.jpg,2,4,30,30,30,18529,6,14148,6.72845,6.50225,1.43637,0,0,1,0,0,0,0,0,0,2025-03-19 20:16:57,,0,Josh has,
1088,https://boardgamegeek.com/xmlapi/termsofuse,"Wed, 26 Aug 2026 00:24:39 +0000",thing,155702,boardgame,32084312,Quarriors! Light vs. Dark,1,2014,https://cf.geekdo-images.com/LvyxoxcVXT22Ed72iN4Zhw__original/img/c0S0WszQJ9rnwHWb1rSoT2ScwiE=/0x0/filters:format(jpeg)/pic1949648.jpg,https://cf.geekdo-images.com/LvyxoxcVXT22Ed72iN4Zhw__small/img/lyauqQKPe8FSfwoRtKMlU3kxajA=/fit-in/200x150/filters:strip_icc()/pic1949648.jpg,2,4,30,30,30,1799,N/A,556,6.72362,5.72439,1.50293,0,0,1,0,0,0,0,0,0,2025-03-19 20:17:37,,0,in main box,
1088,https://boardgamegeek.com/xmlapi/termsofuse,"Wed, 26 Aug 2026 00:24:39 +0000",thing,681,boardgame,32084318,Quarto,1,1991,https://cf.geekdo-images.com/e7eP58UJVDA1wC5pWjCPqg__original/img/dzB-D9RT7RUE_nTCZ8qVyAFB5Sw=/0x0/filters:format(jpeg)/pic3488229.jpg,https://cf.geekdo-images.com/e7eP58UJVDA1wC5pWjCPqg__small/img/cC_DGL1tsiIpjuR_IXnQzqSBeAI=/fit-in/200x150/filters:strip_icc()/pic3488229.jpg,2,2,20,20,20,15499,6.5,8991,6.90231,6.56631,1.37838,0,1,0,0,0,0,0,0,0,2015-12-28 12:26:14,,0,,
1088,https://boardgamegeek.com/xmlapi/termsofuse,"Wed, 26 Aug 2026 00:24:39 +0000",thing,172881,boardgame,56692844,Quartz,1,2015,https://cf.geekdo-images.com/g4c5FTA78_metkCRlWRtkw__original/img/YkuJSj_836aDwfEpxPQvBrdx8Wc=/0x0/filters:format(jpeg)/pic3051553.jpg,https://cf.geekdo-images.com/g4c5FTA78_metkCRlWRtkw__small/img/lZrevRL5ECoh09S5agZDnFhmHBc=/fit-in/200x150/filters:strip_icc()/pic3051553.jpg,3,5,45,60,60,2260,N/A,1186,7.0346,5.92076,1.54026,0,1,0,0,0,0,0,0,0,2018-12-17 23:21:19,,0,,
1088,https://boardgamegeek.com/xmlapi/termsofuse,"Wed, 26 Aug 2026 00:24:39 +0000",thing,232043,boardgame,51302873,Queendomino,1,2017,https://cf.geekdo-images.com/_6VtTmeI4e7cORxFWRC7Og__original/img/Uem_ewrSp4uzwG19S2CSnHwrmEU=/0x0/filters:format(png)/pic3672901.png,https://cf.geekdo-images.com/_6VtTmeI4e7cORxFWRC7Og__small/img/uzS2wD_CvrjO8KQsNZDoT0RBvmY=/fit-in/200x150/filters:strip_icc()/pic3672901.png,2,4,25,25,25,23793,N/A,11917,7.1324,6.83168,1.16395,0,1,0,0,0,0,0,0,0,2018-04-28 12:30:12,,0,,
1088,https://boardgamegeek.com/xmlapi/termsofuse,"Wed, 26 Aug 2026 00:24:39 +0000",thing,19370,boardgame,32084320,Quelf,1,2005,https://cf.geekdo-images.com/SfNSwt9FWMx3FHM5ljzicQ__original/img/maRraBf0pXoUE9Bz15_CJdots9I=/0x0/filters:format(jpeg)/pic200936.jpg,https://cf.geekdo-images.com/SfNSwt9FWMx3FHM5ljzicQ__small/img/ptsYJkAdBIcxLgDJTgGSFoZUs64=/fit-in/200x150/filters:strip_icc()/pic200936.jpg,3,8,60,60,60,7550,N/A,3071,5.242,5.28228,2.00248,0,0,1,0,0,0,0,0,0,2025-10-02 13:54:43,,0,,
1088,https://boardgamegeek.com/xmlapi/termsofuse,"Wed, 26 Aug 2026 00:24:39 +0000",thing,146149,boardgame,34587162,Quick Cups,1,2013,https://cf.geekdo-images.com/v2arPeSKVsJ4VPGjeVcBbg__original/img/3lCEU6_J3WIZ7LfZf-Tl6wkIWbY=/0x0/filters:format(png)/pic6486581.png,https://cf.geekdo-images.com/v2arPeSKVsJ4VPGjeVcBbg__small/img/KGRyLoC8Q5oq2AJVKNxVYclN-zI=/fit-in/200x150/filters:strip_icc()/pic6486581.png,2,4,15,15,15,3366,N/A,1676,6.18013,5.74819,1.40061,0,0,1,0,0,0,0,0,0,2018-09-16 18:23:23,,0,,
1088,https://boardgamegeek.com/xmlapi/termsofuse,"Wed, 26 Aug 2026 00:24:39 +0000",thing,150216,boardgame,50496847,QuickWits,1,2013,https://cf.geekdo-images.com/cAr9bAROqTKsuSs7uTcSgw__original/img/aVIOOl3mwqu1l2Tnc-JNu0mK3Kk=/0x0/filters:format(jpeg)/pic6478953.jpg,https://cf.geekdo-images.com/cAr9bAROqTKsuSs7uTcSgw__small/img/Vny6nV4Kw4-wGEgt-Eyd4-K0wmI=/fit-in/200x150/filters:strip_icc()/pic6478953.jpg,3,99,20,30,30,321,N/A,72,5.28819,5.49177,1.9332,0,0,1,0,0,0,0,0,0,2025-10-01 22:47:57,,0,,
1088,https://boardgamegeek.com/xmlapi/termsofuse,"Wed, 26 Aug 2026 00:24:39 +0000",thing,339,boardgame,32084322,Quiddler,1,1998,https://cf.geekdo-images.com/PKiBxGLQO5a4Sy4XmjvPWw__original/img/ANx-XmQmAx63y5U13GgfXAyJe04=/0x0/filters:format(jpeg)/pic1753681.jpg,https://cf.geekdo-images.com/PKiBxGLQO5a4Sy4XmjvPWw__small/img/xhOEtriBnDJRfVAtfKG7wEEf_Is=/fit-in/200x150/filters:strip_icc()/pic1753681.jpg,1,8,30,30,30,10163,N/A,3997,6.15387,5.85941,1.53242,0,0,1,0,0,0,0,0,0,2025-10-01 22:48:11,,0,,
1088,https://boardgamegeek.com/xmlapi/termsofuse,"Wed, 26 Aug 2026 00:24:39 +0000",thing,183006,boardgame,80013176,Qwinto,1,2015,https://cf.geekdo-images.com/AtaZZTKaILC7qK2019MZJQ__original/img/CvZukbasuksb88da5oiX5bh08IM=/0x0/filters:format(png)/pic4194080.png,https://cf.geekdo-images.com/AtaZZTKaILC7qK2019MZJQ__small/img/1QLthWkf6GJPeIKXOfnhDUvbbaQ=/fit-in/200x150/filters:strip_icc()/pic4194080.png,2,6,15,15,15,7749,N/A,4520,6.90584,6.4106,1.15677,0,1,0,0,0,0,0,0,0,2021-03-01 22:57:58,,0,,
1088,https://boardgamegeek.com/xmlapi/termsofuse,"Wed, 26 Aug 2026 00:24:39 +0000",thing,25669,boardgame,32084335,Qwirkle,1,2006,https://cf.geekdo-images.com/k7zHj8j_a6uUAtXUt5Fvuw__original/img/FNi6yap-UmVKX8X6rj0A_YW2q8Y=/0x0/filters:format(jpeg)/pic309353.jpg,https://cf.geekdo-images.com/k7zHj8j_a6uUAtXUt5Fvuw__small/img/APPui4zwBuwAIHXSTW6UxYcY6Ow=/fit-in/200x150/filters:strip_icc()/pic309353.jpg,2,4,45,45,45,45442,6.5,22479,6.77477,6.61267,1.25536,0,1,0,0,0,0,0,0,0,2015-12-28 12:26:22,,0,,
1088,https://boardgamegeek.com/xmlapi/termsofuse,"Wed, 26 Aug 2026 00:24:39 +0000",thing,131260,boardgame,32084332,Qwixx,1,2012,https://cf.geekdo-images.com/aOt-bT9nDzZdWl0dUqLy4w__original/img/BBC0kwf7JPYMxYGnsSDRaZ_BRF4=/0x0/filters:format(jpeg)/pic1950487.jpg,https://cf.geekdo-images.com/aOt-bT9nDzZdWl0dUqLy4w__small/img/VSCBC4785-3S8YMBzu8tafaoa_w=/fit-in/200x150/filters:strip_icc()/pic1950487.jpg,2,5,15,15,15,33156,6,15781,6.87978,6.65902,1.21242,0,1,0,0,0,0,0,0,0,2015-12-28 12:26:27,,0,Fun little pub game,
1088,https://boardgamegeek.com/xmlapi/termsofuse,"Wed, 26 Aug 2026 00:24:39 +0000",thing,208775,boardgame,143577035,Qwixx Deluxe,1,2016,https://cf.geekdo-images.com/dReCAjmmyvSVFELMPnKPRg__original/img/Ts6t8ToH60jhEFD3RN0ZlBjxcvY=/0x0/filters:format(jpeg)/pic3264158.jpg,https://cf.geekdo-images.com/dReCAjmmyvSVFELMPnKPRg__small/img/6hHgHM-VgRZCRlONafITMY8VjO8=/fit-in/200x150/filters:strip_icc()/pic3264158.jpg,2,8,20,20,20,2835,N/A,1092,7.09132,5.98569,1.22514,0,1,0,0,0,0,0,0,0,2026-03-15 14:51:38,,0,,
1088,https://boardgamegeek.com/xmlapi/termsofuse,"Wed, 26 Aug 2026 00:24:39 +0000",thing,28143,boardgame,33171408,Race for the Galaxy,1,2007,https://cf.geekdo-images.com/-DOqixs8uwKUvvWPKI4f9w__original/img/Vh-DCkTPa8OU45LaJdUywwhiYqE=/0x0/filters:format(jpeg)/pic5261714.jpg,https://cf.geekdo-images.com/-DOqixs8uwKUvvWPKI4f9w__small/img/xLs-ldTPwaADbvzkOpF0sgWzwck=/fit-in/200x150/filters:strip_icc()/pic5261714.jpg,2,4,30,60,60,74425,N/A,59341,7.73588,7.61513,1.46392,0,1,0,0,0,0,0,0,0,2018-03-16 14:40:38,,0,,
1088,https://boardgamegeek.com/xmlapi/termsofuse,"Wed, 26 Aug 2026 00:24:39 +0000",thing,917,boardgame,32084348,Rack-O,1,1956,https://cf.geekdo-images.com/M49aMRX_EmQIh56Kx-Snfg__original/img/eGSpzQgF1tOoZ19WkjwPIHj3E28=/0x0/filters:format(jpeg)/pic1287239.jpg,https://cf.geekdo-images.com/M49aMRX_EmQIh56Kx-Snfg__small/img/26pAKkrplP9CZXkJYio9jto6pjw=/fit-in/200x150/filters:strip_icc()/pic1287239.jpg,2,4,45,45,45,9038,N/A,3642,5.89868,5.70494,1.47274,0,0,1,0,0,0,0,0,0,2025-10-01 22:49:01,,0,in small plastic container near small,
1088,https://boardgamegeek.com/xmlapi/termsofuse,"Wed, 26 Aug 2026 00:24:39 +0000",thing,160623,boardgame,119539827,Raiders in My Pocket,1,2014,https://cf.geekdo-images.com/LqCX_YxW7xZKVQnmKVdTJA__original/img/VgXfBd1XJ5xp5OM4njOjKpnjoyQ=/0x0/filters:format(png)/pic2054575.png,https://cf.geekdo-images.com/LqCX_YxW7xZKVQnmKVdTJA__small/img/1EjuslWNdDvSB2vOKk-sp9G1Mzc=/fit-in/200x150/filters:strip_icc()/pic2054575.png,1,1,5,5,5,63,N/A,24,6.0575,0,1.33504,0,1,0,0,0,0,0,0,0,2024-05-23 19:41:20,,0,p&p,
1088,https://boardgamegeek.com/xmlapi/termsofuse,"Wed, 26 Aug 2026 00:24:39 +0000",thing,245654,boardgame,58189358,Railroad Ink: Deep Blue Edition,1,2018,https://cf.geekdo-images.com/x3hjEgkxZE9M96o6wgj6Tw__original/img/aLU9rLTBaZhBK_U6YMUY8mmJnrM=/0x0/filters:format(png)/pic4097632.png,https://cf.geekdo-images.com/x3hjEgkxZE9M96o6wgj6Tw__small/img/idn6fyLMcqvmxqKXU57rAuLgMvg=/fit-in/200x150/filters:strip_icc()/pic4097632.png,1,6,20,30,30,23910,N/A,15023,7.13925,6.88632,1.20428,0,1,0,0,0,0,0,0,0,2019-02-05 16:38:31,,0,,
1088,https://boardgamegeek.com/xmlapi/termsofuse,"Wed, 26 Aug 2026 00:24:39 +0000",thing,349812,boardgame,136976997,Ransom Notes,1,2021,https://cf.geekdo-images.com/yggkhvDY23J0zVTNvgao3g__original/img/fnSBPsBloia4_4_--Xzk5oELWqA=/0x0/filters:format(jpeg)/pic6521910.jpg,https://cf.geekdo-images.com/yggkhvDY23J0zVTNvgao3g__small/img/Xy6BxeuRD95PqHE6Ehx7S17O4kA=/fit-in/200x150/filters:strip_icc()/pic6521910.jpg,3,6,30,90,90,4126,N/A,1284,6.51597,5.82344,1.58004,0,1,0,0,0,0,0,0,0,2025-10-02 9:58:56,,0,,
1088,https://boardgamegeek.com/xmlapi/termsofuse,"Wed, 26 Aug 2026 00:24:39 +0000",thing,3837,boardgame,45669308,Rat-a-Tat Cat,1,1995,https://cf.geekdo-images.com/4nQQ9GA-1JXcxwNd-tCR8w__original/img/7R-X8iE7upfWh5LLmFKtqkxuXqI=/0x0/filters:format(jpeg)/pic147435.jpg,https://cf.geekdo-images.com/4nQQ9GA-1JXcxwNd-tCR8w__small/img/YUEFmGQnDkD4I2GdLgeZAZjflVI=/fit-in/200x150/filters:strip_icc()/pic147435.jpg,2,6,10,10,10,10396,N/A,4380,6.26203,5.94089,1.40558,0,0,1,0,0,0,0,0,0,2025-10-02 11:10:28,,0,kids,
1088,https://boardgamegeek.com/xmlapi/termsofuse,"Wed, 26 Aug 2026 00:24:39 +0000",thing,150146,boardgame,37415569,Rattlebones,1,2014,https://cf.geekdo-images.com/kjkKAiAWtNJHvP-Z_s1esQ__original/img/Rt0YjFH6xrMU3SJpEig8Y5509vg=/0x0/filters:format(jpeg)/pic2399765.jpg,https://cf.geekdo-images.com/kjkKAiAWtNJHvP-Z_s1esQ__small/img/pGLIgFxY7aaOVHSHqCM_awQZky4=/fit-in/200x150/filters:strip_icc()/pic2399765.jpg,2,4,40,90,90,2010,N/A,1181,6.48352,5.82572,1.41087,0,1,0,0,0,0,0,0,0,2016-10-11 18:08:48,,0,,
1088,https://boardgamegeek.com/xmlapi/termsofuse,"Wed, 26 Aug 2026 00:24:39 +0000",thing,237728,boardgame,130522225,Ravine,1,2017,https://cf.geekdo-images.com/Q6XqoN1fL14mifgOvIXarQ__original/img/wkA5qONb1IbayKMQW9bJBT6BTk0=/0x0/filters:format(png)/pic9454370.png,https://cf.geekdo-images.com/Q6XqoN1fL14mifgOvIXarQ__small/img/Eft5HAfVzr6Vl4kodttu7JNIfWI=/fit-in/200x150/filters:strip_icc()/pic9454370.png,3,6,15,20,20,3686,N/A,1562,6.37944,5.78533,1.73034,0,1,0,0,0,0,0,0,0,2025-03-19 21:24:01,,0,,
1088,https://boardgamegeek.com/xmlapi/termsofuse,"Wed, 26 Aug 2026 00:24:39 +0000",thing,321229,boardgame,80013181,Razorhurst,1,2020,https://cf.geekdo-images.com/2Nk7Jt6EPvc-MRNlaRlzUg__original/img/0uv2LY-asoZXiC3OPNeCoSZE0F0=/0x0/filters:format(jpeg)/pic5708751.jpg,https://cf.geekdo-images.com/2Nk7Jt6EPvc-MRNlaRlzUg__small/img/EbzKogA_T1gQr460efnPKQC_WTg=/fit-in/200x150/filters:strip_icc()/pic5708751.jpg,1,1,90,180,180,74,N/A,29,8.53448,0,1.25211,0,1,0,0,0,0,0,0,0,2022-12-28 18:05:46,,0,P&P,
1088,https://boardgamegeek.com/xmlapi/termsofuse,"Wed, 26 Aug 2026 00:24:39 +0000",thing,329465,boardgame,97763764,Red Rising,1,2021,https://cf.geekdo-images.com/V6QEXXgRgz3urOrRVZ_1zA__original/img/Gp9hIVv-zRxlkrO5Pmg3aXb4P1M=/0x0/filters:format(jpeg)/pic5960554.jpg,https://cf.geekdo-images.com/V6QEXXgRgz3urOrRVZ_1zA__small/img/8zjF-E9xPNYLSsI6xQjRsZiI-XE=/fit-in/200x150/filters:strip_icc()/pic5960554.jpg,1,6,45,60,60,19964,N/A,9826,6.96026,6.61795,1.47048,0,1,0,0,0,0,0,0,0,2022-09-14 16:29:36,,0,,
1088,https://boardgamegeek.com/xmlapi/termsofuse,"Wed, 26 Aug 2026 00:24:39 +0000",thing,120426,boardgame,65000458,Redshirts,1,2012,https://cf.geekdo-images.com/I_8h75tRTvMpjq2rs9rd4w__original/img/RMKtR2IoHLEo-TYzHck6AGoawvA=/0x0/filters:format(jpeg)/pic1237706.jpg,https://cf.geekdo-images.com/I_8h75tRTvMpjq2rs9rd4w__small/img/a0x9HqoS5dBUXUPnd0eRyM-1ZX8=/fit-in/200x150/filters:strip_icc()/pic1237706.jpg,2,7,30,30,30,1048,N/A,369,4.60462,5.36905,1.81765,0,0,1,0,0,0,0,0,0,2025-10-01 22:51:03,,0,,
1088,https://boardgamegeek.com/xmlapi/termsofuse,"Wed, 26 Aug 2026 00:24:39 +0000",thing,244228,boardgame,66266969,Reef,1,2018,https://cf.geekdo-images.com/I3BgmkjP3g6cRQ4cejoHrg__original/img/m0FXYQ2cNByp2YXLSK632rcH1_Q=/0x0/filters:format(png)/pic5376430.png,https://cf.geekdo-images.com/I3BgmkjP3g6cRQ4cejoHrg__small/img/JDWcuLadW0pHSAh7fybzRRXNZZ8=/fit-in/200x150/filters:strip_icc()/pic5376430.png,2,4,30,45,45,15552,N/A,10562,6.99362,6.6963,1.18147,0,1,0,0,0,0,0,0,0,2019-11-29 15:00:58,,0,,
1088,https://boardgamegeek.com/xmlapi/termsofuse,"Wed, 26 Aug 2026 00:24:39 +0000",thing,41114,boardgame,32084353,The Resistance,5,2009,https://cf.geekdo-images.com/cAPTkL2BR3snLO71dkH8rw__original/img/_UahoIUTqh39xRqzCc2jwgdYbSA=/0x0/filters:format(jpeg)/pic2576459.jpg,https://cf.geekdo-images.com/cAPTkL2BR3snLO71dkH8rw__small/img/5lDn1W82rlLXtVG7nPIYR9Orn-4=/fit-in/200x150/filters:strip_icc()/pic2576459.jpg,5,10,30,30,30,69860,N/A,42864,7.18692,7.03682,1.47794,0,1,0,0,0,0,0,0,0,2015-12-28 10:31:10,,0,,
1088,https://boardgamegeek.com/xmlapi/termsofuse,"Wed, 26 Aug 2026 00:24:39 +0000",thing,128882,boardgame,86306959,The Resistance: Avalon,5,2012,https://cf.geekdo-images.com/LPa6rsGcv8S0-OeNjCOAEQ__original/img/AF8HHaIad1re-eg3kd9mlm2j_ss=/0x0/filters:format(jpeg)/pic1398895.jpg,https://cf.geekdo-images.com/LPa6rsGcv8S0-OeNjCOAEQ__small/img/RKui79VjUbQAzTWaPu44ytupzDs=/fit-in/200x150/filters:strip_icc()/pic1398895.jpg,5,10,30,30,30,54968,N/A,36957,7.49123,7.30028,1.5093,0,1,0,0,0,0,0,0,0,2021-10-07 21:31:57,,0,,
1088,https://boardgamegeek.com/xmlapi/termsofuse,"Wed, 26 Aug 2026 00:24:39 +0000",thing,259112,boardgame,58189112,Rest In Peace: The Asylum,1,2018,https://cf.geekdo-images.com/Hj1RDXoxpC37S6-ch_F6tQ__original/img/ElQ3wxN6uYZ4CAzzJ1TnP8lBwOs=/0x0/filters:format(jpeg)/pic4298183.jpg,https://cf.geekdo-images.com/Hj1RDXoxpC37S6-ch_F6tQ__small/img/OT1GWFgL-ti-5BwIBHTKn9Tt8Uc=/fit-in/200x150/filters:strip_icc()/pic4298183.jpg,1,1,10,20,20,94,N/A,41,6.65854,5.51539,1.7753,0,1,0,0,0,0,0,0,0,2022-12-28 17:51:45,,0,P&P,
1088,https://boardgamegeek.com/xmlapi/termsofuse,"Wed, 26 Aug 2026 00:24:39 +0000",thing,91514,boardgame,119378445,Rhino Hero,1,2011,https://cf.geekdo-images.com/UO37-aWZkmCl_Aj2M53OtA__original/img/NMW_gUgcOpug3W6_7Zpqm60Xhzo=/0x0/filters:format(png)/pic9267030.png,https://cf.geekdo-images.com/UO37-aWZkmCl_Aj2M53OtA__small/img/kdCesz-uN0RlLI5KoVY8Xa6MZZA=/fit-in/200x150/filters:strip_icc()/pic9267030.png,2,5,5,15,15,22279,N/A,12343,6.88382,6.62628,1.2065,0,1,0,0,0,0,0,0,0,2024-05-20 14:14:36,,0,kids,
1088,https://boardgamegeek.com/xmlapi/termsofuse,"Wed, 26 Aug 2026 00:24:39 +0000",thing,23521,boardgame,32084360,Ringgz,1,2005,https://cf.geekdo-images.com/f3TdRXngxOnbEgaVIwyofQ__original/img/PRb_n_HZnxm_nYAOzKPfGSw4Qsk=/0x0/filters:format(jpeg)/pic126396.jpg,https://cf.geekdo-images.com/f3TdRXngxOnbEgaVIwyofQ__small/img/Lp2_at3L9MgMXoUGpXHViq__YrU=/fit-in/200x150/filters:strip_icc()/pic126396.jpg,2,4,10,10,10,628,N/A,225,5.76044,5.51612,1.44444,0,0,1,0,0,0,0,0,0,2021-03-01 22:10:07,,0,,
1088,https://boardgamegeek.com/xmlapi/termsofuse,"Wed, 26 Aug 2026 00:24:39 +0000",thing,270972,boardgame,81004993,Ringmaster: Welcome to the Big Top,1,2019,https://cf.geekdo-images.com/9QZDsyNtHdhpNU_FoG-huw__original/img/4xoiwhjxu31mIbCQ5jKu86VANfA=/0x0/filters:format(jpeg)/pic4556500.jpg,https://cf.geekdo-images.com/9QZDsyNtHdhpNU_FoG-huw__small/img/MMeN8eQuHHrb9-lNJEjRjqrCwGE=/fit-in/200x150/filters:strip_icc()/pic4556500.jpg,2,4,5,15,15,1142,N/A,404,6.21238,5.57524,1.6702,0,0,1,0,0,0,0,0,0,2025-10-01 22:53:01,,0,,
1088,https://boardgamegeek.com/xmlapi/termsofuse,"Wed, 26 Aug 2026 00:24:39 +0000",thing,181,boardgame,32084366,Risk,1,1959,https://cf.geekdo-images.com/Oem1TTtSgxOghRFCoyWRPw__original/img/Nu3eXPyOkhtnR3hhpUrtgqRMAfs=/0x0/filters:format(jpeg)/pic4916782.jpg,https://cf.geekdo-images.com/Oem1TTtSgxOghRFCoyWRPw__small/img/5cltSV60oVvjL3Ag_KTJbmTdU6w=/fit-in/200x150/filters:strip_icc()/pic4916782.jpg,2,6,120,120,120,68169,N/A,38971,5.60921,5.47081,1.66868,0,0,1,0,0,0,0,0,0,2021-03-01 22:03:07,,0,,
1088,https://boardgamegeek.com/xmlapi/termsofuse,"Wed, 26 Aug 2026 00:24:39 +0000",thing,1829,boardgame,34362234,Risk 2210 A.D.,1,2001,https://cf.geekdo-images.com/_wzHtadbs-vK04J0pUO_Vg__original/img/HJ0ZYDfIV6BIAQjJ0l9Ac6q6WJs=/0x0/filters:format(jpeg)/pic8093633.jpg,https://cf.geekdo-images.com/_wzHtadbs-vK04J0pUO_Vg__small/img/000W_1Q6JzsQ1BdEniUbpPY85iU=/fit-in/200x150/filters:strip_icc()/pic8093633.jpg,2,5,240,240,240,13614,N/A,7384,6.68848,6.28009,1.5181,0,0,1,0,0,0,0,0,0,2025-10-01 22:53:17,,0,,
1088,https://boardgamegeek.com/xmlapi/termsofuse,"Wed, 26 Aug 2026 00:24:39 +0000",thing,66056,boardgame,119439008,Rivals for Catan,1,2010,https://cf.geekdo-images.com/n5x9eZiQ7Da4SQjB7M41-w__original/img/Y6dJpidB1624ox-QCAdiSVsCnf4=/0x0/filters:format(jpeg)/pic6877018.jpg,https://cf.geekdo-images.com/n5x9eZiQ7Da4SQjB7M41-w__small/img/dGMw2df-4gOwfLCdUeJceBeLCk8=/fit-in/200x150/filters:strip_icc()/pic6877018.jpg,2,2,45,60,60,21910,N/A,8556,6.93148,6.56153,1.39782,0,1,0,0,0,0,0,0,0,2025-10-02 9:20:49,,0,Josh has,
1088,https://boardgamegeek.com/xmlapi/termsofuse,"Wed, 26 Aug 2026 00:24:39 +0000",thing,407297,boardgame,127333625,River Valley Glassworks,1,2024,https://cf.geekdo-images.com/Rb2Hw7IDaF7evNMjrqMmXA__original/img/1aBSwl0-UzJ-0p3h-zILKZtJJGM=/0x0/filters:format(jpeg)/pic7886346.jpg,https://cf.geekdo-images.com/Rb2Hw7IDaF7evNMjrqMmXA__small/img/w1wJgVzu16nnp_zm4wbMNmNSVzA=/fit-in/200x150/filters:strip_icc()/pic7886346.jpg,1,5,25,45,45,11714,N/A,5580,7.30996,6.72839,1.26249,0,1,0,0,0,0,0,0,0,2024-12-31 18:13:54,,0,,
1088,https://boardgamegeek.com/xmlapi/termsofuse,"Wed, 26 Aug 2026 00:24:39 +0000",thing,121921,boardgame,80013672,Robinson Crusoe: Adventures on the Cursed Island,1,2012,https://cf.geekdo-images.com/zvHPgrNb9mgkHQk-BwVemA__original/img/OUdMMPwYXTd5JIBG9skImPqa8bg=/0x0/filters:format(jpeg)/pic6026697.jpg,https://cf.geekdo-images.com/zvHPgrNb9mgkHQk-BwVemA__small/img/QNF6GAuZ6TTeSYtrWZlWvPaIWjs=/fit-in/200x150/filters:strip_icc()/pic6026697.jpg,1,4,60,120,120,76867,N/A,47063,7.71912,7.54269,1.46769,0,1,0,0,0,0,0,0,0,2021-03-01 23:27:55,,0,,
1088,https://boardgamegeek.com/xmlapi/termsofuse,"Wed, 26 Aug 2026 00:24:39 +0000",thing,216201,boardgame,51126373,Robo Rally,1,2016,https://cf.geekdo-images.com/ZiAz-uo9YfbOIx_FAjgvvQ__original/img/dWtc6I9fsndFbZVKMBRSKNNazow=/0x0/filters:format(jpeg)/pic3374227.jpg,https://cf.geekdo-images.com/ZiAz-uo9YfbOIx_FAjgvvQ__small/img/YgYrT9-ym_g8T2WP7uBOamEO9ig=/fit-in/200x150/filters:strip_icc()/pic3374227.jpg,2,6,20,120,120,8100,N/A,3881,6.92082,6.33628,1.49896,0,1,0,0,0,0,0,0,0,2018-04-20 7:52:19,,0,,
1088,https://boardgamegeek.com/xmlapi/termsofuse,"Wed, 26 Aug 2026 00:24:39 +0000",thing,37728,boardgame,34762031,Rock the Beat,1,2008,https://cf.geekdo-images.com/Y55vSPrIyR0TzP7vM0luHw__original/img/Wn0ITgyFk7f0xEX9AH3zIP-5hsc=/0x0/filters:format(jpeg)/pic1638726.jpg,https://cf.geekdo-images.com/Y55vSPrIyR0TzP7vM0luHw__small/img/_XfGZDrfcwuCGEPhZFTfu4IrOu4=/fit-in/200x150/filters:strip_icc()/pic1638726.jpg,4,12,30,30,30,3017,N/A,1523,6.25569,5.77022,1.54877,0,0,1,0,0,0,0,0,0,2021-03-01 22:08:15,,0,,
1088,https://boardgamegeek.com/xmlapi/termsofuse,"Wed, 26 Aug 2026 00:24:39 +0000",thing,93577,boardgame,56692871,Rocket Jockey,1,2012,https://cf.geekdo-images.com/AbGfBhUK-QuuOLgW0tGU0A__original/img/wbPS0dVtWoVqs88pO79YrQVMnZA=/0x0/filters:format(jpeg)/pic1119583.jpg,https://cf.geekdo-images.com/AbGfBhUK-QuuOLgW0tGU0A__small/img/Q21MckaWLkB3saW0fQQ3s4PoKiI=/fit-in/200x150/filters:strip_icc()/pic1119583.jpg,2,4,30,60,60,574,N/A,167,5.58976,5.50616,1.40064,0,0,1,0,0,0,0,0,0,2025-10-01 22:54:00,,0,,
1088,https://boardgamegeek.com/xmlapi/termsofuse,"Wed, 26 Aug 2026 00:24:39 +0000",thing,229782,boardgame,81005008,Roland Wright: The Dice Game,1,2020,https://cf.geekdo-images.com/t0CpF0n7l-3WGk9gbeyQEA__original/img/rS4bRU2dJ5IK0VSQWaTn4bpRjlc=/0x0/filters:format(jpeg)/pic4589204.jpg,https://cf.geekdo-images.com/t0CpF0n7l-3WGk9gbeyQEA__small/img/3zy62foppN-bPMdRbVjVSyCCmUc=/fit-in/200x150/filters:strip_icc()/pic4589204.jpg,1,5,20,30,30,1039,N/A,277,6.29564,5.5801,1.46965,0,1,0,0,0,0,0,0,0,2021-04-03 19:15:51,,0,,
1088,https://boardgamegeek.com/xmlapi/termsofuse,"Wed, 26 Aug 2026 00:24:39 +0000",thing,255683,boardgame,80320451,Roll for Adventure,1,2018,https://cf.geekdo-images.com/PpCXeBTGxhNxL8UIZq4hGQ__original/img/Dn5HKc_oq1EPvRexTqlNPpwZqkI=/0x0/filters:format(jpeg)/pic4597144.jpg,https://cf.geekdo-images.com/PpCXeBTGxhNxL8UIZq4hGQ__small/img/c-lW8-OBAaPjIbX9vCgcQr0HKDE=/fit-in/200x150/filters:strip_icc()/pic4597144.jpg,2,4,30,30,30,2540,N/A,1265,6.72631,5.91146,1.25996,0,1,0,0,0,0,0,0,0,2021-03-11 19:14:08,,0,,
1088,https://boardgamegeek.com/xmlapi/termsofuse,"Wed, 26 Aug 2026 00:24:39 +0000",thing,129090,boardgame,32084370,Roll For It!,1,2011,https://cf.geekdo-images.com/_XIEf19iGAkd1RKrZhvgPA__original/img/yVLkvG10tyxBD-iO5ip84eVFT8s=/0x0/filters:format(png)/pic1638562.png,https://cf.geekdo-images.com/_XIEf19iGAkd1RKrZhvgPA__small/img/Cqf14ghSMjpyNQDUs1-jg9jT0qc=/fit-in/200x150/filters:strip_icc()/pic1638562.png,2,4,30,30,30,7388,8,3398,6.14801,5.85025,1.4165,0,1,0,0,0,0,0,0,0,2015-12-28 12:26:42,,0,I really like this quick pub game,
1088,https://boardgamegeek.com/xmlapi/termsofuse,"Wed, 26 Aug 2026 00:24:39 +0000",thing,132531,boardgame,33171363,Roll for the Galaxy,1,2014,https://cf.geekdo-images.com/nhoyoLpYPC2b3UiJ5kJ0yg__original/img/LoETJCbq1HpSlhPLdci3qJekpwA=/0x0/filters:format(jpeg)/pic1473629.jpg,https://cf.geekdo-images.com/nhoyoLpYPC2b3UiJ5kJ0yg__small/img/KVmexHT6N_fquB1CQl9QRNYCvD0=/fit-in/200x150/filters:strip_icc()/pic1473629.jpg,2,5,45,45,45,41268,N/A,33776,7.56111,7.40013,1.33833,0,1,0,0,0,0,0,0,0,2016-10-01 20:17:58,,0,,
1088,https://boardgamegeek.com/xmlapi/termsofuse,"Wed, 26 Aug 2026 00:24:39 +0000",thing,267009,boardgame,130522231,Rome & Roll,1,2020,https://cf.geekdo-images.com/wti2d1eQ7Wm5OSCZqS272Q__original/img/9QNvPqDfvQvZ8Q5KvKkVB70gd7A=/0x0/filters:format(jpeg)/pic7006610.jpg,https://cf.geekdo-images.com/wti2d1eQ7Wm5OSCZqS272Q__small/img/QWzBU02ljmxieo1meFmc7sduRBA=/fit-in/200x150/filters:strip_icc()/pic7006610.jpg,1,4,60,90,90,2892,N/A,1065,6.81741,5.90947,1.34586,0,1,0,0,0,0,0,0,0,2025-03-19 21:24:18,,0,,
1088,https://boardgamegeek.com/xmlapi/termsofuse,"Wed, 26 Aug 2026 00:24:39 +0000",thing,1260,boardgame,32084388,Rook,1,1906,https://cf.geekdo-images.com/lKJgntNaJAa8A7QStjRvzA__original/img/DB0f2rKbHv0aLUQpVQyBIsEsz_E=/0x0/filters:format(jpeg)/pic394433.jpg,https://cf.geekdo-images.com/lKJgntNaJAa8A7QStjRvzA__small/img/e6VbhPlXJgY86AMG-NsuS6zC-fw=/fit-in/200x150/filters:strip_icc()/pic394433.jpg,2,6,45,45,45,10706,N/A,3186,6.44705,6.00679,1.54981,0,0,1,0,0,0,0,0,0,2025-10-01 22:54:58,,0,,
1088,https://boardgamegeek.com/xmlapi/termsofuse,"Wed, 26 Aug 2026 00:24:39 +0000",thing,20545,boardgame,32084575,Rory's Story Cubes,1,2005,https://cf.geekdo-images.com/UPOwo0o_YoIhUjZc7Q4p6A__original/img/6epfPPLB_17WmIUUAvJhk09fY0A=/0x0/filters:format(jpeg)/pic5875448.jpg,https://cf.geekdo-images.com/UPOwo0o_YoIhUjZc7Q4p6A__small/img/TggAE9qq0yvlhgvMtQIEnlC2Zzw=/fit-in/200x150/filters:strip_icc()/pic5875448.jpg,1,12,20,20,20,12115,N/A,4081,6.20462,5.91145,1.57779,0,1,0,0,0,0,0,0,0,2024-05-20 14:16:47,,0,Small,
1088,https://boardgamegeek.com/xmlapi/termsofuse,"Wed, 26 Aug 2026 00:24:39 +0000",thing,115233,boardgame,80013200,Rory's Story Cubes: Voyages,1,2011,https://cf.geekdo-images.com/5yX5xVEceqI89es3Z4Glyg__original/img/Hga2iiN2BBnR9Tan-ArdqLoamAk=/0x0/filters:format(jpeg)/pic5875390.jpg,https://cf.geekdo-images.com/5yX5xVEceqI89es3Z4Glyg__small/img/4SH4PoHBnBWXvrOdcHzQPu52xTc=/fit-in/200x150/filters:strip_icc()/pic5875390.jpg,1,12,20,20,20,4136,N/A,1099,6.46094,5.78777,1.50894,0,1,0,0,0,0,0,0,0,2024-05-20 14:17:00,,0,Small,
1088,https://boardgamegeek.com/xmlapi/termsofuse,"Wed, 26 Aug 2026 00:24:39 +0000",thing,201,boardgame,39270165,The Rose King,5,1992,https://cf.geekdo-images.com/vfFy_HLiBNLxptwxFDMmDg__original/img/P3_WKEg4RBXmBWIVE4pMhFD35x4=/0x0/filters:format(jpeg)/pic2855891.jpg,https://cf.geekdo-images.com/vfFy_HLiBNLxptwxFDMmDg__small/img/CJ8yTQu3kt8o4ZwF5ZbMJWDj564=/fit-in/200x150/filters:strip_icc()/pic2855891.jpg,2,2,30,30,30,6646,N/A,4032,6.81995,6.31982,1.26675,0,1,0,0,0,0,0,0,0,2016-12-28 17:32:35,,0,,
1088,https://boardgamegeek.com/xmlapi/termsofuse,"Wed, 26 Aug 2026 00:24:39 +0000",thing,7380,boardgame,55869090,Rubberneckers,1,1999,https://cf.geekdo-images.com/Rq1cQNfEsZaIX77BSvkwfA__original/img/Y9cZ5RDMASYnNEpilWQD10LU9jc=/0x0/filters:format(jpeg)/pic44885.jpg,https://cf.geekdo-images.com/Rq1cQNfEsZaIX77BSvkwfA__small/img/GG8RyO7aQYWSB860k2XQpDLquZE=/fit-in/200x150/filters:strip_icc()/pic44885.jpg,2,20,90,90,90,119,N/A,25,5.694,0,1.38465,0,0,1,0,0,0,0,0,0,2025-10-02 11:11:46,,0,small,
1088,https://boardgamegeek.com/xmlapi/termsofuse,"Wed, 26 Aug 2026 00:24:39 +0000",thing,292788,boardgame,130540973,S'Mores Wars,1,2020,https://cf.geekdo-images.com/fZGFilOxK_d99xHljTNoJQ__original/img/Oq92xfVb1sZVwBimHFFV9a_sO1Q=/0x0/filters:format(jpeg)/pic5152627.jpg,https://cf.geekdo-images.com/fZGFilOxK_d99xHljTNoJQ__small/img/LvYRH7tvZCAK2LH0mwYhxY5OZn8=/fit-in/200x150/filters:strip_icc()/pic5152627.jpg,3,5,15,30,30,243,N/A,39,4.98513,5.49044,1.68495,0,0,1,0,0,0,0,0,0,2025-10-02 14:04:54,,0,Trailer,
1088,https://boardgamegeek.com/xmlapi/termsofuse,"Wed, 26 Aug 2026 00:24:39 +0000",thing,342636,boardgame,109598140,Sabobatage,1,2021,https://cf.geekdo-images.com/59_5cGITo17Yaxhw86vmDg__original/img/oAJIcjXyPMQ8ruYXPsmwwQhJq-w=/0x0/filters:format(jpeg)/pic6445826.jpg,https://cf.geekdo-images.com/59_5cGITo17Yaxhw86vmDg__small/img/yrX4AKO7KYA6ggI-q8AMgRfefl4=/fit-in/200x150/filters:strip_icc()/pic6445826.jpg,2,5,10,30,30,1396,N/A,398,6.21823,5.57764,1.78026,0,0,1,0,0,0,0,0,0,2025-10-01 22:56:03,,0,,
1088,https://boardgamegeek.com/xmlapi/termsofuse,"Wed, 26 Aug 2026 00:24:39 +0000",thing,9220,boardgame,56693098,Saboteur,1,2004,https://cf.geekdo-images.com/oeN-MHAJKsC2KCI3avKj9w__original/img/TgwkFfJF5IrhjwNm8OVwdn34sJE=/0x0/filters:format(jpeg)/pic8679622.jpg,https://cf.geekdo-images.com/oeN-MHAJKsC2KCI3avKj9w__small/img/y8tkP8BdgOoiErg2macZ1JG847Q=/fit-in/200x150/filters:strip_icc()/pic8679622.jpg,3,10,30,30,30,68026,N/A,36820,6.53793,6.40939,1.31911,0,1,0,0,0,0,0,0,0,2018-12-17 23:39:30,,0,,
1088,https://boardgamegeek.com/xmlapi/termsofuse,"Wed, 26 Aug 2026 00:24:39 +0000",thing,91072,boardgame,63692554,Saboteur 2 (expansion-only editions),1,2011,https://cf.geekdo-images.com/VsSFKeeTlPR2Ixn9pT7ktA__original/img/RCetvrLHyrW7gmaozZryy97N56I=/0x0/filters:format(png)/pic4919882.png,https://cf.geekdo-images.com/VsSFKeeTlPR2Ixn9pT7ktA__small/img/zZffDbDZ0HWwrbr5k783Fs6Px9I=/fit-in/200x150/filters:strip_icc()/pic4919882.png,2,12,45,45,45,18508,N/A,5931,6.93449,6.45163,1.35819,0,1,0,0,0,0,0,0,0,2019-09-02 9:52:51,,0,,
1088,https://boardgamegeek.com/xmlapi/termsofuse,"Wed, 26 Aug 2026 00:24:39 +0000",thing,199561,boardgame,57186315,Sagrada,1,2017,https://cf.geekdo-images.com/77OxPP4ckbOgK9sPg-6KDw__original/img/oh6s7_lx_jMP0zvHK7RttbhQd5I=/0x0/filters:format(png)/pic9374520.png,https://cf.geekdo-images.com/77OxPP4ckbOgK9sPg-6KDw__small/img/zCe7i6vc7LoJZDDnVUQQlU-uw4w=/fit-in/200x150/filters:strip_icc()/pic9374520.png,1,4,30,45,45,82685,N/A,48614,7.46924,7.32513,1.16106,0,1,0,0,0,0,0,0,0,2019-01-03 12:58:13,,0,,
1088,https://boardgamegeek.com/xmlapi/termsofuse,"Wed, 26 Aug 2026 00:24:39 +0000",thing,244262,boardgame,80278579,Sagrada: 5-6 Player Expansion,1,2018,https://cf.geekdo-images.com/Fa7AXB525_XEDatF3jOOWQ__original/img/puYBg5Ccukq74MHLhEaZ3iKEJW4=/0x0/filters:format(jpeg)/pic4238050.jpg,https://cf.geekdo-images.com/Fa7AXB525_XEDatF3jOOWQ__small/img/fB1XDHuLu45TNg2GakzSg6H2GZI=/fit-in/200x150/filters:strip_icc()/pic4238050.jpg,5,6,20,40,40,17546,N/A,3531,7.69414,6.77829,1.14727,0,1,0,0,0,0,0,0,0,2021-03-10 12:09:42,,0,,
1088,https://boardgamegeek.com/xmlapi/termsofuse,"Wed, 26 Aug 2026 00:24:39 +0000",thing,301561,boardgame,87070069,Sagrada: The Great Facades – Life,1,2020,https://cf.geekdo-images.com/2iN5JmoyBCKTjdrXrjj8IQ__original/img/ASqMO6OWQtknHMZ_BUqUJb9Teqs=/0x0/filters:format(jpeg)/pic5408962.jpg,https://cf.geekdo-images.com/2iN5JmoyBCKTjdrXrjj8IQ__small/img/nKW0vGGCgcXLMRgt-dGoiEVKwNA=/fit-in/200x150/filters:strip_icc()/pic5408962.jpg,1,4,30,45,45,7573,N/A,947,7.7769,6.11448,1.12922,0,1,0,0,0,0,0,0,0,2021-10-30 17:45:32,,0,,
1088,https://boardgamegeek.com/xmlapi/termsofuse,"Wed, 26 Aug 2026 00:24:39 +0000",thing,263695,boardgame,80278595,Sagrada: The Great Facades – Passion,1,2019,https://cf.geekdo-images.com/38rJtMZP6z5SeDwexSe-6Q__original/img/TS9lSFsakHo3Lt0qgH0S-iqhq4k=/0x0/filters:format(jpeg)/pic4945855.jpg,https://cf.geekdo-images.com/38rJtMZP6z5SeDwexSe-6Q__small/img/pEuR2EwGrlwsMJLPASEMrtNGcQU=/fit-in/200x150/filters:strip_icc()/pic4945855.jpg,1,4,30,45,45,11131,N/A,1633,7.51728,6.28677,1.14781,0,1,0,0,0,0,0,0,0,2021-03-10 12:10:17,,0,,
1088,https://boardgamegeek.com/xmlapi/termsofuse,"Wed, 26 Aug 2026 00:24:39 +0000",thing,3,boardgame,80183623,Samurai,1,1998,https://cf.geekdo-images.com/o9-sNXmFS_TLAb7ZlZ4dRA__original/img/TPKZgpNxB_C73RNbhKyP6UR76X0=/0x0/filters:format(jpeg)/pic3211873.jpg,https://cf.geekdo-images.com/o9-sNXmFS_TLAb7ZlZ4dRA__small/img/22MSUC0-ZWgwzhi_VKIbENJik1w=/fit-in/200x150/filters:strip_icc()/pic3211873.jpg,2,4,30,60,60,17621,N/A,17271,7.48255,7.2213,1.20059,0,0,1,0,0,0,0,0,0,2025-10-02 9:46:17,,0,,
1088,https://boardgamegeek.com/xmlapi/termsofuse,"Wed, 26 Aug 2026 00:24:39 +0000",thing,447002,boardgame,143576918,Sanibel,1,2026,https://cf.geekdo-images.com/Q75vVTPPTugVK7JH4XX0BA__original/img/SzXyVnY4bhgIMn-x0ZXBR4K5bAI=/0x0/filters:format(jpeg)/pic8897139.jpg,https://cf.geekdo-images.com/Q75vVTPPTugVK7JH4XX0BA__small/img/Hf6awfh-Cm9rAFH-HQRII3qLQ2o=/fit-in/200x150/filters:strip_icc()/pic8897139.jpg,2,4,45,45,45,1191,N/A,532,7.16239,5.79335,1.28397,0,1,0,0,0,0,0,0,0,2026-03-15 14:47:40,,0,,
1088,https://boardgamegeek.com/xmlapi/termsofuse,"Wed, 26 Aug 2026 00:24:39 +0000",thing,194655,boardgame,45640898,Santorini,1,2016,https://cf.geekdo-images.com/665Ply7Ho1WVf1v1iZlWeg__original/img/4q6RCxd7st-yW2MyrJwVC_d3ajk=/0x0/filters:format(png)/pic3283110.png,https://cf.geekdo-images.com/665Ply7Ho1WVf1v1iZlWeg__small/img/BKnSb6kAhpVFHV8cyUXrs3EF_dw=/fit-in/200x150/filters:strip_icc()/pic3283110.png,2,4,20,20,20,66534,N/A,42563,7.32883,7.1877,1.34206,0,1,0,0,0,0,0,0,0,2017-09-28 8:53:38,,0,,
1088,https://boardgamegeek.com/xmlapi/termsofuse,"Wed, 26 Aug 2026 00:24:39 +0000",thing,33604,boardgame,37222199,Say Anything,1,2008,https://cf.geekdo-images.com/6yVHs8Xa9H3-10ls3H8Ojw__original/img/hg5lb99W9JM_PrIGvXDNdggABck=/0x0/filters:format(jpeg)/pic4222162.jpg,https://cf.geekdo-images.com/6yVHs8Xa9H3-10ls3H8Ojw__small/img/jdn7CE0vyWV6bDOKhMlAxtTA71M=/fit-in/200x150/filters:strip_icc()/pic4222162.jpg,3,8,30,30,30,11012,N/A,6415,6.69355,6.34227,1.35522,0,1,0,0,0,0,0,0,0,2025-03-20 12:19:20,,0,Party game,
1088,https://boardgamegeek.com/xmlapi/termsofuse,"Wed, 26 Aug 2026 00:24:39 +0000",thing,41334,boardgame,32084444,Scary Tales: Snow White vs. The Giant,1,2009,https://cf.geekdo-images.com/iGoKaTxxCNvYHTWK7e3sQw__original/img/LX_jVVqooMXTFH8DGAfOAABrttw=/0x0/filters:format(jpeg)/pic450489.jpg,https://cf.geekdo-images.com/iGoKaTxxCNvYHTWK7e3sQw__small/img/XHH84DKgAecYNjZAHdy9zXVCw0Y=/fit-in/200x150/filters:strip_icc()/pic450489.jpg,2,2,20,20,20,470,5.5,168,5.15313,5.47376,1.70383,0,0,1,0,0,0,0,0,0,2023-02-19 10:54:36,,1,"Rating: 
Play: 
Thougts:",
1088,https://boardgamegeek.com/xmlapi/termsofuse,"Wed, 26 Aug 2026 00:24:39 +0000",thing,2381,boardgame,35611814,Scattergories,1,1988,https://cf.geekdo-images.com/eIL4hvMb7ZPgizc7BZOh-g__original/img/ZjWZidMJYVPML2OXLGfvQqR8Hyw=/0x0/filters:format(jpeg)/pic4994410.jpg,https://cf.geekdo-images.com/eIL4hvMb7ZPgizc7BZOh-g__small/img/sx0XxYqv0FtsIp-RoW-5C42sLOc=/fit-in/200x150/filters:strip_icc()/pic4994410.jpg,2,6,30,30,30,25292,N/A,11638,6.30599,6.08482,1.48292,0,0,1,0,0,0,0,0,0,2025-10-01 22:58:22,,0,Old games,
1088,https://boardgamegeek.com/xmlapi/termsofuse,"Wed, 26 Aug 2026 00:24:39 +0000",thing,372,boardgame,54335649,Schotten Totten,1,1999,https://cf.geekdo-images.com/69mwXe7c6HNYmT6S35Y4zg__original/img/C5YBiD7Qhpkf5FO1GteEjo9KRVE=/0x0/filters:format(jpeg)/pic2932872.jpg,https://cf.geekdo-images.com/69mwXe7c6HNYmT6S35Y4zg__small/img/97DW-2XWDrSSkgy3XnUJ7f7tLiQ=/fit-in/200x150/filters:strip_icc()/pic2932872.jpg,2,2,20,20,20,25249,N/A,14495,7.35136,7.06253,1.21183,0,1,0,0,0,0,0,0,0,2018-09-16 17:07:33,,0,,
1088,https://boardgamegeek.com/xmlapi/termsofuse,"Wed, 26 Aug 2026 00:24:39 +0000",thing,15889,boardgame,32084449,Scopa,1,1600,https://cf.geekdo-images.com/xL19yZVC6MEcUuyFvLaT5g__original/img/zZ8DQs5y260L73X1-DoWFkoOvrc=/0x0/filters:format(png)/pic8831024.png,https://cf.geekdo-images.com/xL19yZVC6MEcUuyFvLaT5g__small/img/GGruf0Yl0VSCsCikl0MSmj0MBXw=/fit-in/200x150/filters:strip_icc()/pic8831024.png,2,6,30,30,30,2539,N/A,1369,6.61914,5.89253,1.62524,0,1,0,0,0,0,0,0,0,2015-12-28 10:35:01,,0,,
1088,https://boardgamegeek.com/xmlapi/termsofuse,"Wed, 26 Aug 2026 00:24:39 +0000",thing,438,boardgame,32084454,Scotland Yard,1,1983,https://cf.geekdo-images.com/yEhaXszPTy5N4hiY469DPA__original/img/uko6rePMJGd9B8XZMi6DcHLJA_0=/0x0/filters:format(jpeg)/pic8377405.jpg,https://cf.geekdo-images.com/yEhaXszPTy5N4hiY469DPA__small/img/vDtUEdMUid0w4RKHmlwxz9a-Beo=/fit-in/200x150/filters:strip_icc()/pic8377405.jpg,2,6,45,45,45,32318,6.5,18286,6.50654,6.34311,1.28442,0,1,0,0,0,0,0,0,0,2015-12-28 12:27:01,,0,,
1088,https://boardgamegeek.com/xmlapi/termsofuse,"Wed, 26 Aug 2026 00:24:39 +0000",thing,145659,boardgame,63692725,Scoville,1,2014,https://cf.geekdo-images.com/strK8aDLCB5KuqU3zirUOg__original/img/lbwzkn8mx_Bsd8aczlW0TqLDKZE=/0x0/filters:format(jpeg)/pic1903464.jpg,https://cf.geekdo-images.com/strK8aDLCB5KuqU3zirUOg__small/img/kNiZS7p5xX0fDhetxL35uYxuX58=/fit-in/200x150/filters:strip_icc()/pic1903464.jpg,2,6,60,90,90,7924,N/A,5711,7.10432,6.6197,1.25162,0,1,0,0,0,0,0,0,0,2019-09-02 9:59:41,,0,,
1088,https://boardgamegeek.com/xmlapi/termsofuse,"Wed, 26 Aug 2026 00:24:39 +0000",thing,320,boardgame,33170932,Scrabble,1,1948,https://cf.geekdo-images.com/mVmmntn2oQd0PfFrWBvwIQ__original/img/11jrKPiOVTNl5NwX83KGtTZEq40=/0x0/filters:format(jpeg)/pic404651.jpg,https://cf.geekdo-images.com/mVmmntn2oQd0PfFrWBvwIQ__small/img/RUmuGCB40FQH0en0R2nrcsSO7DE=/fit-in/200x150/filters:strip_icc()/pic404651.jpg,2,4,90,90,90,72712,N/A,35673,6.27526,6.15138,1.61509,0,0,1,0,0,0,0,0,0,2016-02-19 17:12:26,,0,,
1088,https://boardgamegeek.com/xmlapi/termsofuse,"Wed, 26 Aug 2026 00:24:39 +0000",thing,40514,boardgame,32084460,Scrabble Apple,1,2009,https://cf.geekdo-images.com/6jebCPCHKh9ZMZmvMZIbiQ__original/img/KeiCKz6lN5WvOhxRP6KzYzs795k=/0x0/filters:format(jpeg)/pic423405.jpg,https://cf.geekdo-images.com/6jebCPCHKh9ZMZmvMZIbiQ__small/img/FILmf23g_LvNoSW6MrfFAWW3zlo=/fit-in/200x150/filters:strip_icc()/pic423405.jpg,2,4,,,,338,N/A,85,5.21941,5.48837,1.82473,0,0,1,0,0,0,0,0,0,2025-10-01 23:00:29,,0,tub,
1088,https://boardgamegeek.com/xmlapi/termsofuse,"Wed, 26 Aug 2026 00:24:39 +0000",thing,40508,boardgame,32084470,Scrabble Slam!,1,2008,https://cf.geekdo-images.com/xSYdrpdM9hcr8QvY2UmudQ__original/img/yPcr2B3krYOr7gNFSaqMfUA40NY=/0x0/filters:format(jpeg)/pic7833020.jpg,https://cf.geekdo-images.com/xSYdrpdM9hcr8QvY2UmudQ__small/img/4jyxPgjZaWNgXRtIOn_CDymYQ3c=/fit-in/200x150/filters:strip_icc()/pic7833020.jpg,2,4,15,15,15,6471,N/A,1789,5.14024,5.32876,1.49221,0,0,1,0,0,0,0,0,0,2021-03-01 22:07:03,,0,,
1088,https://boardgamegeek.com/xmlapi/termsofuse,"Wed, 26 Aug 2026 00:24:39 +0000",thing,102472,boardgame,32084479,Scrabble: Diary of a Wimpy Kid,1,2011,https://cf.geekdo-images.com/Ezoy0J0SZK-Ron4F_4YvRw__original/img/-ujDqXKj9Vh_zaJyAtehXQ3IyAs=/0x0/filters:format(png)/pic1050345.png,https://cf.geekdo-images.com/Ezoy0J0SZK-Ron4F_4YvRw__small/img/_9a-DFDFA5_v_IGjbDMjSu_wrTk=/fit-in/200x150/filters:strip_icc()/pic1050345.png,2,4,90,90,90,10,N/A,4,5.625,0,0.960143,0,1,0,0,0,0,0,0,0,2015-12-28 10:36:12,,0,Old games,
1088,https://boardgamegeek.com/xmlapi/termsofuse,"Wed, 26 Aug 2026 00:24:39 +0000",thing,10140,boardgame,39270035,The Scrambled States of America: Deluxe Edition,5,2002,https://cf.geekdo-images.com/fuRCs6ozzdu5WwbosUszyA__original/img/ypWwgiZZZ4O6TVP10eXzJ8Ov3hs=/0x0/filters:format(jpeg)/pic1201965.jpg,https://cf.geekdo-images.com/fuRCs6ozzdu5WwbosUszyA__small/img/3arVT-luzz5pzASk_gYHZlrIsVA=/fit-in/200x150/filters:strip_icc()/pic1201965.jpg,2,4,20,20,20,1380,N/A,322,5.86558,5.5306,1.3924,0,0,1,0,0,0,0,0,0,2021-03-01 22:06:50,,0,,
1088,https://boardgamegeek.com/xmlapi/termsofuse,"Wed, 26 Aug 2026 00:24:39 +0000",thing,202982,boardgame,109781490,Scrawl,1,2016,https://cf.geekdo-images.com/-QoI6kPW2ElFu_3fFZtYgA__original/img/l_gjzYBIgPga5D8pga5Tb1K_rRQ=/0x0/filters:format(jpeg)/pic3717559.jpg,https://cf.geekdo-images.com/-QoI6kPW2ElFu_3fFZtYgA__small/img/rxL2Dpj7WlfQ2tMHrechY03n8pY=/fit-in/200x150/filters:strip_icc()/pic3717559.jpg,4,8,30,30,30,2803,N/A,1107,7.09458,5.97176,1.49065,0,1,0,0,0,0,0,0,0,2023-08-31 12:49:17,,0,,
1088,https://boardgamegeek.com/xmlapi/termsofuse,"Wed, 26 Aug 2026 00:24:39 +0000",thing,179574,boardgame,56692943,Scuba,1,2016,https://cf.geekdo-images.com/nrpoop3ZBW0m0D8xVDB6TQ__original/img/LnvwFNACqdr8Iz38l3PhYtv5fgE=/0x0/filters:format(jpeg)/pic2796255.jpg,https://cf.geekdo-images.com/nrpoop3ZBW0m0D8xVDB6TQ__small/img/UvkrhJVYSfI4a62HVTmsFKKBeY8=/fit-in/200x150/filters:strip_icc()/pic2796255.jpg,2,4,30,60,60,277,N/A,128,5.53164,5.50107,1.84379,0,0,1,0,0,0,0,0,0,2024-05-20 14:31:16,,1,"Game Play: Collecting
Our Rating: Poor
Thoughts: Rules are terrible.  Played modified rules and it was, still just, OK.",
1088,https://boardgamegeek.com/xmlapi/termsofuse,"Wed, 26 Aug 2026 00:24:39 +0000",thing,169786,boardgame,51302852,Scythe,1,2016,https://cf.geekdo-images.com/7k_nOxpO9OGIjhLq2BUZdA__original/img/HlDb9F365w0tSP8uD1vf1pfniQE=/0x0/filters:format(jpeg)/pic3163924.jpg,https://cf.geekdo-images.com/7k_nOxpO9OGIjhLq2BUZdA__small/img/eQ69OEDdjYjfKg6q5Navee87skU=/fit-in/200x150/filters:strip_icc()/pic3163924.jpg,1,5,115,115,115,129947,N/A,94343,8.09558,7.94012,1.46062,0,0,1,0,0,0,0,0,0,2025-03-20 11:50:06,,0,Josh has,
1088,https://boardgamegeek.com/xmlapi/termsofuse,"Wed, 26 Aug 2026 00:24:39 +0000",thing,358557,boardgame,133650824,The Search for Lost Species,5,2023,https://cf.geekdo-images.com/-VyojGLJ9XYN1b-V2ODCHg__original/img/Jbcp4I1cz_U8wlWZBrfaF0KTKDY=/0x0/filters:format(jpeg)/pic6740248.jpg,https://cf.geekdo-images.com/-VyojGLJ9XYN1b-V2ODCHg__small/img/NbCa0ypa0yjqB7uTZKtOgCYcEqI=/fit-in/200x150/filters:strip_icc()/pic6740248.jpg,1,4,60,75,75,5447,N/A,2072,7.74886,6.54029,1.25334,0,1,0,0,0,0,0,0,0,2025-06-26 19:06:16,,0,,
1088,https://boardgamegeek.com/xmlapi/termsofuse,"Wed, 26 Aug 2026 00:24:39 +0000",thing,256705,boardgame,80013190,Seasons of Rice,1,2019,https://cf.geekdo-images.com/reaBPlaUou-GKPgUTL-jgQ__original/img/nbaq8I59JK0jmBKhx5Qw0yqywH0=/0x0/filters:format(jpeg)/pic4872869.jpg,https://cf.geekdo-images.com/reaBPlaUou-GKPgUTL-jgQ__small/img/yFBHTGHvzLOcV5Qg4XN7lKb7v4M=/fit-in/200x150/filters:strip_icc()/pic4872869.jpg,2,2,20,20,20,3512,N/A,1010,6.77595,5.87104,1.26082,0,1,0,0,0,0,0,0,0,2022-12-28 18:14:01,,0,P&P,
1088,https://boardgamegeek.com/xmlapi/termsofuse,"Wed, 26 Aug 2026 00:24:39 +0000",thing,2399,boardgame,32084485,Senet,1,-3500,https://cf.geekdo-images.com/2gkFXJFYi6RAqkSSmrea5g__original/img/ZvfDLA5rIBSCjTmxum3oRi3LLBA=/0x0/filters:format(jpeg)/pic5722209.jpg,https://cf.geekdo-images.com/2gkFXJFYi6RAqkSSmrea5g__small/img/Gk0QB9iJ9iGbAhvYT86V14vcCBI=/fit-in/200x150/filters:strip_icc()/pic5722209.jpg,2,2,30,30,30,1893,N/A,953,5.82574,5.5671,1.68844,0,0,1,0,0,0,0,0,0,2024-05-20 14:32:59,,0,,
1088,https://boardgamegeek.com/xmlapi/termsofuse,"Wed, 26 Aug 2026 00:24:39 +0000",thing,18543,boardgame,34762004,Senior Moments,1,2008,https://cf.geekdo-images.com/lFTVoA2UFKYfHIVMfjtOwQ__original/img/7dMQxHp-8FBf_bPdtHCwarqZw4c=/0x0/filters:format(jpeg)/pic8639176.jpg,https://cf.geekdo-images.com/lFTVoA2UFKYfHIVMfjtOwQ__small/img/csITE4HXcAX6eIzioXHAGxF_rJM=/fit-in/200x150/filters:strip_icc()/pic8639176.jpg,2,8,,,,126,N/A,38,3.27632,5.46425,1.58404,0,0,1,0,0,0,0,0,0,2021-03-01 22:03:34,,0,,
1088,https://boardgamegeek.com/xmlapi/termsofuse,"Wed, 26 Aug 2026 00:24:39 +0000",thing,102652,boardgame,136055028,Sentinels of the Multiverse,1,2011,https://cf.geekdo-images.com/KQJVwFggx85c6tkq99MW9Q__original/img/6zbLmCIIUoFlK_l5AnIKB7UGsOg=/0x0/filters:format(jpeg)/pic1296144.jpg,https://cf.geekdo-images.com/KQJVwFggx85c6tkq99MW9Q__small/img/rts0fENMEytS8E6wJjiZ1bpoThk=/fit-in/200x150/filters:strip_icc()/pic1296144.jpg,2,5,30,60,60,23242,N/A,16518,7.12997,6.84683,1.68393,0,1,0,0,0,0,0,0,0,2025-09-02 16:50:16,,0,,
1088,https://boardgamegeek.com/xmlapi/termsofuse,"Wed, 26 Aug 2026 00:24:39 +0000",thing,132959,boardgame,136048736,Sentinels of the Multiverse: Shattered Timelines,1,2013,https://cf.geekdo-images.com/G1bmPT9ae-zUxvVHuCHdTA__original/img/eSbOC1uY6erpfyH_WWRYTXpST2o=/0x0/filters:format(jpeg)/pic6975859.jpg,https://cf.geekdo-images.com/G1bmPT9ae-zUxvVHuCHdTA__small/img/UCydEXS3V7sUGqAc9zTHJzWD42w=/fit-in/200x150/filters:strip_icc()/pic6975859.jpg,2,5,60,60,60,6511,N/A,1942,8.11037,6.63103,1.24906,0,1,0,0,0,0,0,0,0,2025-09-02 13:50:58,,0,,
1088,https://boardgamegeek.com/xmlapi/termsofuse,"Wed, 26 Aug 2026 00:24:39 +0000",thing,154828,boardgame,136048721,Sentinels of the Multiverse: Wrath of the Cosmos,1,2015,https://cf.geekdo-images.com/nYrawetaGtXGelMopGQlUQ__original/img/vXjNu8jH8CdAbaUq2BYqilqeMWo=/0x0/filters:format(jpeg)/pic6975851.jpg,https://cf.geekdo-images.com/nYrawetaGtXGelMopGQlUQ__small/img/qGVJaM-qt-bweWwrQfeyFzTZw0s=/fit-in/200x150/filters:strip_icc()/pic6975851.jpg,2,5,60,60,60,4165,N/A,1011,8.16273,6.26668,1.2063,0,1,0,0,0,0,0,0,0,2025-09-02 13:50:36,,0,,
1088,https://boardgamegeek.com/xmlapi/termsofuse,"Wed, 26 Aug 2026 00:24:39 +0000",thing,34583,boardgame,51961123,Set Cubed,1,2008,https://cf.geekdo-images.com/Xj4vLJMSjFzgTI1BP7y1KQ__original/img/NUCDqfNNky-YdQXtiPF0ZTT-0GQ=/0x0/filters:format(jpeg)/pic419532.jpg,https://cf.geekdo-images.com/Xj4vLJMSjFzgTI1BP7y1KQ__small/img/7YSuD0lzOsmlnu7aTIrNRqjujlc=/fit-in/200x150/filters:strip_icc()/pic419532.jpg,2,4,30,30,30,1216,N/A,430,5.29907,5.47011,1.49839,0,0,1,0,0,0,0,0,0,2025-10-01 23:01:55,,0,Old games,
1088,https://boardgamegeek.com/xmlapi/termsofuse,"Wed, 26 Aug 2026 00:24:39 +0000",thing,4394,boardgame,119378370,The Settlers of the Stone Age,5,2002,https://cf.geekdo-images.com/TeJFpzJW0enBnDiX9NE-Vw__original/img/tYBCDDmAmg3Nkqa4Z9djPGzytBg=/0x0/filters:format(jpeg)/pic200523.jpg,https://cf.geekdo-images.com/TeJFpzJW0enBnDiX9NE-Vw__small/img/kphwZ_rcE2S7wAwSZiS5rXUqko8=/fit-in/200x150/filters:strip_icc()/pic200523.jpg,3,4,90,120,120,4110,N/A,2444,6.56691,6.01971,1.33528,0,1,0,0,0,0,0,0,0,2024-05-18 21:15:23,,0,,
1088,https://boardgamegeek.com/xmlapi/termsofuse,"Wed, 26 Aug 2026 00:24:39 +0000",thing,1070,boardgame,67432394,Shadows in the Forest,1,1985,https://cf.geekdo-images.com/mjIUbLqz2Ge6LHBkT0Ej3Q__original/img/Lag1Kza0hoynwBiLz20mbAEbtB8=/0x0/filters:format(jpeg)/pic4684918.jpg,https://cf.geekdo-images.com/mjIUbLqz2Ge6LHBkT0Ej3Q__small/img/xXlrI0vfVR0VolaZcjKWzdPyoV4=/fit-in/200x150/filters:strip_icc()/pic4684918.jpg,2,8,15,15,15,4721,N/A,1387,6.02491,5.67177,1.51415,0,0,1,0,0,0,0,0,0,2025-10-01 23:03:05,,0,Kids,
1088,https://boardgamegeek.com/xmlapi/termsofuse,"Wed, 26 Aug 2026 00:24:39 +0000",thing,146791,boardgame,52718277,Shadows of Brimstone: City of the Ancients,1,2014,https://cf.geekdo-images.com/ZnkF6PeVDEOJvc2EHT7ZHw__original/img/NUw0DtFPhK-whyBaXVLg_c1oK1o=/0x0/filters:format(jpeg)/pic2037825.jpg,https://cf.geekdo-images.com/ZnkF6PeVDEOJvc2EHT7ZHw__small/img/O6DtRhRClEvh2JMyHUa401D4Rdg=/fit-in/200x150/filters:strip_icc()/pic2037825.jpg,1,4,120,120,120,7858,N/A,4113,7.94512,6.86641,1.67493,0,0,1,0,0,0,0,0,0,2025-10-01 23:03:20,,0,,
1088,https://boardgamegeek.com/xmlapi/termsofuse,"Wed, 26 Aug 2026 00:24:39 +0000",thing,15062,boardgame,32084515,Shadows over Camelot,1,2005,https://cf.geekdo-images.com/JYqwG_v1B3RhpB7NcmeDOA__original/img/_eAaG7PMaTcj1DpHbmUaOBTisoY=/0x0/filters:format(jpeg)/pic70547.jpg,https://cf.geekdo-images.com/JYqwG_v1B3RhpB7NcmeDOA__small/img/QOG1zO0uvqxGTDF9V_OewVPMvNE=/fit-in/200x150/filters:strip_icc()/pic70547.jpg,3,7,60,90,90,36001,N/A,28596,7.09913,6.92468,1.3975,0,1,0,0,0,0,0,0,0,2025-03-20 11:54:19,,0,Josh has,
1088,https://boardgamegeek.com/xmlapi/termsofuse,"Wed, 26 Aug 2026 00:24:39 +0000",thing,246297,boardgame,130539191,Shadows: Amsterdam,1,2018,https://cf.geekdo-images.com/8Ng748hjEj51Ewz1dhMIrA__original/img/fs6akH_7usdwZ00qgQK0Ozwq_P8=/0x0/filters:format(jpeg)/pic4176830.jpg,https://cf.geekdo-images.com/8Ng748hjEj51Ewz1dhMIrA__small/img/gNhk6GH8wnGhry6jr6J44FFgSjQ=/fit-in/200x150/filters:strip_icc()/pic4176830.jpg,2,8,20,20,20,5116,N/A,2268,6.5658,5.9879,1.39204,0,1,0,0,0,0,0,0,0,2025-03-20 12:00:27,,0,,
1088,https://boardgamegeek.com/xmlapi/termsofuse,"Wed, 26 Aug 2026 00:24:39 +0000",thing,232045,boardgame,67432339,Shaky Manor,1,2017,https://cf.geekdo-images.com/JMRNKUsXPMbIZAuCh3PPtQ__original/img/iveN-yZCLz3B8vhL5Ipw1O6-xKU=/0x0/filters:format(jpeg)/pic3915286.jpg,https://cf.geekdo-images.com/JMRNKUsXPMbIZAuCh3PPtQ__small/img/6mR--R_aSWsfVtRz2dqRmeoR3_w=/fit-in/200x150/filters:strip_icc()/pic3915286.jpg,2,4,10,20,20,2344,N/A,1037,6.12685,5.68492,1.3203,0,0,1,0,0,0,0,0,0,2025-10-01 23:04:07,,0,kids,
1088,https://boardgamegeek.com/xmlapi/termsofuse,"Wed, 26 Aug 2026 00:24:39 +0000",thing,35396,boardgame,119539883,Shanghai Rummy,1,1987,https://cf.geekdo-images.com/HpXeKpHVdb__AbdKXcOoXA__original/img/s-zrXxsfBp7SV9acUGkdV4V88hY=/0x0/filters:format(jpeg)/pic355964.jpg,https://cf.geekdo-images.com/HpXeKpHVdb__AbdKXcOoXA__small/img/BBRNmXkztRU8cW5gj55wu_NkWeI=/fit-in/200x150/filters:strip_icc()/pic355964.jpg,2,6,40,40,40,59,N/A,40,5.715,5.50134,1.64705,0,0,1,0,0,0,0,0,0,2025-10-02 11:14:26,,0,basket,
1088,https://boardgamegeek.com/xmlapi/termsofuse,"Wed, 26 Aug 2026 00:24:39 +0000",thing,201861,boardgame,130539232,The Shared Dream,5,2017,https://cf.geekdo-images.com/Oh0XFCtXQYcOmHqDUQmfZg__original/img/q2B60alrGe0HEMdVebOhl2pOThA=/0x0/filters:format(jpeg)/pic3676654.jpg,https://cf.geekdo-images.com/Oh0XFCtXQYcOmHqDUQmfZg__small/img/sZfpPksPHSOINHS-ZIJPcIR1cYk=/fit-in/200x150/filters:strip_icc()/pic3676654.jpg,2,4,90,120,120,1092,N/A,290,6.73286,5.60129,1.78909,0,1,0,0,0,0,0,0,0,2025-03-20 12:02:05,,0,,
1088,https://boardgamegeek.com/xmlapi/termsofuse,"Wed, 26 Aug 2026 00:24:39 +0000",thing,57050,boardgame,41235737,The Shell Game,5,1963,https://cf.geekdo-images.com/1OhpWKCghRBydk-UP-0dvQ__original/img/VFEVHpEOvrucw0RNhv4Plj5lIWU=/0x0/filters:format(jpeg)/pic563819.jpg,https://cf.geekdo-images.com/1OhpWKCghRBydk-UP-0dvQ__small/img/oc63yu6nvq1A96hxSttE9xmniwI=/fit-in/200x150/filters:strip_icc()/pic563819.jpg,2,4,,,,2,N/A,0,0,0,0,0,0,1,0,0,0,0,0,0,2018-08-29 19:05:16,,0,,
1088,https://boardgamegeek.com/xmlapi/termsofuse,"Wed, 26 Aug 2026 00:24:39 +0000",thing,157969,boardgame,32084521,Sheriff of Nottingham,1,2014,https://cf.geekdo-images.com/BBgLFKUzr6tcKtlIM2JSFw__original/img/fll2MuTBPVKb7fyBJ8D-4_c1XHM=/0x0/filters:format(jpeg)/pic2075830.jpg,https://cf.geekdo-images.com/BBgLFKUzr6tcKtlIM2JSFw__small/img/JD5L_XrtkaKINUj8ILZqFMGcTsE=/fit-in/200x150/filters:strip_icc()/pic2075830.jpg,3,5,60,60,60,57492,N/A,38110,7.04237,6.90311,1.31598,0,1,0,0,0,0,0,0,0,2015-12-28 10:38:25,,0,,
1088,https://boardgamegeek.com/xmlapi/termsofuse,"Wed, 26 Aug 2026 00:24:39 +0000",thing,271774,boardgame,130522350,Sherlock Express,1,2019,https://cf.geekdo-images.com/i_751ZFPy4Tr_i40HB38KQ__original/img/0WYp8dpEVJiNC1ekWJ_klSNlv0Y=/0x0/filters:format(png)/pic4573631.png,https://cf.geekdo-images.com/i_751ZFPy4Tr_i40HB38KQ__small/img/Y5SZBOJpywfhso4XLkE-KkVp1mc=/fit-in/200x150/filters:strip_icc()/pic4573631.png,2,6,10,10,10,726,N/A,306,6.03277,5.54484,1.4541,0,0,1,0,0,0,0,0,0,2025-10-01 23:05:33,,0,,
1088,https://boardgamegeek.com/xmlapi/termsofuse,"Wed, 26 Aug 2026 00:24:39 +0000",thing,315046,boardgame,143576996,The Sherlock Files: Vol III – Puzzling Plots,5,2020,https://cf.geekdo-images.com/_3ggCRwREOrWob1A8OLsxQ__original/img/g5y4aQGCeCBdJb4dz6AsxHcF-ew=/0x0/filters:format(jpeg)/pic5554887.jpg,https://cf.geekdo-images.com/_3ggCRwREOrWob1A8OLsxQ__small/img/t-O5-SWaw_t-j1GD52bEiPoLhl4=/fit-in/200x150/filters:strip_icc()/pic5554887.jpg,1,8,60,60,60,316,N/A,79,6.63987,5.53696,1.81225,0,1,0,0,0,0,0,0,0,2026-03-15 14:50:30,,0,,
1088,https://boardgamegeek.com/xmlapi/termsofuse,"Wed, 26 Aug 2026 00:24:39 +0000",thing,2511,boardgame,109351237,Sherlock Holmes Consulting Detective: The Thames Murders & Other Cases,1,1981,https://cf.geekdo-images.com/ptDZ2tJ6dSNiONAx3HH8Tw__original/img/iu21NR45DwHyFY-UPW0m7hwY_vw=/0x0/filters:format(jpeg)/pic3514298.jpg,https://cf.geekdo-images.com/ptDZ2tJ6dSNiONAx3HH8Tw__small/img/TKoDj4fKzLa_m45TCQeDGcBf63o=/fit-in/200x150/filters:strip_icc()/pic3514298.jpg,1,8,60,120,120,45281,N/A,22947,7.5989,7.35816,1.46779,0,1,0,0,0,0,0,0,0,2023-08-17 15:36:21,,0,,
1088,https://boardgamegeek.com/xmlapi/termsofuse,"Wed, 26 Aug 2026 00:24:39 +0000",thing,232830,boardgame,80013197,Shifty Eyed Spies,1,2017,https://cf.geekdo-images.com/J8GvDIigfMdxT9MoMHR01Q__original/img/yoLuqqFI7Y47zvbtA3AYbLsmv2I=/0x0/filters:format(jpeg)/pic4372703.jpg,https://cf.geekdo-images.com/J8GvDIigfMdxT9MoMHR01Q__small/img/EWVfiXLL6HFexzDlxXNU_Q386sI=/fit-in/200x150/filters:strip_icc()/pic4372703.jpg,4,8,20,20,20,2368,N/A,875,6.73198,5.80329,1.65231,0,1,0,0,0,0,0,0,0,2021-03-01 22:59:12,,0,,
1088,https://boardgamegeek.com/xmlapi/termsofuse,"Wed, 26 Aug 2026 00:24:39 +0000",thing,144413,boardgame,130522377,Shindig Machine,1,2013,https://cf.geekdo-images.com/8tPImvg7NYeJe_mH25un_A__original/img/5RP_vdh_j9Gsm5b-DB9SqHeKF5Q=/0x0/filters:format(jpeg)/pic1703263.jpg,https://cf.geekdo-images.com/8tPImvg7NYeJe_mH25un_A__small/img/1l2Nyh1nybdXyhh9o63TKpJygEU=/fit-in/200x150/filters:strip_icc()/pic1703263.jpg,3,8,5,5,5,87,N/A,32,7.01875,5.5181,1.63811,0,1,0,0,0,0,0,0,0,2025-03-19 21:32:09,,0,,
1088,https://boardgamegeek.com/xmlapi/termsofuse,"Wed, 26 Aug 2026 00:24:39 +0000",thing,30690,boardgame,80291555,Ship Shape,1,1980,https://cf.geekdo-images.com/Cam7J3Tl-HJhrAWzap96Qg__original/img/H3364bFkqkCq01DCOpNdOXEQaeQ=/0x0/filters:format(jpeg)/pic227833.jpg,https://cf.geekdo-images.com/Cam7J3Tl-HJhrAWzap96Qg__small/img/xPC0rWuRunTL1a4lDmLtCm5E1nY=/fit-in/200x150/filters:strip_icc()/pic227833.jpg,2,2,,,,47,N/A,12,6.39167,0,1.72842,0,1,0,0,0,0,0,0,0,2021-03-10 21:56:54,,0,,
1088,https://boardgamegeek.com/xmlapi/termsofuse,"Wed, 26 Aug 2026 00:24:39 +0000",thing,18812,boardgame,91738004,"Ship, Captain, and Crew",1,2017,https://cf.geekdo-images.com/1siL6FgEzNfZf9AaXrp8QA__original/img/LZqMGAMlJrMe9mKbfMv5_xIp_Lo=/0x0/filters:format(jpeg)/pic4404040.jpg,https://cf.geekdo-images.com/1siL6FgEzNfZf9AaXrp8QA__small/img/3zg59dKGV25_Tm4jIKGUCFPJLnI=/fit-in/200x150/filters:strip_icc()/pic4404040.jpg,2,10,15,15,15,318,N/A,104,5.25087,5.48163,2.03948,0,0,1,0,0,0,0,0,0,2025-10-01 23:06:24,,0,,
1088,https://boardgamegeek.com/xmlapi/termsofuse,"Wed, 26 Aug 2026 00:24:39 +0000",thing,220672,boardgame,51921704,Shop 'N Time,1,2017,https://cf.geekdo-images.com/BSz5sJVVhEpAJEfKTnG5MA__original/img/z8MSteE_PSgIJJzECaS56P9Bk-Y=/0x0/filters:format(jpeg)/pic3418868.jpg,https://cf.geekdo-images.com/BSz5sJVVhEpAJEfKTnG5MA__small/img/eIQ5P7reZiYbTJTTQzU9Xs7_huI=/fit-in/200x150/filters:strip_icc()/pic3418868.jpg,2,8,15,15,15,479,N/A,217,6.00022,5.5432,1.45884,0,0,1,0,0,0,0,0,0,2025-10-01 23:07:07,,0,,
1088,https://boardgamegeek.com/xmlapi/termsofuse,"Wed, 26 Aug 2026 00:24:39 +0000",thing,428890,boardgame,136976930,Side Quest: The Isle of Cats,1,2024,https://cf.geekdo-images.com/xqlNxVBvZFnWo_KF-oagzw__original/img/VcdBRcHNDoHXj_2Fu21ingwPZ40=/0x0/filters:format(png)/pic8424986.png,https://cf.geekdo-images.com/xqlNxVBvZFnWo_KF-oagzw__small/img/Djpil9BHYKuY0K66hLEu80M15PY=/fit-in/200x150/filters:strip_icc()/pic8424986.png,1,4,60,90,90,367,N/A,75,5.73333,5.50639,1.54776,0,0,1,0,0,0,0,0,0,2025-10-02 9:57:10,,0,,
1088,https://boardgamegeek.com/xmlapi/termsofuse,"Wed, 26 Aug 2026 00:24:39 +0000",thing,38402,boardgame,119378355,Sidibaba,1,2008,https://cf.geekdo-images.com/qzQF1-uMEueGzZwyhJGUDQ__original/img/qbt5K2vJUCtuzHrgp-2NJeh-ylU=/0x0/filters:format(jpeg)/pic7696098.jpg,https://cf.geekdo-images.com/qzQF1-uMEueGzZwyhJGUDQ__small/img/OsdodXiNenkt38t7BIY12l32-W0=/fit-in/200x150/filters:strip_icc()/pic7696098.jpg,3,7,45,45,45,950,N/A,511,5.85933,5.55767,1.60205,0,0,1,0,0,0,0,0,0,2025-10-01 23:07:38,,0,,
1088,https://boardgamegeek.com/xmlapi/termsofuse,"Wed, 26 Aug 2026 00:24:39 +0000",thing,278553,boardgame,80278601,Silver,1,2019,https://cf.geekdo-images.com/e7ii83ya4tVD-4f1E-Alpg__original/img/Rse9-NttkulEmnV-k4cGp9WWAyM=/0x0/filters:format(jpeg)/pic4741826.jpg,https://cf.geekdo-images.com/e7ii83ya4tVD-4f1E-Alpg__small/img/uXIwkF8JqP2mYeK8ZGPHL_GPRrQ=/fit-in/200x150/filters:strip_icc()/pic4741826.jpg,2,4,30,60,60,4725,N/A,2230,7.03974,6.20677,1.48159,0,1,0,0,0,0,0,0,0,2021-03-10 12:10:43,,0,,
1088,https://boardgamegeek.com/xmlapi/termsofuse,"Wed, 26 Aug 2026 00:24:39 +0000",thing,270673,boardgame,101389231,Silver & Gold,1,2019,https://cf.geekdo-images.com/a6DA19Zb8GLJ3wxyamCiJw__original/img/0VTXqGyyc0PC_-AdDcOIllSQDMg=/0x0/filters:format(jpeg)/pic6974604.jpg,https://cf.geekdo-images.com/a6DA19Zb8GLJ3wxyamCiJw__small/img/YVYnsMuksuud8E7DfNenfuH5jis=/fit-in/200x150/filters:strip_icc()/pic6974604.jpg,2,4,20,20,20,17355,N/A,9077,7.15562,6.79656,1.10822,0,1,0,0,0,0,0,0,0,2022-12-28 18:48:00,,0,,
1088,https://boardgamegeek.com/xmlapi/termsofuse,"Wed, 26 Aug 2026 00:24:39 +0000",thing,5749,boardgame,80013261,Simon,1,1978,https://cf.geekdo-images.com/x9KsZTCDg_25I-TBO9dWAQ__original/img/X_WXKanQwR1eEscqPXHcphDgGbs=/0x0/filters:format(jpeg)/pic8258327.jpg,https://cf.geekdo-images.com/x9KsZTCDg_25I-TBO9dWAQ__small/img/UTmln8bdLCcIO3eRzKufxUHwaxA=/fit-in/200x150/filters:strip_icc()/pic8258327.jpg,1,4,30,30,30,1363,N/A,1328,4.44465,5.10594,1.79597,0,0,1,0,0,0,0,0,0,2025-10-01 23:09:26,,0,electronic,
1088,https://boardgamegeek.com/xmlapi/termsofuse,"Wed, 26 Aug 2026 00:24:39 +0000",thing,195708,boardgame,34592156,SiXeS: Travel & Promo Pack,1,2015,https://cf.geekdo-images.com/bghnIhbm4FKauCHA7SgC-A__original/img/y76R7RZKBfWFu52DdLGqfqPn3OA=/0x0/filters:format(jpeg)/pic2939623.jpg,https://cf.geekdo-images.com/bghnIhbm4FKauCHA7SgC-A__small/img/bEi2qH7u9F4K0Lrf0yi9QevnWPA=/fit-in/200x150/filters:strip_icc()/pic2939623.jpg,,,,6,6,128,N/A,11,6.04545,0,2.11547,0,0,1,0,0,0,0,0,0,2022-12-28 18:21:22,,0,,
1088,https://boardgamegeek.com/xmlapi/termsofuse,"Wed, 26 Aug 2026 00:24:39 +0000",thing,1269,boardgame,32084525,Skip-Bo,1,1967,https://cf.geekdo-images.com/aaUJua2zRXA6lqbVbNcBGg__original/img/dWxG7nwxGBijXQ1849TFwtym06I=/0x0/filters:format(jpeg)/pic8204244.jpg,https://cf.geekdo-images.com/aaUJua2zRXA6lqbVbNcBGg__small/img/81Ix-m3uliKZ43ouEhnOzUivMj4=/fit-in/200x150/filters:strip_icc()/pic8204244.jpg,2,6,20,20,20,28104,N/A,10191,5.66608,5.54794,1.69456,0,0,1,0,0,0,0,0,0,2022-12-28 19:37:05,,0,,
1088,https://boardgamegeek.com/xmlapi/termsofuse,"Wed, 26 Aug 2026 00:24:39 +0000",thing,40507,boardgame,101395912,Skip-Bo Junior,1,2003,https://cf.geekdo-images.com/p6fKI8ITNAkB0H1dfkQCKw__original/img/9rO7BLJhXnNSLXaO8IN0ezVxCXg=/0x0/filters:format(jpeg)/pic1234902.jpg,https://cf.geekdo-images.com/p6fKI8ITNAkB0H1dfkQCKw__small/img/u8mbq6_vXqDHU6hkQ-9HedYg2KQ=/fit-in/200x150/filters:strip_icc()/pic1234902.jpg,2,4,10,15,15,686,N/A,178,5.35725,5.48819,1.468,0,0,1,0,0,0,0,0,0,2025-10-01 23:09:44,,0,kids,
1088,https://boardgamegeek.com/xmlapi/termsofuse,"Wed, 26 Aug 2026 00:24:39 +0000",thing,150145,boardgame,44957940,Skull King,1,2013,https://cf.geekdo-images.com/1qvA21HdRaPYwrn4tGDNaQ__original/img/Vn6PK_Ue5TX14oQ5uau4XICHEJU=/0x0/filters:format(jpeg)/pic8689185.jpg,https://cf.geekdo-images.com/1qvA21HdRaPYwrn4tGDNaQ__small/img/3tBwuRBxhDuhcTvA1g-IjVuUXqY=/fit-in/200x150/filters:strip_icc()/pic8689185.jpg,2,8,30,30,30,34807,N/A,16223,7.52963,7.21882,1.34738,0,1,0,0,0,0,0,0,0,2024-05-20 14:36:59,,0,,
1088,https://boardgamegeek.com/xmlapi/termsofuse,"Wed, 26 Aug 2026 00:24:39 +0000",thing,121423,boardgame,32084530,Skyline,1,2012,https://cf.geekdo-images.com/_CkJOMVNpxSUZvGNFcNFEQ__original/img/7Agn1V999Jln98qX-Xv7d6rryn4=/0x0/filters:format(jpeg)/pic1919942.jpg,https://cf.geekdo-images.com/_CkJOMVNpxSUZvGNFcNFEQ__small/img/KJq0ueJRPl8vUnK2gad7fJ0XNzk=/fit-in/200x150/filters:strip_icc()/pic1919942.jpg,1,4,10,20,20,1798,6,1497,5.96254,5.67115,1.28915,0,0,1,0,0,0,0,0,0,2025-10-01 23:10:28,,0,,
1088,https://boardgamegeek.com/xmlapi/termsofuse,"Wed, 26 Aug 2026 00:24:39 +0000",thing,3804,boardgame,50348384,Slamwich,1,1994,https://cf.geekdo-images.com/GZZ3h6YexZy1WucwK93qmw__original/img/Hgt8QDB_GYwNUouVyUq9ypaxCgM=/0x0/filters:format(png)/pic8645343.png,https://cf.geekdo-images.com/GZZ3h6YexZy1WucwK93qmw__small/img/3f4zu4mWLDmShylPTvJg1v2FGmM=/fit-in/200x150/filters:strip_icc()/pic8645343.png,2,6,20,20,20,4444,N/A,1476,5.15225,5.3487,1.5117,0,0,1,0,0,0,0,0,0,2025-10-01 23:11:05,,0,kids,
1088,https://boardgamegeek.com/xmlapi/termsofuse,"Wed, 26 Aug 2026 00:24:39 +0000",thing,17053,boardgame,62070909,Sleeping Queens,1,2005,https://cf.geekdo-images.com/hkJWvm7VJD4yqrbjCHmLFA__original/img/jRyxA0n-aAfOR6WP36OGGVzTgAs=/0x0/filters:format(jpeg)/pic2401336.jpg,https://cf.geekdo-images.com/hkJWvm7VJD4yqrbjCHmLFA__small/img/HO7ztPNgbQybExPszjY2K7hD-uQ=/fit-in/200x150/filters:strip_icc()/pic2401336.jpg,2,5,20,20,20,14444,N/A,5489,6.47336,6.10605,1.42404,0,1,0,0,0,0,0,0,0,2019-07-17 20:07:27,,0,kids,
1088,https://boardgamegeek.com/xmlapi/termsofuse,"Wed, 26 Aug 2026 00:24:39 +0000",thing,183401,boardgame,144692435,Sleepy Castle,1,2015,https://cf.geekdo-images.com/gHVZXoGbsjaxzsAZXMjISQ__original/img/lQH-AhEw51D2YFZWT0GMBrg8H_I=/0x0/filters:format(jpeg)/pic2650824.jpg,https://cf.geekdo-images.com/gHVZXoGbsjaxzsAZXMjISQ__small/img/CXsIXVhKT7IHFRGmpdh1ZW8GAMw=/fit-in/200x150/filters:strip_icc()/pic2650824.jpg,1,4,10,,10,162,N/A,80,6.625,5.53722,1.21794,0,1,0,0,0,0,0,0,0,2026-04-18 18:03:24,,0,,
1088,https://boardgamegeek.com/xmlapi/termsofuse,"Wed, 26 Aug 2026 00:24:39 +0000",thing,122522,boardgame,32084533,Smash Up,1,2012,https://cf.geekdo-images.com/c1DOHkXD35OcqfPoxoSXlA__original/img/QhTMABCVrt58dLsps9sAWEu8CpI=/0x0/filters:format(jpeg)/pic1269874.jpg,https://cf.geekdo-images.com/c1DOHkXD35OcqfPoxoSXlA__small/img/kdzBzdj4prsoztFNEFZ6eWv1RVI=/fit-in/200x150/filters:strip_icc()/pic1269874.jpg,2,4,45,45,45,48362,6,28532,6.68944,6.50663,1.49765,0,1,0,0,0,0,0,0,0,2015-12-28 12:27:32,,0,main box,
1088,https://boardgamegeek.com/xmlapi/termsofuse,"Wed, 26 Aug 2026 00:24:39 +0000",thing,134726,boardgame,32084536,Smash Up: Awesome Level 9000,1,2013,https://cf.geekdo-images.com/nrf1jXPvkRnxYpGLAg51Xg__original/img/Z24gqBsX_9xUNBHHZqGUOsbPx2E=/0x0/filters:format(jpeg)/pic1497102.jpg,https://cf.geekdo-images.com/nrf1jXPvkRnxYpGLAg51Xg__small/img/PUG0o8a1BjrQfcem_Cj5Hb6oBcw=/fit-in/200x150/filters:strip_icc()/pic1497102.jpg,2,2,45,45,45,19156,6,7212,7.20591,6.70565,1.35874,0,1,0,0,0,0,0,0,0,2015-12-28 12:27:35,,0,in main box,
1088,https://boardgamegeek.com/xmlapi/termsofuse,"Wed, 26 Aug 2026 00:24:39 +0000",thing,143185,boardgame,33171573,Smash Up: The Obligatory Cthulhu Set,1,2013,https://cf.geekdo-images.com/W-wqvges-RJTz3yymQ1lEg__original/img/tJ8daFf-t6wsdY-HMRJfXU28OCc=/0x0/filters:format(jpeg)/pic1673124.jpg,https://cf.geekdo-images.com/W-wqvges-RJTz3yymQ1lEg__small/img/IBk1Gds2j7r2CDcr9bEeNXWq6Z4=/fit-in/200x150/filters:strip_icc()/pic1673124.jpg,2,2,30,45,45,11815,N/A,3673,6.73543,6.20424,1.51488,0,1,0,0,0,0,0,0,0,2016-02-19 17:56:34,,0,in main box,
1088,https://boardgamegeek.com/xmlapi/termsofuse,"Wed, 26 Aug 2026 00:24:39 +0000",thing,227893,boardgame,65000645,Smile,1,2017,https://cf.geekdo-images.com/1EJ7rFxmal7PcQToFRMQ0A__original/img/OOflXNYyJ7DPGaNLrr_CFsJmnT4=/0x0/filters:format(png)/pic3564118.png,https://cf.geekdo-images.com/1EJ7rFxmal7PcQToFRMQ0A__small/img/iOPUuBYkaUOgcAzgpxdlFmxsRhE=/fit-in/200x150/filters:strip_icc()/pic3564118.png,3,5,30,30,30,1625,N/A,864,6.58305,5.77446,1.26019,0,1,0,0,0,0,0,0,0,2019-10-21 23:19:21,,0,,
1088,https://boardgamegeek.com/xmlapi/termsofuse,"Wed, 26 Aug 2026 00:24:39 +0000",thing,113289,boardgame,32084551,Snake Oil,1,2010,https://cf.geekdo-images.com/XSUSI_i20qf3-n07nbfnRg__original/img/qXy47x5w1r-NGwyTFxfsq5GTKVk=/0x0/filters:format(jpeg)/pic5075755.jpg,https://cf.geekdo-images.com/XSUSI_i20qf3-n07nbfnRg__small/img/pfw5d8ptgmeQa_L4WMOTqgJjNO0=/fit-in/200x150/filters:strip_icc()/pic5075755.jpg,3,10,20,30,30,7002,N/A,3676,6.65397,6.17236,1.55377,0,0,1,0,0,0,0,0,0,2025-10-01 23:12:25,,0,Kids really seem to like this game,
1088,https://boardgamegeek.com/xmlapi/termsofuse,"Wed, 26 Aug 2026 00:24:39 +0000",thing,337389,boardgame,114710707,Snakesss,1,2021,https://cf.geekdo-images.com/IA8aPGqTk0buA0MpmHIlLw__original/img/O6aLeH0mqiyk7aQbUnS4jRrVm1U=/0x0/filters:format(png)/pic6145820.png,https://cf.geekdo-images.com/IA8aPGqTk0buA0MpmHIlLw__small/img/gTPs5hHvH9jHNjGRBQ2oX1beehE=/fit-in/200x150/filters:strip_icc()/pic6145820.png,4,8,20,20,20,2747,N/A,930,6.27613,5.70899,1.3729,0,0,1,0,0,0,0,0,0,2025-10-01 23:12:41,,0,,
1088,https://boardgamegeek.com/xmlapi/termsofuse,"Wed, 26 Aug 2026 00:24:39 +0000",thing,5468,boardgame,80013463,Snap: The Interlocking Dragon-Making Game,1,2002,https://cf.geekdo-images.com/cyNtPG41njx6MGJ57cxPrw__original/img/AVcsKTC-k8O2cL8CtQFY5ptYKWg=/0x0/filters:format(jpeg)/pic103562.jpg,https://cf.geekdo-images.com/cyNtPG41njx6MGJ57cxPrw__small/img/OWKAe2dOD48uPhhxPBTPLMz4D24=/fit-in/200x150/filters:strip_icc()/pic103562.jpg,1,4,20,20,20,620,N/A,248,5.27399,5.46946,1.46127,0,0,1,0,0,0,0,0,0,2025-10-01 23:13:33,,0,kids,
1088,https://boardgamegeek.com/xmlapi/termsofuse,"Wed, 26 Aug 2026 00:24:39 +0000",thing,7575,boardgame,32084553,Snowball Fight,1,2002,https://cf.geekdo-images.com/y2TZTl0jAWw2Ks_EQAMGSA__original/img/g9YCVzEZm2psSk_UbsH4dcRiRj0=/0x0/filters:format(jpeg)/pic67319.jpg,https://cf.geekdo-images.com/y2TZTl0jAWw2Ks_EQAMGSA__small/img/wonpiOGLWmpEj8I75eGiLoboKdI=/fit-in/200x150/filters:strip_icc()/pic67319.jpg,2,10,20,20,20,169,5.5,88,5.00568,5.48238,1.6355,0,0,1,0,0,0,0,0,0,2025-10-02 11:14:48,,0,kids,
1088,https://boardgamegeek.com/xmlapi/termsofuse,"Wed, 26 Aug 2026 00:24:39 +0000",thing,224426,boardgame,93708537,Snowball Fight,1,2016,https://cf.geekdo-images.com/jHMo4yurCp546hLmG1gScg__original/img/xXVKX-Ix8PuJq2qMiLLLrHWNpKQ=/0x0/filters:format(jpeg)/pic3515807.jpg,https://cf.geekdo-images.com/jHMo4yurCp546hLmG1gScg__small/img/UZ-i4JlHR8cjVctVLdRnd8j3WLk=/fit-in/200x150/filters:strip_icc()/pic3515807.jpg,2,7,15,30,30,35,N/A,11,4.72727,0,2.33903,0,0,1,0,0,0,0,0,0,2025-10-02 11:15:10,,0,,
1088,https://boardgamegeek.com/xmlapi/termsofuse,"Wed, 26 Aug 2026 00:24:39 +0000",thing,233033,boardgame,80013332,Snowbirds,1,2017,https://cf.geekdo-images.com/yxPGY99UkqQZvqDk0SelaQ__original/img/cilDks8AVwGVuxwuv3d4ongH7_c=/0x0/filters:format(jpeg)/pic3697862.jpg,https://cf.geekdo-images.com/yxPGY99UkqQZvqDk0SelaQ__small/img/ddykuz_E7UAaJ2MaMBZ_kTgYivU=/fit-in/200x150/filters:strip_icc()/pic3697862.jpg,1,1,10,15,15,234,N/A,116,7.07672,5.56719,1.17564,0,1,0,0,0,0,0,0,0,2022-12-28 18:37:21,,0,P&P,
1088,https://boardgamegeek.com/xmlapi/termsofuse,"Wed, 26 Aug 2026 00:24:39 +0000",thing,231819,boardgame,54576545,Sonar,1,2017,https://cf.geekdo-images.com/GJIebwr7f57nohwY6idxDg__original/img/g-548yFfWrQzOawN0UL4cAvMdu4=/0x0/filters:format(jpeg)/pic3662558.jpg,https://cf.geekdo-images.com/GJIebwr7f57nohwY6idxDg__small/img/8zwRcb13GAEmTY-WBkVu7QMDu0Y=/fit-in/200x150/filters:strip_icc()/pic3662558.jpg,2,4,30,30,30,5720,N/A,1871,6.67784,6.01441,1.26157,0,1,0,0,0,0,0,0,0,2018-09-27 18:48:38,,0,,
1088,https://boardgamegeek.com/xmlapi/termsofuse,"Wed, 26 Aug 2026 00:24:39 +0000",thing,2407,boardgame,33170668,Sorry!,1,1929,https://cf.geekdo-images.com/zV33y_kLzvOuGz1_r1DWNA__original/img/JnvWT9eND5TInSUeYovoDUG6Gto=/0x0/filters:format(jpeg)/pic8204421.jpg,https://cf.geekdo-images.com/zV33y_kLzvOuGz1_r1DWNA__small/img/BDEzpnC1LDvDFqLIIbe5qAz1W4Q=/fit-in/200x150/filters:strip_icc()/pic8204421.jpg,2,4,30,30,30,13452,N/A,7548,4.55852,4.70321,1.81976,0,0,1,0,0,0,0,0,0,2016-02-19 16:59:03,,0,,
1088,https://boardgamegeek.com/xmlapi/termsofuse,"Wed, 26 Aug 2026 00:24:39 +0000",thing,37196,boardgame,32084557,Sorry! Sliders,1,2008,https://cf.geekdo-images.com/PKyPm_hY3Ujwd1G_C6OOTQ__original/img/sqAzWk-Uo9mYIdOoDwXPGzrN8Eo=/0x0/filters:format(jpeg)/pic358058.jpg,https://cf.geekdo-images.com/PKyPm_hY3Ujwd1G_C6OOTQ__small/img/UMrzRO0xDud1iLz5WqTOExnL8y8=/fit-in/200x150/filters:strip_icc()/pic358058.jpg,1,4,30,30,30,6010,5,3954,6.32426,6.00608,1.29368,0,0,1,0,0,0,0,0,0,2021-03-01 22:09:03,,0,,
1088,https://boardgamegeek.com/xmlapi/termsofuse,"Wed, 26 Aug 2026 00:24:39 +0000",thing,143157,boardgame,123044132,SOS Titanic,1,2013,https://cf.geekdo-images.com/ZoSHhrEw5KqaPXfE9rYrYQ__original/img/alUKIfT6O7i49ZOaBF7CrR4Wa2s=/0x0/filters:format(jpeg)/pic6195254.jpg,https://cf.geekdo-images.com/ZoSHhrEw5KqaPXfE9rYrYQ__small/img/doUkPDBLnbukyUX0_q9KD6fLibo=/fit-in/200x150/filters:strip_icc()/pic6195254.jpg,1,5,30,30,30,3664,N/A,2008,6.74046,6.06426,1.35642,0,1,0,0,0,0,0,0,0,2024-09-08 19:31:05,,0,,
1088,https://boardgamegeek.com/xmlapi/termsofuse,"Wed, 26 Aug 2026 00:24:39 +0000",thing,123096,boardgame,32084561,Space Cadets,1,2012,https://cf.geekdo-images.com/YTPL0ZG_8Y4EQfiCXZzvrg__original/img/6G5bVTSwnmJY653HyEjO0abZDF8=/0x0/filters:format(jpeg)/pic1362404.jpg,https://cf.geekdo-images.com/YTPL0ZG_8Y4EQfiCXZzvrg__small/img/2gOYyhKR6WH8EuemztSCMQvqNbo=/fit-in/200x150/filters:strip_icc()/pic1362404.jpg,3,6,60,120,120,6169,N/A,3450,6.54398,6.10878,1.53989,0,1,0,0,0,0,0,0,0,2015-12-28 10:40:48,,0,,
1088,https://boardgamegeek.com/xmlapi/termsofuse,"Wed, 26 Aug 2026 00:24:39 +0000",thing,366470,boardgame,148901545,Space Craft,1,2022,https://cf.geekdo-images.com/PEDZmJc09rXvHlaZXYXwZQ__original/img/JC_sQllHTt9od6tByLBBHbUjGp4=/0x0/filters:format(jpeg)/pic7021779.jpg,https://cf.geekdo-images.com/PEDZmJc09rXvHlaZXYXwZQ__small/img/568cJ7L1SQkTYCeb9zjD6Nh5DhY=/fit-in/200x150/filters:strip_icc()/pic7021779.jpg,2,4,30,60,60,224,N/A,126,7.45,5.56841,1.14474,0,1,0,0,0,0,0,0,0,2026-08-25 19:19:47,,0,,
1088,https://boardgamegeek.com/xmlapi/termsofuse,"Wed, 26 Aug 2026 00:24:39 +0000",thing,592,boardgame,33481553,Spades,1,1938,https://cf.geekdo-images.com/hP26HZHWGKFmbmmPktaXWQ__original/img/E-yW1amX-Ycjy_U3562X74Kcm4o=/0x0/filters:format(jpeg)/pic1977642.jpg,https://cf.geekdo-images.com/hP26HZHWGKFmbmmPktaXWQ__small/img/ggufZoZyFOBgE9q-LHLStvNwE3g=/fit-in/200x150/filters:strip_icc()/pic1977642.jpg,4,4,60,60,60,1687,N/A,2770,6.81222,6.18033,1.55346,0,0,1,0,0,0,0,0,0,2025-10-02 14:13:45,,0,card,
1088,https://boardgamegeek.com/xmlapi/termsofuse,"Wed, 26 Aug 2026 00:24:39 +0000",thing,343852,boardgame,130539373,SPECTRE: The Board Game,1,2022,https://cf.geekdo-images.com/LL_7ek-8qzzXsgrkCUaHFQ__original/img/hwP_Nx3IjAQ6zC5Wiyy6ULtfwk8=/0x0/filters:format(jpeg)/pic7066038.jpg,https://cf.geekdo-images.com/LL_7ek-8qzzXsgrkCUaHFQ__small/img/xERXAYGhojWhs6U7cNds75vXy4M=/fit-in/200x150/filters:strip_icc()/pic7066038.jpg,2,4,20,45,45,1512,N/A,248,6.29919,5.56243,1.63597,0,1,0,0,0,0,0,0,0,2025-03-20 12:09:07,,0,,
1088,https://boardgamegeek.com/xmlapi/termsofuse,"Wed, 26 Aug 2026 00:24:39 +0000",thing,148228,boardgame,33170866,Splendor,1,2014,https://cf.geekdo-images.com/vNFe4JkhKAERzi4T0Ntwpw__original/img/rqcUdtu_N4v-SpI96XVmpYHnJww=/0x0/filters:format(png)/pic8234167.png,https://cf.geekdo-images.com/vNFe4JkhKAERzi4T0Ntwpw__small/img/KKU_42Uswt4tKCpf1zY5kTzgr-g=/fit-in/200x150/filters:strip_icc()/pic8234167.png,2,4,30,30,30,140760,N/A,91314,7.42097,7.29262,1.28862,0,1,0,0,0,0,0,0,0,2016-02-19 17:06:57,,0,This is one of my favorite games. I even have it on my tablet!,
1088,https://boardgamegeek.com/xmlapi/termsofuse,"Wed, 26 Aug 2026 00:24:39 +0000",thing,63268,boardgame,32084563,Spot it!,1,2009,https://cf.geekdo-images.com/hqDT4HbEb2eNCyMOeiGj-g__original/img/6w3wjI3YZOWa8XLxoKQqg3XnbN0=/0x0/filters:format(png)/pic6477003.png,https://cf.geekdo-images.com/hqDT4HbEb2eNCyMOeiGj-g__small/img/ZNgW2QhLjYpVltWHy3LyJqstnow=/fit-in/200x150/filters:strip_icc()/pic6477003.png,2,8,15,15,15,51785,5,22611,6.52123,6.35562,1.44132,0,1,0,0,0,0,0,0,0,2015-12-28 12:27:58,,0,kids,
1088,https://boardgamegeek.com/xmlapi/termsofuse,"Wed, 26 Aug 2026 00:24:39 +0000",thing,251658,boardgame,58189244,Sprawlopolis,1,2018,https://cf.geekdo-images.com/aZ3I9B_aEywK4O_qP_Hz9w__original/img/70LwdlP8ezNxe00B48mSmzFfStU=/0x0/filters:format(png)/pic4654146.png,https://cf.geekdo-images.com/aZ3I9B_aEywK4O_qP_Hz9w__small/img/8IMkDRysr2XJafkJGGWoWRcj3e0=/fit-in/200x150/filters:strip_icc()/pic4654146.png,1,4,15,20,20,28742,N/A,12780,7.26113,6.9603,1.16933,0,1,0,0,0,0,0,0,0,2022-12-28 18:38:18,,0,P&P,
1088,https://boardgamegeek.com/xmlapi/termsofuse,"Wed, 26 Aug 2026 00:24:39 +0000",thing,195456,boardgame,80013168,SPY,1,2017,https://cf.geekdo-images.com/GyGxoowCSkJknkwEq35u_A__original/img/65FqODIIBu8-uj0Fhhetq3ev1qg=/0x0/filters:format(jpeg)/pic3214734.jpg,https://cf.geekdo-images.com/GyGxoowCSkJknkwEq35u_A__small/img/KleoK3SjwmbaRLiMjjSolQymR_A=/fit-in/200x150/filters:strip_icc()/pic3214734.jpg,2,4,10,10,10,2569,N/A,439,5.76512,5.53758,1.38781,0,0,1,0,0,0,0,0,0,2025-10-01 23:16:42,,0,small,
1088,https://boardgamegeek.com/xmlapi/termsofuse,"Wed, 26 Aug 2026 00:24:39 +0000",thing,1986,boardgame,32084566,Spy Alley,1,1992,https://cf.geekdo-images.com/Xd4oi8RxW9p5xPYiRxQl0w__original/img/cyn80SWyEdvTlGV_w-005d7xTRU=/0x0/filters:format(jpeg)/pic5151907.jpg,https://cf.geekdo-images.com/Xd4oi8RxW9p5xPYiRxQl0w__small/img/YN80YdQIxoiNXrqb3Yq1DIH02co=/fit-in/200x150/filters:strip_icc()/pic5151907.jpg,2,6,45,45,45,3792,N/A,1346,5.72404,5.54755,1.57775,0,0,1,0,0,0,0,0,0,2025-10-01 23:17:06,,0,,
1088,https://boardgamegeek.com/xmlapi/termsofuse,"Wed, 26 Aug 2026 00:24:39 +0000",thing,166384,boardgame,32084568,Spyfall,1,2014,https://cf.geekdo-images.com/Ehx72XRdSeQHISVXcZVnHg__original/img/bI3PgKtvAGiD59QYya-pqasF_tk=/0x0/filters:format(jpeg)/pic2453926.jpg,https://cf.geekdo-images.com/Ehx72XRdSeQHISVXcZVnHg__small/img/sPJVWjzGcEpiseZGdoD6HNR9nRI=/fit-in/200x150/filters:strip_icc()/pic2453926.jpg,3,8,15,15,15,31021,N/A,22523,6.73453,6.59393,1.44243,0,1,0,0,0,0,0,0,0,2015-12-28 10:41:21,,0,,
1088,https://boardgamegeek.com/xmlapi/termsofuse,"Wed, 26 Aug 2026 00:24:39 +0000",thing,193308,boardgame,54463667,Spyfall 2,1,2016,https://cf.geekdo-images.com/4nE3EGcIVJnItZOdZ2NrxA__original/img/_6mflaWrgVpkFbJJICGTB8WAiiI=/0x0/filters:format(jpeg)/pic4141398.jpg,https://cf.geekdo-images.com/4nE3EGcIVJnItZOdZ2NrxA__small/img/XZ3HQmLJo6khns60Tdyr18hz7Ys=/fit-in/200x150/filters:strip_icc()/pic4141398.jpg,3,12,15,15,15,7675,N/A,3559,6.79764,6.25209,1.42103,0,1,0,0,0,0,0,0,0,2018-09-22 16:38:29,,0,,
1088,https://boardgamegeek.com/xmlapi/termsofuse,"Wed, 26 Aug 2026 00:24:39 +0000",thing,102104,boardgame,119378283,Star Fluxx,1,2011,https://cf.geekdo-images.com/4rafBr5oDBZVSzN7ije3ZA__original/img/JmHFu2p6rCZFFSIEtjqIHmB-Ozs=/0x0/filters:format(jpeg)/pic1059779.jpg,https://cf.geekdo-images.com/4rafBr5oDBZVSzN7ije3ZA__small/img/Pfr3nT9aYUJC6kEy0PArEeONLpM=/fit-in/200x150/filters:strip_icc()/pic1059779.jpg,2,6,10,40,40,14143,N/A,6032,6.30223,5.97815,1.66327,0,0,1,0,0,0,0,0,0,2025-10-01 23:17:53,,0,basket,
1088,https://boardgamegeek.com/xmlapi/termsofuse,"Wed, 26 Aug 2026 00:24:39 +0000",thing,4095,boardgame,33171586,Star Munchkin,1,2002,https://cf.geekdo-images.com/jyfjZbaamMHD8q8MKG4jSg__original/img/-dDGprrarAhqz21AkW6ClnP-tCE=/0x0/filters:format(jpeg)/pic883059.jpg,https://cf.geekdo-images.com/jyfjZbaamMHD8q8MKG4jSg__small/img/fAnBjOyb_Nk_1L2DJtUl3BOYZYU=/fit-in/200x150/filters:strip_icc()/pic883059.jpg,3,6,90,90,90,11936,N/A,5189,6.09983,5.82141,1.68164,0,0,1,0,0,0,0,0,0,2025-03-19 21:43:11,,0,Josh has,
1088,https://boardgamegeek.com/xmlapi/termsofuse,"Wed, 26 Aug 2026 00:24:39 +0000",thing,139771,boardgame,32084572,Star Trek: Attack Wing,1,2013,https://cf.geekdo-images.com/HG8b7l5Eiwkh68SoS7DzDQ__original/img/9cC5I4laEq08GvgWLkkqjz4kIcY=/0x0/filters:format(jpeg)/pic1731799.jpg,https://cf.geekdo-images.com/HG8b7l5Eiwkh68SoS7DzDQ__small/img/GGxrseB5XiydFI2IKak_tS4hXhg=/fit-in/200x150/filters:strip_icc()/pic1731799.jpg,2,99,60,60,60,3612,N/A,1981,7.49293,6.1837,1.70061,0,1,0,0,0,0,0,0,0,2015-12-28 10:41:39,,0,,
1088,https://boardgamegeek.com/xmlapi/termsofuse,"Wed, 26 Aug 2026 00:24:39 +0000",thing,205359,boardgame,47181591,Star Wars: Destiny,1,2016,https://cf.geekdo-images.com/wXqxBwfHnCCkPA04L6g2Og__original/img/yNtbKiWfXeGy-_MuzMIQeMwI9bQ=/0x0/filters:format(jpeg)/pic3363466.jpg,https://cf.geekdo-images.com/wXqxBwfHnCCkPA04L6g2Og__small/img/mVp0hoQwH5l1Llw8O24DAtVQFiQ=/fit-in/200x150/filters:strip_icc()/pic3363466.jpg,2,2,30,30,30,8947,N/A,5656,7.40842,6.76208,1.58797,0,0,1,0,0,0,0,0,0,2025-10-01 23:20:45,,0,main game,
1088,https://boardgamegeek.com/xmlapi/termsofuse,"Wed, 26 Aug 2026 00:24:39 +0000",thing,103885,boardgame,52999260,Star Wars: X-Wing Miniatures Game,1,2012,https://cf.geekdo-images.com/yNqgVxaqoZepir7Hzkfe-Q__original/img/H6rYWOhYjT_PXTrvHKyX6FEt-vw=/0x0/filters:format(jpeg)/pic1603292.jpg,https://cf.geekdo-images.com/yNqgVxaqoZepir7Hzkfe-Q__small/img/idalbLcUm2q9yxVZzRDkLEax5AE=/fit-in/200x150/filters:strip_icc()/pic1603292.jpg,2,2,30,45,45,41668,N/A,25580,7.62371,7.35876,1.44224,0,0,1,0,0,0,0,0,0,2025-10-01 23:19:07,,0,in main game,
1088,https://boardgamegeek.com/xmlapi/termsofuse,"Wed, 26 Aug 2026 00:24:39 +0000",thing,348498,boardgame,102404605,Steal the Bacon,1,2021,https://cf.geekdo-images.com/hJ9LY9MoS7L7L2S9xO579A__original/img/l5gta4D4TkBRp6KN-w3NPE5me5A=/0x0/filters:format(jpeg)/pic6435955.jpg,https://cf.geekdo-images.com/hJ9LY9MoS7L7L2S9xO579A__small/img/osHGiIGRsyt3Ed92gDtrTApzkjA=/fit-in/200x150/filters:strip_icc()/pic6435955.jpg,3,8,10,10,10,335,N/A,56,5.55,5.49991,1.66261,0,0,1,0,0,0,0,0,0,2025-10-01 23:20:57,,0,small,
1088,https://boardgamegeek.com/xmlapi/termsofuse,"Wed, 26 Aug 2026 00:24:39 +0000",thing,121410,boardgame,37955828,Steam Park,1,2013,https://cf.geekdo-images.com/HA0kPnNDm7O0gh0ukPcGcw__original/img/o98tRHk91X2oFIsYeyXvrJJixss=/0x0/filters:format(jpeg)/pic2656302.jpg,https://cf.geekdo-images.com/HA0kPnNDm7O0gh0ukPcGcw__small/img/zZNZq4mvxP9y-MxZQyeHvFsDhdk=/fit-in/200x150/filters:strip_icc()/pic2656302.jpg,2,4,60,60,60,9734,N/A,6142,6.81214,6.42538,1.22509,0,1,0,0,0,0,0,0,0,2016-11-02 15:33:18,,0,,
1088,https://boardgamegeek.com/xmlapi/termsofuse,"Wed, 26 Aug 2026 00:24:39 +0000",thing,180592,boardgame,39270156,Steam Time,1,2015,https://cf.geekdo-images.com/vSACd1EouuvLxh4uQpDaMg__original/img/EZk4xPX0KD3yPCI4caSYcmRRrAY=/0x0/filters:format(jpeg)/pic2602170.jpg,https://cf.geekdo-images.com/vSACd1EouuvLxh4uQpDaMg__small/img/jCiYWYExW1fWwP2lnnmObySqA74=/fit-in/200x150/filters:strip_icc()/pic2602170.jpg,2,4,90,90,90,3393,N/A,1902,7.02672,6.171,1.19505,0,1,0,0,0,0,0,0,0,2016-12-28 17:32:18,,0,,
1088,https://boardgamegeek.com/xmlapi/termsofuse,"Wed, 26 Aug 2026 00:24:39 +0000",thing,277011,boardgame,64998232,Stink Bug,1,2019,https://cf.geekdo-images.com/vDfewiy2AKGEbXZQclnnjQ__original/img/ThE-0kRCwzw_3HlkBB15WHRnVkE=/0x0/filters:format(jpeg)/pic9123815.jpg,https://cf.geekdo-images.com/vDfewiy2AKGEbXZQclnnjQ__small/img/bCSlwh2qNosO-oSHZ8gpsHqxrUo=/fit-in/200x150/filters:strip_icc()/pic9123815.jpg,2,4,15,25,25,27,N/A,7,5.85714,0,2.03038,0,0,1,0,0,0,0,0,0,2024-05-20 14:57:01,,0,,
1088,https://boardgamegeek.com/xmlapi/termsofuse,"Wed, 26 Aug 2026 00:24:39 +0000",thing,317439,boardgame,80013628,Story Chest,1,2018,https://cf.geekdo-images.com/UP64_0oIjp0G5h_yBkogFA__original/img/EaXV7RXeSEqjkYaVMOwKdB8ToZk=/0x0/filters:format(jpeg)/pic5797229.jpg,https://cf.geekdo-images.com/UP64_0oIjp0G5h_yBkogFA__small/img/X7uLi6-EiwZfa4cGzgaIAqAGITs=/fit-in/200x150/filters:strip_icc()/pic5797229.jpg,2,7,20,20,20,61,N/A,17,5.13529,0,2.21464,0,0,1,0,0,0,0,0,0,2025-10-01 23:21:22,,0,,
1088,https://boardgamegeek.com/xmlapi/termsofuse,"Wed, 26 Aug 2026 00:24:39 +0000",thing,169984,boardgame,56692896,Stowaway 52,1,2015,https://cf.geekdo-images.com/wSJzUO1N4WcoX-IWt7382w__original/img/ShC5D_IDEOuf_m9TFJswGwbe_Sk=/0x0/filters:format(jpeg)/pic3048436.jpg,https://cf.geekdo-images.com/wSJzUO1N4WcoX-IWt7382w__small/img/OVgR4_TwyGuJ2vXZC96Wx1nM3rU=/fit-in/200x150/filters:strip_icc()/pic3048436.jpg,1,5,15,15,15,355,N/A,114,5.60193,5.50592,1.51896,0,0,1,0,0,0,0,0,0,2025-10-01 23:22:17,,0,,
1088,https://boardgamegeek.com/xmlapi/termsofuse,"Wed, 26 Aug 2026 00:24:39 +0000",thing,91534,boardgame,80013039,Struggle for Catan,1,2011,https://cf.geekdo-images.com/PVKZVJjQtNS_q39ZG3WihA__original/img/RFMez4cNixiYBhyHO9j6miDTg38=/0x0/filters:format(png)/pic8808925.png,https://cf.geekdo-images.com/PVKZVJjQtNS_q39ZG3WihA__small/img/ZKC4c82cUgC37kLSiDCunNHGBY0=/fit-in/200x150/filters:strip_icc()/pic8808925.png,2,4,30,30,30,9663,N/A,3325,6.16526,5.84614,1.37969,0,0,1,0,0,0,0,0,0,2025-03-20 12:12:02,,0,Josh has,
1088,https://boardgamegeek.com/xmlapi/termsofuse,"Wed, 26 Aug 2026 00:24:39 +0000",thing,160853,boardgame,52718251,Stuff and Nonsense,1,2015,https://cf.geekdo-images.com/pToLgeklMUwqDtCPyUqoUA__original/img/3rObeuoUc_Mg-ywDfqNqWlHMS1s=/0x0/filters:format(jpeg)/pic2446127.jpg,https://cf.geekdo-images.com/pToLgeklMUwqDtCPyUqoUA__small/img/sy73pRqd3HyyRzI1M-rvswmlNts=/fit-in/200x150/filters:strip_icc()/pic2446127.jpg,2,6,40,40,40,1006,N/A,350,6.435,5.61226,1.37547,0,1,0,0,0,0,0,0,0,2025-10-02 9:59:38,,0,,
1088,https://boardgamegeek.com/xmlapi/termsofuse,"Wed, 26 Aug 2026 00:24:39 +0000",thing,233312,boardgame,81005018,Stuffed Fables,1,2018,https://cf.geekdo-images.com/CS83e1WOA5WMc4izRw6zwg__original/img/t8rrl-N63ofmYHV3_QTNGtkywOk=/0x0/filters:format(jpeg)/pic3708878.jpg,https://cf.geekdo-images.com/CS83e1WOA5WMc4izRw6zwg__small/img/S8F7Wyt0tUKzok9xKx4-f4IegRE=/fit-in/200x150/filters:strip_icc()/pic3708878.jpg,2,4,60,90,90,23091,N/A,8352,7.39681,6.90643,1.34893,0,1,0,0,0,0,0,0,0,2021-04-03 19:16:21,,0,,
1088,https://boardgamegeek.com/xmlapi/termsofuse,"Wed, 26 Aug 2026 00:24:39 +0000",thing,258855,boardgame,130539562,Stupid Deaths,1,2018,https://cf.geekdo-images.com/6z5M_U-COWMD_c0Ch7FsSA__original/img/BYoOEu4rx28Q9_Y52mD_1R12O7M=/0x0/filters:format(jpeg)/pic4365535.jpg,https://cf.geekdo-images.com/6z5M_U-COWMD_c0Ch7FsSA__small/img/JRrVP3C-4MCUx_KEAJAoarz7blU=/fit-in/200x150/filters:strip_icc()/pic4365535.jpg,2,6,,,,1922,N/A,519,4.34933,5.30076,1.86153,0,0,1,0,0,0,0,0,0,2025-03-20 12:17:35,,0,,
1088,https://boardgamegeek.com/xmlapi/termsofuse,"Wed, 26 Aug 2026 00:24:39 +0000",thing,16699,boardgame,100284998,Such & Such,1,2005,https://cf.geekdo-images.com/RsdWgo05c-yd9pzEbwbdcA__original/img/DUr4Yrazn7XYkKpWXlQGed1nFp4=/0x0/filters:format(jpeg)/pic2418429.jpg,https://cf.geekdo-images.com/RsdWgo05c-yd9pzEbwbdcA__small/img/M2S_9dllhJEOdjAz9JRc0C4DBkw=/fit-in/200x150/filters:strip_icc()/pic2418429.jpg,4,10,40,40,40,155,N/A,43,5.49302,5.49944,1.22178,0,0,1,0,0,0,0,0,0,2024-05-20 14:58:33,,0,,
1088,https://boardgamegeek.com/xmlapi/termsofuse,"Wed, 26 Aug 2026 00:24:39 +0000",thing,6657,boardgame,32084625,Such a Thing?,1,1989,https://cf.geekdo-images.com/xLrZF_TqCmrKchkqfIaj2g__original/img/lFh9CH4lCstHtuIWfNDsdpWgMBM=/0x0/filters:format(jpeg)/pic558448.jpg,https://cf.geekdo-images.com/xLrZF_TqCmrKchkqfIaj2g__small/img/ayA9ZNHXbYxcQDPMMX89uXPoAH4=/fit-in/200x150/filters:strip_icc()/pic558448.jpg,2,8,30,30,30,1769,N/A,865,6.12764,5.66481,1.50208,0,0,1,0,0,0,0,0,0,2021-03-01 22:04:46,,0,,
1088,https://boardgamegeek.com/xmlapi/termsofuse,"Wed, 26 Aug 2026 00:24:39 +0000",thing,337787,boardgame,137698972,Summer Camp,1,2021,https://cf.geekdo-images.com/KshsJJWgb265ZQjcxyZ89w__original/img/xnOVN46wMhi0thUUWnkkYPB68-k=/0x0/filters:format(jpeg)/pic6149210.jpg,https://cf.geekdo-images.com/KshsJJWgb265ZQjcxyZ89w__small/img/PFAUP9Kc-FqvZedvcr8zIrmZL2M=/fit-in/200x150/filters:strip_icc()/pic6149210.jpg,2,4,30,45,45,6913,N/A,2632,7.08718,6.31039,1.17366,0,1,0,0,0,0,0,0,0,2025-10-23 16:50:04,,0,,
1088,https://boardgamegeek.com/xmlapi/termsofuse,"Wed, 26 Aug 2026 00:24:39 +0000",thing,82420,boardgame,32084628,Summoner Wars: Guild Dwarves vs Cave Goblins,1,2009,https://cf.geekdo-images.com/cdArQcW8WRb_s76EsvnfZA__original/img/VALCJUmRmgpPKMGLzoC1dmZxv0s=/0x0/filters:format(jpeg)/pic573097.jpg,https://cf.geekdo-images.com/cdArQcW8WRb_s76EsvnfZA__small/img/jJn0qzpHLIl0vUgo3bZcz5d1Itw=/fit-in/200x150/filters:strip_icc()/pic573097.jpg,2,4,30,30,30,5220,N/A,2428,7.53961,6.50416,1.454,0,1,0,0,0,0,0,0,0,2025-03-20 12:28:39,,0,,
1088,https://boardgamegeek.com/xmlapi/termsofuse,"Wed, 26 Aug 2026 00:24:39 +0000",thing,16933,boardgame,32084633,Super Munchkin,1,2005,https://cf.geekdo-images.com/mczN7SxMfZqQWH75-s_fiQ__original/img/rjApHFxCQmcNGHP6JkYuBu1G9Mk=/0x0/filters:format(jpeg)/pic71945.jpg,https://cf.geekdo-images.com/mczN7SxMfZqQWH75-s_fiQ__small/img/BaYAj5cfec3KlIDoO9WhFrgeNBY=/fit-in/200x150/filters:strip_icc()/pic71945.jpg,3,6,90,90,90,7366,N/A,2939,5.8638,5.631,1.69458,0,0,1,0,0,0,0,0,0,2025-03-20 12:13:56,,0,Josh has,
1088,https://boardgamegeek.com/xmlapi/termsofuse,"Wed, 26 Aug 2026 00:24:39 +0000",thing,139443,boardgame,37221842,Superfight,1,2013,https://cf.geekdo-images.com/4ih18dd_9SZv3yn-YazMIw__original/img/VOTdHizWmvwJnOFMw6YMWj5sJSg=/0x0/filters:format(jpeg)/pic2933903.jpg,https://cf.geekdo-images.com/4ih18dd_9SZv3yn-YazMIw__small/img/i2BNig3lkYu3MZPhzKRIygg7RJU=/fit-in/200x150/filters:strip_icc()/pic2933903.jpg,3,20,15,15,15,8987,N/A,3090,5.80891,5.59184,1.77314,0,0,1,0,0,0,0,0,0,2025-03-20 12:14:11,,0,Josh has,
1088,https://boardgamegeek.com/xmlapi/termsofuse,"Wed, 26 Aug 2026 00:24:39 +0000",thing,247910,boardgame,81061943,Superfight: Fortress Mode,1,2018,https://cf.geekdo-images.com/XwAAT7MKjTXtm-HBfFn3vA__original/img/gyhw2kMrHSN-ch9p5INJ1a2d_TM=/0x0/filters:format(jpeg)/pic4329061.jpg,https://cf.geekdo-images.com/XwAAT7MKjTXtm-HBfFn3vA__small/img/fWvg8gEeaJGAlLlkEiBq61DU9ck=/fit-in/200x150/filters:strip_icc()/pic4329061.jpg,3,8,30,30,30,138,N/A,13,6.77077,0,1.81526,0,0,1,0,0,0,0,0,0,2025-03-20 12:15:32,,0,Josh has,
1088,https://boardgamegeek.com/xmlapi/termsofuse,"Wed, 26 Aug 2026 00:24:39 +0000",thing,247907,boardgame,81061958,Superfight: The '80's Deck,1,2017,https://cf.geekdo-images.com/jx_IkPJamz-B0SCcKr_4Zw__original/img/RW21qGTg8Ih6DR5A7eU-MCr5bB0=/0x0/filters:format(jpeg)/pic4088112.jpg,https://cf.geekdo-images.com/jx_IkPJamz-B0SCcKr_4Zw__small/img/DwW6qYbcWQ3RbimeObnmmibUI_U=/fit-in/200x150/filters:strip_icc()/pic4088112.jpg,3,8,30,30,30,146,N/A,21,6.38143,0,1.30174,0,0,1,0,0,0,0,0,0,2025-03-20 12:15:40,,0,Josh has,
1088,https://boardgamegeek.com/xmlapi/termsofuse,"Wed, 26 Aug 2026 00:24:39 +0000",thing,198950,boardgame,54338113,Superfight: The Anime Deck 2,1,2016,https://cf.geekdo-images.com/usmiln7xDvZa6eGbuSodMQ__original/img/rrM6sa4fIZ1pIWfl5ckprwWhM3k=/0x0/filters:format(jpeg)/pic3005945.jpg,https://cf.geekdo-images.com/usmiln7xDvZa6eGbuSodMQ__small/img/9nLTD319GlbosXYxAvC1U--S7Do=/fit-in/200x150/filters:strip_icc()/pic3005945.jpg,3,10,30,30,30,202,N/A,26,5.76923,0,1.97207,0,0,1,0,0,0,0,0,0,2025-03-20 12:15:48,,0,Josh has,
1088,https://boardgamegeek.com/xmlapi/termsofuse,"Wed, 26 Aug 2026 00:24:39 +0000",thing,182200,boardgame,55258192,Superfight: The Challenge Deck,1,2015,https://cf.geekdo-images.com/VWsgx0E2lmCEh4Ye-V_kiA__original/img/PRBy3nYn4qqV_Zvz6XbTOamXnfM=/0x0/filters:format(jpeg)/pic2852762.jpg,https://cf.geekdo-images.com/VWsgx0E2lmCEh4Ye-V_kiA__small/img/bt5i22_1REadTIzKFokq91feElA=/fit-in/200x150/filters:strip_icc()/pic2852762.jpg,3,10,30,,30,726,N/A,133,6.53609,5.54406,1.59508,0,0,1,0,0,0,0,0,0,2025-03-20 12:15:56,,0,Josh has,
1088,https://boardgamegeek.com/xmlapi/termsofuse,"Wed, 26 Aug 2026 00:24:39 +0000",thing,150388,boardgame,81002615,Superfight: The Orange Deck,1,2013,https://cf.geekdo-images.com/1Bu-Bcbbgbo1RH37lVhQ4g__original/img/vgOeiM8Ki2YHFuWyQDbWtQ4meUQ=/0x0/filters:format(png)/pic2429255.png,https://cf.geekdo-images.com/1Bu-Bcbbgbo1RH37lVhQ4g__small/img/BNNcWiW4srYiqsZMVgc64s3lMbw=/fit-in/200x150/filters:strip_icc()/pic2429255.png,2,10,30,30,30,1404,N/A,260,6.61769,5.58635,1.51928,0,0,1,0,0,0,0,0,0,2025-03-20 12:16:03,,0,Josh has,
1088,https://boardgamegeek.com/xmlapi/termsofuse,"Wed, 26 Aug 2026 00:24:39 +0000",thing,150385,boardgame,42450962,Superfight: The Red Deck,1,2013,https://cf.geekdo-images.com/cyByCLDKGiF65cz0aBpviQ__original/img/begEOTjXq6igpdKOW3c05TBBVDY=/0x0/filters:format(png)/pic2429257.png,https://cf.geekdo-images.com/cyByCLDKGiF65cz0aBpviQ__small/img/Amyd-MrqVcVG5kwsSe68ALT2RN4=/fit-in/200x150/filters:strip_icc()/pic2429257.png,2,10,30,30,30,1294,N/A,222,6.07676,5.53244,1.7248,0,0,1,0,0,0,0,0,0,2025-03-20 12:16:20,,0,Josh has,
1088,https://boardgamegeek.com/xmlapi/termsofuse,"Wed, 26 Aug 2026 00:24:39 +0000",thing,2653,boardgame,32084644,Survive: Escape from Atlantis!,1,1982,https://cf.geekdo-images.com/0M2ck50-GanxBWfOHUZ64A__original/img/5VKS6zuDQlHBQcTcDNRNFYu-7Bg=/0x0/filters:format(png)/pic1300182.png,https://cf.geekdo-images.com/0M2ck50-GanxBWfOHUZ64A__small/img/6ffKBS6bTCKgCmH7zdHJIxcU8ZA=/fit-in/200x150/filters:strip_icc()/pic1300182.png,2,4,45,60,60,41919,N/A,28081,7.30597,7.10834,1.2078,0,1,0,0,0,0,0,0,0,2024-05-20 14:54:05,,0,"Main box
Love this game!",
1088,https://boardgamegeek.com/xmlapi/termsofuse,"Wed, 26 Aug 2026 00:24:39 +0000",thing,96323,boardgame,33171823,Survive: Escape from Atlantis! – 5-6 Player Mini Expansion,1,2011,https://cf.geekdo-images.com/jEdUfkOze2ipFMI87YkOdw__original/img/L_rkOmX7D3HOV09Pk3Z3F2RXJ5g=/0x0/filters:format(jpeg)/pic1586886.jpg,https://cf.geekdo-images.com/jEdUfkOze2ipFMI87YkOdw__small/img/61M5SppE8ay-g1GJkne5qTbcf9s=/fit-in/200x150/filters:strip_icc()/pic1586886.jpg,2,6,45,45,45,6415,N/A,1814,7.40192,6.29835,1.23137,0,1,0,0,0,0,0,0,0,2016-02-19 18:16:09,,0,in main box,
1088,https://boardgamegeek.com/xmlapi/termsofuse,"Wed, 26 Aug 2026 00:24:39 +0000",thing,138745,boardgame,33469797,Survive: Escape from Atlantis! – Dolphins & Dive Dice Mini Expansion,1,2013,https://cf.geekdo-images.com/L6HIsJ3sjVa6lblalwCiuQ__original/img/BjrLFDPE_M1p5371lIOu_Kt78hM=/0x0/filters:format(jpeg)/pic1586882.jpg,https://cf.geekdo-images.com/L6HIsJ3sjVa6lblalwCiuQ__small/img/vZCj4y9MHGBK-wED7sIUpk_3mq8=/fit-in/200x150/filters:strip_icc()/pic1586882.jpg,2,4,60,60,60,4267,N/A,1036,7.19778,5.99533,1.27151,0,1,0,0,0,0,0,0,0,2016-03-09 2:31:26,,0,in main box,
1088,https://boardgamegeek.com/xmlapi/termsofuse,"Wed, 26 Aug 2026 00:24:39 +0000",thing,85990,boardgame,33171815,Survive: Escape from Atlantis! – The Giant Squid Mini Expansion,1,2011,https://cf.geekdo-images.com/CSHwPa0GA6o8eGUwNZjO9A__original/img/BjyBFh0BC5qUj6qO8rTkW7UoFD0=/0x0/filters:format(jpeg)/pic1586891.jpg,https://cf.geekdo-images.com/CSHwPa0GA6o8eGUwNZjO9A__small/img/Yq1jrwwRoSCy1uEWaZ3JCIL2itI=/fit-in/200x150/filters:strip_icc()/pic1586891.jpg,2,4,60,60,60,6254,N/A,1663,7.08944,6.13581,1.25895,0,1,0,0,0,0,0,0,0,2016-02-19 18:15:51,,0,in main box,
1088,https://boardgamegeek.com/xmlapi/termsofuse,"Wed, 26 Aug 2026 00:24:39 +0000",thing,133473,boardgame,32084652,Sushi Go!,1,2013,https://cf.geekdo-images.com/Fn3PSPZVxa3YurlorITQ1Q__original/img/5vRsn2TT9eJmq27i9HtLWKpB_xs=/0x0/filters:format(jpeg)/pic1900075.jpg,https://cf.geekdo-images.com/Fn3PSPZVxa3YurlorITQ1Q__small/img/6XF493O0tSyLyZP5ArlcZrOTMXQ=/fit-in/200x150/filters:strip_icc()/pic1900075.jpg,2,5,15,15,15,99553,6.5,53010,6.97885,6.86689,1.15977,0,1,0,0,0,0,0,0,0,2015-12-28 12:28:21,,0,"Cute, quick game",
1088,https://boardgamegeek.com/xmlapi/termsofuse,"Wed, 26 Aug 2026 00:24:39 +0000",thing,271869,boardgame,121479839,Sushi Roll,1,2019,https://cf.geekdo-images.com/fPyRT9GarW397PFE9Wz7GA__original/img/Hcso8Szmp58YYcyxab0mGog6Js8=/0x0/filters:format(jpeg)/pic4574571.jpg,https://cf.geekdo-images.com/fPyRT9GarW397PFE9Wz7GA__small/img/KaypUOL7u6t1kouptduCxYLmSjE=/fit-in/200x150/filters:strip_icc()/pic4574571.jpg,2,5,20,20,20,10182,N/A,4770,6.9803,6.46755,1.15666,0,1,0,0,0,0,0,0,0,2024-07-24 15:27:53,,0,,
1088,https://boardgamegeek.com/xmlapi/termsofuse,"Wed, 26 Aug 2026 00:24:39 +0000",thing,127784,boardgame,45669485,Suspend,1,2012,https://cf.geekdo-images.com/zuuf2DG9xa0kgcNgsUMXsw__original/img/BjBWFaWwFRHMg-BupjZL_4luC_k=/0x0/filters:format(jpeg)/pic1405270.jpg,https://cf.geekdo-images.com/zuuf2DG9xa0kgcNgsUMXsw__small/img/yceanBqEpzB8KdZ_rkcKY1Ynlw8=/fit-in/200x150/filters:strip_icc()/pic1405270.jpg,1,4,15,15,15,4122,N/A,1633,6.23831,5.77292,1.41143,0,0,1,0,0,0,0,0,0,2025-10-01 23:24:14,,0,on shelf,
1088,https://boardgamegeek.com/xmlapi/termsofuse,"Wed, 26 Aug 2026 00:24:39 +0000",thing,146508,boardgame,80013382,T.I.M.E Stories,1,2015,https://cf.geekdo-images.com/XmwCsjQ3C1Ul53ZN2o8Q-Q__original/img/sUuboe9L4_nrIokyjAE74uklCjE=/0x0/filters:format(png)/pic2617634.png,https://cf.geekdo-images.com/XmwCsjQ3C1Ul53ZN2o8Q-Q__small/img/tTU1YVtab-cN5gCdagINowvVA2g=/fit-in/200x150/filters:strip_icc()/pic2617634.png,2,4,90,90,90,43723,N/A,28873,7.33865,7.13517,1.73987,0,1,0,0,0,0,0,0,0,2021-03-01 23:09:48,,0,,
1088,https://boardgamegeek.com/xmlapi/termsofuse,"Wed, 26 Aug 2026 00:24:39 +0000",thing,193527,boardgame,109598286,T.I.M.E Stories: Expedition – Endurance,1,2017,https://cf.geekdo-images.com/F-uty6X4xlU4bvSUMQWzNw__original/img/OyKZSeONzTt5bAfzbmq6ZkWSpx8=/0x0/filters:format(jpeg)/pic3510831.jpg,https://cf.geekdo-images.com/F-uty6X4xlU4bvSUMQWzNw__small/img/zLt2WRu9XTpuYsg32ZnQrcOk3F4=/fit-in/200x150/filters:strip_icc()/pic3510831.jpg,2,4,60,90,90,10386,N/A,3298,7.35338,6.56436,1.42138,0,1,0,0,0,0,0,0,0,2023-08-25 15:56:25,,0,,
1088,https://boardgamegeek.com/xmlapi/termsofuse,"Wed, 26 Aug 2026 00:24:39 +0000",thing,180585,boardgame,80013388,T.I.M.E Stories: The Marcy Case,1,2015,https://cf.geekdo-images.com/1qkb3qeZH8cvxELmfQ9Njg__original/img/r24aXjcVQ6IkIoFwCpnnl-JB4bQ=/0x0/filters:format(jpeg)/pic2617644.jpg,https://cf.geekdo-images.com/1qkb3qeZH8cvxELmfQ9Njg__small/img/r8De2ZwzvqHlKKb-P6_UiWAPWr8=/fit-in/200x150/filters:strip_icc()/pic2617644.jpg,2,4,60,90,90,17052,N/A,6983,7.47872,6.95135,1.42507,0,1,0,0,0,0,0,0,0,2021-03-01 23:10:05,,0,,
1088,https://boardgamegeek.com/xmlapi/termsofuse,"Wed, 26 Aug 2026 00:24:39 +0000",thing,1111,boardgame,54335557,Taboo,1,1989,https://cf.geekdo-images.com/TdOB9V-wTf0LenXk8QWo-A__original/img/mhYaJYFxGrVZaP7ZL08ZuFJj5Ak=/0x0/filters:format(jpeg)/pic8377520.jpg,https://cf.geekdo-images.com/TdOB9V-wTf0LenXk8QWo-A__small/img/FU6jPnm6yzKxH8au69ZAJwC2wpY=/fit-in/200x150/filters:strip_icc()/pic8377520.jpg,4,10,20,20,20,28772,N/A,14251,6.32333,6.14294,1.4953,0,0,1,0,0,0,0,0,0,2022-12-28 19:08:26,,0,,
1088,https://boardgamegeek.com/xmlapi/termsofuse,"Wed, 26 Aug 2026 00:24:39 +0000",thing,249816,boardgame,102404623,Taco vs Burrito,1,2018,https://cf.geekdo-images.com/uzup0Vf48l1O-xrTrtZC-g__original/img/TSxHDMqIYKEh2cg8G_neCXGlHfw=/0x0/filters:format(jpeg)/pic8386226.jpg,https://cf.geekdo-images.com/uzup0Vf48l1O-xrTrtZC-g__small/img/u3ktcctcMKBghg5IjGgalnoJQmY=/fit-in/200x150/filters:strip_icc()/pic8386226.jpg,2,4,15,45,45,3198,N/A,747,5.03952,5.3707,1.79356,0,0,1,0,0,0,0,0,0,2023-02-19 11:09:12,,1,"Rating: Fair
Play: hand building
Thoughts: Easy to lose at last minute.",
1088,https://boardgamegeek.com/xmlapi/termsofuse,"Wed, 26 Aug 2026 00:24:39 +0000",thing,401636,boardgame,144692567,Tacta,1,2025,https://cf.geekdo-images.com/yJpVLQv5HdzV-0i5F3dF5g__original/img/ayovzEsEaw4gIJnl0nEyk3wPq0w=/0x0/filters:format(jpeg)/pic8758068.jpg,https://cf.geekdo-images.com/yJpVLQv5HdzV-0i5F3dF5g__small/img/DFwg5rs2sFfKEnRydOV7deLTvQY=/fit-in/200x150/filters:strip_icc()/pic8758068.jpg,2,6,20,,20,6778,N/A,2387,6.6725,6.05605,1.40034,0,1,0,0,0,0,0,0,0,2026-04-18 18:09:02,,0,,
1088,https://boardgamegeek.com/xmlapi/termsofuse,"Wed, 26 Aug 2026 00:24:39 +0000",thing,70919,boardgame,50644877,Takenoko,1,2011,https://cf.geekdo-images.com/uvz-5V6A2R6dp2oWIXmj_g__original/img/HxMG1z7bIVGCGPI6u6ciVO0Oubk=/0x0/filters:format(jpeg)/pic1912529.jpg,https://cf.geekdo-images.com/uvz-5V6A2R6dp2oWIXmj_g__small/img/vz9Ec1xB2b4JJQlZFijUsuCvfkQ=/fit-in/200x150/filters:strip_icc()/pic1912529.jpg,2,4,45,45,45,78455,N/A,48403,7.19604,7.05555,1.20273,0,1,0,0,0,0,0,0,0,2018-03-29 19:24:05,,0,,
1088,https://boardgamegeek.com/xmlapi/termsofuse,"Wed, 26 Aug 2026 00:24:39 +0000",thing,323022,boardgame,130539884,Tall Tales: A Game of Competitive Story-Writing,1,2020,https://cf.geekdo-images.com/rAn-r8e8AaUP-A8xxiXzXA__original/img/b6LTzbDSKhlH6KSsxSIj7zSKoOY=/0x0/filters:format(jpeg)/pic5821852.jpg,https://cf.geekdo-images.com/rAn-r8e8AaUP-A8xxiXzXA__small/img/vxErthded62VO-C5eFGlCE1cBGI=/fit-in/200x150/filters:strip_icc()/pic5821852.jpg,3,12,30,60,60,18,N/A,2,6.375,0,0.125,0,1,0,0,0,0,0,0,0,2025-03-20 12:27:36,,0,,
1088,https://boardgamegeek.com/xmlapi/termsofuse,"Wed, 26 Aug 2026 00:24:39 +0000",thing,19442,boardgame,42206748,Tally-Ho,1,1998,https://cf.geekdo-images.com/t0_zVtJCWI_PRktnAp8G5Q__original/img/FwWjtgNhRm0efeRi9ebFGhh6G1w=/0x0/filters:format(jpeg)/pic91130.jpg,https://cf.geekdo-images.com/t0_zVtJCWI_PRktnAp8G5Q__small/img/H43NUCwWv5awGHU_NnVtopcfkCs=/fit-in/200x150/filters:strip_icc()/pic91130.jpg,1,5,,,,145,N/A,40,6.2475,5.50949,1.47339,0,0,1,0,0,0,0,0,0,2025-10-01 23:26:03,,0,,
1088,https://boardgamegeek.com/xmlapi/termsofuse,"Wed, 26 Aug 2026 00:24:39 +0000",thing,375562,boardgame,130522624,Tangled Twistmas Card Game,1,2022,https://cf.geekdo-images.com/0c76W6e4AMYH1D-QIGOxBQ__original/img/bhP-dv6-MXvTdwtsYhDUkb7OsXI=/0x0/filters:format(jpeg)/pic7673230.jpg,https://cf.geekdo-images.com/0c76W6e4AMYH1D-QIGOxBQ__small/img/J4LFq5bb7Ahj2r-iKrA48w19QYk=/fit-in/200x150/filters:strip_icc()/pic7673230.jpg,2,6,,,,46,N/A,10,5.1,0,1.44568,0,0,1,0,0,0,0,0,0,2025-10-01 23:26:17,,0,Kids,
1088,https://boardgamegeek.com/xmlapi/termsofuse,"Wed, 26 Aug 2026 00:24:39 +0000",thing,983,boardgame,32084665,Tangoes,1,1980,https://cf.geekdo-images.com/RqSEffTWOgqvTfKC2Szf9A__original/img/Il_t5x3fvSl_6ngZErZM4A6HsVM=/0x0/filters:format(jpeg)/pic1944878.jpg,https://cf.geekdo-images.com/RqSEffTWOgqvTfKC2Szf9A__small/img/7hzCNA2d4DCzuHYeCnX3NVTRwdg=/fit-in/200x150/filters:strip_icc()/pic1944878.jpg,1,2,10,10,10,1448,5.5,460,5.74152,5.52712,1.42861,0,1,0,0,0,0,0,0,0,2015-12-28 12:28:30,,0,kids,
1088,https://boardgamegeek.com/xmlapi/termsofuse,"Wed, 26 Aug 2026 00:24:39 +0000",thing,142519,boardgame,34587457,Tangram 4,1,,https://cf.geekdo-images.com/Ti-WQa6aOQ5mHn5Kym4gdQ__original/img/RYP8SJodWG0L91a17LXDiIi8wS0=/0x0/filters:format(jpeg)/pic1657067.jpg,https://cf.geekdo-images.com/Ti-WQa6aOQ5mHn5Kym4gdQ__small/img/ClHrOiEwIG0lvFKiw8KsLXkHKQc=/fit-in/200x150/filters:strip_icc()/pic1657067.jpg,2,4,30,30,30,28,N/A,10,6,0,1.84391,0,0,1,0,0,0,0,0,0,2025-10-01 23:27:10,,0,,
1088,https://boardgamegeek.com/xmlapi/termsofuse,"Wed, 26 Aug 2026 00:24:39 +0000",thing,1038,boardgame,32084673,Tantrix,1,1991,https://cf.geekdo-images.com/yub8x1pyIOkV0ry-15bwcw__original/img/5qV4aRwVuwDg4HAsd7bDRFXam1M=/0x0/filters:format(jpeg)/pic8692268.jpg,https://cf.geekdo-images.com/yub8x1pyIOkV0ry-15bwcw__small/img/WD4DyxqAaA3_ifeF-tjXki3oGNI=/fit-in/200x150/filters:strip_icc()/pic8692268.jpg,1,6,30,30,30,5191,N/A,2413,6.35895,5.89986,1.4257,0,0,1,0,0,0,0,0,0,2025-10-01 23:27:49,,0,,
1088,https://boardgamegeek.com/xmlapi/termsofuse,"Wed, 26 Aug 2026 00:24:39 +0000",thing,181811,boardgame,56693112,Tatsu,1,2016,https://cf.geekdo-images.com/i4ATT7q0Mg4inm6WhwRMgA__original/img/nQ3n2GCmvK2jadlIz8a-VQMkXAM=/0x0/filters:format(jpeg)/pic6361335.jpg,https://cf.geekdo-images.com/i4ATT7q0Mg4inm6WhwRMgA__small/img/N6uLmNSagjnY5JeYcqdOl6BVIeo=/fit-in/200x150/filters:strip_icc()/pic6361335.jpg,2,2,30,45,45,1364,N/A,733,6.67899,5.76089,1.45303,0,1,0,0,0,0,0,0,0,2018-12-17 23:41:00,,0,,
1088,https://boardgamegeek.com/xmlapi/termsofuse,"Wed, 26 Aug 2026 00:24:39 +0000",thing,18940,boardgame,32084681,Team Out! Hockey,1,1996,https://cf.geekdo-images.com/t3Fr1xKYmKHB8hLrZZ4LKA__original/img/fh-NejfbNmmTfGPnXYB_4LrZnLk=/0x0/filters:format(jpeg)/pic600316.jpg,https://cf.geekdo-images.com/t3Fr1xKYmKHB8hLrZZ4LKA__small/img/IJvGU4QQbN5wDo9L1bGa65fdNoo=/fit-in/200x150/filters:strip_icc()/pic600316.jpg,2,6,30,30,30,20,N/A,4,6.25,0,0.75,0,0,1,0,0,0,0,0,0,2021-03-01 22:07:57,,0,,
1088,https://boardgamegeek.com/xmlapi/termsofuse,"Wed, 26 Aug 2026 00:24:39 +0000",thing,68340,boardgame,55869015,Tell Tale,1,2010,https://cf.geekdo-images.com/G678Mh1Bhd6Xmu1trRgGHg__original/img/BV41mhi2M47BEeNzuf8zhr4GdvE=/0x0/filters:format(jpeg)/pic1218408.jpg,https://cf.geekdo-images.com/G678Mh1Bhd6Xmu1trRgGHg__small/img/9O2w8ist4SCgyOfG2EenEihOvNc=/fit-in/200x150/filters:strip_icc()/pic1218408.jpg,3,12,20,20,20,734,N/A,197,5.82888,5.51853,1.63605,0,1,0,0,0,0,0,0,0,2024-05-20 15:08:27,,0,kids,
1088,https://boardgamegeek.com/xmlapi/termsofuse,"Wed, 26 Aug 2026 00:24:39 +0000",thing,367024,boardgame,121479829,Temple Raider,1,2022,https://cf.geekdo-images.com/7z07JCWzlOQNrkO7xSERfw__original/img/42uvrs9S-WFg-p4ftirNLdjnLPg=/0x0/filters:format(png)/pic7172803.png,https://cf.geekdo-images.com/7z07JCWzlOQNrkO7xSERfw__small/img/vUZXsVLj3T0OtZI-CQ4pQDOapSc=/fit-in/200x150/filters:strip_icc()/pic7172803.png,2,4,25,45,45,402,N/A,116,6.91595,5.5584,1.42255,0,1,0,0,0,0,0,0,0,2024-07-24 15:27:32,,0,,
1088,https://boardgamegeek.com/xmlapi/termsofuse,"Wed, 26 Aug 2026 00:24:39 +0000",thing,338117,boardgame,130540283,Termite Towers,1,2022,https://cf.geekdo-images.com/NPdRRMQRKBcOtzbxrwM3Pg__original/img/fXurqxmwHgH22qZ623EMo_M7VWk=/0x0/filters:format(jpeg)/pic6368782.jpg,https://cf.geekdo-images.com/NPdRRMQRKBcOtzbxrwM3Pg__small/img/pClK3NjPMUlyIPUuvcl8opK6nBg=/fit-in/200x150/filters:strip_icc()/pic6368782.jpg,1,4,60,75,75,177,N/A,27,6.40741,0,1.20214,0,1,0,0,0,0,0,0,0,2025-03-20 12:44:14,,0,,
1088,https://boardgamegeek.com/xmlapi/termsofuse,"Wed, 26 Aug 2026 00:24:39 +0000",thing,364186,boardgame,137273539,Terra Nova,1,2022,https://cf.geekdo-images.com/vtUlmpCE_ij4Us9hOPPcZw__original/img/cXScDjjKNWdrgjvDitctDEpVOYI=/0x0/filters:format(png)/pic6896566.png,https://cf.geekdo-images.com/vtUlmpCE_ij4Us9hOPPcZw__small/img/N1F2Aeld8k0SuCgpgWlOaruXD4A=/fit-in/200x150/filters:strip_icc()/pic6896566.png,2,4,60,90,90,5075,N/A,2665,7.11303,6.3356,1.31392,0,1,0,0,0,0,0,0,0,2025-10-11 14:20:42,,0,,
1088,https://boardgamegeek.com/xmlapi/termsofuse,"Wed, 26 Aug 2026 00:24:39 +0000",thing,328871,boardgame,97763796,Terraforming Mars: Ares Expedition,1,2021,https://cf.geekdo-images.com/eT_Atcy_vRJvuUMgYakNrQ__original/img/upZwrb6k8zZMNTwB8VfpI372yuo=/0x0/filters:format(jpeg)/pic6260098.jpg,https://cf.geekdo-images.com/eT_Atcy_vRJvuUMgYakNrQ__small/img/YxoNRQg9owsoi68POaMY0Ix31ZI=/fit-in/200x150/filters:strip_icc()/pic6260098.jpg,1,4,45,60,60,40608,N/A,21465,7.63054,7.36994,1.38895,0,1,0,0,0,0,0,0,0,2022-09-14 16:30:38,,0,,
1088,https://boardgamegeek.com/xmlapi/termsofuse,"Wed, 26 Aug 2026 00:24:39 +0000",thing,270138,boardgame,80291554,Terror Below,1,2019,https://cf.geekdo-images.com/zgKZrD936yP5TgvofvQBmg__original/img/C6mO9vow7X3ikD35xqFBYHa20fI=/0x0/filters:format(jpeg)/pic4560900.jpg,https://cf.geekdo-images.com/zgKZrD936yP5TgvofvQBmg__small/img/gsSWBOJbJXC5zoahHYW0X7krYZc=/fit-in/200x150/filters:strip_icc()/pic4560900.jpg,1,5,45,60,60,4257,N/A,1757,6.6695,5.97025,1.39923,0,1,0,0,0,0,0,0,0,2021-03-10 21:56:48,,0,,
1088,https://boardgamegeek.com/xmlapi/termsofuse,"Wed, 26 Aug 2026 00:24:39 +0000",thing,244522,boardgame,80013147,That's Pretty Clever!,1,2018,https://cf.geekdo-images.com/u1EZSUC5n8k4g4OFPkn3ow__original/img/e4QJiofBkd18ZffIURPyqNWrhxk=/0x0/filters:format(jpeg)/pic8014078.jpg,https://cf.geekdo-images.com/u1EZSUC5n8k4g4OFPkn3ow__small/img/mOfaidSnvnq2gHEQuAsYTLyIQQQ=/fit-in/200x150/filters:strip_icc()/pic8014078.jpg,1,4,30,30,30,47602,N/A,28339,7.54701,7.35942,1.13839,0,1,0,0,0,0,0,0,0,2024-05-20 15:08:56,,0,can,
1088,https://boardgamegeek.com/xmlapi/termsofuse,"Wed, 26 Aug 2026 00:24:39 +0000",thing,12063,boardgame,54597662,There's a Moose in the House,1,2004,https://cf.geekdo-images.com/UumOIGIBCEqKE9XnGd0__Q__original/img/wNyn39YXfk8mRhae6XMnMzOJD9c=/0x0/filters:format(jpeg)/pic974382.jpg,https://cf.geekdo-images.com/UumOIGIBCEqKE9XnGd0__Q__small/img/_WjLt-p6JZ9fUTVP5EK6NQ7lZQg=/fit-in/200x150/filters:strip_icc()/pic974382.jpg,2,5,15,15,15,2318,N/A,968,5.28037,5.4175,1.57693,0,0,1,0,0,0,0,0,0,2025-10-01 23:30:44,,0,kids,
1088,https://boardgamegeek.com/xmlapi/termsofuse,"Wed, 26 Aug 2026 00:24:39 +0000",thing,182351,boardgame,62337231,Thief's Market,1,2016,https://cf.geekdo-images.com/oDqIrGJx6n9Qf6SUqEIMzQ__original/img/-MJYdnSWARcsFsUyaZv-NHgmfps=/0x0/filters:format(png)/pic2773860.png,https://cf.geekdo-images.com/oDqIrGJx6n9Qf6SUqEIMzQ__small/img/7Bl58-ys66y3hmEm66P8JuKJaHg=/fit-in/200x150/filters:strip_icc()/pic2773860.png,3,5,30,50,50,4645,N/A,1914,6.44113,5.90051,1.35075,0,1,0,0,0,0,0,0,0,2019-07-28 14:47:19,,0,,
1088,https://boardgamegeek.com/xmlapi/termsofuse,"Wed, 26 Aug 2026 00:24:39 +0000",thing,226634,boardgame,136903048,The Thing: Infection at Outpost 31,5,2017,https://cf.geekdo-images.com/dnaRKONI7bLHtAK09gDc9w__original/img/RSsMtVz_9kbB5Z0X9BDpump6CA0=/0x0/filters:format(jpeg)/pic6379662.jpg,https://cf.geekdo-images.com/dnaRKONI7bLHtAK09gDc9w__small/img/8rMHnexN8ODJZ1A-8FLgnhLzO6I=/fit-in/200x150/filters:strip_icc()/pic6379662.jpg,4,8,60,120,120,4246,N/A,1945,7.24288,6.19034,1.61963,0,1,0,0,0,0,0,0,0,2025-09-29 22:30:15,,0,,
1088,https://boardgamegeek.com/xmlapi/termsofuse,"Wed, 26 Aug 2026 00:24:39 +0000",thing,33447,boardgame,34587299,Think-ets,1,2007,https://cf.geekdo-images.com/Wa8_iLNhn3hBbHJuHZtNhg__original/img/o3MjUmXtqnBCGZbmejCB-ebj2O8=/0x0/filters:format(jpeg)/pic285805.jpg,https://cf.geekdo-images.com/Wa8_iLNhn3hBbHJuHZtNhg__small/img/zrPnpq6heS65x1-MsfPd9JrbE9o=/fit-in/200x150/filters:strip_icc()/pic285805.jpg,1,12,2,2,2,10,N/A,0,0,0,0,0,0,1,0,0,0,0,0,0,2025-10-02 14:25:19,,0,bin,
1088,https://boardgamegeek.com/xmlapi/termsofuse,"Wed, 26 Aug 2026 00:24:39 +0000",thing,2878,boardgame,54335875,ThinkBlot,1,1997,https://cf.geekdo-images.com/XcwbaqktTKpU5HbhekNJ3w__original/img/Hc4JsYUKhCwlcluWDFPW26QGUyk=/0x0/filters:format(jpeg)/pic263481.jpg,https://cf.geekdo-images.com/XcwbaqktTKpU5HbhekNJ3w__small/img/dXcbPx9KWiqTpHSEm0_U7UH9Ka0=/fit-in/200x150/filters:strip_icc()/pic263481.jpg,2,6,45,45,45,907,N/A,251,4.43699,5.39589,1.70238,0,0,1,0,0,0,0,0,0,2021-03-01 22:05:32,,0,,
1088,https://boardgamegeek.com/xmlapi/termsofuse,"Wed, 26 Aug 2026 00:24:39 +0000",thing,503,boardgame,148901621,Through the Desert,1,1998,https://cf.geekdo-images.com/Rq_hJIAO7jDgIpAW943hJA__original/img/9lIQGNwBYmAlsgXOI6Iw2Q2CIkA=/0x0/filters:format(jpeg)/pic7697747.jpg,https://cf.geekdo-images.com/Rq_hJIAO7jDgIpAW943hJA__small/img/blKEV5US-j7v3VDceGF1CIUb-lE=/fit-in/200x150/filters:strip_icc()/pic7697747.jpg,2,5,45,45,45,21578,N/A,16807,7.19668,6.97798,1.22519,0,1,0,0,0,0,0,0,0,2026-08-25 19:23:34,,0,,
1088,https://boardgamegeek.com/xmlapi/termsofuse,"Wed, 26 Aug 2026 00:24:39 +0000",thing,274533,boardgame,119378344,Throw Throw Burrito,1,2019,https://cf.geekdo-images.com/5ClVKrQcLkzRdBGiEfjevQ__original/img/NDGN_eKZmO7uJD0l5JIKJkAX24o=/0x0/filters:format(jpeg)/pic7073068.jpg,https://cf.geekdo-images.com/5ClVKrQcLkzRdBGiEfjevQ__small/img/FJa46kpICy-6AF4n7W-v9ICP_yo=/fit-in/200x150/filters:strip_icc()/pic7073068.jpg,2,6,15,15,15,19720,N/A,5181,6.21138,5.90412,1.63487,0,0,1,0,0,0,0,0,0,2025-10-01 23:31:49,,0,,
1088,https://boardgamegeek.com/xmlapi/termsofuse,"Wed, 26 Aug 2026 00:24:39 +0000",thing,11901,boardgame,32084730,Tic-Tac-Toe,1,-1300,https://cf.geekdo-images.com/UImMYmMZKE4AGTMPHRM9fA__original/img/yAjwt5O95x6cthCVs0HhHl4y4H0=/0x0/filters:format(jpeg)/pic48183.jpg,https://cf.geekdo-images.com/UImMYmMZKE4AGTMPHRM9fA__small/img/Usf_w0hroenXwFopRfYCtZtdjmU=/fit-in/200x150/filters:strip_icc()/pic48183.jpg,2,2,1,1,1,1982,5,4366,2.78606,3.70185,1.97909,0,1,0,0,0,0,0,0,0,2015-12-28 12:28:36,,0,bin,
1088,https://boardgamegeek.com/xmlapi/termsofuse,"Wed, 26 Aug 2026 00:24:39 +0000",thing,9209,boardgame,32084748,Ticket to Ride,1,2004,https://cf.geekdo-images.com/kdWYkW-7AqG63HhqPL6ekA__original/img/rWF8r4JXXCQQ7QhiWHhmT-rQ3Pc=/0x0/filters:format(jpeg)/pic8937637.jpg,https://cf.geekdo-images.com/kdWYkW-7AqG63HhqPL6ekA__small/img/5G46jv8MFh_BfX67iMSouTMhKxc=/fit-in/200x150/filters:strip_icc()/pic8937637.jpg,2,5,30,60,60,150948,7.5,99283,7.38433,7.25967,1.30264,0,1,0,0,0,0,0,0,0,2015-12-28 12:28:43,,0,"Love, love, love this game!",
1088,https://boardgamegeek.com/xmlapi/termsofuse,"Wed, 26 Aug 2026 00:24:39 +0000",thing,147938,boardgame,32084743,Ticket to Ride Map Collection 4: Nederland,1,2013,https://cf.geekdo-images.com/_wmNjg9ltVqJb1eTuSldow__original/img/NSgv9aIknQYbMVJWSVxdrKqWG5o=/0x0/filters:format(jpeg)/pic1777274.jpg,https://cf.geekdo-images.com/_wmNjg9ltVqJb1eTuSldow__small/img/Gc0FflIjl0jSJw6AOVC74UH6yjw=/fit-in/200x150/filters:strip_icc()/pic1777274.jpg,2,5,30,60,60,10489,7,3134,7.35085,6.53098,1.18458,0,1,0,0,0,0,0,0,0,2015-12-28 12:28:49,,0,,
1088,https://boardgamegeek.com/xmlapi/termsofuse,"Wed, 26 Aug 2026 00:24:39 +0000",thing,53383,boardgame,80013374,Ticket to Ride: Europa 1912,1,2009,https://cf.geekdo-images.com/MCmzxazcFn15SZZ-vnfwFw__original/img/kuwkvxI3Xx5tJRHVSOENPvLRwpM=/0x0/filters:format(jpeg)/pic534424.jpg,https://cf.geekdo-images.com/MCmzxazcFn15SZZ-vnfwFw__small/img/6sQprnr4_pjl9XFcUir5MS4G3Cw=/fit-in/200x150/filters:strip_icc()/pic534424.jpg,2,5,30,60,60,21313,N/A,6244,7.63222,6.99973,1.17374,0,1,0,0,0,0,0,0,0,2021-03-01 23:09:27,,0,,
1088,https://boardgamegeek.com/xmlapi/termsofuse,"Wed, 26 Aug 2026 00:24:39 +0000",thing,14996,boardgame,137262930,Ticket to Ride: Europe,1,2005,https://cf.geekdo-images.com/EQJZDO1Jq8KL-HxmWLwL-Q__original/img/LOC8D0q01ZRvZ6v1n7l8Zueos-E=/0x0/filters:format(jpeg)/pic9580918.jpg,https://cf.geekdo-images.com/EQJZDO1Jq8KL-HxmWLwL-Q__small/img/XE-BFNwHZ0NZVko1pCj3gdFaGxY=/fit-in/200x150/filters:strip_icc()/pic9580918.jpg,2,5,30,60,60,140001,N/A,86327,7.5227,7.39326,1.19675,0,1,0,0,0,0,0,0,0,2025-10-11 7:37:42,,0,,
1088,https://boardgamegeek.com/xmlapi/termsofuse,"Wed, 26 Aug 2026 00:24:39 +0000",thing,205125,boardgame,51961170,Ticket to Ride: First Journey (U.S.),1,2016,https://cf.geekdo-images.com/bGvfrC4pLxR-xkK_nN31DA__original/img/YyJlEee0IXZKQKeDD9UxPwQgRk8=/0x0/filters:format(jpeg)/pic3116341.jpg,https://cf.geekdo-images.com/bGvfrC4pLxR-xkK_nN31DA__small/img/oHlL9FSE6aJxTGwxAY7hVYqz7Ew=/fit-in/200x150/filters:strip_icc()/pic3116341.jpg,2,4,15,30,30,8906,N/A,2819,6.84046,6.18746,1.2452,0,1,0,0,0,0,0,0,0,2025-03-20 12:35:08,,0,Kids,
1088,https://boardgamegeek.com/xmlapi/termsofuse,"Wed, 26 Aug 2026 00:24:39 +0000",thing,276894,boardgame,101390490,Ticket to Ride: London,1,2019,https://cf.geekdo-images.com/gJq8JOmOmmZSFpbrWGQMDQ__original/img/nrik6K05TtQl7RSfCD-syaOnBoU=/0x0/filters:format(png)/pic4666620.png,https://cf.geekdo-images.com/gJq8JOmOmmZSFpbrWGQMDQ__small/img/kjppa8fi_pMWlWpMVfC6xAMgec8=/fit-in/200x150/filters:strip_icc()/pic4666620.png,2,4,10,15,15,16041,N/A,5887,7.04156,6.5681,1.13363,0,1,0,0,0,0,0,0,0,2022-12-28 19:16:28,,0,,
1088,https://boardgamegeek.com/xmlapi/termsofuse,"Wed, 26 Aug 2026 00:24:39 +0000",thing,253284,boardgame,66266541,Ticket to Ride: New York,1,2018,https://cf.geekdo-images.com/v0YHI6x4g8dJdtSqaxMdiA__original/img/U0g-dhZFasfDloAJDxP1NT5ruDI=/0x0/filters:format(jpeg)/pic4132194.jpg,https://cf.geekdo-images.com/v0YHI6x4g8dJdtSqaxMdiA__small/img/wqM16CzK9QcarS8s6X6iAxvFe3Q=/fit-in/200x150/filters:strip_icc()/pic4132194.jpg,2,4,10,15,15,18292,N/A,7803,6.87868,6.52345,1.18214,0,1,0,0,0,0,0,0,0,2023-02-19 12:04:03,,1,"Game Play: set collecting
Our Rating: Good
Thoughts: Better for 8-10 YO.  Rules slightly modified from original rules.",
1088,https://boardgamegeek.com/xmlapi/termsofuse,"Wed, 26 Aug 2026 00:24:39 +0000",thing,362541,boardgame,136976331,Ticket to Ride: San Francisco,1,2022,https://cf.geekdo-images.com/pIwUHxze-vcbThTE9JrRgg__original/img/_mmaFQnlTqZ6bdmFsAQwMyHXomo=/0x0/filters:format(png)/pic6850090.png,https://cf.geekdo-images.com/pIwUHxze-vcbThTE9JrRgg__small/img/gs6tv4k2kkOAQvwKWxwi0nJOWMQ=/fit-in/200x150/filters:strip_icc()/pic6850090.png,2,4,10,15,15,5989,N/A,1549,7.1239,6.12018,1.14579,0,1,0,0,0,0,0,0,0,2025-10-02 9:40:23,,0,,
1088,https://boardgamegeek.com/xmlapi/termsofuse,"Wed, 26 Aug 2026 00:24:39 +0000",thing,38454,boardgame,119254586,Ticket to Ride: The Dice Expansion,1,2008,https://cf.geekdo-images.com/SK8y0CtOXpsTrE9rajpjvQ__original/img/Q9DHcPp67ven0DzYIsEhythCE3M=/0x0/filters:format(jpeg)/pic372893.jpg,https://cf.geekdo-images.com/SK8y0CtOXpsTrE9rajpjvQ__small/img/iq_aoHX6IeOpJ1Kj4ukdy7DS4wE=/fit-in/200x150/filters:strip_icc()/pic372893.jpg,2,5,30,50,50,2764,N/A,868,5.69579,5.54119,1.76377,0,1,0,0,0,0,0,0,0,2024-05-14 16:42:36,,0,,
1088,https://boardgamegeek.com/xmlapi/termsofuse,"Wed, 26 Aug 2026 00:24:39 +0000",thing,24439,boardgame,119254576,Ticket to Ride: USA 1910,1,2006,https://cf.geekdo-images.com/JMC_eP625nO1t_uI9HoQ7g__original/img/j7HTQ3Ijy8mr9kYsY9nZ5WLt26I=/0x0/filters:format(jpeg)/pic144599.jpg,https://cf.geekdo-images.com/JMC_eP625nO1t_uI9HoQ7g__small/img/3_K2lD007FGiRNsD7qvhOXO1roM=/fit-in/200x150/filters:strip_icc()/pic144599.jpg,2,5,30,60,60,28780,N/A,11579,7.99248,7.52626,1.16155,0,1,0,0,0,0,0,0,0,2024-05-14 16:42:20,,0,,
1088,https://boardgamegeek.com/xmlapi/termsofuse,"Wed, 26 Aug 2026 00:24:39 +0000",thing,195544,boardgame,47826763,Tides of Madness,1,2016,https://cf.geekdo-images.com/4WOoQjudFETUV3i4_Pq0iA__original/img/z6aKGoz8kUhXDzB_1js9I3ol5TI=/0x0/filters:format(jpeg)/pic3028109.jpg,https://cf.geekdo-images.com/4WOoQjudFETUV3i4_Pq0iA__small/img/hHXOu1AHkrwm6chx0k3jZGDTQNc=/fit-in/200x150/filters:strip_icc()/pic3028109.jpg,2,2,20,20,20,9044,N/A,4306,6.71092,6.26622,1.17315,0,1,0,0,0,0,0,0,0,2017-12-21 15:38:40,,0,,
1088,https://boardgamegeek.com/xmlapi/termsofuse,"Wed, 26 Aug 2026 00:24:39 +0000",thing,176229,boardgame,34362179,Tides of Time,1,2015,https://cf.geekdo-images.com/pRCIGU5zrYqPc-fjF2CevA__original/img/pmdzqABppWfAQRX-mp6t4-JsFWo=/0x0/filters:format(jpeg)/pic2486726.jpg,https://cf.geekdo-images.com/pRCIGU5zrYqPc-fjF2CevA__small/img/muBa0gw1sCOOkLqKIBXK42iyF_g=/fit-in/200x150/filters:strip_icc()/pic2486726.jpg,2,2,20,20,20,11924,N/A,7724,6.57251,6.31002,1.18342,0,1,0,0,0,0,0,0,0,2016-05-01 12:03:41,,0,,
1088,https://boardgamegeek.com/xmlapi/termsofuse,"Wed, 26 Aug 2026 00:24:39 +0000",thing,186864,boardgame,130517976,Tiefe Taschen,1,2016,https://cf.geekdo-images.com/LmiOQL4EVYnJX6J8OYQwtQ__original/img/cwjNLU0Ali27SK1nhwlQqquxa7E=/0x0/filters:format(jpeg)/pic3145019.jpg,https://cf.geekdo-images.com/LmiOQL4EVYnJX6J8OYQwtQ__small/img/ajE6waGUrroo5e-6nWGLXh_95f0=/fit-in/200x150/filters:strip_icc()/pic3145019.jpg,4,8,20,50,50,790,N/A,653,7.15737,5.85922,1.34612,0,0,1,0,0,0,0,0,0,2025-10-01 23:33:36,,0,,
1088,https://boardgamegeek.com/xmlapi/termsofuse,"Wed, 26 Aug 2026 00:24:39 +0000",thing,34373,boardgame,32084761,Tiki Topple,1,2008,https://cf.geekdo-images.com/Nn5x_dnKHypk7W41CtU_uQ__original/img/uMnP-JwplnKUrt9SR6YOOGNE7I0=/0x0/filters:format(jpeg)/pic7277801.jpg,https://cf.geekdo-images.com/Nn5x_dnKHypk7W41CtU_uQ__small/img/c4WUmUWj9ZJOFhm65jxCGFS1amc=/fit-in/200x150/filters:strip_icc()/pic7277801.jpg,2,4,20,20,20,4447,5,2622,6.47493,5.98757,1.24393,0,1,0,0,0,0,0,0,0,2015-12-28 12:28:57,,0,,
1088,https://boardgamegeek.com/xmlapi/termsofuse,"Wed, 26 Aug 2026 00:24:39 +0000",thing,312502,boardgame,115966304,Tile Up,1,2019,https://cf.geekdo-images.com/F1NrhrwA365fZu_qdks5Qg__original/img/pyQ_nTDcbrCUQ3H7uuDLp-liUs4=/0x0/filters:format(jpeg)/pic5484405.jpg,https://cf.geekdo-images.com/F1NrhrwA365fZu_qdks5Qg__small/img/_5i_U9Wi0r2gMdl3I6WpJafn6Fc=/fit-in/200x150/filters:strip_icc()/pic5484405.jpg,2,4,30,45,45,43,N/A,5,6.55,0,0.87178,0,0,1,0,0,0,0,0,0,2025-10-01 23:34:17,,0,Old games,
1088,https://boardgamegeek.com/xmlapi/termsofuse,"Wed, 26 Aug 2026 00:24:39 +0000",thing,113401,boardgame,100975088,Timeline: Events,1,2011,https://cf.geekdo-images.com/LrDQfaK6qmBUvZopYW0qig__original/img/kcQswr81bli9JcTOWVv0FGs64b0=/0x0/filters:format(jpeg)/pic6033229.jpg,https://cf.geekdo-images.com/LrDQfaK6qmBUvZopYW0qig__small/img/lElmJFHhrhCkM6UtmSwSEIp0l4k=/fit-in/200x150/filters:strip_icc()/pic6033229.jpg,2,8,15,15,15,10557,N/A,5284,6.75747,6.34722,1.18645,0,1,0,0,0,0,0,0,0,2022-12-18 19:21:27,,0,,
1088,https://boardgamegeek.com/xmlapi/termsofuse,"Wed, 26 Aug 2026 00:24:39 +0000",thing,131325,boardgame,32084766,Timeline: General Interest,1,2012,https://cf.geekdo-images.com/E5jsUTUueJK9cIjqktSPKw__original/img/m42vSZ987QO9w9Rv_aLeCBWmKqM=/0x0/filters:format(png)/pic8286827.png,https://cf.geekdo-images.com/E5jsUTUueJK9cIjqktSPKw__small/img/PVBokM8A9A84p5Fyy6Oojn-ycpA=/fit-in/200x150/filters:strip_icc()/pic8286827.png,2,8,15,15,15,9168,6,4500,6.75809,6.30263,1.17456,0,1,0,0,0,0,0,0,0,2015-12-28 12:29:04,,0,,
1088,https://boardgamegeek.com/xmlapi/termsofuse,"Wed, 26 Aug 2026 00:24:39 +0000",thing,291508,boardgame,130744612,Tiny Epic Dinosaurs,1,2020,https://cf.geekdo-images.com/iHH85cDgyfTdoM4BQddhKw__original/img/lVcNkceUfMA8pf1bLPnjJOp0mYE=/0x0/filters:format(jpeg)/pic4995784.jpg,https://cf.geekdo-images.com/iHH85cDgyfTdoM4BQddhKw__small/img/3Gp_7vSRpXHkaZqJhNeUQthcOeQ=/fit-in/200x150/filters:strip_icc()/pic4995784.jpg,1,4,30,60,60,12926,N/A,4287,7.27767,6.61087,1.18688,0,1,0,0,0,0,0,0,0,2025-03-26 16:32:18,,0,,
1088,https://boardgamegeek.com/xmlapi/termsofuse,"Wed, 26 Aug 2026 00:24:39 +0000",thing,317105,boardgame,115965453,Tiny Epic Galaxies BLAST OFF!,1,2020,https://cf.geekdo-images.com/eIqhZp_jXgKppi7BeSj0ww__original/img/7IYPgMjmesf9VtCcK8F8s6tW3FM=/0x0/filters:format(jpeg)/pic5598574.jpg,https://cf.geekdo-images.com/eIqhZp_jXgKppi7BeSj0ww__small/img/Tdp391_qftRvMNakRgEkt_SMsFg=/fit-in/200x150/filters:strip_icc()/pic5598574.jpg,2,4,30,45,45,3066,N/A,941,7.26369,5.98152,1.1168,0,1,0,0,0,0,0,0,0,2024-02-05 14:24:46,,0,,
1088,https://boardgamegeek.com/xmlapi/termsofuse,"Wed, 26 Aug 2026 00:24:39 +0000",thing,180852,boardgame,45815842,Tiny Epic Western,1,2016,https://cf.geekdo-images.com/kFjhHf1GyTywohUu4ylykA__original/img/uWshV9cvrOUZyWqJ3VSjvH6BgMc=/0x0/filters:format(jpeg)/pic2795243.jpg,https://cf.geekdo-images.com/kFjhHf1GyTywohUu4ylykA__small/img/sbjYQ4xUOyxrPO2bWy_UDzptDhA=/fit-in/200x150/filters:strip_icc()/pic2795243.jpg,1,4,30,45,45,12958,N/A,4442,6.62365,6.19492,1.41646,0,1,0,0,0,0,0,0,0,2017-10-06 9:27:13,,0,,
1088,https://boardgamegeek.com/xmlapi/termsofuse,"Wed, 26 Aug 2026 00:24:39 +0000",thing,265736,boardgame,98478373,Tiny Towns,1,2019,https://cf.geekdo-images.com/aE1EoOzr530gQin8bj8QDA__original/img/-GDAsvmQ3wkuHaZ8h9G5Gk_nvVA=/0x0/filters:format(jpeg)/pic4460401.jpg,https://cf.geekdo-images.com/aE1EoOzr530gQin8bj8QDA__small/img/AI-Ro3wLJtpyZLmCMNywOlpz0S8=/fit-in/200x150/filters:strip_icc()/pic4460401.jpg,1,6,45,60,60,36781,N/A,22718,7.17275,6.97763,1.20903,0,1,0,0,0,0,0,0,0,2022-10-07 13:03:03,,0,,
1088,https://boardgamegeek.com/xmlapi/termsofuse,"Wed, 26 Aug 2026 00:24:39 +0000",thing,282493,boardgame,61868832,TINYforming Mars,1,2019,https://cf.geekdo-images.com/a67cnF2VzCnulcxoqP3oBA__original/img/YOdCD7Idvn_imIdpBdVoBehVTwE=/0x0/filters:format(png)/pic4797309.png,https://cf.geekdo-images.com/a67cnF2VzCnulcxoqP3oBA__small/img/mkiXpngJeIzIaJOOciQ1JoLT_CY=/fit-in/200x150/filters:strip_icc()/pic4797309.png,1,2,30,45,45,826,9,321,6.98828,5.66464,1.56844,0,1,0,0,0,0,0,0,0,2024-05-20 15:16:09,,0,"P&P
This is a fun, well-designed game and I love the theme and artwork. The gameplay is fairly easy to learn but it still provides a challenge. I highly recommend this!",
1088,https://boardgamegeek.com/xmlapi/termsofuse,"Wed, 26 Aug 2026 00:24:39 +0000",thing,417403,boardgame,141476401,Toriki: The Castaway Island,1,2024,https://cf.geekdo-images.com/CcyCXwCxNYwUvEfwCcL-FQ__original/img/woZgwI6rxgemonN2yKH2bniAq4Q=/0x0/filters:format(jpeg)/pic8284551.jpg,https://cf.geekdo-images.com/CcyCXwCxNYwUvEfwCcL-FQ__small/img/7dy9hSWAYE1tWNTC7XGi4X0tzaY=/fit-in/200x150/filters:strip_icc()/pic8284551.jpg,1,4,20,600,600,1354,N/A,660,8.50247,6.01799,1.35424,0,1,0,0,0,0,0,0,0,2026-01-18 23:03:23,,0,,
1088,https://boardgamegeek.com/xmlapi/termsofuse,"Wed, 26 Aug 2026 00:24:39 +0000",thing,218530,boardgame,81061981,Tortuga 1667,1,2017,https://cf.geekdo-images.com/rT6zVN1zRbEMHok5V_zoGQ__original/img/lDlFYDfC2TzfsljzpsvlJCQdapQ=/0x0/filters:format(png)/pic3747083.png,https://cf.geekdo-images.com/rT6zVN1zRbEMHok5V_zoGQ__small/img/851DsrYg9ei8WsbL77sj5eQMvP0=/fit-in/200x150/filters:strip_icc()/pic3747083.png,2,9,20,40,40,12375,N/A,4233,6.87001,6.30941,1.44366,0,1,0,0,0,0,0,0,0,2021-04-05 17:58:17,,0,,
1088,https://boardgamegeek.com/xmlapi/termsofuse,"Wed, 26 Aug 2026 00:24:39 +0000",thing,27870,boardgame,34586968,Toss Your Cookies,1,2007,https://cf.geekdo-images.com/wOcRzhG4ySDUZawxnGUZMg__original/img/WMB_nemdf1gwoM-XKtsjGlMrkb8=/0x0/filters:format(jpeg)/pic3031804.jpg,https://cf.geekdo-images.com/wOcRzhG4ySDUZawxnGUZMg__small/img/gs_-whrtWHSwkDrMsbMWzryM4PA=/fit-in/200x150/filters:strip_icc()/pic3031804.jpg,3,8,15,15,15,400,N/A,178,5.32759,5.4854,1.44022,0,0,1,0,0,0,0,0,0,2021-03-01 22:06:17,,0,,
1088,https://boardgamegeek.com/xmlapi/termsofuse,"Wed, 26 Aug 2026 00:24:39 +0000",thing,257987,boardgame,81002530,The Towers of Arkhanos,5,2019,https://cf.geekdo-images.com/ScgKv1Wb4BrTTZTZ6pXN6w__original/img/UM2R-3e9XHBSRnXoaCy2shkTRGc=/0x0/filters:format(jpeg)/pic4837957.jpg,https://cf.geekdo-images.com/ScgKv1Wb4BrTTZTZ6pXN6w__small/img/IF-Fp4yu2qaGXxb9dq_Br2d4A7M=/fit-in/200x150/filters:strip_icc()/pic4837957.jpg,2,4,20,30,30,2190,N/A,845,6.65683,5.76087,1.44144,0,1,0,0,0,0,0,0,0,2021-04-03 17:26:45,,0,,
1088,https://boardgamegeek.com/xmlapi/termsofuse,"Wed, 26 Aug 2026 00:24:39 +0000",thing,21804,boardgame,34587543,Traditional Card Games,1,,https://cf.geekdo-images.com/APsz5hbwZfFesAdQYgEgPw__original/img/zHJiLyHxbp1E-M4YrfKRoEp5vdA=/0x0/filters:format(jpeg)/pic111209.jpg,https://cf.geekdo-images.com/APsz5hbwZfFesAdQYgEgPw__small/img/LhK9J4TbsFk2RheSfB_E4T3Im6Y=/fit-in/200x150/filters:strip_icc()/pic111209.jpg,,,,,,3758,N/A,1354,6.90785,5.98036,1.83501,0,0,1,0,0,0,0,0,0,2025-10-02 14:29:07,,0,cards,
1088,https://boardgamegeek.com/xmlapi/termsofuse,"Wed, 26 Aug 2026 00:24:39 +0000",thing,338628,boardgame,142571682,Trails,1,2021,https://cf.geekdo-images.com/alEgV88cpqFtaHAklI6lbw__original/img/5jdMrbjMlK3698GCyKWzWNxQsOo=/0x0/filters:format(jpeg)/pic6214088.jpg,https://cf.geekdo-images.com/alEgV88cpqFtaHAklI6lbw__small/img/Zjwu-ZXktck4EIrVDhMqjLsZmsQ=/fit-in/200x150/filters:strip_icc()/pic6214088.jpg,2,4,20,40,40,14123,N/A,4712,7.01489,6.45907,1.22338,0,1,0,0,0,0,0,0,0,2026-02-14 20:30:22,,0,,
1088,https://boardgamegeek.com/xmlapi/termsofuse,"Wed, 26 Aug 2026 00:24:39 +0000",thing,283864,boardgame,87070091,Trails of Tucana,1,2019,https://cf.geekdo-images.com/y8ifesXfHobUtIgnSuC0DA__original/img/8fe6EzD9co2hkaqFDsxHeoMY5SA=/0x0/filters:format(jpeg)/pic4860701.jpg,https://cf.geekdo-images.com/y8ifesXfHobUtIgnSuC0DA__small/img/y5rGQUFTGETcIg9HSfuGnHkD234=/fit-in/200x150/filters:strip_icc()/pic4860701.jpg,1,8,15,15,15,8760,N/A,5384,7.3581,6.77226,1.12593,0,1,0,0,0,0,0,0,0,2021-10-30 17:46:14,,0,,
1088,https://boardgamegeek.com/xmlapi/termsofuse,"Wed, 26 Aug 2026 00:24:39 +0000",thing,288513,boardgame,119378342,Tranquility,1,2020,https://cf.geekdo-images.com/nQJ9Kr9BP7zdm__rSvrx3w__original/img/ryAqjh1RzofMQXC77hyqMFVpNV8=/0x0/filters:format(png)/pic6152802.png,https://cf.geekdo-images.com/nQJ9Kr9BP7zdm__rSvrx3w__small/img/8YdbYqiyOw64OzqvXpWGzHb2Xr0=/fit-in/200x150/filters:strip_icc()/pic6152802.png,1,5,15,20,20,8302,N/A,4227,6.91966,6.37793,1.27216,0,1,0,0,0,0,0,0,0,2024-05-18 21:13:23,,0,,
1088,https://boardgamegeek.com/xmlapi/termsofuse,"Wed, 26 Aug 2026 00:24:39 +0000",thing,216439,boardgame,80013215,Trash Pandas,1,2017,https://cf.geekdo-images.com/y4ysd5L5XvfUysv7gkIbdg__original/img/bkxrMNyahRh4pqR2Jj6tgk4rdTU=/0x0/filters:format(jpeg)/pic3989423.jpg,https://cf.geekdo-images.com/y4ysd5L5XvfUysv7gkIbdg__small/img/7zg5-sdRuVXYS3MB8wyHm40S2to=/fit-in/200x150/filters:strip_icc()/pic3989423.jpg,2,4,15,20,20,10789,N/A,3370,6.49734,6.03399,1.33123,0,1,0,0,0,0,0,0,0,2021-03-01 23:00:19,,0,,
1088,https://boardgamegeek.com/xmlapi/termsofuse,"Wed, 26 Aug 2026 00:24:39 +0000",thing,218564,boardgame,52718267,Treasure Rush,1,2017,https://cf.geekdo-images.com/yOSuOLsvkk4bMQVTLnjrOw__original/img/x4ushwIMGi0E99YP83uv3V7pWJU=/0x0/filters:format(png)/pic3364215.png,https://cf.geekdo-images.com/yOSuOLsvkk4bMQVTLnjrOw__small/img/5C0NNSrKazVWO4pml-TjPY2Zuv0=/fit-in/200x150/filters:strip_icc()/pic3364215.png,2,4,10,10,10,86,N/A,36,4.625,5.48526,1.41114,0,0,1,0,0,0,0,0,0,2025-10-01 23:36:23,,0,kids,
1088,https://boardgamegeek.com/xmlapi/termsofuse,"Wed, 26 Aug 2026 00:24:39 +0000",thing,255708,boardgame,136054902,Trekking the National Parks: Second Edition,1,2018,https://cf.geekdo-images.com/peNOoXcF6cz-XSHzAeCx0A__original/img/FctT1rPjzHieVuprVn8ZjVlL1-w=/0x0/filters:format(jpeg)/pic4214949.jpg,https://cf.geekdo-images.com/peNOoXcF6cz-XSHzAeCx0A__small/img/Tmx9J7OEhN6ToX39jiIjluH_ycU=/fit-in/200x150/filters:strip_icc()/pic4214949.jpg,2,5,30,60,60,4498,N/A,1567,6.95653,6.03229,1.27587,0,1,0,0,0,0,0,0,0,2025-09-02 16:45:58,,0,,
1088,https://boardgamegeek.com/xmlapi/termsofuse,"Wed, 26 Aug 2026 00:24:39 +0000",thing,293605,boardgame,130519128,Trekking the National Parks: Trivia,1,2019,https://cf.geekdo-images.com/B1P7EeZlmit0EsLSpq_PSQ__original/img/RBQAd8uMW_WT3zjgihTIM-mPe5Y=/0x0/filters:format(jpeg)/pic5041363.jpg,https://cf.geekdo-images.com/B1P7EeZlmit0EsLSpq_PSQ__small/img/eEqi58F8dU7mltFI1dKeXtJpntg=/fit-in/200x150/filters:strip_icc()/pic5041363.jpg,2,6,15,30,30,303,N/A,55,6.48679,5.51821,1.36199,0,1,0,0,0,0,0,0,0,2025-03-19 18:25:40,,0,,
1088,https://boardgamegeek.com/xmlapi/termsofuse,"Wed, 26 Aug 2026 00:24:39 +0000",thing,300442,boardgame,75966916,Trekking the World,1,2020,https://cf.geekdo-images.com/mt3YkpsVsz0nF2IDbTxBrw__original/img/ygyPe89OfaG_0EEV-2vn0nv6xjQ=/0x0/filters:format(jpeg)/pic5206887.jpg,https://cf.geekdo-images.com/mt3YkpsVsz0nF2IDbTxBrw__small/img/6ZOaTk_OkvueInXrVyx8iAqk8o8=/fit-in/200x150/filters:strip_icc()/pic5206887.jpg,2,5,30,60,60,6924,N/A,3635,7.02556,6.39343,1.25056,0,1,0,0,0,0,0,0,0,2020-11-05 14:33:00,,0,,
1088,https://boardgamegeek.com/xmlapi/termsofuse,"Wed, 26 Aug 2026 00:24:39 +0000",thing,202582,boardgame,66266742,Trellis,1,2018,https://cf.geekdo-images.com/zvhFe2_h7Vafetkf0k56Yw__original/img/ZdFkzJyaFvx8RCMe0uqmv5lv2Y4=/0x0/filters:format(jpeg)/pic4199751.jpg,https://cf.geekdo-images.com/zvhFe2_h7Vafetkf0k56Yw__small/img/HDF0S9c2yxfCMaA9i1B0x99HfJU=/fit-in/200x150/filters:strip_icc()/pic4199751.jpg,2,4,20,20,20,1786,N/A,835,5.85183,5.57239,1.51958,0,0,1,0,0,0,0,0,0,2023-02-19 11:04:43,,1,"Rating: Fair
Play: Building vines
Thoughts: Not good as a 2 player, seemed simple",
1088,https://boardgamegeek.com/xmlapi/termsofuse,"Wed, 26 Aug 2026 00:24:39 +0000",thing,4040,boardgame,32084777,Tri-Ominos,1,1965,https://cf.geekdo-images.com/yER_W1PbMuTqGXaliCKggg__original/img/pGpQtHTYLFRqPPohTn763lTK5QU=/0x0/filters:format(jpeg)/pic392301.jpg,https://cf.geekdo-images.com/yER_W1PbMuTqGXaliCKggg__small/img/HoHC2gp0eHyZ-rX2us59hpnAlYI=/fit-in/200x150/filters:strip_icc()/pic392301.jpg,2,4,30,30,30,9766,5.5,3415,5.43722,5.42564,1.55265,0,0,1,0,0,0,0,0,0,2025-10-01 23:37:25,,0,"old games
Dominoes Plus",
1088,https://boardgamegeek.com/xmlapi/termsofuse,"Wed, 26 Aug 2026 00:24:39 +0000",thing,1962,boardgame,54336037,Tribond,1,1989,https://cf.geekdo-images.com/t3jUkl3ZjurkZJSzfDvTXg__original/img/ZfKibcKv8JN23gmf5azFA2CnD0A=/0x0/filters:format(png)/pic4991956.png,https://cf.geekdo-images.com/t3jUkl3ZjurkZJSzfDvTXg__small/img/Y1fcXokJ1_6i-ZuMKRRfoGKHXlk=/fit-in/200x150/filters:strip_icc()/pic4991956.png,2,15,60,60,60,3521,N/A,1341,5.2952,5.40581,1.53594,0,0,1,0,0,0,0,0,0,2021-03-01 22:05:58,,0,,
1088,https://boardgamegeek.com/xmlapi/termsofuse,"Wed, 26 Aug 2026 00:24:39 +0000",thing,2040,boardgame,32084782,Trippples,1,1972,https://cf.geekdo-images.com/66iM4bYyL12YkrrMUUelKA__original/img/JaBm_zFK3gp47X8SwL3ElHRBL7s=/0x0/filters:format(jpeg)/pic149786.jpg,https://cf.geekdo-images.com/66iM4bYyL12YkrrMUUelKA__small/img/ysmkQMqoXVylgRdr5eu2vH0SI1M=/fit-in/200x150/filters:strip_icc()/pic149786.jpg,2,4,20,20,20,585,N/A,172,5.77762,5.51466,1.43443,0,0,1,0,0,0,0,0,0,2021-03-01 22:08:30,,0,,
1088,https://boardgamegeek.com/xmlapi/termsofuse,"Wed, 26 Aug 2026 00:24:39 +0000",thing,1410,boardgame,33170847,Trouble,1,1965,https://cf.geekdo-images.com/BvPQfI3qiIA8Xd74n3WnUg__original/img/YxXQe0Nw8U5IAFgWnOflBj3UWRE=/0x0/filters:format(jpeg)/pic8205524.jpg,https://cf.geekdo-images.com/BvPQfI3qiIA8Xd74n3WnUg__small/img/INCOVvGgqj7LEbBbQJOBRambw0M=/fit-in/200x150/filters:strip_icc()/pic8205524.jpg,2,4,45,45,45,8529,N/A,4677,3.88349,4.36273,1.74258,0,0,1,0,0,0,0,0,0,2016-02-19 17:06:12,,0,,
1088,https://boardgamegeek.com/xmlapi/termsofuse,"Wed, 26 Aug 2026 00:24:39 +0000",thing,16992,boardgame,32084790,Tsuro,1,2005,https://cf.geekdo-images.com/2V3d4ryhxkS3RoPtDrvpUw__original/img/TP5U-O2eujPBK9IVmmifdfkWwdQ=/0x0/filters:format(jpeg)/pic875761.jpg,https://cf.geekdo-images.com/2V3d4ryhxkS3RoPtDrvpUw__small/img/NWgNhoxUIF7Lmj1apRkZQhFL6NU=/fit-in/200x150/filters:strip_icc()/pic875761.jpg,2,8,15,20,20,47665,6.5,30883,6.66827,6.53244,1.33362,0,1,0,0,0,0,0,0,0,2015-12-28 12:29:18,,0,I like this strategy game,
1088,https://boardgamegeek.com/xmlapi/termsofuse,"Wed, 26 Aug 2026 00:24:39 +0000",thing,124172,boardgame,137262937,Tsuro of the Seas,1,2012,https://cf.geekdo-images.com/mQgUEukVc97EDZ_YIRxxwg__original/img/BUWEc5GWtNAsUGtPHP8FNT_s_Uo=/0x0/filters:format(jpeg)/pic1301853.jpg,https://cf.geekdo-images.com/mQgUEukVc97EDZ_YIRxxwg__small/img/PRBd4GvWPitG1UZxu3wvIY0N46o=/fit-in/200x150/filters:strip_icc()/pic1301853.jpg,2,8,20,40,40,13489,N/A,7027,6.50928,6.20813,1.43476,0,1,0,0,0,0,0,0,0,2025-10-11 7:38:04,,0,,
1088,https://boardgamegeek.com/xmlapi/termsofuse,"Wed, 26 Aug 2026 00:24:39 +0000",thing,282776,boardgame,130540302,Tumble Town,1,2021,https://cf.geekdo-images.com/EtqJabfNn_PXM4KyWujAxQ__original/img/UM4lb5A1BhITrBTLdb1BU5ttw3w=/0x0/filters:format(jpeg)/pic8895555.jpg,https://cf.geekdo-images.com/EtqJabfNn_PXM4KyWujAxQ__small/img/eN2WBk-HarA9k3VT-nRC8UkHG2k=/fit-in/200x150/filters:strip_icc()/pic8895555.jpg,1,4,45,45,45,1438,N/A,601,6.88954,5.77273,1.21576,0,1,0,0,0,0,0,0,0,2025-03-20 12:44:41,,0,,
1088,https://boardgamegeek.com/xmlapi/termsofuse,"Wed, 26 Aug 2026 00:24:39 +0000",thing,182299,boardgame,53920771,Tundra: The Board Game,1,2009,https://cf.geekdo-images.com/X84s8tDKlMD68MY_7aNvHg__original/img/FCAwlNbeRcUR7Cen2gqQVgsZlHc=/0x0/filters:format(jpeg)/pic3335961.jpg,https://cf.geekdo-images.com/X84s8tDKlMD68MY_7aNvHg__small/img/W5PUw3mIj_Ktavaa3yPwggrmOJ0=/fit-in/200x150/filters:strip_icc()/pic3335961.jpg,2,6,90,150,150,16,N/A,2,5.5,0,2.5,0,0,1,0,0,0,0,0,0,2021-03-01 22:02:16,,0,,
1088,https://boardgamegeek.com/xmlapi/termsofuse,"Wed, 26 Aug 2026 00:24:39 +0000",thing,62213,boardgame,119539852,Turkey Day,1,2009,https://cf.geekdo-images.com/KIca56VAZ1bUURDX3o86VQ__original/img/jlsyHimJJjS7tqjvdaR5Yiaf6n0=/0x0/filters:format(jpeg)/pic606966.jpg,https://cf.geekdo-images.com/KIca56VAZ1bUURDX3o86VQ__small/img/4Qlx2mP4CQdhlM3x2PuUtPSzt5Y=/fit-in/200x150/filters:strip_icc()/pic606966.jpg,1,1,5,5,5,33,N/A,13,6.03846,0,1.06449,0,1,0,0,0,0,0,0,0,2024-05-23 19:42:55,,0,p&p,
1088,https://boardgamegeek.com/xmlapi/termsofuse,"Wed, 26 Aug 2026 00:24:39 +0000",thing,269210,boardgame,80013221,Twice as Clever!,1,2019,https://cf.geekdo-images.com/5F4jkBIAbtkLJXOtvBjh3g__original/img/wnrJkPHJDbaT5nDbpjCxGIN5ZZE=/0x0/filters:format(jpeg)/pic8014068.jpg,https://cf.geekdo-images.com/5F4jkBIAbtkLJXOtvBjh3g__small/img/1wKiUIxUBZpJaDRiRwHPCUrGZdk=/fit-in/200x150/filters:strip_icc()/pic8014068.jpg,1,4,30,30,30,19939,N/A,10365,7.41066,7.03124,1.17309,0,1,0,0,0,0,0,0,0,2021-03-01 23:00:39,,0,,
1088,https://boardgamegeek.com/xmlapi/termsofuse,"Wed, 26 Aug 2026 00:24:39 +0000",thing,139975,boardgame,32084817,Twisted Farkel,1,2011,https://cf.geekdo-images.com/mUdHQbQJUBRPGZJiuCyC5Q__original/img/b0b_3DNAx3vsl9ZByFFtSVKrZ6s=/0x0/filters:format(jpeg)/pic1887441.jpg,https://cf.geekdo-images.com/mUdHQbQJUBRPGZJiuCyC5Q__small/img/NUu-HlVcwQ1OjqIbnKSyG9C68vU=/fit-in/200x150/filters:strip_icc()/pic1887441.jpg,2,6,15,15,15,206,N/A,53,5.27358,5.49375,1.74984,0,0,1,0,0,0,0,0,0,2025-10-02 11:18:29,,0,can,
1088,https://boardgamegeek.com/xmlapi/termsofuse,"Wed, 26 Aug 2026 00:24:39 +0000",thing,5894,boardgame,33170822,Twister,1,1966,https://cf.geekdo-images.com/RuJHXpILS6DC9O18zl_HoQ__original/img/JRn1IA-QtMrefZ85h8wu2kwSoIE=/0x0/filters:format(png)/pic9453572.png,https://cf.geekdo-images.com/RuJHXpILS6DC9O18zl_HoQ__small/img/ns599-p4peek0jNiUjiMGAlyd6A=/fit-in/200x150/filters:strip_icc()/pic9453572.png,2,4,10,10,10,11339,N/A,5658,4.56221,4.78801,1.80952,0,0,1,0,0,0,0,0,0,2016-02-19 17:04:24,,0,,
1088,https://boardgamegeek.com/xmlapi/termsofuse,"Wed, 26 Aug 2026 00:24:39 +0000",thing,12784,boardgame,32084823,Twister Moves,1,2003,https://cf.geekdo-images.com/-paB6ry5t6A7SIAimhll4w__original/img/_9IclD-d4djSRjdkwljADKPc8rY=/0x0/filters:format(jpeg)/pic104572.jpg,https://cf.geekdo-images.com/-paB6ry5t6A7SIAimhll4w__small/img/n6C0b83fA7ahZRouxgO95BjYgRw=/fit-in/200x150/filters:strip_icc()/pic104572.jpg,1,4,20,20,20,292,N/A,65,4.51154,5.4692,1.72838,0,0,1,0,0,0,0,0,0,2021-03-01 22:02:31,,0,,
1088,https://boardgamegeek.com/xmlapi/termsofuse,"Wed, 26 Aug 2026 00:24:39 +0000",thing,31999,boardgame,109351229,TZAAR,1,2007,https://cf.geekdo-images.com/83RmBw8qTkDJo7qC-YY8og__original/img/b5t4-4APxLqV0PeOSa6FGib-OL8=/0x0/filters:format(jpeg)/pic3607816.jpg,https://cf.geekdo-images.com/83RmBw8qTkDJo7qC-YY8og__small/img/E1zUB2Jka041LV1zypcMCZAh6eU=/fit-in/200x150/filters:strip_icc()/pic3607816.jpg,2,2,30,60,60,6550,N/A,4193,7.65901,6.87127,1.3169,0,1,0,0,0,0,0,0,0,2023-08-17 15:36:08,,0,,
1088,https://boardgamegeek.com/xmlapi/termsofuse,"Wed, 26 Aug 2026 00:24:39 +0000",thing,66198,boardgame,34970680,U-Build Monopoly,1,2010,https://cf.geekdo-images.com/nhrEhBNVnjm4FyovXLBY_g__original/img/5QLA2X5f8nKbsvvORCxCLDHNmeI=/0x0/filters:format(jpeg)/pic5201349.jpg,https://cf.geekdo-images.com/nhrEhBNVnjm4FyovXLBY_g__small/img/qTemR0JlvLmvqwGR2ZrKEXvbQEM=/fit-in/200x150/filters:strip_icc()/pic5201349.jpg,2,6,30,30,30,1594,N/A,442,5.30195,5.45849,1.71161,0,0,1,0,0,0,0,0,0,2018-09-16 18:29:57,,0,,
1088,https://boardgamegeek.com/xmlapi/termsofuse,"Wed, 26 Aug 2026 00:24:39 +0000",thing,16986,boardgame,37415549,Ubongo,1,2003,https://cf.geekdo-images.com/0wSuQbmk4nPwNytp9_zzPw__original/img/DccSEdsXQG65cfwPJjdrkJySojI=/0x0/filters:format(jpeg)/pic4597123.jpg,https://cf.geekdo-images.com/0wSuQbmk4nPwNytp9_zzPw__small/img/2_damZx35g1mE8kgWUpIXoHybW8=/fit-in/200x150/filters:strip_icc()/pic4597123.jpg,1,4,25,25,25,15600,N/A,10598,6.66137,6.40771,1.32262,0,1,0,0,0,0,0,0,0,2016-10-11 18:07:35,,0,,
1088,https://boardgamegeek.com/xmlapi/termsofuse,"Wed, 26 Aug 2026 00:24:39 +0000",thing,22733,boardgame,74981295,Uglydoll Card Game,1,2006,https://cf.geekdo-images.com/siD2nEUL2GZwn8z2lLZ7iQ__original/img/yGlEXlOijM10wKIGGKKpUb-SBvw=/0x0/filters:format(jpeg)/pic750848.jpg,https://cf.geekdo-images.com/siD2nEUL2GZwn8z2lLZ7iQ__small/img/aRQuPw0uVHqPVKUuhDyOTt0eLiI=/fit-in/200x150/filters:strip_icc()/pic750848.jpg,2,6,15,15,15,704,N/A,334,5.98144,5.52203,1.67216,0,0,1,0,0,0,0,0,0,2025-10-02 11:19:31,,0,kids,
1088,https://boardgamegeek.com/xmlapi/termsofuse,"Wed, 26 Aug 2026 00:24:39 +0000",thing,273779,boardgame,80013233,Under Falling Skies: A 9-Card Solo Game,1,2019,https://cf.geekdo-images.com/lzIR6BVEYHKo7sswQmcEsQ__original/img/SeaQym-g75IoAnz8SC0kRyl2SNc=/0x0/filters:format(jpeg)/pic4610447.jpg,https://cf.geekdo-images.com/lzIR6BVEYHKo7sswQmcEsQ__small/img/w8i5KOHBuRoNzvu6-3XQd99OR9M=/fit-in/200x150/filters:strip_icc()/pic4610447.jpg,1,1,20,40,40,1527,N/A,874,7.32584,5.95953,1.26296,0,1,0,0,0,0,0,0,0,2022-12-28 19:23:21,,0,P&P,
1088,https://boardgamegeek.com/xmlapi/termsofuse,"Wed, 26 Aug 2026 00:24:39 +0000",thing,217085,boardgame,62271264,Unearth,1,2017,https://cf.geekdo-images.com/0olGvNCDk-VmFW2LDOnI_Q__original/img/sugvsPhhLdQrUxD5SH970FN-Fuc=/0x0/filters:format(jpeg)/pic3579391.jpg,https://cf.geekdo-images.com/0olGvNCDk-VmFW2LDOnI_Q__small/img/3J2ogaftEzBzwUO3kyJ7DXH-3HE=/fit-in/200x150/filters:strip_icc()/pic3579391.jpg,2,4,30,60,60,10618,N/A,5518,6.80986,6.35873,1.32725,0,1,0,0,0,0,0,0,0,2019-07-25 21:58:49,,0,,
1088,https://boardgamegeek.com/xmlapi/termsofuse,"Wed, 26 Aug 2026 00:24:39 +0000",thing,276821,boardgame,101390778,Unearth: The Lost Tribe,1,2019,https://cf.geekdo-images.com/8ez4keVHQ2CnmLgbELc_WA__original/img/n_rLpfrxCHa5JQIVvDuNRkCFajg=/0x0/filters:format(png)/pic4732335.png,https://cf.geekdo-images.com/8ez4keVHQ2CnmLgbELc_WA__small/img/lwD91bbaJbW9g2OvGDfNcOwcqzc=/fit-in/200x150/filters:strip_icc()/pic4732335.png,1,5,30,60,60,1902,N/A,373,7.45631,5.74369,1.1979,0,1,0,0,0,0,0,0,0,2022-12-28 19:23:46,,0,,
1088,https://boardgamegeek.com/xmlapi/termsofuse,"Wed, 26 Aug 2026 00:24:39 +0000",thing,1690,boardgame,130538378,Unexploded Cow,1,2001,https://cf.geekdo-images.com/3gOT63ijN6IHeXQN7wMOmg__original/img/MWtvoNdrVD8Ailg_BZpCODO-x7s=/0x0/filters:format(jpeg)/pic1732698.jpg,https://cf.geekdo-images.com/3gOT63ijN6IHeXQN7wMOmg__small/img/mr9Q9tCN4jEIF1Kg0FqpJeBeOwI=/fit-in/200x150/filters:strip_icc()/pic1732698.jpg,2,6,25,25,25,4151,N/A,1889,6.08505,5.72541,1.50535,0,0,1,0,0,0,0,0,0,2025-10-02 11:20:32,,0,,
1088,https://boardgamegeek.com/xmlapi/termsofuse,"Wed, 26 Aug 2026 00:24:39 +0000",thing,22476,boardgame,32084866,Universal Fighting System: Street Fighter,1,2006,https://cf.geekdo-images.com/igivTNXPbX3NVXnlI4Wxqg__original/img/vJdkvo3cyakXj3_p-KmFhdqkRSk=/0x0/filters:format(jpeg)/pic118434.jpg,https://cf.geekdo-images.com/igivTNXPbX3NVXnlI4Wxqg__small/img/H-sysBDkzoUbJ2d8fIKVF-0bX7c=/fit-in/200x150/filters:strip_icc()/pic118434.jpg,2,6,30,30,30,236,N/A,108,6.30741,5.52826,1.60235,0,0,1,0,0,0,0,0,0,2021-03-01 22:07:30,,0,,
1088,https://boardgamegeek.com/xmlapi/termsofuse,"Wed, 26 Aug 2026 00:24:39 +0000",thing,294612,boardgame,130523037,Unlock!: Epic Adventures,1,2019,https://cf.geekdo-images.com/NNVWKOGOKLIkjXvhZKA_Dg__original/img/qHxswbvzbxAMnUdXEltHRzPZciM=/0x0/filters:format(jpeg)/pic5009100.jpg,https://cf.geekdo-images.com/NNVWKOGOKLIkjXvhZKA_Dg__small/img/IepFDkC6ngdTCAosPTFwvpLvohc=/fit-in/200x150/filters:strip_icc()/pic5009100.jpg,1,6,60,60,60,6809,N/A,2919,7.64641,6.67621,1.28814,0,1,0,0,0,0,0,0,0,2025-03-19 22:08:28,,0,,
1088,https://boardgamegeek.com/xmlapi/termsofuse,"Wed, 26 Aug 2026 00:24:39 +0000",thing,213460,boardgame,143576929,Unlock!: Escape Adventures,1,2017,https://cf.geekdo-images.com/h8K_nTemD6bmydT0akChZw__original/img/WSCTLAMnqYM_IEEO-EAVsOjkmAI=/0x0/filters:format(jpeg)/pic3348790.jpg,https://cf.geekdo-images.com/h8K_nTemD6bmydT0akChZw__small/img/nKF4nF8Ml5q0E0CYo7qo3Ax_gcE=/fit-in/200x150/filters:strip_icc()/pic3348790.jpg,2,6,45,75,75,11945,N/A,7130,7.32477,6.84315,1.29538,0,1,0,0,0,0,0,0,0,2026-03-15 14:48:00,,0,,
1088,https://boardgamegeek.com/xmlapi/termsofuse,"Wed, 26 Aug 2026 00:24:39 +0000",thing,229632,boardgame,60794722,Unlock!: Escape Adventures – Fifth Avenue,1,2017,https://cf.geekdo-images.com/wMp1VvKzAlls4ZAwxyrVBg__original/img/3JWz5GNyBdJGsraW4N-Ej9rFmjM=/0x0/filters:format(jpeg)/pic3711964.jpg,https://cf.geekdo-images.com/wMp1VvKzAlls4ZAwxyrVBg__small/img/hGPJNxyAqU1kpfscTlZkoBW-gh4=/fit-in/200x150/filters:strip_icc()/pic3711964.jpg,1,6,30,30,30,865,N/A,687,6.73672,5.77831,1.28608,0,1,0,0,0,0,0,0,0,2019-05-25 10:10:22,,0,,
1088,https://boardgamegeek.com/xmlapi/termsofuse,"Wed, 26 Aug 2026 00:24:39 +0000",thing,216094,boardgame,141476413,Unlock!: Escape Adventures – The Island of Doctor Goorse,1,2017,https://cf.geekdo-images.com/MdIXMk76IJU3uas2ArDbcw__original/img/Wo0EyUHb-NGxvDR4HNzcbFJScR8=/0x0/filters:format(jpeg)/pic3372431.jpg,https://cf.geekdo-images.com/MdIXMk76IJU3uas2ArDbcw__small/img/TAwrz1Bxw2HJ1S2FYkEh2Rv8_Zs=/fit-in/200x150/filters:strip_icc()/pic3372431.jpg,2,6,60,60,60,3715,N/A,2049,6.64754,6.03161,1.63492,0,1,0,0,0,0,0,0,0,2026-01-18 23:03:48,,0,,
1088,https://boardgamegeek.com/xmlapi/termsofuse,"Wed, 26 Aug 2026 00:24:39 +0000",thing,266121,boardgame,143576935,Unlock!: Heroic Adventures,1,2018,https://cf.geekdo-images.com/biw1DYvUdQ4-ZgIOtUDqhQ__original/img/vV6PSQWPpihv9718RaxFEEcgYgA=/0x0/filters:format(jpeg)/pic4432319.jpg,https://cf.geekdo-images.com/biw1DYvUdQ4-ZgIOtUDqhQ__small/img/Nv2EPGFRbeOzcJ2ErbN6EsET5CU=/fit-in/200x150/filters:strip_icc()/pic4432319.jpg,1,6,60,60,60,8994,N/A,4354,7.56616,6.82518,1.29979,0,1,0,0,0,0,0,0,0,2026-03-15 14:48:11,,0,,
1088,https://boardgamegeek.com/xmlapi/termsofuse,"Wed, 26 Aug 2026 00:24:39 +0000",thing,228867,boardgame,48983132,Unlock!: Mystery Adventures,1,2017,https://cf.geekdo-images.com/GeFlXKbZORHBWca3Sl8tSQ__original/img/2cinzeClI1xwX9eyc4j7Kr_V88U=/0x0/filters:format(jpeg)/pic3588255.jpg,https://cf.geekdo-images.com/GeFlXKbZORHBWca3Sl8tSQ__small/img/NnKhfRNB30Yal6Terjm_hNndvK0=/fit-in/200x150/filters:strip_icc()/pic3588255.jpg,1,6,45,75,75,8632,N/A,4212,7.30545,6.63854,1.29287,0,1,0,0,0,0,0,0,0,2018-01-19 22:33:32,,0,,
1088,https://boardgamegeek.com/xmlapi/termsofuse,"Wed, 26 Aug 2026 00:24:39 +0000",thing,230303,boardgame,119444460,Unlock!: Mystery Adventures – The House on the Hill,1,2017,https://cf.geekdo-images.com/UIXEGeLlvAijpN0psqmv2w__original/img/dWuU5LfgbzYmcmELXfame9sCRKA=/0x0/filters:format(jpeg)/pic3763533.jpg,https://cf.geekdo-images.com/UIXEGeLlvAijpN0psqmv2w__small/img/Nw60Co3MhrhaB5VV6qJfo9glTLo=/fit-in/200x150/filters:strip_icc()/pic3763533.jpg,1,6,60,60,60,3729,N/A,2241,6.95542,6.21172,1.24199,0,1,0,0,0,0,0,0,0,2024-05-20 17:10:35,,0,,
1088,https://boardgamegeek.com/xmlapi/termsofuse,"Wed, 26 Aug 2026 00:24:39 +0000",thing,354544,boardgame,130744600,Unmatched: Houdini vs. The Genie,1,2022,https://cf.geekdo-images.com/hKve9gkleO4Kp9T1vnJVEg__original/img/4GhAC35Y7YCsQNSZE_IPAzlwKIw=/0x0/filters:format(jpeg)/pic6918007.jpg,https://cf.geekdo-images.com/hKve9gkleO4Kp9T1vnJVEg__small/img/mOEo1l8dQAmSksX6YYe7oDVq020=/fit-in/200x150/filters:strip_icc()/pic6918007.jpg,2,2,20,20,20,7948,N/A,2088,8.20035,6.68266,1.19191,0,0,1,0,0,0,0,0,0,2025-10-01 23:42:47,,0,,
1088,https://boardgamegeek.com/xmlapi/termsofuse,"Wed, 26 Aug 2026 00:24:39 +0000",thing,2223,boardgame,80013151,UNO,1,1971,https://cf.geekdo-images.com/-DHiHBBSnvaLu0Do8CIykQ__original/img/fRfoyWezpQsumExNKVxf1cwtJfg=/0x0/filters:format(jpeg)/pic8204165.jpg,https://cf.geekdo-images.com/-DHiHBBSnvaLu0Do8CIykQ__small/img/AUkAjClJAk3BX1vEpk7EasSh_44=/fit-in/200x150/filters:strip_icc()/pic8204165.jpg,2,10,30,30,30,75281,N/A,34455,5.48295,5.35228,1.69056,0,1,0,0,0,0,0,0,0,2024-05-20 15:35:40,,0,small,
1088,https://boardgamegeek.com/xmlapi/termsofuse,"Wed, 26 Aug 2026 00:24:39 +0000",thing,342283,boardgame,119378847,Unsolved Case Files: Avery & Zoey Gardner,1,2021,https://cf.geekdo-images.com/AW8tJWEdPEgxfMy1QeiNiw__original/img/BvnofALgdn-XmxfjIB9u68donAc=/0x0/filters:format(jpeg)/pic8919730.jpg,https://cf.geekdo-images.com/AW8tJWEdPEgxfMy1QeiNiw__small/img/dfuh78ri6j17bCSKexxAhh_zdfs=/fit-in/200x150/filters:strip_icc()/pic8919730.jpg,1,8,180,180,180,245,N/A,61,7.11148,5.53792,1.5265,0,1,0,0,0,0,0,0,0,2024-05-18 21:44:58,,0,,
1088,https://boardgamegeek.com/xmlapi/termsofuse,"Wed, 26 Aug 2026 00:24:39 +0000",thing,313467,boardgame,112585427,Unsolved Case Files: Harmony Ashcroft,1,2020,https://cf.geekdo-images.com/tXVnZpGN1BWuySBrlF-EnQ__original/img/UjGiywd8b78kAvUc1zoLFfvlxeQ=/0x0/filters:format(png)/pic5509919.png,https://cf.geekdo-images.com/tXVnZpGN1BWuySBrlF-EnQ__small/img/3qbStOiWImXfItlX2o46hdivn8o=/fit-in/200x150/filters:strip_icc()/pic5509919.png,1,8,30,120,120,753,N/A,243,6.79279,5.61901,1.51066,0,1,0,0,0,0,0,0,0,2023-11-18 19:48:57,,0,,
1088,https://boardgamegeek.com/xmlapi/termsofuse,"Wed, 26 Aug 2026 00:24:39 +0000",thing,342257,boardgame,119444435,Unsolved Case Files: Jamie Banks,1,2019,https://cf.geekdo-images.com/TRsKvHCjCVqbgSmjD2KzwA__original/img/GS3HRlENFNotABFn_nad0E74c2o=/0x0/filters:format(jpeg)/pic6641964.jpg,https://cf.geekdo-images.com/TRsKvHCjCVqbgSmjD2KzwA__small/img/B1xrvnklR7r45mtvenm-wvPvrG0=/fit-in/200x150/filters:strip_icc()/pic6641964.jpg,1,4,120,360,360,401,N/A,101,6.47743,5.54028,1.52759,0,1,0,0,0,0,0,0,0,2024-05-20 17:09:47,,0,in Globein box,
1088,https://boardgamegeek.com/xmlapi/termsofuse,"Wed, 26 Aug 2026 00:24:39 +0000",thing,24304,boardgame,119378359,Unspeakable Words,1,2007,https://cf.geekdo-images.com/EvyEs-ZpJRbo9lwIGxDAHA__original/img/MiMHlvN8-4YQ6ibPtooip7_imDU=/0x0/filters:format(jpeg)/pic1956744.jpg,https://cf.geekdo-images.com/EvyEs-ZpJRbo9lwIGxDAHA__small/img/6dDwEFLk5IPZBnoqeqh8vsxsjJM=/fit-in/200x150/filters:strip_icc()/pic1956744.jpg,2,6,30,30,30,3158,N/A,1652,6.2318,5.78849,1.37362,0,0,1,0,0,0,0,0,0,2025-10-01 23:41:53,,0,,
1088,https://boardgamegeek.com/xmlapi/termsofuse,"Wed, 26 Aug 2026 00:24:39 +0000",thing,76319,boardgame,45669284,Unusual Suspects,1,2009,https://cf.geekdo-images.com/k1xKTEEKumNOe6HNoxdfkA__original/img/-_GBvzhSR7I8aqtshhM3EWATn2c=/0x0/filters:format(png)/pic3782676.png,https://cf.geekdo-images.com/k1xKTEEKumNOe6HNoxdfkA__small/img/_DheD1JyrL0v79005SvX722a4NA=/fit-in/200x150/filters:strip_icc()/pic3782676.png,2,4,10,10,10,181,N/A,77,4.71429,5.47465,1.64638,0,0,1,0,0,0,0,0,0,2024-05-20 15:24:31,,0,,
1088,https://boardgamegeek.com/xmlapi/termsofuse,"Wed, 26 Aug 2026 00:24:39 +0000",thing,1515,boardgame,32084881,Upwords,1,1982,https://cf.geekdo-images.com/B8CW-TKNknUhvqVeUJsy6A__original/img/Q3weSoBpl0MWMc1rRU2kCgw9PNo=/0x0/filters:format(jpeg)/pic2503759.jpg,https://cf.geekdo-images.com/B8CW-TKNknUhvqVeUJsy6A__small/img/e3bqmrr-V-ztni2ZjPltsERt1Ic=/fit-in/200x150/filters:strip_icc()/pic2503759.jpg,2,4,90,90,90,9005,N/A,3641,5.77244,5.63039,1.47726,0,0,1,0,0,0,0,0,0,2025-10-01 23:42:07,,0,"old games
Scrabble on steroids",
1088,https://boardgamegeek.com/xmlapi/termsofuse,"Wed, 26 Aug 2026 00:24:39 +0000",thing,7601,boardgame,32084895,Urban Myth,1,2002,https://cf.geekdo-images.com/zrZs-g7RB4zLzJXmWZQxSQ__original/img/t2wAgL9Q6nOTYV_socAucOJ8RPE=/0x0/filters:format(jpeg)/pic336181.jpg,https://cf.geekdo-images.com/zrZs-g7RB4zLzJXmWZQxSQ__small/img/esnwUkKKMGzl13Ku6S8MNfmae0w=/fit-in/200x150/filters:strip_icc()/pic336181.jpg,2,6,45,45,45,963,N/A,267,3.37262,5.28802,1.64573,0,0,1,0,0,0,0,0,0,2021-03-01 22:01:51,,0,,
1088,https://boardgamegeek.com/xmlapi/termsofuse,"Wed, 26 Aug 2026 00:24:39 +0000",thing,242149,boardgame,66266919,Vadoran Gardens,1,2019,https://cf.geekdo-images.com/aQdgQnqtj7zlkQxY-p3l3g__original/img/6CKHvG40gXW3sHnN1dSSDZ8uDoo=/0x0/filters:format(png)/pic3925752.png,https://cf.geekdo-images.com/aQdgQnqtj7zlkQxY-p3l3g__small/img/_pDCaAmzXzgqspD8DPxH6TZ7mmo=/fit-in/200x150/filters:strip_icc()/pic3925752.png,1,4,20,40,40,1387,N/A,535,6.71857,5.71733,1.43018,0,1,0,0,0,0,0,0,0,2019-11-29 14:59:35,,0,,
1088,https://boardgamegeek.com/xmlapi/termsofuse,"Wed, 26 Aug 2026 00:24:39 +0000",thing,175223,boardgame,38907405,Valley of the Kings: Afterlife,1,2015,https://cf.geekdo-images.com/PqoEulSFarx64L6EYMn-qg__original/img/ICVUZC1UOWvmpx7ECEUQadCt6uM=/0x0/filters:format(jpeg)/pic2456554.jpg,https://cf.geekdo-images.com/PqoEulSFarx64L6EYMn-qg__small/img/cA12z4bxPWLRHGcZ8FduT8kcLGE=/fit-in/200x150/filters:strip_icc()/pic2456554.jpg,1,4,45,45,45,4060,N/A,2066,7.21604,6.29127,1.20194,0,1,0,0,0,0,0,0,0,2016-12-13 21:27:15,,0,,
1088,https://boardgamegeek.com/xmlapi/termsofuse,"Wed, 26 Aug 2026 00:24:39 +0000",thing,255332,boardgame,64998415,Vault of Dragons,1,2018,https://cf.geekdo-images.com/vxnHMr3SXdqbQ-VHe6-RGg__original/img/CiCYE28VK0g9KumxFa-5qmGPUuo=/0x0/filters:format(jpeg)/pic4231766.jpg,https://cf.geekdo-images.com/vxnHMr3SXdqbQ-VHe6-RGg__small/img/qEMP_2e-iLINYi23FJdBjyNg7ts=/fit-in/200x150/filters:strip_icc()/pic4231766.jpg,2,4,60,90,90,1368,N/A,336,6.43437,5.60154,1.58578,0,0,1,0,0,0,0,0,0,2025-10-02 14:39:05,,0,,
1088,https://boardgamegeek.com/xmlapi/termsofuse,"Wed, 26 Aug 2026 00:24:39 +0000",thing,169704,boardgame,45815905,Vault Wars,1,2015,https://cf.geekdo-images.com/9sqcYxBCDE6_8rZhc8HTvg__original/img/_5dErvoIjXKNOQWBGKToKBLzsgM=/0x0/filters:format(jpeg)/pic2709486.jpg,https://cf.geekdo-images.com/9sqcYxBCDE6_8rZhc8HTvg__small/img/NJ8gBEmbb-i7sdgstY7-M9d4ra8=/fit-in/200x150/filters:strip_icc()/pic2709486.jpg,3,5,45,60,60,2313,N/A,1160,6.74066,5.88674,1.28704,0,1,0,0,0,0,0,0,0,2017-10-06 9:28:53,,0,,
1088,https://boardgamegeek.com/xmlapi/termsofuse,"Wed, 26 Aug 2026 00:24:39 +0000",thing,360175,boardgame,130540412,Venn,1,2022,https://cf.geekdo-images.com/k_dkpvAnoRtcKb8ZiEwDxg__original/img/6N9wfBnmAMtnrDswZaegP-I5Jc0=/0x0/filters:format(jpeg)/pic6811841.jpg,https://cf.geekdo-images.com/k_dkpvAnoRtcKb8ZiEwDxg__small/img/EQD2g4LMn_8gsaChZTx_scRPFd0=/fit-in/200x150/filters:strip_icc()/pic6811841.jpg,2,99,20,30,30,1247,N/A,348,5.96621,5.53993,1.61802,0,0,1,0,0,0,0,0,0,2025-10-02 11:23:34,,0,,
1088,https://boardgamegeek.com/xmlapi/termsofuse,"Wed, 26 Aug 2026 00:24:39 +0000",thing,175592,boardgame,54106494,The Village Crone,5,2015,https://cf.geekdo-images.com/dLmVqiNn6tb3OBpgEl4XsQ__original/img/78dbWob_2UWuS7XUW-9z3mMn5HY=/0x0/filters:format(jpeg)/pic2464831.jpg,https://cf.geekdo-images.com/dLmVqiNn6tb3OBpgEl4XsQ__small/img/ABFgY6osBlCh9WF3lH9TRxxF5Uk=/fit-in/200x150/filters:strip_icc()/pic2464831.jpg,1,6,90,90,90,1388,N/A,439,5.64013,5.50577,1.73828,0,1,0,0,0,0,0,0,0,2018-09-05 21:27:40,,0,,
1088,https://boardgamegeek.com/xmlapi/termsofuse,"Wed, 26 Aug 2026 00:24:39 +0000",thing,180020,boardgame,109648502,Virus!,1,2015,https://cf.geekdo-images.com/7Xx4ipXV4lf0Q9mWwitf2w__original/img/reScLMXXNowNt1koQwV5IhYRUc0=/0x0/filters:format(jpeg)/pic6008974.jpg,https://cf.geekdo-images.com/7Xx4ipXV4lf0Q9mWwitf2w__small/img/MEZHcMtiblFsrdf2_0Wd_lSai4g=/fit-in/200x150/filters:strip_icc()/pic6008974.jpg,2,6,20,20,20,19271,N/A,8447,6.70939,6.29527,1.54973,0,1,0,0,0,0,0,0,0,2023-08-27 8:06:32,,0,,
1088,https://boardgamegeek.com/xmlapi/termsofuse,"Wed, 26 Aug 2026 00:24:39 +0000",thing,6566,boardgame,32084903,VisualEyes,1,2003,https://cf.geekdo-images.com/1jS4znu7CuGTMabzP-uCUQ__original/img/ldG9638oTKJ9SxWRCn_xj7pMTkc=/0x0/filters:format(jpeg)/pic1191579.jpg,https://cf.geekdo-images.com/1jS4znu7CuGTMabzP-uCUQ__small/img/tCbMjLSWVXPgZrdnqcYvTUPcReM=/fit-in/200x150/filters:strip_icc()/pic1191579.jpg,2,8,30,30,30,853,N/A,350,5.64834,5.51356,1.53269,0,0,1,0,0,0,0,0,0,2025-10-02 11:25:21,,0,kids,
1088,https://boardgamegeek.com/xmlapi/termsofuse,"Wed, 26 Aug 2026 00:24:39 +0000",thing,8195,boardgame,119378455,Viva Mouse!,1,2002,https://cf.geekdo-images.com/GAr_zR5L9hNPGvdjXdXuHA__original/img/RUlq12VgpvR-T4FL4RxEFf1jnn8=/0x0/filters:format(png)/pic8774174.png,https://cf.geekdo-images.com/GAr_zR5L9hNPGvdjXdXuHA__small/img/qoGWzvJKNZqVg0rN4smWrfNOlAU=/fit-in/200x150/filters:strip_icc()/pic8774174.png,2,4,20,30,30,2607,N/A,1632,6.81343,5.99896,1.24437,0,1,0,0,0,0,0,0,0,2024-05-20 15:27:11,,0,kids,
1088,https://boardgamegeek.com/xmlapi/termsofuse,"Wed, 26 Aug 2026 00:24:39 +0000",thing,154880,boardgame,130540421,Voodoo,1,2014,https://cf.geekdo-images.com/l-smR5ddf6sHxSBo2x2VnQ__original/img/eurxSNOYO2ff7xZv5RBQaJ9rhH8=/0x0/filters:format(jpeg)/pic3479731.jpg,https://cf.geekdo-images.com/l-smR5ddf6sHxSBo2x2VnQ__small/img/1ja_wsJEMxeuCj4gXvr6kuFqgAM=/fit-in/200x150/filters:strip_icc()/pic3479731.jpg,2,8,30,30,30,4401,N/A,1812,6.31264,5.78502,1.56817,0,1,0,0,0,0,0,0,0,2025-03-20 12:50:12,,0,,
1088,https://boardgamegeek.com/xmlapi/termsofuse,"Wed, 26 Aug 2026 00:24:39 +0000",thing,338351,boardgame,105116988,Waggle Dance,1,2022,https://cf.geekdo-images.com/tSU_zC-Pd6vtXQsHxNrV4g__original/img/RPLGlElrZZyGduqyiGn68FKwZb0=/0x0/filters:format(jpeg)/pic6368781.jpg,https://cf.geekdo-images.com/tSU_zC-Pd6vtXQsHxNrV4g__small/img/XDeAFjXAcFv1LlXWIfgPK6RBFz0=/fit-in/200x150/filters:strip_icc()/pic6368781.jpg,1,4,30,60,60,241,N/A,79,6.56951,5.53217,1.37125,0,1,0,0,0,0,0,0,0,2023-03-31 15:44:11,,0,,
1088,https://boardgamegeek.com/xmlapi/termsofuse,"Wed, 26 Aug 2026 00:24:39 +0000",thing,161762,boardgame,114710605,Wakanda,1,2014,https://cf.geekdo-images.com/S200oENaVQlB3b-NGktESw__original/img/T-dq1s19ahUvBfodr32drxdijes=/0x0/filters:format(jpeg)/pic2311659.jpg,https://cf.geekdo-images.com/S200oENaVQlB3b-NGktESw__small/img/UEI-JDjwIG94sKz6VK7Ewf-eLHI=/fit-in/200x150/filters:strip_icc()/pic2311659.jpg,2,2,15,15,15,804,N/A,342,5.90645,5.55292,1.41929,0,0,1,0,0,0,0,0,0,2025-10-02 14:40:44,,0,,
1088,https://boardgamegeek.com/xmlapi/termsofuse,"Wed, 26 Aug 2026 00:24:39 +0000",thing,99079,boardgame,32084715,The Walking Dead Board Game,5,2011,https://cf.geekdo-images.com/DCy-WeA3Tpn-V5GMv21boQ__original/img/oHCpOZXw3u-LSmq8JstdjjdPPYM=/0x0/filters:format(jpeg)/pic1129556.jpg,https://cf.geekdo-images.com/DCy-WeA3Tpn-V5GMv21boQ__small/img/V846gy7JO2G_jnOiPUSaJsX7FzM=/fit-in/200x150/filters:strip_icc()/pic1129556.jpg,1,4,45,45,45,1730,N/A,698,4.96986,5.35214,1.87682,0,0,1,0,0,0,0,0,0,2021-03-07 11:21:12,,0,,
1088,https://boardgamegeek.com/xmlapi/termsofuse,"Wed, 26 Aug 2026 00:24:39 +0000",thing,16398,boardgame,80013553,War,1,,https://cf.geekdo-images.com/CeBpBleLUkV6uM-98w424g__original/img/OctbOGXDDuOh3kUwoltGOSOMzw8=/0x0/filters:format(jpeg)/pic104062.jpg,https://cf.geekdo-images.com/CeBpBleLUkV6uM-98w424g__small/img/bh_tFLUKO8_2JuyjTDkXdtcqVoA=/fit-in/200x150/filters:strip_icc()/pic104062.jpg,2,2,30,30,30,794,N/A,1893,2.42225,4.10367,1.77591,0,0,1,0,0,0,0,0,0,2025-10-02 14:41:00,,0,cards,
1088,https://boardgamegeek.com/xmlapi/termsofuse,"Wed, 26 Aug 2026 00:24:39 +0000",thing,177702,boardgame,46806079,Warehouse 51,1,2015,https://cf.geekdo-images.com/wx2Vd8RfPrnGJSbuo9kttA__original/img/Jgog1_zXT91wgjb7xugcw7mZaMs=/0x0/filters:format(png)/pic2591749.png,https://cf.geekdo-images.com/wx2Vd8RfPrnGJSbuo9kttA__small/img/7GYehQsR6C_se3e3s10n6-9HwRY=/fit-in/200x150/filters:strip_icc()/pic2591749.png,3,5,30,45,45,2276,N/A,802,6.17171,5.66237,1.33159,0,0,1,0,0,0,0,0,0,2025-10-02 14:41:18,,0,,
1088,https://boardgamegeek.com/xmlapi/termsofuse,"Wed, 26 Aug 2026 00:24:39 +0000",thing,207288,boardgame,80013327,Warp Speed,1,2017,https://cf.geekdo-images.com/u477IThz4KxEnuHKU4X6kQ__original/img/9KuZIAlywNJZsR2Fp3esyEdBghE=/0x0/filters:format(png)/pic3177840.png,https://cf.geekdo-images.com/u477IThz4KxEnuHKU4X6kQ__small/img/lkIP81MmRBPX7HifCwlKZiAJ8XQ=/fit-in/200x150/filters:strip_icc()/pic3177840.png,2,4,60,90,90,6,N/A,3,8.33333,0,1.69967,0,1,0,0,0,0,0,0,0,2024-05-23 19:39:45,,0,p&p,
1088,https://boardgamegeek.com/xmlapi/termsofuse,"Wed, 26 Aug 2026 00:24:39 +0000",thing,214899,boardgame,56736505,Watch Ya' Mouth,1,2016,https://cf.geekdo-images.com/KZYD5J6PJ1rjnHEeqkH1Og__original/img/F6VDCWEj3Btd2dFB_Lq_PwUYBLs=/0x0/filters:format(png)/pic3823284.png,https://cf.geekdo-images.com/KZYD5J6PJ1rjnHEeqkH1Og__small/img/2rDASUCtDsfBvPscgPyajniYo_8=/fit-in/200x150/filters:strip_icc()/pic3823284.png,3,10,15,30,30,965,N/A,274,4.65523,5.40749,1.71199,0,0,1,0,0,0,0,0,0,2019-05-18 14:38:22,,0,,
1088,https://boardgamegeek.com/xmlapi/termsofuse,"Wed, 26 Aug 2026 00:24:39 +0000",thing,333,boardgame,32084908,Waterworks,1,1972,https://cf.geekdo-images.com/1Cd-O1vcj6ibl5SXmhdjBA__original/img/910sBInURyuc1dNSOmtC6IFXA5Q=/0x0/filters:format(jpeg)/pic316166.jpg,https://cf.geekdo-images.com/1Cd-O1vcj6ibl5SXmhdjBA__small/img/u8yL-fClLqTmo0k6N9SqPfvzp0U=/fit-in/200x150/filters:strip_icc()/pic316166.jpg,2,5,30,30,30,5361,5.5,2210,5.55934,5.50647,1.35607,0,1,0,0,0,0,0,0,0,2024-05-20 15:30:22,,0,"Ours & kids (2 copies)
Good family game",
1088,https://boardgamegeek.com/xmlapi/termsofuse,"Wed, 26 Aug 2026 00:24:39 +0000",thing,262543,boardgame,130540877,Wavelength,1,2019,https://cf.geekdo-images.com/z4fbPdmJg_5yphJEvql4ZA__original/img/bP1gM8RC-o5iz20_WazBaBNDHnU=/0x0/filters:format(png)/pic4552862.png,https://cf.geekdo-images.com/z4fbPdmJg_5yphJEvql4ZA__small/img/bxLuHVLF-Y06jWRSKA-tuQ3YYcE=/fit-in/200x150/filters:strip_icc()/pic4552862.png,2,12,30,45,45,34188,N/A,18972,7.18851,6.97262,1.29404,0,1,0,0,0,0,0,0,0,2025-03-20 13:10:08,,0,,
1088,https://boardgamegeek.com/xmlapi/termsofuse,"Wed, 26 Aug 2026 00:24:39 +0000",thing,31016,boardgame,50644838,We Didn't Playtest This at All,1,2007,https://cf.geekdo-images.com/vD1XOwfbUZr67sRgHdrncQ__original/img/U_R9I_Gf6anp0X6wTdffKkBz05g=/0x0/filters:format(jpeg)/pic7299902.jpg,https://cf.geekdo-images.com/vD1XOwfbUZr67sRgHdrncQ__small/img/nPQWL70tFZ2mYpnWW56cOQ-S_3U=/fit-in/200x150/filters:strip_icc()/pic7299902.jpg,2,10,1,10,10,7765,N/A,3852,5.39719,5.38195,1.98778,0,0,1,0,0,0,0,0,0,2025-10-02 9:43:03,,0,small,
1088,https://boardgamegeek.com/xmlapi/termsofuse,"Wed, 26 Aug 2026 00:24:39 +0000",thing,42448,boardgame,44199883,We Didn't Playtest This Either,1,2009,https://cf.geekdo-images.com/fLJoFHz-V26CRJ5p1AtGUw__original/img/XEB4OIkTWEeCbaEt7v1Py04w79U=/0x0/filters:format(jpeg)/pic477193.jpg,https://cf.geekdo-images.com/fLJoFHz-V26CRJ5p1AtGUw__small/img/9cgEicJtxteaU5azKWap4CCJejU=/fit-in/200x150/filters:strip_icc()/pic477193.jpg,2,10,1,10,10,2948,N/A,936,5.88031,5.58763,1.80823,0,0,1,0,0,0,0,0,0,2025-10-02 9:43:16,,0,small,
1088,https://boardgamegeek.com/xmlapi/termsofuse,"Wed, 26 Aug 2026 00:24:39 +0000",thing,150312,boardgame,33171375,Welcome to the Dungeon,1,2013,https://cf.geekdo-images.com/6eQXDEMIWldaut9w7jXihg__original/img/E_d5wpS2jEaH7mdO6humOGULycA=/0x0/filters:format(jpeg)/pic6771265.jpg,https://cf.geekdo-images.com/6eQXDEMIWldaut9w7jXihg__small/img/CpRGL9nRUlwYERQzds6WyXRvJ4Y=/fit-in/200x150/filters:strip_icc()/pic6771265.jpg,2,4,30,30,30,27742,N/A,15152,6.52349,6.36745,1.21611,0,1,0,0,0,0,0,0,0,2018-07-20 15:07:47,,0,,
1088,https://boardgamegeek.com/xmlapi/termsofuse,"Wed, 26 Aug 2026 00:24:39 +0000",thing,233867,boardgame,81005050,Welcome To...,1,2018,https://cf.geekdo-images.com/g4XmxyKhNVdhC3QPd1purQ__original/img/pb6XFQZFUNOr6OPysOHB3usVDFk=/0x0/filters:format(jpeg)/pic3761012.jpg,https://cf.geekdo-images.com/g4XmxyKhNVdhC3QPd1purQ__small/img/e3bCyIvM1IOGFYnKGj2jIn5mbKY=/fit-in/200x150/filters:strip_icc()/pic3761012.jpg,1,100,25,25,25,55206,N/A,35113,7.50447,7.3478,1.14507,0,1,0,0,0,0,0,0,0,2021-04-03 19:17:27,,0,,
1088,https://boardgamegeek.com/xmlapi/termsofuse,"Wed, 26 Aug 2026 00:24:39 +0000",thing,25821,boardgame,109648490,The Werewolves of Miller's Hollow,5,2001,https://cf.geekdo-images.com/rZ0tOafAt1oue_7NKqELsg__original/img/Mxx1Abak0zV1FhoDr5HOnMirFAM=/0x0/filters:format(jpeg)/pic7203269.jpg,https://cf.geekdo-images.com/rZ0tOafAt1oue_7NKqELsg__small/img/jqycRUhCBZjq1E87oQVIFb1_j0A=/fit-in/200x150/filters:strip_icc()/pic7203269.jpg,8,18,30,30,30,24794,N/A,13003,6.67073,6.4155,1.69196,0,1,0,0,0,0,0,0,0,2024-05-20 15:31:36,,0,small,
1088,https://boardgamegeek.com/xmlapi/termsofuse,"Wed, 26 Aug 2026 00:24:39 +0000",thing,219215,boardgame,55258721,Werewords,1,2017,https://cf.geekdo-images.com/4ngyBZXLLKIOdGuUHE7baw__original/img/26CKXFLZQ1sUlUwdu_kJ3E8F4Bs=/0x0/filters:format(jpeg)/pic4415135.jpg,https://cf.geekdo-images.com/4ngyBZXLLKIOdGuUHE7baw__small/img/gSGfC0ZMYbOXukqfdBBuxULmyJU=/fit-in/200x150/filters:strip_icc()/pic4415135.jpg,4,10,10,10,10,11300,N/A,6410,7.09841,6.65209,1.42426,0,1,0,0,0,0,0,0,0,2018-10-26 18:08:27,,0,,
1088,https://boardgamegeek.com/xmlapi/termsofuse,"Wed, 26 Aug 2026 00:24:39 +0000",thing,396537,boardgame,119439676,What Do You Meme? Bigger Better Edition,1,2022,https://cf.geekdo-images.com/IOx15fFrE0AC5w61KgaYDg__original/img/xEjhttI7FjXdxNTmczR_tXwGD_U=/0x0/filters:format(jpeg)/pic7642316.jpg,https://cf.geekdo-images.com/IOx15fFrE0AC5w61KgaYDg__small/img/Bm1TAVeBORZhXT5Bt5syd92UiR0=/fit-in/200x150/filters:strip_icc()/pic7642316.jpg,3,20,,,,397,N/A,63,5.83243,5.50643,1.72664,0,0,1,0,0,0,0,0,0,2025-10-01 23:44:01,,0,,
1088,https://boardgamegeek.com/xmlapi/termsofuse,"Wed, 26 Aug 2026 00:24:39 +0000",thing,316165,boardgame,119439742,What Do You Meme?: BSFW Edition,1,2018,https://cf.geekdo-images.com/Ife25iD5Om0VXVn7tPsufw__original/img/4hzGh1pkKH4CdmNiIyYaljs7O5o=/0x0/filters:format(jpeg)/pic4497956.jpg,https://cf.geekdo-images.com/Ife25iD5Om0VXVn7tPsufw__small/img/LQuAgCNgVH1ZitPQaX-OR7MVdoI=/fit-in/200x150/filters:strip_icc()/pic4497956.jpg,3,20,,,,171,N/A,32,5.90625,5.50152,1.94228,0,0,1,0,0,0,0,0,0,2025-10-01 23:44:20,,0,Our version is called Stir the Pot,
1088,https://boardgamegeek.com/xmlapi/termsofuse,"Wed, 26 Aug 2026 00:24:39 +0000",thing,2667,boardgame,41266463,What Were You Thinking?,1,1998,https://cf.geekdo-images.com/qtRHXRlkOSqHUcXQRnjSUg__original/img/3aBFsDm7m6_HZziwNR0aK5rRwhs=/0x0/filters:format(jpeg)/pic480511.jpg,https://cf.geekdo-images.com/qtRHXRlkOSqHUcXQRnjSUg__small/img/Yts7h29CBJNV5PTxsIbyPvKEMFE=/fit-in/200x150/filters:strip_icc()/pic480511.jpg,4,10,30,30,30,303,N/A,267,6.9168,5.64192,1.5337,0,0,1,0,0,0,0,0,0,2025-10-01 23:44:47,,0,Party game,
1088,https://boardgamegeek.com/xmlapi/termsofuse,"Wed, 26 Aug 2026 00:24:39 +0000",thing,32916,boardgame,32084930,What's a Dame To Do?!,1,2007,https://cf.geekdo-images.com/eH6FZRfidNWhJv_HHxvFrg__original/img/KSiDUduX9LE4tYKbwqqvlSVQ8PY=/0x0/filters:format(jpeg)/pic268132.jpg,https://cf.geekdo-images.com/eH6FZRfidNWhJv_HHxvFrg__small/img/T1XnmdIluSJCJp53BfoSIoBtOGI=/fit-in/200x150/filters:strip_icc()/pic268132.jpg,3,8,,,,14,N/A,2,4.5,0,1.5,0,0,1,0,0,0,0,0,0,2025-10-01 23:44:57,,0,Party game,
1088,https://boardgamegeek.com/xmlapi/termsofuse,"Wed, 26 Aug 2026 00:24:39 +0000",thing,192743,boardgame,51272356,What's It Gonna Take?,1,2011,https://cf.geekdo-images.com/e0ghq3MSISFRALG93wXy-A__original/img/3Vlc6WZx4-ExBwIoVhSdYbCwFZI=/0x0/filters:format(jpeg)/pic9444356.jpg,https://cf.geekdo-images.com/e0ghq3MSISFRALG93wXy-A__small/img/Mk2NY0HVu46exYWGf_uYda6coRo=/fit-in/200x150/filters:strip_icc()/pic9444356.jpg,4,99,30,,30,12,N/A,5,4.8,0,1.93907,0,0,1,0,0,0,0,0,0,2021-03-01 22:03:49,,0,,
1088,https://boardgamegeek.com/xmlapi/termsofuse,"Wed, 26 Aug 2026 00:24:39 +0000",thing,439686,boardgame,143577050,What's The Best Thing?,1,2025,https://cf.geekdo-images.com/T5iUq1wK6FIPgaaVI8PYOQ__original/img/d4syf5B6ugZwXrxTBsYd1foNDRw=/0x0/filters:format(jpeg)/pic8729449.jpg,https://cf.geekdo-images.com/T5iUq1wK6FIPgaaVI8PYOQ__small/img/YsChonNRB31n2XQKLMYDFRsPKJk=/fit-in/200x150/filters:strip_icc()/pic8729449.jpg,2,10,10,20,20,75,N/A,33,6.79273,5.5183,1.13319,0,1,0,0,0,0,0,0,0,2026-03-15 14:52:03,,0,,
1088,https://boardgamegeek.com/xmlapi/termsofuse,"Wed, 26 Aug 2026 00:24:39 +0000",thing,90409,boardgame,32084949,WhatchamaDRAWit,1,2010,https://cf.geekdo-images.com/wn3-L53oghkvkIZ6SoxLIA__original/img/KLN7tNh5ys_E2H1ghM5gvQZCil8=/0x0/filters:format(jpeg)/pic907218.jpg,https://cf.geekdo-images.com/wn3-L53oghkvkIZ6SoxLIA__small/img/6hLugv2ci-NflcWCfQUDkhCvnGM=/fit-in/200x150/filters:strip_icc()/pic907218.jpg,1,100,,,,116,N/A,22,5.01121,0,1.7683,0,0,1,0,0,0,0,0,0,2025-10-01 23:45:27,,0,small,
1088,https://boardgamegeek.com/xmlapi/termsofuse,"Wed, 26 Aug 2026 00:24:39 +0000",thing,198454,boardgame,58189036,When I Dream,1,2016,https://cf.geekdo-images.com/E7bmvTXE2dWskxFaMwXYrA__original/img/B4tgeOFmRTASb8G5Ak2KCKwsTk0=/0x0/filters:format(png)/pic3747128.png,https://cf.geekdo-images.com/E7bmvTXE2dWskxFaMwXYrA__small/img/aR_FTYkNL8LoAijfVLmlblrUs5w=/fit-in/200x150/filters:strip_icc()/pic3747128.png,4,10,20,40,40,11383,N/A,6259,6.92243,6.49409,1.32437,0,1,0,0,0,0,0,0,0,2019-02-05 16:27:51,,0,,
1088,https://boardgamegeek.com/xmlapi/termsofuse,"Wed, 26 Aug 2026 00:24:39 +0000",thing,44614,boardgame,32084955,Who Would Win,1,2009,https://cf.geekdo-images.com/SJ_0m2HQCrA-QJw8rC7rbA__original/img/WthGuggthWLK7uUDfrxFWkf9m8M=/0x0/filters:format(jpeg)/pic3048438.jpg,https://cf.geekdo-images.com/SJ_0m2HQCrA-QJw8rC7rbA__small/img/Dot3Alj07la-rRNL4Z05bjyWOck=/fit-in/200x150/filters:strip_icc()/pic3048438.jpg,3,99,15,15,15,577,N/A,318,6.09874,5.5623,1.57674,0,0,1,0,0,0,0,0,0,2025-10-01 23:45:59,,0,small,
1088,https://boardgamegeek.com/xmlapi/termsofuse,"Wed, 26 Aug 2026 00:24:39 +0000",thing,33643,boardgame,142571749,Whoowasit?,1,2007,https://cf.geekdo-images.com/_uYQyKqxQlhxBz7LSNLNOA__original/img/X-wBF-ohBTtTEOkoXeqQ-xfTFH4=/0x0/filters:format(jpeg)/pic5207858.jpg,https://cf.geekdo-images.com/_uYQyKqxQlhxBz7LSNLNOA__small/img/DLEquMY_Gzbvd8nf2LB2Nk5AvvY=/fit-in/200x150/filters:strip_icc()/pic5207858.jpg,2,4,30,45,45,2715,N/A,1257,6.8027,5.92767,1.52566,0,1,0,0,0,0,0,0,0,2026-02-14 20:34:07,,0,,
1088,https://boardgamegeek.com/xmlapi/termsofuse,"Wed, 26 Aug 2026 00:24:39 +0000",thing,131165,boardgame,38887510,Why First?,1,2012,https://cf.geekdo-images.com/vmnzjqaB-sh5TgFmagY7Qw__original/img/xfsRQikixptruri9fwdkDDaE3TA=/0x0/filters:format(jpeg)/pic1430030.jpg,https://cf.geekdo-images.com/vmnzjqaB-sh5TgFmagY7Qw__small/img/G55f1w9Bc93O-lz8JeLKjt4aexQ=/fit-in/200x150/filters:strip_icc()/pic1430030.jpg,2,6,30,30,30,40,N/A,27,6.01963,0,1.50025,0,0,1,0,0,0,0,0,0,2025-10-01 23:46:10,,0,,
1088,https://boardgamegeek.com/xmlapi/termsofuse,"Wed, 26 Aug 2026 00:24:39 +0000",thing,12065,boardgame,32084959,Wig Out!,1,2004,https://cf.geekdo-images.com/TPYxLJrP3SEhySwzmtfbJA__original/img/WtB4-nR1nIlIeNYm8cgCAuMbApg=/0x0/filters:format(jpeg)/pic1688785.jpg,https://cf.geekdo-images.com/TPYxLJrP3SEhySwzmtfbJA__small/img/3dFuZPWK2z8Aq-1oyqJokC5g_ys=/fit-in/200x150/filters:strip_icc()/pic1688785.jpg,2,6,12,12,12,667,N/A,223,5.96381,5.53228,1.54207,0,0,1,0,0,0,0,0,0,2025-10-02 14:43:57,,0,kids,
1088,https://boardgamegeek.com/xmlapi/termsofuse,"Wed, 26 Aug 2026 00:24:39 +0000",thing,376024,boardgame,101391659,Willy Shaky Spear's As You Love It,1,,https://cf.geekdo-images.com/P-cctO31NphqWHto_X_9rA__original/img/SujZlGYAdXcpi-KWHGESMrGC8ZI=/0x0/filters:format(png)/pic8842735.png,https://cf.geekdo-images.com/P-cctO31NphqWHto_X_9rA__small/img/Y4Dq60Ip4-zr_55TOF4HeM4tmgs=/fit-in/200x150/filters:strip_icc()/pic8842735.png,1,7,45,45,45,7,9,2,6.5,0,2.5,0,0,1,0,0,0,0,0,0,2025-10-01 23:46:35,,0,,
1088,https://boardgamegeek.com/xmlapi/termsofuse,"Wed, 26 Aug 2026 00:24:39 +0000",thing,282922,boardgame,98478353,Windward,1,2020,https://cf.geekdo-images.com/63M83VSO5nApobnjl9mxfg__original/img/QOxUqh0p_I3yAoTHBLIiyBGxaAA=/0x0/filters:format(jpeg)/pic4821604.jpg,https://cf.geekdo-images.com/63M83VSO5nApobnjl9mxfg__small/img/WWKS1taGxoG4xQA_TfclgBF5S58=/fit-in/200x150/filters:strip_icc()/pic4821604.jpg,1,5,30,90,90,3677,N/A,1235,6.89313,5.90554,1.65495,0,1,0,0,0,0,0,0,0,2022-10-07 13:02:34,,0,,
1088,https://boardgamegeek.com/xmlapi/termsofuse,"Wed, 26 Aug 2026 00:24:39 +0000",thing,234274,boardgame,106192955,Wing It: The Game of Extreme Storytelling,1,2017,https://cf.geekdo-images.com/Yvrpy6-qpiG-4nhtRsAI6A__original/img/p7-NNYbpa4eibXgcaU7QShTr6Ic=/0x0/filters:format(png)/pic3737337.png,https://cf.geekdo-images.com/Yvrpy6-qpiG-4nhtRsAI6A__small/img/lZh3bCcu0-wYCtRWiUAwI5JYPr4=/fit-in/200x150/filters:strip_icc()/pic3737337.png,4,7,15,90,90,378,N/A,100,6.645,5.53219,1.86501,0,1,0,0,0,0,0,0,0,2023-05-05 12:00:48,,0,,
1088,https://boardgamegeek.com/xmlapi/termsofuse,"Wed, 26 Aug 2026 00:24:39 +0000",thing,266192,boardgame,100282260,Wingspan,1,2019,https://cf.geekdo-images.com/yLZJCVLlIx4c7eJEWUNJ7w__original/img/cI782Zis9cT66j2MjSHKJGnFPNw=/0x0/filters:format(jpeg)/pic4458123.jpg,https://cf.geekdo-images.com/yLZJCVLlIx4c7eJEWUNJ7w__small/img/VNToqgS2-pOGU6MuvIkMPKn_y-s=/fit-in/200x150/filters:strip_icc()/pic4458123.jpg,1,5,40,70,70,184506,N/A,114965,7.99501,7.84161,1.37784,0,1,0,0,0,0,0,0,0,2022-11-28 6:09:27,,0,,
1088,https://boardgamegeek.com/xmlapi/termsofuse,"Wed, 26 Aug 2026 00:24:39 +0000",thing,238407,boardgame,143577248,Winner Winner Chicken Dinner,1,2020,https://cf.geekdo-images.com/oh-sUsbKtHaCwb--r0dLig__original/img/Ve0S93jiVAmuzuxsIrS2CWaCd48=/0x0/filters:format(png)/pic4188574.png,https://cf.geekdo-images.com/oh-sUsbKtHaCwb--r0dLig__small/img/cz-Fh0A6L26gKFdfEwZdV4QHpF0=/fit-in/200x150/filters:strip_icc()/pic4188574.png,2,4,15,30,30,311,N/A,115,6.70251,5.55076,1.5509,0,1,0,0,0,0,0,0,0,2026-03-15 14:57:08,,0,,
1088,https://boardgamegeek.com/xmlapi/termsofuse,"Wed, 26 Aug 2026 00:24:39 +0000",thing,2652,boardgame,34586963,Wise and Otherwise,1,1997,https://cf.geekdo-images.com/WctbZv30v8aWpUjPUTtGLw__original/img/t-_qmQGosaRQ0KsI7BxkbSeXm6w=/0x0/filters:format(jpeg)/pic305953.jpg,https://cf.geekdo-images.com/WctbZv30v8aWpUjPUTtGLw__small/img/GeSDw4EsixKJQHsJtJxDCxjk0nA=/fit-in/200x150/filters:strip_icc()/pic305953.jpg,2,6,45,45,45,1978,N/A,1109,6.64514,5.82958,1.54926,0,0,1,0,0,0,0,0,0,2025-10-01 23:47:26,,0,Old games,
1088,https://boardgamegeek.com/xmlapi/termsofuse,"Wed, 26 Aug 2026 00:24:39 +0000",thing,445044,boardgame,148901618,Wispwood,1,2025,https://cf.geekdo-images.com/OymEgib8Sh3Mhup64pJX-A__original/img/pIvle5n77Ysb9_9Bzjwtguq1QHE=/0x0/filters:format(jpeg)/pic8857307.jpg,https://cf.geekdo-images.com/OymEgib8Sh3Mhup64pJX-A__small/img/wXH1XB5k_jQ8-oZdkcaSbdVzcjo=/fit-in/200x150/filters:strip_icc()/pic8857307.jpg,1,4,30,45,45,2844,N/A,1388,7.38939,6.18344,1.13723,0,1,0,0,0,0,0,0,0,2026-08-25 19:23:26,,0,,
1088,https://boardgamegeek.com/xmlapi/termsofuse,"Wed, 26 Aug 2026 00:24:39 +0000",thing,20100,boardgame,32085126,Wits & Wagers,1,2005,https://cf.geekdo-images.com/TxojLHTFHfBOBAk9MQSyLg__original/img/DcG4rhSBw8oT9drbvbuxybUOkik=/0x0/filters:format(jpeg)/pic2558555.jpg,https://cf.geekdo-images.com/TxojLHTFHfBOBAk9MQSyLg__small/img/J-7XIZYzAorUyzewzFgRqFK7vhk=/fit-in/200x150/filters:strip_icc()/pic2558555.jpg,3,7,25,25,25,22800,7,16192,6.92855,6.72864,1.2891,0,1,0,0,0,0,0,0,0,2015-12-28 12:29:53,,0,Love this party game!,
1088,https://boardgamegeek.com/xmlapi/termsofuse,"Wed, 26 Aug 2026 00:24:39 +0000",thing,232829,boardgame,54576052,The Wizard Always Wins,5,2017,https://cf.geekdo-images.com/xmxUZccK_PO-Dsgd0FcdFw__original/img/qQb0oUtY6Lzyc_-nMhi1VO5odpU=/0x0/filters:format(jpeg)/pic3716016.jpg,https://cf.geekdo-images.com/xmxUZccK_PO-Dsgd0FcdFw__small/img/DHXxKs49a1fZ82Oq2wluRTDcZWA=/fit-in/200x150/filters:strip_icc()/pic3716016.jpg,2,5,30,30,30,2307,N/A,848,6.64449,5.77527,1.29979,0,1,0,0,0,0,0,0,0,2018-09-27 18:11:42,,0,,
1088,https://boardgamegeek.com/xmlapi/termsofuse,"Wed, 26 Aug 2026 00:24:39 +0000",thing,357956,boardgame,130540888,The Wizard of Oz Adventure Book Game,5,2022,https://cf.geekdo-images.com/CemRNZkjmt6RY75PlWn-7g__original/img/jXfJcohqzuEF2ekuwbPt0gKhuIA=/0x0/filters:format(png)/pic6711919.png,https://cf.geekdo-images.com/CemRNZkjmt6RY75PlWn-7g__small/img/kCUHX1iCZZNx40ypaFtCUeVYqV0=/fit-in/200x150/filters:strip_icc()/pic6711919.png,1,4,90,120,120,1296,N/A,295,6.72624,5.62961,1.3007,0,1,0,0,0,0,0,0,0,2025-03-20 13:10:30,,0,,
1088,https://boardgamegeek.com/xmlapi/termsofuse,"Wed, 26 Aug 2026 00:24:39 +0000",thing,245624,boardgame,130522883,Wizards and Witches,1,2017,https://cf.geekdo-images.com/soIRhmG_YS0nOwqohifnnw__original/img/x4IVgfoebN7B8Ka0AHOVrmiZxKQ=/0x0/filters:format(jpeg)/pic3985079.jpg,https://cf.geekdo-images.com/soIRhmG_YS0nOwqohifnnw__small/img/RzXve_rGjESoPVs0Deso9hozeKc=/fit-in/200x150/filters:strip_icc()/pic3985079.jpg,2,7,15,30,30,41,N/A,6,5.5,0,0.957427,0,0,1,0,0,0,0,0,0,2025-10-01 23:48:17,,0,,
1088,https://boardgamegeek.com/xmlapi/termsofuse,"Wed, 26 Aug 2026 00:24:39 +0000",thing,5856,boardgame,32083428,The Wonderful World of Disney Trivia Game,5,1997,https://cf.geekdo-images.com/n2P4_He2Wgyk_UcS5p8Nig__original/img/IkGtEN_EIC1EfwbTCGJdimUvFA8=/0x0/filters:format(jpeg)/pic2461405.jpg,https://cf.geekdo-images.com/n2P4_He2Wgyk_UcS5p8Nig__small/img/UHNuMY5WHAyrjOTobkpHnlsNwvY=/fit-in/200x150/filters:strip_icc()/pic2461405.jpg,2,6,45,45,45,1157,5,297,5.53531,5.48736,1.69558,0,0,1,0,0,0,0,0,0,2025-10-01 23:49:36,,0,old games,
1088,https://boardgamegeek.com/xmlapi/termsofuse,"Wed, 26 Aug 2026 00:24:39 +0000",thing,247313,boardgame,60595290,Woodlands,1,2018,https://cf.geekdo-images.com/ffZblIu8kKl8FOCgn7EYXw__original/img/10K1553Mwvtkztw_QJFvqwTy34s=/0x0/filters:format(jpeg)/pic4192159.jpg,https://cf.geekdo-images.com/ffZblIu8kKl8FOCgn7EYXw__small/img/gxraBRFt4yJXbiW7V3-YJfOObgY=/fit-in/200x150/filters:strip_icc()/pic4192159.jpg,2,4,20,40,40,1010,N/A,381,6.65134,5.6575,1.24007,0,1,0,0,0,0,0,0,0,2019-05-16 11:48:07,,0,,
1088,https://boardgamegeek.com/xmlapi/termsofuse,"Wed, 26 Aug 2026 00:24:39 +0000",thing,365258,boardgame,130540863,World Wonders,1,2023,https://cf.geekdo-images.com/GGi5aUL1dVQIrytxgXow4g__original/img/ZpVBZXZhs1plAi5s4M7Db3YwBLc=/0x0/filters:format(png)/pic7604558.png,https://cf.geekdo-images.com/GGi5aUL1dVQIrytxgXow4g__small/img/90wLgUROk-IetKyXz2Fa7zNBCVs=/fit-in/200x150/filters:strip_icc()/pic7604558.png,1,5,50,70,70,12174,N/A,7169,7.59535,7.02735,1.17103,0,1,0,0,0,0,0,0,0,2025-03-20 13:09:43,,0,,
1088,https://boardgamegeek.com/xmlapi/termsofuse,"Wed, 26 Aug 2026 00:24:39 +0000",thing,5050,boardgame,32085247,The Worst-Case Scenario Survival Game,5,2001,https://cf.geekdo-images.com/MfK0083Hs0DxGcMgZ4GQ4A__original/img/VmHIEI3x_f-_4DuO7nX5yxbvVbE=/0x0/filters:format(jpeg)/pic336179.jpg,https://cf.geekdo-images.com/MfK0083Hs0DxGcMgZ4GQ4A__small/img/dh_qFoyhkpEDMwqV1g9CpI-2pPo=/fit-in/200x150/filters:strip_icc()/pic336179.jpg,2,10,20,40,40,1468,N/A,675,3.38281,5.03767,1.8703,0,0,1,0,0,0,0,0,0,2021-03-01 22:09:24,,0,,
1088,https://boardgamegeek.com/xmlapi/termsofuse,"Wed, 26 Aug 2026 00:24:39 +0000",thing,365454,boardgame,113474572,Written in the Cards,1,2022,https://cf.geekdo-images.com/J0bjWgdUAKMHAmViBviYBQ__original/img/Nvshxt3JJLfGB_tvF4g8pXZs9vQ=/0x0/filters:format(jpeg)/pic7009583.jpg,https://cf.geekdo-images.com/J0bjWgdUAKMHAmViBviYBQ__small/img/khcS2jJAiNnmZuu8PuGZkh628QQ=/fit-in/200x150/filters:strip_icc()/pic7009583.jpg,3,8,30,30,30,99,N/A,11,6.22727,0,1.55744,0,0,1,0,0,0,0,0,0,2025-10-01 23:50:24,,0,,
1088,https://boardgamegeek.com/xmlapi/termsofuse,"Wed, 26 Aug 2026 00:24:39 +0000",thing,336622,boardgame,113470425,Wrong Party,1,2021,https://cf.geekdo-images.com/_61XZmQmixaiDqWmgjqi1Q__original/img/pTnMMHPF5zpqR2waGzxCHwn_YlM=/0x0/filters:format(jpeg)/pic6149837.jpg,https://cf.geekdo-images.com/_61XZmQmixaiDqWmgjqi1Q__small/img/kZzIHiLogWxzeBsacDtuywHoEqw=/fit-in/200x150/filters:strip_icc()/pic6149837.jpg,2,5,30,60,60,1901,N/A,437,6.39332,5.6132,1.53912,0,1,0,0,0,0,0,0,0,2023-12-12 13:24:44,,0,,
1088,https://boardgamegeek.com/xmlapi/termsofuse,"Wed, 26 Aug 2026 00:24:39 +0000",thing,257957,boardgame,130518638,X-Code,1,2018,https://cf.geekdo-images.com/GuPOf42wu08EMmxllyXR4w__original/img/mNR1960HL0TXP7pzqYKNhJ4pmqs=/0x0/filters:format(jpeg)/pic5152757.jpg,https://cf.geekdo-images.com/GuPOf42wu08EMmxllyXR4w__small/img/lqWEI2gif4VSnfJ-bOE1hlsXEb8=/fit-in/200x150/filters:strip_icc()/pic5152757.jpg,2,8,15,15,15,698,N/A,248,6.27806,5.56468,1.4493,0,0,1,0,0,0,0,0,0,2025-10-01 23:50:57,,0,,
1088,https://boardgamegeek.com/xmlapi/termsofuse,"Wed, 26 Aug 2026 00:24:39 +0000",thing,234828,boardgame,80013418,Xi'an,1,2017,https://cf.geekdo-images.com/uAqvtHPjhsVIjMJLSpd2VQ__original/img/4KTnfTaXBE7vATT5Q3HFeZwGImc=/0x0/filters:format(jpeg)/pic3759209.jpg,https://cf.geekdo-images.com/uAqvtHPjhsVIjMJLSpd2VQ__small/img/zgOUAqlpuULTGYdLfIY_dUaj8Sk=/fit-in/200x150/filters:strip_icc()/pic3759209.jpg,2,4,30,60,60,1599,N/A,839,7.14572,5.91998,1.17463,0,1,0,0,0,0,0,0,0,2021-03-01 23:11:31,,0,,
1088,https://boardgamegeek.com/xmlapi/termsofuse,"Wed, 26 Aug 2026 00:24:39 +0000",thing,2243,boardgame,32085255,Yahtzee,1,2014,https://cf.geekdo-images.com/jJ6ZSEVeTT7KiZaMZJNo2A__original/img/mHeMjk_FUByzCa3rAY120OX1Yb8=/0x0/filters:format(jpeg)/pic2197824.jpg,https://cf.geekdo-images.com/jJ6ZSEVeTT7KiZaMZJNo2A__small/img/WLGbGeX2NoFSeh4DByPtwsQwUKA=/fit-in/200x150/filters:strip_icc()/pic2197824.jpg,2,10,30,30,30,36025,5.5,17884,5.5642,5.50104,1.56919,0,1,0,0,0,0,0,0,0,2018-04-26 23:23:28,,0,"shelf
dalek",
1088,https://boardgamegeek.com/xmlapi/termsofuse,"Wed, 26 Aug 2026 00:24:39 +0000",thing,2243,boardgame,51272579,Yahtzee,1,1956,https://cf.geekdo-images.com/dp-pJkUemCjhrwi9QItrPA__original/img/eeYPdva8ti4Hi2PYxkTLRPrtfKk=/0x0/filters:format(jpeg)/pic378237.jpg,https://cf.geekdo-images.com/dp-pJkUemCjhrwi9QItrPA__small/img/jzdzVAjd75yiZkIoJ4JsindSmCs=/fit-in/200x150/filters:strip_icc()/pic378237.jpg,2,10,30,30,30,36025,N/A,17884,5.5642,5.50104,1.56919,0,0,1,0,0,0,0,0,0,2025-10-01 23:52:30,,0,old games,
1088,https://boardgamegeek.com/xmlapi/termsofuse,"Wed, 26 Aug 2026 00:24:39 +0000",thing,37296,boardgame,32085272,Yahtzee Free for All,1,2008,https://cf.geekdo-images.com/2flpKrrZx5LzMyyf60HVAw__original/img/nPnCmUTZRBMbkyxxoZecwhJxauE=/0x0/filters:format(jpeg)/pic348628.jpg,https://cf.geekdo-images.com/2flpKrrZx5LzMyyf60HVAw__small/img/bqAIWq1ZDdyp3FKw7uT-CnuHED0=/fit-in/200x150/filters:strip_icc()/pic348628.jpg,2,6,20,20,20,1392,N/A,709,6.25539,5.67154,1.25592,0,0,1,0,0,0,0,0,0,2025-10-01 23:52:41,,0,old games,
1088,https://boardgamegeek.com/xmlapi/termsofuse,"Wed, 26 Aug 2026 00:24:39 +0000",thing,64875,boardgame,51272614,Yahtzee Hands Down Card Game,1,2009,https://cf.geekdo-images.com/KZcpjwIzMuCpB-0yDaqA1Q__original/img/bRSObrpJW8GGnbcald8bmHF_KEs=/0x0/filters:format(jpeg)/pic642763.jpg,https://cf.geekdo-images.com/KZcpjwIzMuCpB-0yDaqA1Q__small/img/ACAt6U8sCrLXTcw_9Ogj-c_2eD8=/fit-in/200x150/filters:strip_icc()/pic642763.jpg,2,6,15,15,15,1214,N/A,226,5.15571,5.46334,1.6745,0,0,1,0,0,0,0,0,0,2021-03-01 22:04:13,,0,,
1088,https://boardgamegeek.com/xmlapi/termsofuse,"Wed, 26 Aug 2026 00:24:39 +0000",thing,28684,boardgame,73188082,Yamodo!,1,2006,https://cf.geekdo-images.com/58caqtAmhIblBHJsbg2TtQ__original/img/QgV1088oHTl37SqYfth2TozI7as=/0x0/filters:format(jpeg)/pic227345.jpg,https://cf.geekdo-images.com/58caqtAmhIblBHJsbg2TtQ__small/img/Ne81Ud9DHh2TpNP-HoUbnMunjIg=/fit-in/200x150/filters:strip_icc()/pic227345.jpg,1,99,,,,82,N/A,18,4.52778,0,1.90374,0,0,1,0,0,0,0,0,0,2021-03-07 11:24:23,,0,,
1088,https://boardgamegeek.com/xmlapi/termsofuse,"Wed, 26 Aug 2026 00:24:39 +0000",thing,41493,boardgame,32085276,Yamslam,1,2008,https://cf.geekdo-images.com/ZlIQWTb4ZYhFF625kC_MpQ__original/img/GzPRagwC6wElpN9rFYiPmDzgq24=/0x0/filters:format(jpeg)/pic2007303.jpg,https://cf.geekdo-images.com/ZlIQWTb4ZYhFF625kC_MpQ__small/img/o0O1jvYv2x5rpfz7nlWWDNn5eWY=/fit-in/200x150/filters:strip_icc()/pic2007303.jpg,2,4,15,15,15,1257,5.5,529,6.26732,5.62617,1.40513,0,0,1,0,0,0,0,0,0,2025-10-01 23:52:52,,0,,
1088,https://boardgamegeek.com/xmlapi/termsofuse,"Wed, 26 Aug 2026 00:24:39 +0000",thing,288585,boardgame,130522942,You Don't Know My Life,1,2018,https://cf.geekdo-images.com/DeusLM1QncB2Zai007UpAQ__original/img/xP_wLATqAYlofjMahEo373VGSdI=/0x0/filters:format(jpeg)/pic4943908.jpg,https://cf.geekdo-images.com/DeusLM1QncB2Zai007UpAQ__small/img/A0Li8S2z8A6kHd3jVWNZ9EwC_PY=/fit-in/200x150/filters:strip_icc()/pic4943908.jpg,,,,,,10,N/A,1,7,0,0,0,1,0,0,0,0,0,0,0,2025-03-19 22:04:48,,0,,
1088,https://boardgamegeek.com/xmlapi/termsofuse,"Wed, 26 Aug 2026 00:24:39 +0000",thing,20790,boardgame,54597742,You've Been Sentenced!,1,2005,https://cf.geekdo-images.com/gRehordSQEjECpCaWmyQVA__original/img/xya6WTBYh5qYBM2ammXvGZmgYsA=/0x0/filters:format(jpeg)/pic336515.jpg,https://cf.geekdo-images.com/gRehordSQEjECpCaWmyQVA__small/img/ykNUs108sff44JtMAqYIoElYjCs=/fit-in/200x150/filters:strip_icc()/pic336515.jpg,3,10,30,30,30,826,N/A,273,5.32806,5.47531,1.62379,0,0,1,0,0,0,0,0,0,2021-03-01 22:10:34,,0,,
1088,https://boardgamegeek.com/xmlapi/termsofuse,"Wed, 26 Aug 2026 00:24:39 +0000",thing,134618,boardgame,32085282,Zen Garden,1,2013,https://cf.geekdo-images.com/6X3IQCEXFEaDU4-x8al2rA__original/img/L-5Jspe-XaTBegPqUPqYHjBlZts=/0x0/filters:format(jpeg)/pic1494018.jpg,https://cf.geekdo-images.com/6X3IQCEXFEaDU4-x8al2rA__small/img/Fxw9RxR6kCZlSddvjnqw4RKt530=/fit-in/200x150/filters:strip_icc()/pic1494018.jpg,2,4,15,30,30,720,N/A,243,5.66502,5.51442,1.44884,0,0,1,0,0,0,0,0,0,2025-10-02 11:26:53,,0,,
1088,https://boardgamegeek.com/xmlapi/termsofuse,"Wed, 26 Aug 2026 00:24:39 +0000",thing,6830,boardgame,64998087,Zendo,1,2001,https://cf.geekdo-images.com/F5gufc6NTi_MZ1rcPsRvtQ__original/img/TbQdW305j2rqYumYhNzrmvI3XQ4=/0x0/filters:format(jpeg)/pic3808891.jpg,https://cf.geekdo-images.com/F5gufc6NTi_MZ1rcPsRvtQ__small/img/5ZIKwf8QqCdxXRbZW5YKObXKtNc=/fit-in/200x150/filters:strip_icc()/pic3808891.jpg,2,6,15,60,60,3778,N/A,3449,7.19558,6.49239,1.64689,0,1,0,0,0,0,0,0,0,2019-10-21 20:31:21,,0,,
1088,https://boardgamegeek.com/xmlapi/termsofuse,"Wed, 26 Aug 2026 00:24:39 +0000",thing,22864,boardgame,130522956,Zeus on the Loose,1,2006,https://cf.geekdo-images.com/DHN9OkVEMTIomnJZXMT3Kw__original/img/n-7Z9r7uUK0Y56DEBJWJ0lhzX8Q=/0x0/filters:format(png)/pic9551830.png,https://cf.geekdo-images.com/DHN9OkVEMTIomnJZXMT3Kw__small/img/RUn6Mp-fa2nBvPpfc6DrbDg49LU=/fit-in/200x150/filters:strip_icc()/pic9551830.png,2,5,15,15,15,3326,N/A,1288,6.07441,5.67638,1.38648,0,1,0,0,0,0,0,0,0,2025-03-19 22:05:53,,0,,
1088,https://boardgamegeek.com/xmlapi/termsofuse,"Wed, 26 Aug 2026 00:24:39 +0000",thing,62871,boardgame,32085286,Zombie Dice,1,2010,https://cf.geekdo-images.com/iPy584JMAJYrupqRdQp8gA__original/img/zPbWjPYgLscrjd96Uitf3GTPb34=/0x0/filters:format(jpeg)/pic4991962.jpg,https://cf.geekdo-images.com/iPy584JMAJYrupqRdQp8gA__small/img/0qjQ2T0wXNZDVvMie54bEVmKeT8=/fit-in/200x150/filters:strip_icc()/pic4991962.jpg,2,99,10,20,20,38219,6,19346,6.2302,6.07862,1.45109,0,1,0,0,0,0,0,0,0,2024-05-20 15:47:57,,0,"cans 
main game can",
1088,https://boardgamegeek.com/xmlapi/termsofuse,"Wed, 26 Aug 2026 00:24:39 +0000",thing,110279,boardgame,32085310,Zombie Dice 2: Double Feature,1,2012,https://cf.geekdo-images.com/lalzQRylUH598EEZIA_CJQ__original/img/OGqAVvby2TXA5nbLqQej4uT9jCA=/0x0/filters:format(jpeg)/pic1130535.jpg,https://cf.geekdo-images.com/lalzQRylUH598EEZIA_CJQ__small/img/QO-8lASAjY75tfEHd-_n-m2-R7g=/fit-in/200x150/filters:strip_icc()/pic1130535.jpg,2,99,10,20,20,8534,6,2742,6.61801,6.05659,1.32142,0,1,0,0,0,0,0,0,0,2015-12-28 12:30:32,,0,in main game can,
1088,https://boardgamegeek.com/xmlapi/termsofuse,"Wed, 26 Aug 2026 00:24:39 +0000",thing,155148,boardgame,34587572,Zombie Dice 3: School Bus,1,2014,https://cf.geekdo-images.com/chpnXzF5dTwQAvp3NJBOMg__original/img/EjcmdsEuzVcflC2U6DQfCuWupl4=/0x0/filters:format(jpeg)/pic1932494.jpg,https://cf.geekdo-images.com/chpnXzF5dTwQAvp3NJBOMg__small/img/-8IsLfpFW-Wr0PWz9TRfvIbzGMk=/fit-in/200x150/filters:strip_icc()/pic1932494.jpg,2,99,10,20,20,4923,N/A,1371,6.68484,5.89662,1.37458,0,1,0,0,0,0,0,0,0,2016-05-14 12:42:06,,0,in main game can,
1088,https://boardgamegeek.com/xmlapi/termsofuse,"Wed, 26 Aug 2026 00:24:39 +0000",thing,29387,boardgame,32085317,Zombie Fluxx,1,2007,https://cf.geekdo-images.com/XzqgCgBYVc0a92ZqZ9NjXw__original/img/56rU6cUhd-rm6FUBHC01mLu3aAw=/0x0/filters:format(jpeg)/pic254239.jpg,https://cf.geekdo-images.com/XzqgCgBYVc0a92ZqZ9NjXw__small/img/T1d9LzE-cyQSSEu6piQ0VSzgLHI=/fit-in/200x150/filters:strip_icc()/pic254239.jpg,2,6,10,40,40,15193,6,6911,5.99246,5.78334,1.66945,0,0,1,0,0,0,0,0,0,2025-10-01 23:53:35,,0,basket,
1088,https://boardgamegeek.com/xmlapi/termsofuse,"Wed, 26 Aug 2026 00:24:39 +0000",thing,147009,boardgame,62337259,Zombie Kidz,1,2013,https://cf.geekdo-images.com/OgeD1duaaYAHo1iYT9BmPQ__original/img/kl0Fmoq8ODhel2uzKvy415qXoiM=/0x0/filters:format(jpeg)/pic1758532.jpg,https://cf.geekdo-images.com/OgeD1duaaYAHo1iYT9BmPQ__small/img/itqgn7O77MSes8vGNm1ITsDCIV8=/fit-in/200x150/filters:strip_icc()/pic1758532.jpg,2,4,15,15,15,627,N/A,243,6.00567,5.53872,1.60574,0,0,1,0,0,0,0,0,0,2025-10-02 11:29:09,,0,kids,
1088,https://boardgamegeek.com/xmlapi/termsofuse,"Wed, 26 Aug 2026 00:24:39 +0000",thing,256952,boardgame,81004951,Zombie Kidz Evolution,1,2018,https://cf.geekdo-images.com/Iwv0Vg8FXIKlEr8xKsapIQ__original/img/MmYKhIQ-QmB-PQBZuo8vLUtbQIM=/0x0/filters:format(jpeg)/pic4334067.jpg,https://cf.geekdo-images.com/Iwv0Vg8FXIKlEr8xKsapIQ__small/img/LbMfaYV0-_2yRXvl6D8pjXa86IY=/fit-in/200x150/filters:strip_icc()/pic4334067.jpg,2,4,15,15,15,13583,N/A,6336,7.56145,6.93955,1.30428,0,1,0,0,0,0,0,0,0,2024-05-20 15:48:35,,0,kids,
1088,https://boardgamegeek.com/xmlapi/termsofuse,"Wed, 26 Aug 2026 00:24:39 +0000",thing,310448,boardgame,138188957,Zombie Teenz Evolution,1,2020,https://cf.geekdo-images.com/elS-EEtVF92Vk-YBqnJKeA__original/img/Zr5Q4VUehMBvib7M48FyaAa9Gss=/0x0/filters:format(png)/pic5733331.png,https://cf.geekdo-images.com/elS-EEtVF92Vk-YBqnJKeA__small/img/ZWbcOy6SjMcwsmeYe7Y42Nfk174=/fit-in/200x150/filters:strip_icc()/pic5733331.png,2,4,20,20,20,6578,N/A,2417,7.60056,6.53048,1.26579,0,1,0,0,0,0,0,0,0,2025-11-03 16:06:19,,0,,
1088,https://boardgamegeek.com/xmlapi/termsofuse,"Wed, 26 Aug 2026 00:24:39 +0000",thing,2471,boardgame,32085321,Zombies!!!,1,2001,https://cf.geekdo-images.com/MLkRHrISvHx8plwBsCk9iw__original/img/tqe-xEnAUGUT3PVymvhgRVkqbv4=/0x0/filters:format(jpeg)/pic2525171.jpg,https://cf.geekdo-images.com/MLkRHrISvHx8plwBsCk9iw__small/img/AW6pHylkGBmfTSdI15DqRJ0JH6w=/fit-in/200x150/filters:strip_icc()/pic2525171.jpg,2,6,60,90,90,25552,6,15578,5.79443,5.60944,1.87548,0,0,1,0,0,0,0,0,0,2025-10-01 23:54:43,,0,,
1088,https://boardgamegeek.com/xmlapi/termsofuse,"Wed, 26 Aug 2026 00:24:39 +0000",thing,27588,boardgame,136976372,Zooloretto,1,2007,https://cf.geekdo-images.com/WiO4FLeGBs-_88UQdpHrcA__original/img/F0cq8of31ygpIBMNGkgZeXuVFoc=/0x0/filters:format(jpeg)/pic7758113.jpg,https://cf.geekdo-images.com/WiO4FLeGBs-_88UQdpHrcA__small/img/Vb6YHpZ06cB_iYWigESl3ZCyNeY=/fit-in/200x150/filters:strip_icc()/pic7758113.jpg,2,5,45,45,45,20507,N/A,15758,6.78303,6.58404,1.17771,0,1,0,0,0,0,0,0,0,2025-10-02 9:42:12,,0,,
