bg_id,id,value,bayesaverage
174430,5496,1,8.47885
174430,5497,1,8.46667
161936,5496,2,8.42739
161936,5497,3,8.42327
224517,5497,2,8.45421
167791,5497,6,8.24917
291457,5496,3,8.31216
291457,5497,5,8.26834
233078,5496,4,8.30368
233078,5497,4,8.28996
220308,5497,7,8.22579
187645,5496,6,8.20669
162886,5497,10,8.13106
182028,5497,8,8.17489
115746,4664,1,8.24715
115746,5496,5,8.20805
193738,5497,9,8.14048
12333,4664,2,8.22919
12333,5497,11,8.09094
169786,5497,13,8.02839
316554,5496,8,8.03674
316554,5497,12,8.054
84876,5497,15,8.00525
167355,5496,9,8.01363
173346,5497,20,7.94696
124361,5497,18,7.98877
28720,5497,14,8.01397
120677,5497,19,7.96488
177736,5497,17,7.9897
266192,5497,25,7.88692
266192,5499,1,7.95786
205637,4667,1,8.01875
205637,5496,12,7.94129
183394,5497,26,7.88437
237182,4664,16,7.71888
237182,5497,30,7.87168
164928,5497,21,7.9168
199792,5497,33,7.85405
199792,5499,3,7.89865
266507,5496,7,8.14918
96848,5496,15,7.85793
96848,5497,31,7.86969
312484,5497,29,7.87701
312484,5499,2,7.90858
246900,5497,16,8.00183
175914,5497,24,7.88846
3076,5497,39,7.81689
102794,5497,35,7.83702
170216,5497,41,7.7941
285774,4667,2,7.84315
192135,5496,11,7.96247
192135,5497,28,7.87707
31260,5497,43,7.78661
251247,5497,23,7.88972
276025,5497,32,7.86767
247763,5497,34,7.84751
221107,5496,14,7.8899
221107,5497,37,7.83314
205059,5496,16,7.80775
256960,5497,27,7.88203
284083,5499,4,7.80692
185343,5497,40,7.8166
126163,5497,46,7.75624
2651,5497,52,7.72944
55690,5496,13,7.90736
216132,5497,44,7.76777
184267,5497,38,7.82221
164153,5496,20,7.74575
209010,5496,17,7.78321
209010,5497,48,7.73924
35677,5497,49,7.73782
180263,5496,19,7.748
244521,5499,7,7.72468
342942,5497,22,7.90068
125153,5497,45,7.76489
521,5499,6,7.74616
161533,5497,42,7.79391
230802,4666,2,7.67537
230802,5499,8,7.68898
72125,5497,56,7.68471
25613,5497,53,7.72003
266810,5497,51,7.73243
191189,5497,54,7.6891
124742,4667,3,7.75103
28143,5497,61,7.65083
314040,5496,10,7.99657
314040,5497,36,7.83629
201808,5497,64,7.62952
201808,5499,9,7.65829
159675,5497,47,7.73961
121921,5496,25,7.62239
229853,5497,55,7.6864
157354,5497,63,7.63281
171623,5497,58,7.66302
68448,5497,73,7.58801
68448,5499,11,7.62059
200680,5497,57,7.66448
110327,5497,75,7.58553
62219,5497,59,7.65839
182874,5497,60,7.65489
236457,5497,70,7.59577
122515,5497,67,7.61825
264220,5496,21,7.72902
324856,5499,5,7.7823
93,5497,68,7.60794
18602,5497,71,7.59136
37111,5496,29,7.55566
12493,5496,27,7.58428
12493,5497,83,7.55568
73439,5497,72,7.58932
40834,5497,85,7.55111
269385,5496,24,7.62513
170042,5497,79,7.56503
172386,5497,66,7.62101
146021,5496,30,7.54263
203993,5497,69,7.60474
205896,5497,91,7.53872
295947,4666,1,7.74348
295947,5499,10,7.65729
281259,5497,84,7.55195
281259,5499,12,7.59956
163412,4666,5,7.52046
163412,5499,13,7.54311
42,5497,88,7.54429
144733,5497,77,7.57804
225694,5498,1,7.62759
284378,5497,50,7.7352
102680,5497,80,7.56496
155821,5497,94,7.52714
178900,5498,2,7.52197
132531,5497,99,7.50789
36218,5497,110,7.45243
233371,5497,89,7.54067
172287,5497,97,7.51897
218417,5497,62,7.64373
263918,5499,14,7.53045
30549,5497,123,7.39965
30549,5499,17,7.46315
198928,5497,90,7.53904
196340,5497,82,7.56412
163068,5497,78,7.57325
2511,5496,34,7.50874
253344,5496,23,7.68572
175155,5497,86,7.54973
127023,5497,102,7.49942
266524,5499,15,7.51738
175640,5497,65,7.6224
262712,5497,100,7.50033
255984,5496,18,7.7636
317985,5497,76,7.58505
233398,5497,87,7.54562
4098,5497,92,7.53738
161970,5497,109,7.46233
146652,5496,32,7.53424
147020,5497,121,7.4047
118048,5497,106,7.47027
103885,4664,52,7.38995
103885,4667,9,7.39919
34635,5497,118,7.41967
34635,5499,22,7.45314
271324,5497,105,7.48589
274364,5497,96,7.52204
43015,5497,103,7.49258
14996,5499,24,7.43416
233867,5499,19,7.45902
148949,5497,117,7.42814
148949,5499,21,7.45328
77423,4667,6,7.50332
244522,5499,18,7.46072
287954,4666,3,7.5673
287954,5499,16,7.49503
104162,5496,44,7.41792
43111,5496,36,7.46848
43111,5497,116,7.43245
9609,4664,22,7.64323
9609,5496,33,7.52441
254640,5498,3,7.51691
220877,5497,108,7.4644
217372,5499,20,7.45402
82222,5496,31,7.53427
82222,5497,107,7.46707
256916,5497,74,7.58565
283948,5497,93,7.53492
54043,5499,27,7.40539
231733,5496,26,7.62003
231733,5497,81,7.56467
150376,5496,51,7.34255
10630,4664,64,7.32498
128882,5498,9,7.3523
17133,5497,113,7.44114
282524,5496,41,7.44054
282524,5499,23,7.44069
463,4667,20,7.24256
308765,5497,95,7.5234
296151,5497,104,7.4902
155426,5497,129,7.38424
265188,5497,101,7.50011
39463,5496,61,7.30553
39463,5497,147,7.33022
70149,5497,111,7.44917
221194,5496,45,7.41255
221194,5497,127,7.39529
103343,5497,144,7.33801
188920,5496,38,7.4488
279537,5497,98,7.50813
199561,4666,10,7.31751
199561,5499,28,7.38163
25021,4664,5,7.82586
14105,4664,21,7.65433
123260,5497,133,7.36687
31627,5499,25,7.42553
195421,5496,37,7.45426
189932,5497,112,7.44649
283155,4666,8,7.43695
283155,5499,26,7.42327
104006,5497,134,7.36487
171131,5496,50,7.3499
171131,5498,6,7.39042
21050,4664,8,7.77309
126042,5497,124,7.39894
182631,5497,125,7.39668
245638,5497,122,7.40156
249259,4666,6,7.47974
223321,5496,42,7.42371
91,4664,3,7.91209
224037,5499,30,7.37808
239188,5496,48,7.36851
148228,5499,36,7.31855
188,4666,14,7.21062
268864,4664,35,7.46589
268864,5496,40,7.44319
12,5497,138,7.34883
242302,5499,31,7.37708
146886,5497,128,7.38727
215,5497,135,7.35623
822,5499,40,7.2989
146508,5496,54,7.33282
9209,5499,39,7.30146
209418,5497,139,7.34778
54998,5497,157,7.31138
306735,5497,131,7.37741
129437,5496,64,7.29477
176189,5496,58,7.31337
109276,5497,119,7.41591
7854,4666,4,7.56203
194655,4666,12,7.27336
194655,5499,41,7.29785
188834,5498,14,7.23952
283355,5496,39,7.44461
283355,5497,132,7.37389
169426,5497,158,7.30859
232832,5497,153,7.31621
232832,5499,34,7.36182
156129,5498,10,7.3509
9216,5497,136,7.35566
555,5497,146,7.33199
318977,5499,29,7.38012
192291,5499,42,7.29473
158600,5499,35,7.32498
155068,5496,49,7.3518
271055,5497,114,7.43934
199478,5499,38,7.3054
198994,4667,21,7.23325
198994,5497,176,7.26165
293014,5497,140,7.34725
293014,5499,32,7.37682
31481,5496,75,7.259
328871,5497,141,7.34625
20551,5497,159,7.30571
176494,5497,171,7.27774
176494,5499,43,7.29362
118,5497,167,7.28851
128621,5497,155,7.31199
27833,5497,145,7.3344
421,5497,126,7.39547
241451,5496,28,7.56506
241451,5497,120,7.41292
19857,5497,162,7.3013
27708,5497,151,7.32283
140620,5497,165,7.29204
228341,5497,142,7.34443
3,5497,170,7.27806
269207,5497,168,7.28336
127060,5497,154,7.31571
235802,5496,22,7.7119
235802,5497,115,7.43519
204583,5499,47,7.237
155873,5497,130,7.38187
108745,5497,184,7.23503
92828,5498,11,7.28739
24181,5497,156,7.31187
274637,5497,164,7.29427
295486,5497,150,7.32628
295486,5499,33,7.36351
271896,5496,52,7.33851
144344,5497,163,7.30072
97207,5496,71,7.26662
97207,5497,179,7.24993
165722,5498,7,7.37792
165722,5499,37,7.31153
760,5497,186,7.23462
286096,5497,188,7.22955
232405,5496,56,7.31678
181279,5496,72,7.26618
22545,5497,172,7.27217
176734,5497,148,7.3287
154203,5497,201,7.20785
38453,5496,77,7.23448
223040,5499,44,7.28363
66589,5497,169,7.27961
224783,5497,161,7.30208
2655,4666,18,7.14398
206718,5497,182,7.24193
19777,5497,137,7.35539
300531,5496,55,7.32185
300531,5497,174,7.26727
93260,4667,16,7.269
93260,5497,197,7.2136
222509,5497,177,7.25779
193037,5496,67,7.28588
203420,5496,66,7.28812
294484,5497,152,7.31831
160477,4666,17,7.16137
59294,5496,59,7.3077
59294,5497,185,7.23483
48726,5497,196,7.21446
54138,5497,166,7.29027
246784,5497,192,7.22629
246784,5499,46,7.24923
13122,5497,143,7.3435
227224,5497,173,7.26839
46213,5498,13,7.25092
146439,4664,55,7.37704
187617,5496,43,7.42306
172081,5496,78,7.23172
172081,5499,49,7.23175
139976,5496,47,7.39512
139976,5497,178,7.25406
209685,5499,52,7.19559
302723,5496,35,7.47204
234,4664,20,7.6707
143693,5497,191,7.22717
227789,5497,180,7.24698
163967,5497,230,7.14318
54,5497,213,7.17094
136888,5497,199,7.21052
140934,5499,53,7.19019
40692,5497,253,7.10858
40692,5499,64,7.13805
172818,5496,91,7.16386
45315,5497,207,7.18641
260605,5498,8,7.36098
260605,5499,45,7.2521
300322,5497,149,7.32762
101721,4667,11,7.33972
129622,5499,68,7.12765
77130,5497,218,7.16467
257499,5496,68,7.2839
5,5497,226,7.15038
181304,5496,104,7.11263
181304,5499,66,7.13148
2653,5499,59,7.15579
59959,5496,94,7.15702
59959,5497,225,7.15053
25292,5496,84,7.19375
176920,5497,208,7.18613
21241,5497,228,7.1452
219513,5499,54,7.18657
39856,5498,21,7.11719
41114,5498,25,7.07587
70919,5499,65,7.13644
37046,5497,237,7.13157
119890,5497,220,7.15792
163745,4664,46,7.42812
163745,5496,57,7.31486
184921,5499,51,7.19903
285967,5497,175,7.26533
156546,5498,4,7.46104
188866,5496,70,7.27031
188866,5499,48,7.23498
199042,5496,109,7.09438
199042,5497,271,7.06946
234487,5497,204,7.19764
230253,5497,194,7.21858
172,5499,62,7.14074
192458,5497,195,7.21696
182134,5497,217,7.16712
17392,4664,15,7.72601
8217,5497,247,7.11537
25554,5497,222,7.15433
1,5497,189,7.22911
50,5499,71,7.11345
297030,5497,181,7.24292
39683,5497,221,7.15599
234277,5497,198,7.21131
250458,5497,211,7.18323
24480,5497,242,7.12349
90137,5496,89,7.17423
246192,5499,57,7.16636
33160,5497,219,7.16382
9217,5497,244,7.1205
31594,5497,229,7.14408
244271,5499,50,7.22969
245934,5497,205,7.18913
304420,5497,193,7.2222
144592,5497,203,7.20574
186751,5497,200,7.20986
204305,5496,69,7.28067
265736,5499,70,7.12486
63888,5497,256,7.10167
256226,4666,15,7.19514
256226,5499,63,7.14034
21348,5497,241,7.124
21348,5499,60,7.15392
270633,5497,160,7.30495
70323,5499,86,7.05242
244711,5497,209,7.18607
40765,5497,210,7.18555
170771,5496,53,7.33583
111341,5497,183,7.23663
155987,5497,261,7.09491
195539,5496,87,7.18541
195539,5497,234,7.13968
260428,5497,214,7.1708
154809,5497,202,7.20594
166669,5497,224,7.15271
236191,5497,216,7.16811
36932,5496,82,7.20869
128271,5497,215,7.16879
71,5497,240,7.12687
198773,5498,22,7.11515
121,5496,79,7.23131
121,5497,233,7.14124
54625,5496,80,7.22662
40354,4664,11,7.74046
243,4664,17,7.71832
194594,5499,76,7.08902
215311,5499,69,7.12493
161614,5497,227,7.1464
47,5497,251,7.10948
269210,5499,56,7.16662
15987,5496,126,7.02397
124708,5496,114,7.07607
55670,5497,235,7.13899
63628,5497,260,7.09619
66188,5497,265,7.08994
66188,5499,73,7.10557
298047,5499,61,7.1476
215341,5497,206,7.18674
245655,5496,60,7.30686
151347,5496,74,7.26171
304783,5497,187,7.23193
229220,5497,232,7.14263
285192,5496,65,7.29298
138161,5496,113,7.08156
100901,5496,123,7.03235
100901,5499,88,7.04752
128671,5496,97,7.13298
197376,5497,282,7.04722
274960,5499,77,7.08515
79828,4664,83,7.23811
79828,5497,257,7.09962
34219,5497,277,7.05197
34219,5499,80,7.07086
270844,5497,249,7.11438
27162,5497,285,7.04393
27162,5499,85,7.05288
15985,5496,62,7.30345
96913,5497,248,7.11536
251658,5499,72,7.10784
176396,5499,78,7.07964
372,5499,75,7.09723
66362,5497,266,7.08748
92415,5498,27,7.03679
11170,4667,27,7.15988
11170,5496,101,7.11785
192153,5496,112,7.08283
192153,5497,299,7.0135
314491,5497,231,7.14315
314491,5499,55,7.18433
105134,5497,289,7.03234
18833,5497,258,7.09954
311193,5497,212,7.17416
262543,5498,15,7.22834
137408,5497,250,7.11075
150658,5497,287,7.03436
150658,5499,82,7.06974
25417,4664,105,7.14759
25417,5496,118,7.06847
62222,4664,13,7.73434
150,5498,20,7.12161
150,5499,81,7.06974
246684,5497,236,7.13351
157969,5498,28,7.01052
157969,5499,102,6.99376
5404,5497,268,7.07151
194607,5497,293,7.02436
17226,5496,119,7.06475
128996,4664,41,7.43694
83330,5496,121,7.05147
712,5496,93,7.15904
712,5497,297,7.01736
226522,5496,76,7.25554
226522,5499,58,7.15733
136063,5499,101,6.99429
146791,5496,73,7.26429
177639,5497,292,7.02731
341169,5497,190,7.22769
256730,5497,243,7.12144
291572,5496,96,7.14154
291572,5497,255,7.10527
158899,5499,103,6.99057
62227,4664,53,7.38776
62227,5497,276,7.05592
156858,5496,95,7.14665
162082,5497,278,7.05183
233312,5496,100,7.11865
171,4666,45,6.78528
478,5497,346,6.92392
478,5499,118,6.94727
98778,5499,115,6.96259
264241,4666,9,7.3954
264241,5499,67,7.13032
15062,5496,145,6.9569
95527,5497,252,7.10888
123123,5497,246,7.11553
13,5497,419,6.83893
13,5499,135,6.9071
205398,5499,96,7.0082
20437,5496,120,7.05686
20437,5497,290,7.03146
43570,5497,335,6.95575
119506,5496,85,7.1937
119506,5497,262,7.09334
144189,4664,14,7.72766
65781,5497,274,7.05728
127398,5496,142,6.9621
105551,5497,296,7.02248
206941,5497,269,7.07012
240196,5496,88,7.17709
202426,5497,238,7.12898
193042,5498,16,7.17886
193042,5499,84,7.06733
150145,5499,83,7.06924
319966,5497,254,7.10748
191862,5499,93,7.0098
97786,5497,315,6.9888
97786,5499,97,7.00733
232414,5497,284,7.04661
171668,5496,131,6.99019
133848,5497,310,6.9948
144797,5497,263,7.09286
221965,5499,95,7.00917
36553,5498,5,7.39526
180974,5499,109,6.98125
245654,5499,92,7.01341
875,5497,245,7.11796
102652,5496,143,6.9619
21790,5497,331,6.96273
21790,5499,110,6.97915
125618,5497,324,6.97549
142379,5497,270,7.06987
293141,5499,74,7.09841
269144,5497,283,7.04665
262211,5497,239,7.12816
12942,5499,114,6.9704
31999,4666,7,7.44818
9674,4666,21,7.0502
147949,5498,38,6.93149
58421,5497,280,7.05075
262215,5497,275,7.05675
11,5499,121,6.9398
301880,5497,264,7.0918
17405,5497,223,7.15273
90419,5497,298,7.01461
90419,5499,90,7.02943
163968,5497,309,6.99539
232043,5499,98,6.99779
156009,5499,112,6.97587
18,5496,159,6.90093
18,5497,373,6.90118
133473,5499,125,6.93018
34119,5496,141,6.96284
42052,5497,279,7.05174
27173,5497,308,6.99582
181530,5496,115,7.07301
97842,5497,319,6.98097
31730,5497,306,6.99951
192836,5497,273,7.0673
133038,5496,137,6.97189
128780,5497,272,7.06803
316377,5497,291,7.02839
6249,5497,363,6.90841
6249,5499,123,6.93744
475,5497,307,6.99829
256952,4665,1,7.57585
256952,5499,79,7.07093
183251,5499,105,6.98655
329082,5497,267,7.08043
151022,5496,105,7.10726
151022,5497,294,7.0243
218603,4666,38,6.89955
218603,5499,122,6.9387
91312,5496,154,6.92136
277085,5498,17,7.14529
277085,5499,89,7.04145
22827,5496,124,7.03214
22827,5497,327,6.97226
27746,5497,326,6.97446
27746,5499,104,6.98736
141572,5497,337,6.95032
141572,5499,113,6.97272
196326,5498,18,7.12465
196326,5499,94,7.00918
84419,4664,49,7.41403
15363,4664,141,7.04601
15363,5496,128,7.00501
153938,5499,131,6.92366
3685,4664,51,7.39837
252328,4664,73,7.27674
252328,4667,7,7.46213
2346,4666,11,7.30072
183562,4667,8,7.43124
297562,5497,259,7.09903
159508,5497,318,6.98257
298069,5499,87,7.04765
39351,5497,303,7.00568
155703,5497,368,6.90425
140603,5497,302,7.00716
39938,5497,322,6.9765
169427,5496,46,7.41061
160010,5496,103,7.11523
170561,5497,330,6.96405
170561,5499,99,6.99711
212445,5496,81,7.21891
28023,5499,132,6.9226
172308,5497,341,6.94522
172308,5499,116,6.95909
175095,5496,63,7.29557
6472,5497,355,6.91422
9625,5497,295,7.02306
258210,4664,79,7.25092
258210,5497,288,7.03271
503,4666,22,7.04838
503,5497,351,6.91789
42215,5499,120,6.94095
274638,5497,286,7.03853
318084,5497,304,7.00348
4390,5499,127,6.92894
205359,4667,25,7.1734
169255,4667,12,7.31827
257501,4667,29,7.09737
117959,5499,117,6.95279
42776,5496,116,7.07132
113924,5496,174,6.85068
284435,4666,16,7.16504
247367,5497,317,6.98768
290236,5499,100,6.99555
143519,5497,347,6.92318
174785,4664,87,7.22815
174785,5497,311,6.99415
220,5499,126,6.92931
270673,5499,108,6.98132
131357,5498,45,6.79723
216734,5499,119,6.94371
30869,5499,124,6.93432
265402,5497,301,7.00726
119432,5497,325,6.97478
1513,5497,340,6.94641
73171,5496,98,7.12275
130960,4664,6,7.78379
135219,4664,37,7.45265
135219,5496,86,7.18949
37904,5496,176,6.84756
37904,5499,151,6.85462
121408,5497,362,6.9092
163166,5498,23,7.09527
10547,5496,220,6.74032
209778,5499,147,6.86987
1353,5498,24,7.08477
264055,5499,134,6.91445
248490,5497,312,6.99403
248490,5499,91,7.02306
24508,4666,30,6.982
24508,5497,372,6.90134
198953,5496,90,7.17295
198953,5497,281,7.05025
269511,5497,300,7.00866
58281,4667,30,7.0777
193949,5496,102,7.11694
111799,4664,45,7.42952
180511,5497,336,6.95546
50750,5497,350,6.91924
224710,5496,117,7.0705
46,5497,361,6.90949
121288,5498,19,7.12345
3201,5497,375,6.90038
303057,5497,333,6.95889
21763,5497,418,6.83952
5782,5499,150,6.8611
150997,5496,83,7.20054
216600,5497,338,6.94839
216600,5499,111,6.97821
13004,5499,136,6.90683
203416,5497,365,6.90626
203416,5499,130,6.92536
70512,5497,344,6.93824
107529,5497,425,6.83019
107529,5499,154,6.85239
245961,5497,314,6.99203
116998,5497,360,6.91194
318184,5497,313,6.99327
266121,5496,92,7.16242
134726,5497,411,6.84704
134726,5499,146,6.87385
260180,4666,13,7.25068
260180,5499,106,6.98196
30380,5497,379,6.89032
296912,5497,382,6.88683
171499,5499,139,6.88722
113294,5499,158,6.84409
699,5496,190,6.81084
88,4666,29,6.99544
88,5497,396,6.87012
126792,5497,356,6.91421
20963,5496,161,6.8966
100423,5496,195,6.80537
155624,5496,146,6.95621
155624,5497,389,6.87649
258036,5497,376,6.89876
258036,5499,129,6.92702
173064,5496,108,7.09952
173064,5497,334,6.95809
432,5499,166,6.83015
65532,5496,139,6.9684
123540,5499,176,6.81306
163839,5497,343,6.94377
160495,5497,328,6.97011
170624,5497,332,6.95961
213893,5497,390,6.87556
181521,5496,140,6.96747
162007,5497,404,6.8575
162007,5499,144,6.8786
154825,5497,305,7.0003
146278,4666,39,6.86802
146278,5497,399,6.86427
239942,5497,339,6.94755
153016,5498,12,7.28677
3307,5497,342,6.94502
168584,5499,137,6.89203
29603,4664,4,7.83938
72321,5497,395,6.87114
9823,4664,25,7.57402
190082,5497,366,6.90546
15364,5497,392,6.87345
193558,5497,369,6.90412
165401,5497,321,6.9807
143741,5498,46,6.78039
87890,5497,354,6.91422
2955,5497,384,6.88219
232219,4666,33,6.94217
232219,5499,145,6.87699
156336,5497,444,6.8031
156336,5499,165,6.83075
242574,5499,143,6.88037
242639,5496,156,6.91405
242639,5499,140,6.88397
167400,4667,33,7.05448
214880,5497,316,6.98819
73761,5496,180,6.8319
73761,5499,162,6.83441
69789,5497,465,6.78325
244115,5497,370,6.90373
2398,4666,48,6.75881
2398,5499,167,6.83003
31563,5496,130,6.99448
226320,5499,141,6.88341
7717,5497,424,6.83163
7717,5499,153,6.8525
68425,5497,426,6.82862
22345,5497,408,6.85047
256382,5499,185,6.78526
283393,5497,367,6.9049
233247,5497,402,6.85969
270970,5497,380,6.88986
270970,5499,128,6.92752
55600,5497,352,6.91673
132018,4664,48,7.41461
132018,5497,349,6.92045
284742,5497,348,6.92066
284742,5499,107,6.98161
168435,5499,168,6.82947
586,4664,24,7.62363
179803,5496,99,7.1191
173442,5497,320,6.98075
271518,5499,133,6.91697
206480,4664,12,7.73873
206480,5497,323,6.97596
36235,4666,24,7.03376
71721,5496,189,6.81117
2163,4664,101,7.15968
2163,5496,129,6.99954
192457,5497,417,6.84066
143515,5497,385,6.88103
483,5497,501,6.7368
231581,5497,383,6.884
183840,5497,457,6.79044
135779,5498,34,6.96577
244228,4666,34,6.92591
244228,5499,159,6.84097
137988,5496,157,6.9128
241724,5499,155,6.84852
20100,5498,41,6.82688
255692,5497,353,6.91521
220520,5497,412,6.84596
47185,4667,40,7.01858
47185,5497,439,6.81058
201825,5497,432,6.8213
249381,5497,359,6.91327
43528,5497,403,6.85904
156943,5497,358,6.91353
200147,5499,164,6.83101
162286,5497,387,6.88011
26997,4664,32,7.48808
26997,5497,345,6.9351
230244,5497,398,6.86952
203417,5496,160,6.89908
203417,5499,156,6.84814
79127,5496,127,7.00837
79127,5497,409,6.84893
322708,5496,110,7.09331
21882,5497,442,6.80722
21882,5499,171,6.82087
170416,5496,177,6.84288
170416,5497,448,6.79921
160499,5499,190,6.76937
169654,5499,186,6.78438
110277,5497,436,6.81216
214887,5497,378,6.89335
38996,4664,50,7.41102
131287,5497,394,6.8712
284760,5499,142,6.88299
158889,4667,5,7.65028
266830,5497,386,6.88101
2453,4666,46,6.78466
40628,5499,169,6.82402
91872,5496,167,6.86564
204516,4664,90,7.21592
290359,4664,66,7.31925
290359,5496,122,7.03615
218333,4665,2,7.10532
218333,5499,149,6.86162
281442,5497,377,6.89579
552,5497,371,6.90269
171273,5499,180,6.80293
1035,4664,71,7.29223
158435,5497,388,6.87822
30957,5497,415,6.8439
156566,5497,441,6.80727
41002,5497,410,6.84877
306040,5497,364,6.9063
251678,5499,163,6.8311
198830,5497,391,6.87509
299659,5497,329,6.9663
280480,5497,374,6.90082
117915,5496,155,6.91961
117915,5497,407,6.85091
24800,4664,81,7.24238
12002,5497,469,6.77767
181687,5499,160,6.83727
179275,5496,202,6.78496
191051,5497,422,6.83383
244992,5498,53,6.75364
244992,5499,209,6.73557
163602,5496,191,6.80956
177590,4664,138,7.05488
177590,5497,423,6.83188
202670,5499,148,6.86227
256570,5497,393,6.87159
197443,5499,161,6.83721
28181,4664,7,7.78292
252153,5499,157,6.84468
12962,5497,430,6.82397
528,4666,20,7.09807
51,4666,44,6.81424
45,5498,50,6.76859
45,5499,198,6.75416
18098,4664,23,7.63983
148575,4667,41,6.99121
194879,5497,500,6.73778
161417,5499,200,6.75269
145659,5497,451,6.79669
12891,4664,60,7.34909
244114,5497,357,6.91417
166384,5498,52,6.75384
283864,5499,138,6.8899
113997,5496,168,6.86154
113997,5498,37,6.93674
103886,4667,42,6.97197
217780,5497,400,6.86331
11825,4664,9,7.75376
35570,5497,421,6.83537
137269,5497,460,6.78766
12902,5497,449,6.79882
12902,5499,172,6.81938
94,5497,433,6.81895
175117,5499,197,6.75767
41,5499,205,6.74143
139898,5497,416,6.84151
119788,5497,443,6.80539
180593,5497,496,6.74525
234671,5497,405,6.85249
224597,4667,14,7.2761
179172,5496,196,6.80112
179172,5497,480,6.76453
218121,5497,476,6.76843
218121,5499,178,6.80661
176165,5497,471,6.77449
176165,5499,179,6.8055
30645,5497,438,6.81135
300300,5496,125,7.03196
155362,5498,51,6.76499
195137,5496,136,6.97685
15512,5499,213,6.72201
16747,5498,32,6.97401
16747,5499,170,6.82312
53953,5496,222,6.73935
53953,5497,518,6.72002
204472,5496,182,6.82553
177678,5497,414,6.84412
129948,5497,445,6.79966
41066,4664,19,7.67194
41066,5497,381,6.88939
82421,4667,18,7.25674
82421,5497,420,6.83811
283863,5497,401,6.86327
156689,4667,22,7.20625
156689,5496,133,6.98493
300877,5499,173,6.81684
8125,5497,458,6.78874
218074,5496,111,7.08514
1041,5497,450,6.79852
122298,5499,202,6.7479
220517,5497,435,6.81232
132028,4664,29,7.52316
65244,5499,241,6.67502
244608,5499,152,6.85371
154458,5497,466,6.7824
91514,4665,10,6.80694
91514,5499,208,6.73619
26566,5497,440,6.80966
29368,5496,239,6.69382
37380,5497,517,6.72019
37380,5499,211,6.72798
26990,5497,459,6.78852
2181,4666,36,6.91175
2181,5497,447,6.79947
279613,5496,107,7.09969
1465,5499,212,6.72658
1345,5497,487,6.76037
227460,4664,18,7.69995
223953,5496,165,6.87425
223953,5499,174,6.8154
216459,5496,210,6.76276
9440,5497,474,6.77022
82420,4667,15,7.26906
82420,5497,427,6.82692
98229,5498,29,6.99795
13642,5497,481,6.76372
218479,5497,413,6.84535
151004,5496,186,6.81874
151004,5497,499,6.74134
27976,4667,19,7.24806
27976,5496,132,6.98635
98351,5497,470,6.77484
234477,4664,207,6.88481
234477,5497,452,6.79392
275467,5499,177,6.80983
172047,5496,162,6.8932
148319,5496,171,6.85436
148319,5497,485,6.76163
108906,5496,163,6.88844
131260,5499,217,6.71428
160851,5499,214,6.71914
239464,5499,196,6.7581
491,5497,446,6.79959
491,5499,175,6.81329
65901,5497,431,6.82178
66356,5496,204,6.78136
195560,5496,158,6.90241
195560,5497,463,6.78428
301255,5497,406,6.85127
256999,5496,106,7.09984
202408,5496,201,6.78689
202408,5497,509,6.72539
240,4664,135,7.06477
332800,4667,4,7.69249
332800,5497,397,6.86976
2093,4666,62,6.69307
106217,5497,477,6.76663
108784,5497,484,6.76167
52461,5496,181,6.8313
52461,5497,483,6.76203
191977,5497,515,6.7222
904,5497,493,6.75159
904,5499,193,6.765
8051,5497,507,6.72855
201921,5497,537,6.69562
272738,5496,193,6.80761
27588,5499,233,6.69132
59946,5496,234,6.71206
147151,5498,58,6.70208
329465,5497,510,6.72503
56692,5499,210,6.72897
285984,5497,492,6.75215
214029,5497,428,6.82454
207243,5496,151,6.93796
207243,5497,478,6.766
207830,5499,247,6.66489
38054,5497,521,6.71767
38054,5499,207,6.73705
169124,5496,229,6.72176
169124,5499,227,6.69966
203427,5499,206,6.73843
238992,5496,214,6.75503
193214,5499,204,6.74185
219215,5498,36,6.9408
244331,4666,28,7.00045
244331,5499,188,6.77561
125678,5496,246,6.67275
254386,5499,184,6.78672
198740,5498,40,6.86694
212402,5499,219,6.71267
197405,4666,23,7.04588
245643,5499,194,6.76461
25669,4666,72,6.61696
25669,5499,251,6.65416
210296,5496,152,6.93778
248065,5496,144,6.95871
248065,5497,532,6.70077
154086,5497,464,6.7837
235488,5499,195,6.76216
177478,5497,429,6.8242
554,5497,519,6.71869
280794,5496,138,6.9694
171669,5497,516,6.7219
95064,5497,504,6.73412
273330,5496,135,6.97892
174570,5496,153,6.93105
19600,5497,506,6.72911
69779,4664,76,7.2638
69779,5497,453,6.79226
242804,5497,472,6.77435
196526,5497,475,6.76956
293296,5499,181,6.80184
158275,4667,36,7.02717
180680,5497,491,6.7555
180680,5499,191,6.76797
939,5496,147,6.955
66505,5497,527,6.71205
224,5496,216,6.75064
224,5497,542,6.68995
72287,5497,576,6.6527
165838,5496,134,6.98448
182340,5497,455,6.79172
228328,5497,454,6.79222
161866,5496,166,6.86565
199966,5497,490,6.75617
207691,5497,482,6.76352
112,5497,585,6.64332
298065,5497,503,6.73449
298065,5499,189,6.77126
299047,5499,187,6.77991
168917,5497,539,6.69493
200077,5497,573,6.65597
178336,5497,525,6.71419
178336,5499,203,6.74412
131646,5496,183,6.82331
131646,5497,522,6.71746
15817,5499,224,6.70171
276498,4666,26,7.0134
276498,5497,526,6.71337
264052,5497,456,6.79119
150999,5497,530,6.70588
72225,5497,513,6.72349
204027,5499,240,6.67753
343905,5497,437,6.81168
157403,5499,230,6.69381
256788,5498,31,6.98516
66056,5497,598,6.62651
267319,5499,192,6.7665
230080,5499,223,6.70174
195314,5499,220,6.70803
227515,5497,473,6.77387
200954,5497,524,6.71565
104710,5496,218,6.74477
75449,5497,502,6.73584
75449,5499,201,6.7524
85897,5496,170,6.85793
85897,5497,512,6.724
218509,5497,479,6.76555
156776,4667,38,7.02418
1382,5499,226,6.69968
185589,5497,531,6.70288
104363,5496,212,6.75891
104363,5497,548,6.68381
253284,5499,235,6.68771
164949,4664,67,7.31909
164949,5497,486,6.76077
157809,5497,556,6.67844
157809,5499,232,6.69305
127518,4664,34,7.46863
163154,4664,44,7.42967
141517,5497,520,6.71856
160018,5497,551,6.68313
160018,5499,215,6.71874
284818,5497,488,6.75999
228504,5499,228,6.69907
89409,5497,497,6.743
340466,5496,150,6.9483
229892,5497,462,6.78516
8203,4666,68,6.64586
8203,5499,272,6.6111
22825,4664,180,6.93302
177524,4665,18,6.72515
177524,5499,258,6.63898
171233,5497,604,6.61517
1301,4667,23,7.18557
198454,5498,44,6.7994
284777,5497,495,6.7494
284777,5499,183,6.79549
244654,5497,535,6.69809
270314,5499,199,6.753
217449,4666,53,6.73703
217449,5499,246,6.66615
1822,4664,43,7.43038
130176,5499,225,6.70115
40793,5499,252,6.65403
6830,4666,31,6.97306
136991,5499,245,6.66828
191231,5497,562,6.67446
191231,5499,231,6.69355
23540,5497,434,6.81366
60,5497,546,6.68639
242684,5497,505,6.73098
45986,5497,534,6.69827
272739,5497,468,6.77997
231218,5497,533,6.69882
25568,5497,552,6.6819
222514,5496,175,6.84937
823,5496,282,6.60512
217861,5497,575,6.65276
35497,5499,234,6.68963
35052,4664,115,7.11805
97903,5499,262,6.63316
55427,5497,544,6.68785
266164,5497,467,6.78013
161882,5497,511,6.72477
135382,5496,215,6.75167
191300,5499,221,6.70289
122522,5497,706,6.50863
253499,5497,538,6.69527
153065,5499,242,6.67415
18100,5497,571,6.65964
194880,5499,261,6.63611
134352,5498,48,6.77326
315767,5497,489,6.7568
315767,5499,182,6.80084
221,4664,243,6.81937
221,5496,261,6.64944
91536,5497,653,6.55773
159473,4664,121,7.10594
159473,5497,550,6.68344
270971,5497,549,6.68371
270971,5499,216,6.71588
239472,5496,173,6.85071
239472,5497,541,6.6901
197070,5496,227,6.72567
21523,5496,264,6.64639
1608,4664,89,7.21899
223750,5497,559,6.67688
223750,5499,222,6.70178
551,4664,173,6.95707
233262,5497,523,6.71743
152162,5499,250,6.65517
146312,4665,3,7.03948
146312,5499,244,6.66904
67492,4664,177,6.93762
67492,5496,211,6.76054
142326,5497,592,6.63516
142326,5499,254,6.65172
279254,5497,563,6.66963
279254,5499,236,6.6871
176371,5497,557,6.67732
71671,5496,233,6.71266
71671,5497,586,6.64203
183571,5496,225,6.72853
1634,5496,184,6.8205
164265,5496,185,6.81951
164265,5498,35,6.95357
176544,5497,529,6.70696
245487,4666,32,6.9695
145639,4665,8,6.88751
145639,5499,249,6.65974
207336,5499,255,6.64878
16992,4666,122,6.36953
16992,5499,312,6.54067
68264,4664,38,7.45045
5737,5497,588,6.64063
17329,4665,17,6.73277
94246,4664,113,7.126
94246,5497,554,6.68067
163642,5497,540,6.69256
156091,5496,206,6.77754
11971,5498,74,6.59925
291508,5497,570,6.65972
24068,5498,80,6.58082
323612,5497,498,6.74182
37836,4664,40,7.44118
276894,5499,238,6.68116
241266,5499,237,6.68513
230933,5497,574,6.65444
229265,5497,528,6.70864
318182,5497,494,6.74972
681,4666,69,6.63714
216092,5496,187,6.81608
182694,5496,197,6.80082
91080,4664,70,7.29403
256589,5496,238,6.69669
327,4665,20,6.70353
172931,4665,5,6.98479
37628,5497,593,6.63272
262941,5497,461,6.78701
208024,5496,164,6.88506
175199,5497,583,6.64425
95103,5496,221,6.73954
833,4664,42,7.43246
286751,5496,179,6.83709
181796,5497,547,6.68432
8045,5497,536,6.69744
184151,4667,32,7.05474
234669,16,357,6.90303
234669,5496,194,6.8073
221318,5497,581,6.64775
137649,5496,178,6.83955
137649,5497,565,6.66756
183880,5496,235,6.70587
44163,5497,612,6.60386
124,5497,602,6.62124
27364,5497,606,6.61258
244049,5497,561,6.67479
104020,5497,560,6.67638
121410,5499,273,6.61051
277700,5497,545,6.68709
257518,5496,148,6.95383
261114,5499,239,6.68057
17396,4664,133,7.06564
195162,5497,640,6.57368
205597,5497,600,6.62452
205597,5499,259,6.63838
206051,5498,42,6.82621
278,5497,686,6.52582
187377,5497,618,6.59684
206931,5499,257,6.6403
154246,5497,617,6.59768
154246,5499,271,6.61405
148729,5496,213,6.75576
148729,5497,590,6.63576
34084,5497,594,6.62904
34084,5499,256,6.64301
247236,5497,597,6.62778
151007,4667,37,7.0263
151007,5496,207,6.77269
8989,5497,613,6.60357
140933,5499,280,6.59184
143884,5499,324,6.5166
296237,5497,553,6.68172
171879,5497,566,6.66265
141423,5496,237,6.69994
141423,5497,628,6.59023
329839,5498,26,7.07061
145371,5497,514,6.72266
121297,5497,621,6.59559
204836,5499,264,6.62801
281466,5497,508,6.7269
299960,5497,558,6.67714
230085,5497,567,6.66095
50768,5497,584,6.64402
13823,5497,668,6.5487
13823,5499,299,6.55767
306481,5497,543,6.68946
137297,5499,290,6.57204
128721,5497,555,6.6789
105,5497,654,6.55766
105,5499,295,6.56297
218421,5496,149,6.95197
42910,5497,589,6.63838
91873,5497,578,6.6519
271869,5499,260,6.63761
30381,5497,595,6.62822
82168,5496,265,6.64284
82168,5497,648,6.56263
245476,5499,278,6.60398
126100,5496,192,6.80952
123955,4664,36,7.46584
22141,5497,656,6.55737
22141,5499,289,6.57569
300327,5497,577,6.65236
354,5497,605,6.61511
175324,5496,274,6.62478
527,4666,35,6.92574
173090,5499,310,6.54317
152470,5497,591,6.63573
316546,5499,218,6.71333
244536,5496,284,6.59757
174660,5499,286,6.58075
173101,5497,596,6.628
147303,5499,266,6.62299
228855,5496,242,6.68919
232918,5496,296,6.57116
16395,4666,52,6.74058
19100,5497,622,6.59271
35815,5496,262,6.64869
38159,5498,59,6.69191
180899,5497,599,6.62518
164338,5497,580,6.64977
1115,5497,719,6.49101
104347,5497,643,6.57052
104347,5499,281,6.59152
154386,5499,274,6.60961
157001,5497,568,6.66081
25643,5497,632,6.57999
213266,5499,263,6.62987
102548,5498,75,6.59344
855,5497,615,6.60248
165872,4664,59,7.34966
18258,5497,638,6.57564
273477,5499,269,6.61804
4099,5497,608,6.61068
43443,5499,340,6.49279
251412,5499,277,6.60823
39953,4667,66,6.74265
39953,5497,700,6.51431
113873,4664,61,7.33844
202583,5497,631,6.58115
131014,5499,248,6.66064
23094,5497,610,6.6073
12995,5497,688,6.52374
134253,5496,283,6.60342
223855,5497,601,6.62318
25821,5498,98,6.49076
230,5497,614,6.60295
2507,5497,603,6.61815
160610,5496,209,6.76292
1540,4664,266,6.78068
1540,5496,281,6.60914
132372,5497,645,6.5677
132372,5499,284,6.58445
38823,4664,63,7.33216
346703,5499,276,6.60863
42452,5497,674,6.54472
42452,5499,304,6.55297
57390,5496,240,6.69206
157526,5497,675,6.54371
238638,5497,582,6.64606
10,5499,320,6.52538
191876,5497,630,6.58531
233571,4664,128,7.07863
233571,4667,10,7.35979
60435,5496,236,6.70084
60435,5499,282,6.59015
1159,5497,662,6.55232
1159,5499,297,6.55957
119591,5497,644,6.56907
192074,5499,287,6.58071
165986,5497,619,6.59646
165986,5499,268,6.61909
1261,4666,41,6.855
1261,5497,626,6.5905
326494,5496,199,6.79286
326494,5499,253,6.6528
338834,5499,229,6.69512
111124,5496,254,6.65428
159504,5496,188,6.81282
41916,4665,11,6.79944
41916,5499,309,6.54359
143405,5497,649,6.5616
129736,5498,54,6.74723
61692,4664,126,7.08966
228660,5496,291,6.58794
16986,4666,77,6.57502
16986,5499,326,6.51386
85256,5499,325,6.51582
233961,5499,291,6.56882
219100,5496,223,6.73874
318553,5499,243,6.67193
53093,4664,143,7.03764
256606,5499,270,6.61749
149155,5499,315,6.53618
287084,5499,288,6.57913
191597,5497,623,6.59257
191597,5499,267,6.62171
188547,5496,224,6.7287
205716,5497,664,6.55204
301767,5496,250,6.66243
301767,5499,275,6.60926
276042,5499,265,6.62351
317457,5497,607,6.61235
272453,4667,26,7.16976
272453,5497,642,6.57057
233020,5499,323,6.51764
243759,5496,198,6.79519
826,5499,333,6.50723
12495,5496,269,6.64016
12495,5497,659,6.5542
183006,5499,285,6.5821
269595,5499,279,6.5934
184424,5497,569,6.6599
30618,5498,39,6.9104
103,4664,306,6.70202
103,5496,308,6.54614
9220,5498,123,6.38602
9220,5499,381,6.43924
212516,5497,609,6.60945
215841,5496,248,6.67067
15126,4664,26,7.53577
180040,5497,665,6.55187
83195,5499,341,6.49275
9203,4664,287,6.73724
297978,5499,292,6.5674
159503,5496,279,6.61077
159503,5497,703,6.51189
117985,5497,745,6.46583
117985,5499,318,6.52635
105037,5497,658,6.55466
290484,5496,172,6.8534
134453,5499,308,6.5458
2842,5499,343,6.49127
7805,5499,342,6.49171
2338,5497,698,6.51498
106,5497,683,6.52936
106,5499,306,6.55178
206803,5497,629,6.58913
21441,5497,679,6.53361
159109,5496,278,6.61115
159109,5497,705,6.51017
309630,5497,687,6.5246
1897,5497,721,6.48647
1897,5499,338,6.49438
325635,5497,616,6.60204
224821,5496,257,6.65313
224821,5499,314,6.53748
253608,5497,579,6.65012
150312,5498,95,6.49691
150312,5499,366,6.4621
10640,5496,313,6.53576
39684,5497,650,6.56138
217085,5497,747,6.46525
217085,5499,335,6.5008
299169,5498,57,6.73322
216091,5496,249,6.66946
172385,5497,636,6.57713
166226,5497,641,6.5728
163413,5497,634,6.57911
33604,5498,81,6.57145
232988,5499,313,6.54026
63268,5498,113,6.40538
179460,5497,611,6.60439
127024,5496,331,6.50403
316412,5496,208,6.76601
316412,5497,624,6.59213
293889,5497,680,6.53249
293889,5499,301,6.55637
15,5496,316,6.53225
15,5497,742,6.46737
72991,5497,677,6.53903
72991,5499,298,6.55937
394,4666,96,6.49468
66837,5497,564,6.6695
223770,5499,296,6.56066
215842,5499,305,6.5518
339789,5496,203,6.78186
281655,5496,169,6.85885
281655,5497,587,6.6416
196202,5496,205,6.77964
252526,5498,33,6.97367
202077,5496,217,6.74571
308119,5497,572,6.65841
254591,5496,241,6.6907
142992,5499,327,6.51358
307305,5496,219,6.74445
307305,5497,625,6.5918
307305,5499,283,6.5893
253214,5496,255,6.6538
98527,5496,232,6.7149
264982,5497,635,6.57846
205418,5497,702,6.51242
205418,5499,303,6.55382
878,5499,331,6.50768
199,5499,339,6.49311
179572,5497,730,6.4761
179572,5499,344,6.49126
167513,5497,690,6.52288
22038,5496,302,6.56017
22038,5497,726,6.48224
246663,5497,647,6.56435
29934,5497,691,6.52255
19999,4666,58,6.70584
19999,5497,707,6.50694
116,5499,427,6.39432
37919,5497,663,6.55226
175223,5497,660,6.55391
138431,5496,228,6.72546
138431,5497,684,6.5278
200057,5497,669,6.54855
318560,5497,627,6.59048
204505,5499,317,6.53137
142852,5496,266,6.64222
142852,5499,328,6.51174
113401,5498,77,6.59264
113401,5499,345,6.49051
194690,5499,322,6.52207
5716,5499,358,6.47076
255674,5499,300,6.55755
245422,5498,30,6.98663
94362,5496,311,6.54196
94362,5497,751,6.46103
231484,5499,307,6.55114
9446,4667,74,6.55182
9446,5497,761,6.45155
318983,5497,620,6.59582
139030,5498,109,6.43396
229491,5497,646,6.56643
272533,5497,673,6.54483
176229,5497,775,6.43847
257769,5499,311,6.54209
1403,5499,348,6.4894
244191,5497,696,6.51685
75165,5497,671,6.5458
3284,5496,318,6.53106
42487,5499,349,6.48928
167270,4666,37,6.90918
129051,5497,717,6.49433
19237,5498,105,6.4497
1231,5498,78,6.58785
1231,5499,352,6.48161
282954,5497,676,6.54248
282954,5499,293,6.56617
2122,4667,64,6.75369
902,5497,718,6.4928
66,5497,694,6.51875
242722,4664,10,7.75156
163474,4664,170,6.95976
163474,5496,230,6.71672
169794,5497,667,6.55007
16496,5497,752,6.45956
120523,5496,275,6.61657
199383,5497,678,6.53792
254018,5497,701,6.51332
254018,5499,316,6.53601
181810,5499,369,6.4547
55829,4664,154,7.01625
492,5497,714,6.4975
492,5499,334,6.50459
20542,4664,28,7.52488
109125,5497,633,6.57919
281194,5499,302,6.55564
257614,5499,330,6.50769
196,5496,317,6.53112
196,5497,734,6.47024
6411,4666,65,6.66869
624,4666,106,6.47274
15818,5499,403,6.42401
299684,5497,670,6.54801
3072,4664,242,6.8203
3072,5496,256,6.65377
191894,5498,71,6.6182
101785,4664,367,6.62151
101785,5496,312,6.54177
318009,5497,655,6.55755
71836,5496,355,6.43827
71836,5499,397,6.42606
194517,5497,712,6.49827
302388,5496,272,6.63422
284653,5497,637,6.57611
195544,5497,756,6.4566
172220,5496,252,6.65774
172220,5497,783,6.4316
43022,5497,746,6.46534
165950,5499,353,6.48096
24417,5497,732,6.4728
22877,4664,65,7.32093
310873,5497,639,6.57461
240855,5497,682,6.53125
246761,5499,319,6.52594
216201,5497,766,6.44789
1915,4667,53,6.86769
481,5497,749,6.4643
166857,5497,661,6.55299
144041,5497,697,6.51618
131325,5498,72,6.61207
131325,5499,357,6.47079
594,5497,741,6.46791
18745,5497,724,6.48431
288169,5499,321,6.52231
205317,5496,270,6.63585
205317,5497,778,6.43673
227456,5496,327,6.511
24827,5497,738,6.46866
21550,4666,57,6.70867
438,5499,440,6.38151
7480,4664,124,7.09863
166571,5497,666,6.5507
151771,5496,251,6.66149
148943,5498,66,6.63344
223740,5499,367,6.45663
307002,5497,699,6.51431
271088,5497,733,6.4718
271088,5499,329,6.50879
94104,5497,692,6.52166
131366,5497,835,6.39269
131366,5499,413,6.41034
47055,5496,244,6.67817
47055,5497,693,6.52005
146910,5497,651,6.56048
225244,5499,294,6.56548
204,5497,723,6.4847
172381,5497,727,6.47995
292375,5497,652,6.55788
2397,4666,135,6.31016
13780,5497,729,6.47763
194626,5498,93,6.51809
194626,5499,383,6.43857
423,5497,672,6.54577
170604,5497,681,6.53249
106662,5497,759,6.45368
281946,5496,247,6.6715
244995,5499,365,6.46222
13884,5497,722,6.4859
283294,5497,695,6.51714
125548,5497,796,6.42455
1568,5496,330,6.50597
201,4666,64,6.67737
3955,5498,176,6.20456
143175,5497,713,6.49757
226501,5496,276,6.61254
226501,5497,769,6.445
57925,5497,754,6.4574
57925,5499,356,6.4717
168,5497,811,6.41579
38862,5497,728,6.4782
272682,5497,689,6.52289
254713,5497,716,6.49664
254708,5496,200,6.78908
156714,4667,49,6.89018
242,5496,381,6.39019
242,5497,869,6.35763
131111,4667,17,7.2647
131111,5497,685,6.52607
181524,5496,321,6.52382
181524,5499,407,6.41623
22,5496,286,6.59418
22,5497,782,6.43223
152,5497,709,6.50278
122294,5497,715,6.49672
115,5497,809,6.4172
115,5499,386,6.4382
252929,5499,390,6.43076
193308,5498,62,6.66689
3228,4666,47,6.76634
38343,5497,768,6.44586
92319,5497,735,6.47006
171662,5496,258,6.65247
34194,5499,351,6.48338
58936,5497,704,6.5114
143986,5499,421,6.40148
336794,5496,287,6.59183
22484,4666,42,6.85275
223931,5496,226,6.72775
192860,5499,370,6.45439
176083,5496,346,6.46452
304285,5499,347,6.48961
116954,4666,70,6.63529
116954,5499,373,6.45094
40270,4667,70,6.67866
40270,5497,837,6.39053
2081,4664,68,7.31177
267127,5497,720,6.48698
233678,5499,380,6.43967
61487,4664,31,7.51175
26,5497,763,6.45038
38863,5497,725,6.48361
316858,5497,708,6.50325
272380,4666,25,7.01668
215840,5496,314,6.53428
1829,4664,615,6.35998
123607,5497,757,6.45658
103185,5497,737,6.469
102435,4664,62,7.3353
195043,5498,83,6.55431
195043,5499,391,6.43049
230267,5497,758,6.45374
41933,5497,801,6.4212
264198,5496,243,6.67832
5206,4664,280,6.7548
2987,5499,451,6.36257
96007,5497,711,6.50016
283317,5496,271,6.63458
148951,5497,881,6.34943
2065,4666,40,6.86039
34887,5497,840,6.38932
34887,5499,429,6.39272
246200,5497,753,6.45891
195856,5496,354,6.44531
248158,5496,326,6.51246
248158,5499,377,6.44418
149776,5497,798,6.42352
40209,4664,47,7.42248
55697,5497,750,6.46405
34297,4666,75,6.59646
34297,5499,384,6.43855
3800,5497,748,6.46443
30658,5497,736,6.46981
119,4666,92,6.50209
119,5497,854,6.37834
39339,5496,341,6.47355
312267,5496,277,6.6121
218530,5498,96,6.49462
298371,5499,336,6.49866
1499,4664,106,7.14668
915,5499,458,6.35545
12761,5497,771,6.44188
230889,4667,13,7.29995
230889,5497,764,6.44979
195571,5496,293,6.58419
26457,4664,93,7.1876
619,5497,812,6.41528
619,5499,398,6.42548
33451,5496,347,6.46076
33451,5498,104,6.45334
258444,5499,359,6.46815
314503,5499,354,6.47559
31497,5497,817,6.41065
31497,5499,400,6.42537
24773,5497,779,6.4356
123499,5497,740,6.46806
10093,4664,489,6.46314
187700,4664,357,6.63505
187700,5496,280,6.60961
178054,5496,315,6.53335
178054,5497,794,6.42586
157917,5497,731,6.47545
168609,5497,826,6.40204
268620,5499,387,6.43674
232595,5497,760,6.45282
271319,5499,332,6.50765
929,5498,137,6.30828
701,4664,184,6.93013
14254,5498,68,6.62871
14254,5499,372,6.45261
1544,5498,85,6.53929
230303,5496,289,6.59025
230303,5499,363,6.4631
6351,4665,15,6.76264
99975,5498,89,6.52687
99975,5499,418,6.40793
88827,4664,110,7.14131
149951,4664,108,7.14245
123570,5498,82,6.55511
123570,5499,401,6.42514
147253,5497,781,6.43274
222542,5497,788,6.42794
73369,5497,821,6.40846
205046,5499,371,6.4543
17223,5496,378,6.39334
158900,5497,878,6.35344
29223,5499,434,6.38928
90040,5497,790,6.42775
90040,5499,376,6.4449
244916,5499,379,6.44194
254,4664,111,7.13486
163805,5497,765,6.44853
3565,4664,269,6.77639
3565,5496,298,6.56559
200853,5499,350,6.48903
8098,5498,141,6.28692
257527,5498,64,6.64783
21920,5497,831,6.39707
219101,4664,82,7.24076
494,5499,442,6.38034
193728,4664,69,7.30607
111417,5497,829,6.39925
111417,5499,393,6.42996
21133,4664,134,7.06541
21133,5496,253,6.65659
221769,5496,273,6.63047
221769,5497,739,6.46822
175307,5499,396,6.42814
1198,4666,154,6.24665
1198,5499,503,6.30828
249746,5496,294,6.58192
249746,5497,755,6.45695
29937,5497,795,6.42494
208895,5499,422,6.39938
38545,4666,61,6.69406
183231,5499,394,6.42952
63170,5497,657,6.55486
165948,5497,774,6.43956
165948,5499,362,6.46374
138233,5497,804,6.41983
142079,5496,345,6.46824
103092,5497,784,6.43082
267813,5496,322,6.52065
157413,5497,799,6.42271
172996,5497,772,6.44158
259298,5497,744,6.46617
138649,4667,31,7.06809
284108,5498,56,6.73438
284108,5499,360,6.46678
223215,5499,385,6.43829
139771,4664,313,6.69811
171726,5496,260,6.65002
146221,5497,777,6.43703
107255,5497,822,6.40824
107255,5499,410,6.41315
300753,5498,55,6.7427
143185,5497,900,6.3345
206940,5499,378,6.44278
252446,5497,743,6.46717
136280,5499,389,6.43474
273703,5496,245,6.67542
214396,5499,423,6.39902
235014,5497,780,6.43312
206915,5498,63,6.65099
218804,5497,815,6.41275
297985,5497,770,6.44418
98,4664,670,6.31531
237,4664,234,6.83328
171011,5499,420,6.40244
361,5499,450,6.36357
43868,5496,374,6.39684
43868,5499,459,6.35517
270239,5496,351,6.45472
287938,5496,300,6.56477
287938,5499,346,6.49027
22348,5498,70,6.62321
35435,5497,803,6.42049
35435,5499,388,6.43547
122842,5496,304,6.55368
122842,5497,797,6.42418
986,5497,870,6.35695
2251,5496,332,6.50062
2251,5497,939,6.30414
160902,4667,34,7.03792
112138,4667,77,6.50139
19622,4664,80,7.24384
38713,5498,47,6.77394
123239,5498,67,6.63232
145189,5498,90,6.52541
145189,5499,432,6.39152
8129,5499,414,6.41022
305682,5499,368,6.45645
271615,5499,337,6.4971
300442,5499,405,6.42056
70,5497,834,6.39335
70,5499,412,6.41119
175293,5499,404,6.42241
2393,4666,55,6.71219
277659,5496,231,6.71597
37387,5497,806,6.41972
268201,5499,382,6.43871
285265,5499,374,6.44669
312251,4666,56,6.71043
312251,5497,787,6.42879
180592,5497,807,6.41971
13308,5499,484,6.32249
230305,5496,297,6.56707
230305,5499,392,6.43004
104955,5497,810,6.41605
205610,5499,452,6.35903
182189,5499,438,6.38654
211716,5496,285,6.59469
276830,5497,832,6.39634
32125,5499,461,6.35305
157096,5497,838,6.38998
2808,4664,151,7.02276
15511,4666,84,6.53232
15511,5499,444,6.37331
254192,5496,357,6.43322
730,4664,72,7.28139
37907,5497,805,6.41981
91984,5497,800,6.42234
54137,4666,114,6.42601
169611,5499,416,6.40974
300001,5497,802,6.42068
24310,5496,438,6.28583
24310,5498,179,6.19904
220792,5497,808,6.41884
210232,5496,259,6.6513
38386,5497,861,6.36789
275913,5497,819,6.40975
4636,4666,111,6.44963
1662,4664,129,7.07653
3097,5497,710,6.50131
46396,4666,43,6.83718
46396,5499,395,6.42817
270109,5497,825,6.40428
314088,5497,793,6.42683
310448,5499,361,6.4654
41010,4665,34,6.51031
113636,5497,824,6.40576
285533,5499,355,6.47396
155255,5497,773,6.44073
6205,4664,132,7.06592
180020,5498,212,6.11499
180020,5499,546,6.27427
4396,5497,909,6.32596
4396,5499,460,6.35323
217398,5497,786,6.42922
238393,5497,813,6.41513
35503,5499,436,6.38762
1887,4667,56,6.83772
240567,5497,828,6.40112
240567,5499,402,6.42422
71074,5497,841,6.38924
124172,4666,190,6.15624
124172,5499,509,6.30659
5072,5499,406,6.41756
24742,5497,925,6.31596
38992,5497,843,6.38668
28089,4665,16,6.74683
28089,5499,439,6.3848
235375,4666,101,6.48959
235375,5499,448,6.36717
144529,5497,833,6.39562
37358,5497,842,6.38922
27627,5496,486,6.21497
38765,5497,827,6.40197
57660,5498,49,6.76938
180199,4664,88,7.22781
241831,5497,894,6.33835
241831,5499,457,6.35635
157,5497,868,6.35807
38718,4664,57,7.3631
142961,5496,303,6.55897
142961,5497,820,6.40906
180852,5497,937,6.30486
259081,5499,425,6.39465
295564,5497,785,6.43053
295564,5499,364,6.46252
163370,5497,858,6.37124
163370,5499,408,6.41562
174078,5499,447,6.36853
252752,5497,789,6.42778
267271,5497,776,6.43708
146418,4664,354,6.64122
146418,4667,62,6.77135
24703,5496,342,6.47355
280136,5498,76,6.59304
325022,5497,767,6.44675
268586,5498,61,6.66806
268586,5499,399,6.42537
3931,5497,908,6.32677
125752,5496,263,6.64685
125752,5497,792,6.42686
1107,5497,872,6.3551
217083,4666,19,7.11971
297486,5497,814,6.41301
269603,5499,443,6.37692
66588,5498,79,6.58782
66588,5499,433,6.38995
206084,5497,851,6.38125
206084,5499,419,6.406
271529,4666,27,7.0046
271529,5499,375,6.44666
8190,5497,880,6.35279
238546,5497,791,6.42711
56931,5497,860,6.36891
63759,5497,862,6.36702
63759,5499,435,6.38868
42673,4664,94,7.17377
146816,5499,409,6.41426
210274,5497,867,6.35976
284584,5497,852,6.38083
284584,5499,417,6.40844
168998,4667,39,7.02267
225167,5496,371,6.40211
225167,5498,125,6.38184
85005,5499,453,6.35878
174837,5497,816,6.41189
12477,5496,391,6.35498
202977,5497,899,6.33581
67877,5498,118,6.39309
811,5499,576,6.2417
195528,5497,875,6.35472
195528,5499,449,6.36439
192945,5497,848,6.38259
129459,5496,301,6.56379
245931,5497,849,6.38163
272427,5497,823,6.40623
120,5499,507,6.30672
218293,5497,873,6.35495
21551,4664,54,7.38592
274841,4666,67,6.65024
274841,5499,428,6.39382
36522,4664,329,6.6709
36522,5497,879,6.35326
33154,5499,511,6.302
16267,5499,476,6.32915
73,5497,853,6.38027
73,5499,426,6.39455
75358,5497,896,6.33745
230383,5499,446,6.36925
299252,5498,130,6.33999
1032,4664,282,6.75083
66510,5496,349,6.45845
66510,5499,488,6.31904
244513,4665,4,7.00093
244513,5499,411,6.41138
248125,5497,855,6.37776
232,5497,898,6.33706
253618,5498,97,6.49366
253618,5499,468,6.34221
157026,5497,846,6.38467
12750,5497,762,6.45131
180771,5496,319,6.52835
49,5499,522,6.29171
28259,5496,413,6.32044
260300,5499,525,6.28684
31105,5499,483,6.3227
269752,4666,59,6.70034
23679,4664,123,7.10062
1219,5499,587,6.23771
128667,5499,536,6.28114
187653,5497,871,6.35564
179303,5497,961,6.28585
134157,5497,888,6.34296
36648,4665,9,6.81875
36648,5499,445,6.37052
63543,4664,275,6.76414
63543,5496,329,6.50878
340,5499,494,6.315
223376,4664,189,6.92232
223376,5496,288,6.59085
181345,4665,38,6.47293
181345,5499,491,6.317
310100,5496,268,6.64022
168681,5499,456,6.35768
128442,5496,387,6.36872
266083,5499,527,6.28585
280453,5497,844,6.38629
65564,4664,86,7.23255
442,5497,904,6.32967
442,5499,464,6.34642
155969,5497,984,6.26609
155969,5499,535,6.28117
118174,5497,948,6.297
6901,5499,477,6.32858
84,4664,97,7.16547
143404,5497,893,6.33858
22192,5496,377,6.39447
37141,5498,43,6.80233
17710,4664,437,6.53079
17710,5496,393,6.35137
282414,5497,845,6.38536
256320,5497,864,6.36575
256320,5499,424,6.39748
342848,5496,309,6.54596
302260,5499,478,6.32797
216632,5497,866,6.36326
216632,5499,455,6.35803
21954,5497,874,6.35484
145588,5497,863,6.36591
145588,5499,430,6.39169
903,5499,463,6.34867
269725,5499,471,6.33886
34707,5499,466,6.34546
85325,5499,534,6.28123
198525,5499,490,6.31759
283619,5499,415,6.41009
310192,5499,437,6.38701
7858,4664,39,7.44817
184824,4664,117,7.11265
184824,5496,292,6.5869
136955,4664,78,7.25166
67239,5497,940,6.30385
169416,4667,35,7.03703
169416,5496,299,6.56501
118695,5499,454,6.35829
187680,5497,912,6.32413
187680,5499,470,6.33965
172737,5496,267,6.6408
172737,5497,818,6.41056
291859,4667,67,6.73023
3353,4664,164,6.97759
207572,4664,30,7.52095
398,5499,487,6.31907
231696,5499,497,6.31261
32412,5499,481,6.32364
141736,5497,933,6.3097
19526,5497,953,6.29342
328908,5496,320,6.52745
284936,4666,50,6.75688
284936,5497,876,6.35416
253684,5499,441,6.38112
181819,4667,47,6.90102
181819,5497,905,6.32824
127997,4666,78,6.57156
127997,5499,475,6.331
39217,4664,103,7.15471
144239,5497,902,6.33211
9910,4664,273,6.76769
9910,5496,366,6.41789
187273,5496,361,6.42951
526,4666,160,6.23219
42124,5497,884,6.34675
155695,5499,579,6.24108
113289,5498,115,6.40012
1117,5499,526,6.28614
36811,5497,882,6.34934
54361,5496,307,6.5467
230791,4664,331,6.66964
230791,5496,310,6.54426
238656,5497,922,6.31737
32666,5497,891,6.34046
249,5497,963,6.28345
249,5499,512,6.30139
176558,5498,126,6.36861
257732,5497,839,6.3898
204574,5497,930,6.31354
264647,5497,907,6.32743
120217,5496,399,6.34203
111105,5496,343,6.47165
169318,5497,914,6.32363
169318,5499,467,6.34503
235555,5497,830,6.39917
41863,4664,430,6.54204
216597,5497,890,6.34091
98918,5496,352,6.44657
238799,5497,836,6.39104
140,5498,169,6.21384
140,5499,607,6.22278
41749,5497,847,6.38445
9441,4665,32,6.51974
9441,5499,516,6.2977
175549,5498,100,6.4799
144826,5496,382,6.38779
153507,5499,479,6.32773
216428,4666,60,6.69457
216428,5499,462,6.35043
81640,5497,859,6.37103
152765,5496,295,6.57704
152765,5497,857,6.37151
12589,5497,920,6.31847
12589,5499,469,6.3403
240271,5496,290,6.58806
472,5496,394,6.35058
109291,4664,163,6.98176
86246,5497,913,6.32403
198190,5497,877,6.35394
242653,5497,897,6.3374
91620,5499,480,6.32418
123096,5496,400,6.34038
204184,4664,294,6.72713
204184,5499,531,6.28263
25224,5497,915,6.32294
620,4664,156,7.0091
240980,5497,911,6.32495
240980,5498,60,6.68481
2961,4666,54,6.72168
172933,5499,575,6.244
168788,5496,359,6.43119
177354,4664,157,7.00848
177354,5496,305,6.55185
1234,5496,497,6.2039
1234,5499,631,6.20483
40760,5497,959,6.28858
40760,5499,515,6.29873
424,5497,865,6.36551
40393,4666,107,6.46496
40393,5499,523,6.28951
215312,5499,473,6.3367
71906,5496,363,6.42365
34585,5499,568,6.25017
75476,5497,895,6.3377
207207,4666,51,6.75608
248005,5497,919,6.31861
259374,5498,73,6.60284
205125,4665,19,6.71182
205125,5499,496,6.31313
592,5499,504,6.30753
46255,5497,968,6.28145
153064,5498,120,6.3893
16772,5496,409,6.32493
222407,5497,850,6.38157
466,5499,540,6.27625
137330,5499,501,6.30919
193739,5497,955,6.29298
92190,5497,1056,6.20744
301257,5497,889,6.34158
206150,4664,99,7.16283
332386,5496,404,6.33785
332386,5497,936,6.30624
173156,5499,465,6.3455
71061,5496,421,6.31101
337765,5497,856,6.37539
189660,5496,333,6.49634
189660,5497,918,6.31976
715,5496,459,6.24955
143401,5497,901,6.33364
68182,5499,524,6.28723
31552,4664,222,6.85515
31552,5496,358,6.43294
232361,5496,368,6.41221
286537,5496,336,6.48933
1442,4664,179,6.935
925,5498,152,6.25736
122240,5496,306,6.55035
285775,4667,24,7.17345
285775,5497,929,6.31389
252399,5497,910,6.32596
216070,5496,353,6.44641
192802,4664,211,6.87409
192802,5497,906,6.32786
241477,4665,7,6.91624
241477,5499,500,6.31048
312318,5499,431,6.39155
162388,5497,892,6.34044
112686,5498,215,6.10844
13551,5497,969,6.28133
27225,5499,653,6.18765
163,5498,145,6.27376
119391,5497,928,6.31419
65282,5497,1001,6.2469
301919,5499,485,6.32195
214032,5497,982,6.26744
6779,5499,493,6.31554
67254,4664,205,6.88713
67254,5496,323,6.51663
218920,5497,931,6.31349
89910,5496,370,6.4038
205158,5498,121,6.38806
253635,5497,923,6.31684
144553,5499,571,6.24928
223049,5499,517,6.29505
62220,5497,954,6.29303
31624,5497,945,6.29964
209001,5497,938,6.30465
195503,5497,885,6.34496
128,4666,108,6.46398
128,5499,545,6.2744
250881,5497,883,6.34908
191963,5497,924,6.31638
166286,5496,414,6.32035
114031,5497,958,6.28881
85036,5497,943,6.30236
148203,5498,156,6.25007
148203,5499,581,6.24056
124052,5497,927,6.31423
124052,5499,472,6.33707
150293,5496,360,6.43075
3720,5496,410,6.32447
3720,5499,560,6.25855
65515,5499,588,6.23672
31759,4664,176,6.94472
31759,5496,340,6.47523
118063,5496,432,6.29076
98315,5496,388,6.36647
98315,5499,532,6.28222
300217,5497,926,6.31588
156496,5497,946,6.29853
301716,5497,917,6.32
148601,4664,236,6.83031
148601,5497,941,6.30379
12166,5497,886,6.34485
15953,4664,254,6.80263
15953,5496,367,6.41686
225818,5497,935,6.30676
225818,5499,489,6.31862
66214,5497,949,6.29521
66214,5499,505,6.30701
130,5497,965,6.28244
104581,5498,84,6.55203
2570,5497,956,6.29277
2570,5499,510,6.3035
131904,5497,944,6.3015
210290,5496,337,6.48562
40237,5499,544,6.27538
252556,4666,73,6.61029
252556,5499,492,6.31655
191972,5497,916,6.32219
66171,5499,573,6.2483
112092,5496,356,6.43741
15954,5497,974,6.27613
88408,5497,1048,6.21157
236217,5498,86,6.5365
172503,4667,52,6.87644
35761,5497,976,6.27361
298383,5497,887,6.34483
180564,5499,569,6.25011
12005,5499,563,6.25453
12692,5496,547,6.1067
287589,5497,960,6.28706
117,4666,63,6.68223
9027,5497,983,6.26634
218311,5496,401,6.34034
218311,5498,108,6.43941
243430,5499,482,6.32356
294514,5499,506,6.3068
337,5499,554,6.26588
133632,5497,972,6.28027
227072,5498,129,6.35388
128898,5497,934,6.30831
209660,5496,334,6.49057
54307,5497,981,6.26858
54307,5499,537,6.28091
125921,4665,39,6.46917
125921,5499,600,6.22757
73316,5497,951,6.294
6887,5499,605,6.22412
220632,5496,379,6.39274
118536,5496,369,6.40685
58110,5497,987,6.25946
197572,5496,348,6.46048
233208,4664,291,6.72982
267378,4666,95,6.49583
267378,5499,520,6.29183
250442,5497,1047,6.21257
71882,5496,376,6.3955
155463,5496,386,6.37194
1563,4664,334,6.66533
1295,4666,125,6.36543
320,5499,722,6.12472
157958,5496,383,6.37945
8481,4664,226,6.85094
207729,4664,447,6.52014
207729,5496,328,6.50919
102237,5496,433,6.2903
102237,5497,1027,6.22875
559,5497,1074,6.18625
559,5499,625,6.20956
153318,5499,539,6.2771
40769,5499,538,6.27839
295785,5497,979,6.26936
158339,5499,574,6.24471
227758,5499,530,6.28364
248918,5496,339,6.47958
248918,5497,950,6.29496
166317,5497,921,6.31787
443,4666,86,6.53221
443,5499,549,6.27181
99,4664,434,6.53478
99,5496,427,6.3034
123219,5497,991,6.25656
5781,5497,970,6.28092
281960,5499,529,6.28449
282853,5499,474,6.33164
197097,5496,385,6.37433
257283,5497,1040,6.21665
212281,5496,350,6.45557
67888,5497,1010,6.23709
67888,5499,561,6.25765
206327,5497,973,6.27966
206327,5499,514,6.29909
36399,4664,142,7.04396
181293,5497,1021,6.23018
28,5496,508,6.18091
28,5497,1165,6.11573
193322,5497,989,6.25807
2596,5499,617,6.21493
226634,5496,403,6.33846
183284,5497,947,6.2977
303553,5499,495,6.31317
1270,4667,83,6.36954
295607,5499,498,6.312
21632,5497,1058,6.20314
21632,5499,620,6.21371
144864,5497,971,6.28049
252877,5499,486,6.32034
25277,4664,159,6.99988
196496,4664,140,7.04623
151247,5497,1012,6.23556
126996,5497,1009,6.23953
126996,5499,556,6.26471
3570,4665,37,6.47978
195372,5498,65,6.6352
281152,5497,952,6.29343
288513,5499,542,6.27603
27848,5496,431,6.29386
27848,5497,1061,6.20062
214484,5496,338,6.48318
162823,5497,993,6.25519
162823,5499,547,6.27356
634,5499,613,6.21913
154509,5496,412,6.32063
154509,5497,1032,6.22511
73664,4666,117,6.41005
73664,5499,543,6.27561
277597,5499,513,6.30056
220775,5498,117,6.39832
154182,5497,992,6.25528
338760,5497,903,6.33092
203430,5499,591,6.23454
300683,5499,502,6.30903
29972,5497,990,6.25781
6819,5497,999,6.25187
43152,5497,986,6.26187
136056,5497,997,6.25301
136056,5499,555,6.26541
338628,5499,518,6.29438
220367,5497,942,6.30272
208773,4664,130,7.0731
189052,5499,586,6.23772
15510,5497,1017,6.23178
66849,5499,541,6.27613
17025,5499,627,6.20713
205494,5499,619,6.21374
2569,5499,598,6.22981
209324,5496,344,6.47073
204135,5499,589,6.23589
38531,5497,1005,6.24102
38531,5499,564,6.25383
242529,5498,87,6.53421
40990,5498,128,6.36047
231038,5497,975,6.2746
29073,4666,100,6.49083
228411,5497,996,6.25338
249277,5497,980,6.26863
15839,4664,165,6.97699
309105,4666,49,6.75815
309105,5499,508,6.30668
173105,4664,114,7.12279
7,4666,138,6.30165
638,5497,1085,6.17762
92044,5496,396,6.34928
281075,5497,1007,6.24042
281075,5499,551,6.26925
67185,5499,583,6.23955
137031,5496,426,6.30613
191004,4665,25,6.57662
220133,5497,962,6.28415
156138,5497,1029,6.22682
156138,5499,557,6.26303
1111,5498,207,6.12379
31483,5497,994,6.25387
336382,5499,521,6.29176
31790,4664,33,7.47619
330038,5499,499,6.3114
37371,5499,590,6.23504
241987,5497,977,6.27144
285905,4664,286,6.7393
285905,5496,335,6.4895
228959,5497,964,6.28257
36946,5497,1142,6.12875
205045,5499,553,6.26661
589,5496,422,6.30851
72,5497,1022,6.23001
298638,5498,88,6.53099
298638,5499,552,6.26691
132,5497,1096,6.17013
255507,5497,1051,6.20962
154875,4664,102,7.15658
19764,4666,80,6.56647
249763,5499,548,6.27262
144568,5496,324,6.51398
68820,4664,27,7.53447
125,5499,612,6.21918
20134,5497,1000,6.24812
199904,4664,104,7.15048
142121,5499,519,6.29346
205507,5497,985,6.26297
325698,5499,528,6.28567
280789,5499,609,6.22113
262477,4666,127,6.35835
262477,5499,596,6.23058
205867,5499,562,6.25588
163841,5497,932,6.31159
162009,4664,56,7.37102
158572,5497,1006,6.24096
22143,4664,58,7.35265
382,5499,641,6.19573
159692,4664,118,7.1123
111148,5499,593,6.23263
9341,5496,428,6.30184
9341,5497,1018,6.23164
65907,5499,628,6.20623
196354,5497,957,6.29017
29839,5497,1013,6.23347
144415,5497,998,6.25261
15290,5499,604,6.22467
185538,5497,1015,6.23204
384,5496,375,6.39554
384,5499,550,6.2713
2603,4667,76,6.53455
247104,5497,1039,6.21799
41627,4664,197,6.90177
175621,4667,88,6.29479
278553,5499,558,6.26296
30367,5497,1031,6.22528
30367,5499,585,6.23783
14,5497,1034,6.22291
14,5499,582,6.24051
224904,5499,566,6.25174
9215,4664,219,6.86289
9215,5497,978,6.27017
144270,5499,603,6.22583
198138,5499,608,6.22255
218208,4665,13,6.76815
216094,5496,402,6.34004
4218,5499,606,6.22314
40529,5496,384,6.37736
40529,5497,1036,6.22053
17240,5499,638,6.19649
228372,5497,967,6.28168
154906,5497,1037,6.21888
154906,5499,578,6.24122
234396,5498,119,6.39105
203780,5497,1049,6.21123
10997,5499,642,6.19499
4192,4664,642,6.33928
262114,5499,580,6.24083
270847,5499,533,6.28182
35488,5499,597,6.23052
15600,5497,1003,6.24332
215463,5499,623,6.21163
142271,5498,94,6.50695
253664,5498,140,6.2872
180956,5498,111,6.40811
76417,5497,995,6.2535
212346,5496,325,6.51298
94480,5497,1053,6.20918
94480,5499,599,6.22921
770,5499,704,6.13661
217,5499,660,6.18011
3085,5499,637,6.19704
239840,5499,595,6.23197
158109,5497,1038,6.21887
255615,5498,92,6.52046
234621,5497,1016,6.23179
129050,5499,621,6.21234
949,4666,120,6.40389
76150,5496,416,6.31804
131835,5499,813,6.05931
67180,5497,1020,6.2308
67180,5499,572,6.24862
15318,5497,1075,6.1857
231567,5499,565,6.25376
245045,5496,418,6.31536
83667,5497,1008,6.24019
235817,5497,1045,6.21326
235817,5499,592,6.23419
8730,4664,150,7.02387
256066,4664,260,6.79576
256066,5496,373,6.39752
200934,5497,1014,6.23207
191925,5499,673,6.16487
4394,5497,1092,6.17202
4394,5499,647,6.19162
222219,5499,584,6.2383
511,5497,1011,6.23648
201248,5499,648,6.19139
4741,5496,392,6.35275
16366,5496,483,6.21818
16366,5497,1101,6.1665
199793,4666,66,6.65937
199793,5497,1019,6.23137
123609,5497,1002,6.24361
67928,5497,1086,6.17658
200511,5497,988,6.2582
39206,5498,166,6.22291
39206,5499,681,6.15618
118705,5498,112,6.4055
118705,5499,629,6.20615
200890,5497,1030,6.2258
40381,5499,626,6.20858
36400,4664,100,7.1599
111732,5497,1044,6.21331
137423,4667,59,6.79322
137423,5497,1055,6.20766
1042,5499,666,6.17187
18748,4664,125,7.09622
4491,5496,504,6.19011
4491,5497,1141,6.12985
139899,5499,636,6.1991
274450,5496,390,6.35779
293678,5497,1033,6.22451
9364,5499,567,6.25054
631,5497,1042,6.21573
631,5499,577,6.24167
11057,4664,116,7.11771
39927,5497,1004,6.24236
81453,5497,1108,6.15924
81453,5499,668,6.16846
309430,5496,436,6.28701
309430,5497,1080,6.18144
343562,5497,1088,6.17582
231280,5499,640,6.1963
245271,5497,1153,6.12314
245271,5499,677,6.16042
103686,5497,1072,6.19066
103686,5499,645,6.19412
204286,5496,364,6.42198
251293,5499,643,6.19476
73070,5497,1057,6.20711
8107,5496,562,6.0794
181797,5497,1028,6.22852
4209,4665,41,6.45518
170587,5498,107,6.44465
17053,4665,51,6.33376
17053,5499,701,6.14101
83734,4664,149,7.02826
45748,5499,602,6.2262
1155,5497,1050,6.2097
11229,4667,75,6.53546
220588,4664,91,7.20985
233868,5496,397,6.34485
200454,5496,443,6.27698
200454,5497,1082,6.17998
21791,5497,1095,6.17099
145203,5497,1067,6.19145
10550,5499,624,6.21063
249590,4664,74,7.27423
19995,5497,1041,6.21586
37120,5499,674,6.16483
124827,5496,372,6.39756
260757,5497,1035,6.22279
231327,5496,365,6.42139
80771,5496,466,6.2315
80771,5499,658,6.18208
285894,5499,559,6.25918
193867,5497,966,6.2823
691,5497,1068,6.19138
172547,5497,1064,6.19851
103649,5499,650,6.19071
157789,5499,694,6.14614
214293,5498,153,6.25567
62871,5498,278,5.96642
176530,5497,1023,6.22973
303672,5499,611,6.21963
302336,5497,1179,6.10323
302336,5499,676,6.16375
118418,5499,633,6.20265
16991,4666,144,6.27674
77,4664,119,7.10837
119637,5499,570,6.24933
258074,5497,1094,6.17106
257759,5499,652,6.18845
124965,4667,51,6.87672
90305,5499,679,6.15996
40398,5499,792,6.07276
232666,5496,462,6.242
232666,5497,1115,6.15648
248900,5497,1059,6.20221
142296,5498,133,6.33005
19427,4666,104,6.48528
257066,5497,1071,6.19089
300905,5498,69,6.62363
284775,4667,65,6.75359
284775,5496,420,6.31315
37196,5499,700,6.14153
215613,4666,129,6.33606
145633,5497,1093,6.17121
274093,5499,594,6.23211
249411,5497,1046,6.2129
1044,4664,270,6.77536
1044,5496,411,6.32298
265256,5498,114,6.40374
265256,5499,618,6.21438
19643,4667,87,6.32914
192455,5496,521,6.16313
66587,5497,1136,6.13514
17161,5497,1111,6.1584
8095,5496,464,6.23224
1484,5499,664,6.17604
251890,4666,71,6.61878
38506,5496,469,6.22983
38506,5497,1128,6.14624
798,4664,302,6.71109
162,4664,584,6.39189
162,5496,507,6.18212
5867,5499,662,6.17876
22897,4667,60,6.78481
18866,5499,711,6.13293
300583,5497,1063,6.19874
300583,5499,601,6.22702
2529,4664,208,6.88366
987,4664,654,6.32775
987,5497,1283,6.0327
145645,5497,1060,6.2013
145645,5499,614,6.21861
23107,5497,1168,6.11395
23107,5499,728,6.12063
156501,5496,406,6.33292
244,5496,473,6.22658
244,5497,1174,6.10635
277699,5497,1073,6.18829
277699,5499,610,6.22077
237211,5497,1137,6.13439
32944,5497,1024,6.2295
256,5499,714,6.1318
265683,5499,661,6.17917
316622,5499,615,6.21723
105593,5498,183,6.18964
125046,5499,634,6.20042
41429,4664,131,7.07023
204431,5498,99,6.48056
230200,5499,616,6.21612
531,5497,1089,6.17536
161226,5499,657,6.18217
22245,5497,1124,6.14825
22245,5499,667,6.17082
91523,5499,686,6.15457
191572,5499,672,6.16709
78733,5497,1025,6.22908
303051,4664,605,6.37028
303051,5496,440,6.27969
184459,5497,1052,6.20939
262547,5498,101,6.47798
153623,5499,639,6.19634
234948,5497,1043,6.21395
122588,4667,57,6.82361
181960,5499,656,6.18289
1116,5499,646,6.19234
223278,5497,1091,6.17442
192934,5497,1125,6.14787
40832,5499,663,6.17782
233955,5497,1106,6.16406
233955,5499,654,6.18396
32484,4664,560,6.40744
32484,5497,1122,6.14955
128931,5497,1066,6.19186
283387,5497,1084,6.17866
256852,5496,405,6.33774
171479,5496,441,6.2792
193621,5498,243,6.05406
169147,5499,665,6.17313
286,4664,305,6.70273
286,5497,1154,6.1219
274428,4664,172,6.95822
274428,5496,380,6.39193
20,5497,1078,6.18263
2288,5496,450,6.26581
127127,5496,460,6.24839
180901,5497,1069,6.1912
8195,4665,21,6.63986
207016,5499,684,6.15539
189453,5497,1113,6.15762
25261,5496,523,6.16046
3972,5497,1164,6.11614
3972,5499,680,6.15869
232520,5497,1083,6.17951
232520,5499,630,6.2059
3870,5497,1105,6.1641
32674,4667,68,6.72197
31479,4666,85,6.53223
31479,5499,659,6.1817
132544,5497,1114,6.15705
279869,5498,106,6.44944
279869,5499,635,6.19916
160081,5496,425,6.30663
262540,5497,1081,6.1808
128445,5496,407,6.3304
2533,5497,1090,6.17483
2533,5499,644,6.19414
335609,5499,622,6.21227
276925,4664,267,6.78019
276925,5496,389,6.36286
168054,5496,475,6.22457
39188,4664,77,7.26342
2476,5497,1109,6.15912
220827,5496,362,6.42477
220827,5497,1087,6.17618
176524,5497,1062,6.19877
269199,5499,651,6.18849
18485,5497,1026,6.22898
248949,5496,419,6.31509
145976,4664,181,6.93246
130882,5499,690,6.1484
128554,4666,128,6.34641
128554,5499,678,6.15998
19841,4666,172,6.19668
38309,5497,1054,6.20911
164812,5499,718,6.12945
632,5499,703,6.13796
224272,5498,164,6.23066
328479,5499,632,6.20391
1262,4664,532,6.43078
140535,5497,1155,6.1214
108,4666,91,6.50627
112373,5499,720,6.12779
214234,4664,148,7.02891
193557,4666,167,6.22261
1423,4664,240,6.82172
28620,5497,1134,6.13965
258309,5498,103,6.46188
173200,5498,193,6.17174
168679,5497,1202,6.08397
168679,5499,755,6.09886
139952,4664,440,6.52754
139952,5497,1070,6.19106
321277,5497,1076,6.18521
103660,5497,1107,6.16388
191301,4664,372,6.60715
191301,5496,439,6.28401
300010,4665,12,6.76878
59753,5497,1116,6.15589
117960,5499,706,6.13522
936,5496,434,6.28985
125311,4666,136,6.30515
250621,5497,1079,6.18144
225729,5496,471,6.22721
245658,5499,670,6.16765
231819,5499,685,6.15508
102104,5498,272,5.97641
102104,5499,869,6.01917
269160,5497,1130,6.1435
22532,4664,408,6.57017
178570,5498,161,6.23513
303551,4664,183,6.93077
205127,5497,1118,6.15158
317231,5497,1077,6.18406
124839,5497,1100,6.16651
219217,5496,408,6.32888
259061,4667,50,6.87911
259061,5497,1138,6.13239
4688,4664,84,7.23452
292126,5497,1097,6.16844
7865,5499,709,6.1338
262208,5499,707,6.13501
19348,5497,1112,6.15764
348,5497,1119,6.15084
883,5499,738,6.11327
143157,5499,692,6.14763
237087,5498,150,6.26585
1491,5497,1126,6.14777
153,5499,713,6.13186
171890,5499,715,6.13133
168274,5496,491,6.21301
122,5497,1176,6.10624
2381,5498,257,6.02109
153097,5496,482,6.2184
153097,5497,1172,6.10739
1589,4664,421,6.54984
99392,5496,452,6.26332
99392,5497,1099,6.16672
59,5497,1135,6.13906
38786,4664,92,7.19369
932,5497,1131,6.1424
932,5499,671,6.16713
154301,5496,467,6.23133
329845,5498,91,6.52313
329845,5499,655,6.1832
7866,5499,732,6.11876
16216,5499,744,6.10907
193560,5499,716,6.13053
714,5496,585,6.03985
149809,5499,702,6.13823
23817,5497,1065,6.19523
37400,5499,735,6.11785
70519,4664,225,6.85182
147930,5496,477,6.22296
147930,5499,683,6.15546
129731,5497,1240,6.06302
184491,5498,174,6.20783
119012,5497,1110,6.15848
8172,5498,132,6.33074
55952,5497,1102,6.16627
229414,5497,1104,6.16454
12350,5496,435,6.28761
34615,5499,754,6.09895
32116,5499,747,6.10784
182704,5497,1143,6.1284
182704,5499,705,6.13619
247585,4664,576,6.39658
247585,5496,424,6.3075
317504,4666,74,6.59918
34969,4666,76,6.58399
34969,5499,675,6.16428
27356,5497,1194,6.08966
27356,5499,745,6.10799
55253,5499,729,6.11996
193670,5496,395,6.34933
85250,5499,725,6.12306
1293,5499,856,6.02968
264239,5499,719,6.12803
203411,5498,102,6.46545
111,5497,1156,6.12103
209671,5496,458,6.2531
140717,5497,1177,6.10592
216403,4666,98,6.49405
805,5496,505,6.18898
119781,5496,446,6.26765
119781,5497,1121,6.15014
175,5499,740,6.11164
298102,5496,437,6.28635
154003,5499,708,6.13403
289081,5499,649,6.19076
28829,4664,353,6.64397
246297,5498,143,6.27717
2266,4666,131,6.33242
40425,5497,1169,6.11317
40425,5499,717,6.12947
167763,5497,1204,6.08211
17393,4664,212,6.87408
133528,5496,461,6.24582
118000,5499,697,6.14317
179182,5497,1162,6.11719
1194,5497,1182,6.1006
5622,4664,139,7.04978
93724,5497,1140,6.13017
268012,5496,398,6.34364
268012,5497,1216,6.07781
28723,5497,1158,6.11878
212765,4666,109,6.45865
212765,5499,698,6.14247
8170,5496,519,6.16458
177659,5497,1103,6.16509
6068,5499,764,6.09374
30241,5499,712,6.13229
191055,4666,88,6.52294
191055,5499,682,6.15603
254123,5496,417,6.31585
261393,5496,429,6.299
1334,5497,1186,6.09811
1334,5499,742,6.11088
153737,5497,1132,6.14186
265,5497,1209,6.08118
253506,4664,186,6.92761
253506,5497,1117,6.15207
520,4664,724,6.2755
143176,5497,1163,6.11643
192312,5497,1144,6.12808
254513,5499,687,6.15329
200847,5498,162,6.23332
96152,5497,1139,6.13182
32441,5498,204,6.13554
32441,5499,795,6.07105
318546,5499,689,6.14866
3439,4667,103,6.18878
1260,5499,789,6.07495
189067,5497,1197,6.08793
156548,5496,496,6.20417
156548,5497,1251,6.05377
231999,4666,121,6.40008
5620,4664,192,6.91668
124969,4667,45,6.92064
149241,5496,447,6.26715
223,5499,693,6.14704
20133,4664,191,6.92068
34373,5499,767,6.09183
283649,5499,726,6.123
1425,4664,255,6.80174
1621,5496,470,6.2276
267814,5496,499,6.20211
23686,5498,192,6.17528
23418,4664,109,7.14135
80006,5499,743,6.10925
35505,5499,746,6.10797
197320,5497,1120,6.15065
172552,5496,550,6.09937
172552,5497,1249,6.05563
21654,5497,1192,6.09236
37734,5497,1160,6.118
148290,4666,132,6.32091
350736,5499,691,6.14766
130486,5497,1098,6.16751
182082,5499,669,6.16772
216439,5499,769,6.09029
90870,5499,710,6.13362
24037,5499,787,6.07678
119866,4664,171,6.95829
75091,5497,1150,6.12539
224483,5497,1127,6.14723
184346,5499,785,6.0774
35350,4664,300,6.72042
4249,5497,1203,6.08346
200058,5497,1148,6.12553
198707,5496,415,6.31933
233676,5497,1206,6.08163
207991,5497,1188,6.09541
185196,5497,1198,6.08717
185196,5499,748,6.10593
272409,5497,1222,6.07537
2639,4664,537,6.42385
134520,4664,145,7.03337
160958,5496,487,6.21488
3041,4664,217,6.86627
258148,5496,457,6.25421
35572,5497,1166,6.11434
281515,4664,277,6.75856
2612,5497,1129,6.1437
245353,5496,456,6.25548
287,4666,134,6.31292
287,5499,761,6.09393
199723,5496,423,6.30784
298060,5499,696,6.14361
23451,5497,1195,6.08894
4174,5498,225,6.09011
253185,5499,733,6.11869
125977,4664,204,6.88845
75212,5497,1159,6.11821
225482,5499,695,6.14594
23730,5497,1199,6.08701
2162,4664,968,6.11996
253398,5499,721,6.12528
175360,4664,213,6.87264
129351,5496,531,6.13903
129351,5499,783,6.07952
136000,4664,548,6.41508
136000,5496,472,6.22717
218129,5499,750,6.10267
11945,5498,124,6.38505
190400,4667,61,6.77686
190400,5496,442,6.27857
124668,5496,485,6.21516
25729,4664,178,6.93507
163930,5499,752,6.09957
215371,5498,110,6.42881
235922,5499,723,6.12463
202288,5499,737,6.11412
246201,4664,366,6.62217
101,5499,730,6.11982
228133,5497,1170,6.11122
273779,5497,1205,6.08191
27463,5496,509,6.17984
27463,5497,1200,6.08677
230769,5496,493,6.21168
219832,5497,1161,6.1173
42939,5496,455,6.25576
228668,5497,1217,6.07762
3236,5497,1189,6.09483
227466,5499,699,6.14224
235591,5496,454,6.25609
322289,5497,1123,6.14925
84732,5499,731,6.11883
36708,5497,1175,6.10625
41302,4665,48,6.36306
284121,5497,1151,6.12521
205498,5497,1146,6.12591
95105,5496,532,6.13739
95105,5499,793,6.0725
275916,4666,87,6.52369
181495,5496,448,6.26625
197831,5496,591,6.02733
197831,5497,1446,5.92679
135281,5497,1180,6.10321
11168,4664,360,6.63199
251747,4664,85,7.23349
296,5497,1178,6.1046
788,5496,449,6.26602
68076,4664,120,7.10644
138704,4666,83,6.53813
138704,5497,1157,6.12049
2165,4667,124,5.97537
209003,4664,98,7.16446
25951,5497,1247,6.05655
25951,5498,203,6.13662
231197,5496,476,6.22298
173096,5499,727,6.12188
127493,4664,214,6.87259
109779,5497,1218,6.07719
109779,5499,751,6.10183
124968,4667,48,6.89732
3202,4664,206,6.88573
5406,5497,1219,6.07681
100679,5498,142,6.279
128664,5498,175,6.20475
24762,5497,1215,6.07784
139033,5497,1167,6.11396
31291,4664,274,6.76701
56786,5499,765,6.09287
508,4664,321,6.68714
14808,5496,553,6.09398
38548,5499,774,6.08622
46007,5497,1173,6.10649
156442,5499,734,6.11812
295948,4666,81,6.5631
20545,5498,253,6.0279
20545,5499,865,6.02254
759,4664,247,6.81483
27048,4664,554,6.41107
27048,5497,1239,6.06327
159469,4667,69,6.69866
159469,5496,453,6.26014
30539,5499,878,6.01602
16,5497,1171,6.10767
271785,5498,147,6.27306
271785,5499,758,6.09588
206490,5497,1133,6.14084
3967,4664,431,6.54149
3967,5496,498,6.20261
140343,5496,451,6.26359
181260,5497,1207,6.08125
4583,5499,739,6.11293
3421,5499,781,6.08073
274533,5498,205,6.13029
8490,4664,409,6.56835
189,5497,1181,6.10244
189,5499,736,6.11522
692,4664,488,6.46369
108722,4664,490,6.46235
108722,5496,492,6.2117
130877,5498,159,6.24511
169704,5496,522,6.16293
169704,5497,1225,6.07321
96792,5496,500,6.19833
96792,5497,1187,6.09779
280748,5496,465,6.2316
6866,5499,688,6.15124
7806,5499,812,6.05953
58602,5499,753,6.09926
6050,5496,527,6.15462
8924,4665,57,6.28987
8924,5498,196,6.15882
210900,5499,762,6.09391
181761,5499,772,6.08884
118610,5497,1211,6.08033
118610,5499,756,6.09797
243797,5497,1184,6.09927
84465,4664,265,6.78407
193210,5499,766,6.09249
223779,5497,1282,6.03576
300936,5499,759,6.09466
1917,4666,335,5.8669
1917,5499,965,5.95869
815,5496,648,5.95849
815,5499,935,5.972
210040,4666,192,6.15209
36888,5497,1183,6.10034
2516,4664,304,6.70682
2516,5496,463,6.23371
63091,4664,312,6.69827
63091,5496,444,6.27674
169,5499,806,6.06594
188314,4666,94,6.49969
188314,5497,1190,6.09413
172155,5497,1191,6.09316
141090,5497,1152,6.12459
299,4664,283,6.7481
172242,5498,357,5.82093
177939,4667,44,6.9342
227273,5497,1185,6.09822
39336,5497,1145,6.12655
192834,5497,1241,6.062
256804,5498,194,6.16577
19301,5497,1237,6.06469
19301,5499,790,6.07457
337787,5499,724,6.12375
192638,5497,1261,6.04675
30,5496,567,6.07022
230342,5496,525,6.15684
177249,5497,1279,6.0369
3139,5497,1226,6.07235
3139,5499,773,6.0869
181617,5499,741,6.11117
15369,4664,75,7.26394
172971,5498,151,6.26049
172971,5499,779,6.08253
17449,5497,1270,6.04203
257,5499,969,5.95706
155451,4667,63,6.76818
299592,5499,749,6.10506
96749,4664,200,6.89935
40770,5497,1238,6.06377
40770,5499,784,6.07844
255664,5497,1546,5.86048
40831,5497,1246,6.05658
38032,5499,770,6.08889
264196,5497,1323,6.00507
229741,4666,118,6.40721
147,5497,1208,6.08123
635,5499,833,6.04117
302520,5498,158,6.24634
302520,5499,786,6.07698
218050,5499,757,6.09773
135649,4665,54,6.31002
135649,5499,815,6.05588
219708,5499,811,6.05979
176565,5499,796,6.07088
271530,5499,763,6.09383
1265,5497,1231,6.06775
1265,5499,778,6.08295
433,5497,1228,6.06987
71655,5499,780,6.08192
168433,4666,148,6.25353
168433,5497,1256,6.04774
256067,5497,1212,6.07959
24509,5499,827,6.04526
133956,4664,342,6.65584
133956,5497,1315,6.01264
1770,5496,481,6.21956
1758,5496,528,6.15454
177965,5499,797,6.07074
251420,5496,561,6.07986
253106,5496,502,6.1959
5205,4664,369,6.6115
143096,5496,489,6.21398
150926,5497,1233,6.06568
150926,5499,788,6.07654
39242,5497,1243,6.05971
2238,4664,623,6.34638
126008,4667,46,6.91069
22551,5496,538,6.13067
182351,5499,841,6.03816
19948,5499,814,6.05597
44,5499,810,6.05981
127095,5497,1250,6.05462
127095,5499,782,6.08063
140951,5496,503,6.19178
140951,5497,1234,6.06522
58,4664,648,6.33486
58,5496,543,6.11729
23604,5496,488,6.21448
23604,5497,1210,6.08097
8829,5498,148,6.27174
420,5497,1343,5.99271
94389,4666,126,6.36125
94389,5499,798,6.0696
349067,4667,54,6.86732
41569,5497,1258,6.04758
248117,5497,1220,6.07667
237031,5496,501,6.19719
247417,5496,430,6.29713
183308,5497,1149,6.12552
8124,5497,1272,6.04159
2795,4664,821,6.20596
2795,5496,574,6.05612
135243,5497,1229,6.06826
162559,5497,1314,6.0133
276386,4664,136,7.05641
250396,5496,445,6.26783
227545,5499,775,6.08586
295488,4665,6,6.93643
295488,5499,776,6.08349
33107,5497,1271,6.04172
827,5497,1265,6.04377
130792,4665,29,6.55374
148532,5498,135,6.32253
6366,5496,581,6.04722
191612,4664,127,7.08132
260332,5499,768,6.09181
79073,4667,109,6.14595
43307,5497,1196,6.08881
186721,5496,480,6.2207
186721,5497,1223,6.0753
18985,4664,456,6.50276
18985,5496,526,6.15661
22398,5499,803,6.0678
18460,4664,237,6.8292
69601,5497,1147,6.12559
285253,5498,116,6.39934
285253,5499,760,6.09437
1037,4667,55,6.84082
3267,5497,1253,6.05078
235655,4665,43,6.40908
67600,4664,107,7.1444
147537,5496,468,6.23024
147537,5497,1310,6.01779
177197,4666,115,6.41591
19996,4665,31,6.52952
19996,5499,791,6.07282
172546,5499,821,6.04931
124380,5496,563,6.07539
191538,4665,35,6.50653
260407,5498,191,6.17595
260407,5499,801,6.06887
267370,5499,819,6.05191
117942,5499,844,6.03685
207062,5498,182,6.19459
1561,5499,885,6.00722
155708,5497,1367,5.97586
35285,5497,1224,6.07364
437,5499,886,6.00694
255907,5496,542,6.12358
255907,5499,838,6.03931
332321,5496,533,6.1357
152237,5499,879,6.01561
18500,5497,1244,6.05794
303954,5497,1213,6.07949
141791,5499,799,6.06957
38872,5497,1245,6.05744
174155,5497,1193,6.09057
32165,5497,1264,6.0438
32165,5499,816,6.05348
137776,5497,1267,6.04317
20022,4666,153,6.2476
2932,4666,173,6.19279
14083,4664,202,6.89541
177079,5496,539,6.12515
142854,5497,1230,6.06819
138788,5499,1002,5.93831
293531,5496,517,6.16787
322588,5497,1214,6.07834
114387,5499,777,6.08322
256877,5498,171,6.21035
299963,5499,771,6.08887
139245,5497,1201,6.08461
154173,5497,1269,6.04206
56707,5497,1262,6.04502
312804,5497,1306,6.02111
301607,4667,28,7.11631
301607,5497,1255,6.04956
213492,5499,794,6.07197
266179,5497,1235,6.06517
205907,4664,460,6.49838
205907,4667,58,6.79912
3263,4664,146,7.03224
264476,4664,316,6.69624
264476,5496,479,6.22182
178613,5496,565,6.07261
178613,5499,881,6.01353
10081,4664,809,6.21303
129122,4664,144,7.03507
464,4666,89,6.51973
464,5499,802,6.0687
1597,5497,1300,6.02275
1597,5499,845,6.03637
186995,5496,530,6.14696
2582,5498,229,6.08174
173047,5499,863,6.02374
3409,4664,359,6.63199
11949,4664,231,6.83824
149853,5499,829,6.04464
291847,5496,514,6.17334
96713,5499,877,6.01612
144734,5499,824,6.04771
132428,5496,537,6.13188
37231,5497,1263,6.04406
234190,5498,394,5.73238
76674,5499,874,6.01696
137155,5499,805,6.066
83040,5496,495,6.20838
83040,5497,1232,6.06737
39813,5499,842,6.03743
203102,5496,541,6.12411
130899,5499,837,6.0396
166158,5496,579,6.05079
166158,5499,888,6.00488
256065,5499,800,6.06951
66855,4664,153,7.01848
237860,4664,241,6.82068
245197,5496,575,6.05416
245197,5498,199,6.15453
257058,5497,1260,6.04714
185709,5498,165,6.22686
185709,5499,834,6.04088
20806,5499,926,5.97665
35614,4664,155,7.01488
245928,5496,490,6.21309
245928,5497,1227,6.07079
3605,4664,152,7.02257
122889,5497,1281,6.03624
329,4664,299,6.72201
160418,4664,158,7.00304
2389,4666,301,5.91141
183896,5498,202,6.1371
183896,5499,872,6.01786
1017,5497,1259,6.04724
21641,5499,860,6.02557
275870,5498,134,6.32326
84772,5497,1248,6.05618
79131,5496,557,6.08975
31722,5497,1221,6.07599
156373,5497,1252,6.05158
270836,5497,1334,5.99904
270836,5499,883,6.00914
178944,5497,1278,6.03767
84838,5497,1285,6.02864
34320,5499,840,6.03826
15033,5497,1297,6.02387
15033,5499,849,6.03574
422,5497,1254,6.04973
12681,5497,1299,6.02348
24920,4664,303,6.70948
108044,5499,930,5.97509
37301,5499,831,6.04262
175695,5497,1257,6.04759
255393,4664,96,7.16887
37165,4664,738,6.26121
37165,5496,558,6.08789
140519,5496,580,6.05073
179071,5499,809,6.06204
84469,5497,1303,6.02168
154428,5499,822,6.04919
124847,5496,559,6.08737
124847,5499,857,6.02958
102148,5496,578,6.05195
102148,5499,889,6.0042
226631,4664,571,6.39994
226631,5496,515,6.17067
142830,5497,1293,6.02545
216381,5496,520,6.16321
97915,5496,511,6.17549
97915,5497,1266,6.04332
25071,5496,705,5.89125
33643,4665,22,6.63961
285157,5496,484,6.21652
234828,5497,1236,6.06475
17484,4664,284,6.74726
117914,5497,1287,6.02742
3655,5499,928,5.97522
19854,4664,261,6.78951
19854,5496,524,6.15864
84889,5496,474,6.22602
234248,5499,804,6.06654
3348,5497,1275,6.04016
155122,4664,446,6.52088
40444,5499,866,6.02253
190639,5499,832,6.04211
142325,5498,213,6.11332
142325,5499,890,6.00362
161546,5499,830,6.04372
56885,5498,139,6.29145
317311,5497,1274,6.04029
317311,5499,808,6.06348
267009,5497,1284,6.03143
137397,5499,843,6.03687
22278,5499,876,6.01629
165662,4666,137,6.30188
148261,5496,615,5.99812
148261,5497,1419,5.94251
93538,4664,664,6.32318
93538,5496,548,6.10528
5942,5497,1277,6.03862
5942,5499,820,6.0514
626,4664,531,6.43151
179245,5498,160,6.23906
78954,5496,529,6.14735
161547,5498,149,6.26965
161547,5499,836,6.04056
943,5499,994,5.94334
201006,5499,818,6.05237
6613,4664,161,6.99013
12346,4665,65,6.2606
285036,5497,1242,6.05987
140125,5496,494,6.20966
29773,5499,847,6.03622
236248,5499,859,6.02763
247314,4665,14,6.76604
99875,5499,963,5.96018
214,5499,914,5.98425
286160,5497,1273,6.04063
155173,5499,868,6.01927
85769,4664,188,6.92472
180602,5499,884,6.00785
253719,5496,546,6.10991
253719,5497,1329,6.00185
244330,5499,858,6.02848
172540,5499,907,5.98757
192547,5499,851,6.0356
250561,5496,510,6.17652
115293,4664,453,6.507
3837,4665,120,5.99702
3837,5499,942,5.96817
252688,4667,71,6.67861
10788,4664,233,6.83431
65673,5499,887,6.0054
300930,5497,1312,6.01511
300930,5499,807,6.06532
173341,4665,73,6.23049
4616,4666,102,6.48782
105624,5499,825,6.0473
276004,5497,1301,6.02213
260710,5497,1311,6.01701
95234,5496,604,6.00471
156266,5496,516,6.16961
3234,5497,1292,6.0255
3234,5499,853,6.03233
171129,4665,52,6.32796
147116,5496,632,5.97573
208766,5499,861,6.02544
34127,5499,966,5.95823
9,5497,1332,6.00014
163640,5497,1350,5.98751
149119,5497,1289,6.02627
308989,5498,178,6.19942
266722,5497,1276,6.03925
97357,5497,1317,6.01231
97357,5499,871,6.01798
179719,4664,1205,6.01365
179719,5496,704,5.89173
276997,5497,1333,5.99909
153728,4664,162,6.98386
154910,5496,478,6.22253
180198,5499,891,6.00335
1038,4666,233,6.04286
299027,5498,144,6.27421
299027,5499,828,6.04518
7349,4664,182,6.93156
36367,4664,536,6.42465
271519,5499,817,6.05345
120605,5497,1335,5.99812
184522,5498,221,6.09844
215308,5497,1309,6.01879
215308,5499,848,6.036
4090,4664,271,6.77485
284333,5496,513,6.17352
205057,5497,1320,6.00954
205057,5499,846,6.03635
108018,4666,97,6.49446
35342,4664,279,6.75535
131118,5497,1295,6.02493
200,5497,1348,5.98891
200,5499,894,5.99944
233896,5496,552,6.09895
186864,5498,131,6.33735
338,5497,1290,6.02585
338,5499,839,6.03898
287158,5498,138,6.30057
312618,5499,850,6.0357
1645,4664,356,6.63594
300751,5497,1286,6.02818
103132,5497,1307,6.02072
103132,5499,852,6.0339
257067,5497,1305,6.02115
25674,5497,1363,5.97707
380,4666,186,6.16386
305761,5499,826,6.0457
18291,5497,1339,5.99636
140863,5498,232,6.07736
140863,5499,905,5.99061
68228,5497,1321,6.00831
68228,5499,864,6.02353
60131,5498,219,6.10065
274090,5499,835,6.04065
33003,4664,194,6.91054
68858,5497,1313,6.01369
304051,5499,823,6.04908
25794,4664,452,6.50874
226605,4666,185,6.16421
195867,5497,1298,6.02352
357,5499,902,5.99291
101020,5497,1302,6.02189
156180,5499,880,6.01523
178302,5497,1291,6.02557
170199,5497,1268,6.04268
28025,5499,898,5.9961
128063,5497,1341,5.9948
165967,4664,122,7.10291
5795,5497,1327,6.0021
25234,5497,1362,5.97974
231991,5496,545,6.11336
122891,5497,1340,5.99564
129320,5499,893,6.00243
302344,5496,518,6.16778
21804,4666,142,6.28527
21804,5499,882,6.01116
160968,5496,556,6.09173
160968,5497,1342,5.9931
75547,5497,1393,5.95823
247694,5498,146,6.27368
29663,4664,264,6.78466
139562,5497,1294,6.02534
4370,5497,1324,6.005
1430,4664,341,6.6559
293348,4667,43,6.93572
174614,4666,193,6.15011
29109,4664,912,6.15436
29109,5496,587,6.03326
118497,5497,1325,6.00467
41490,4664,258,6.79749
34599,5497,1388,5.96021
34599,5499,925,5.97677
85,4664,407,6.57024
30662,5499,854,6.0316
206757,5497,1304,6.02152
164702,4664,501,6.45632
164702,5496,506,6.18718
160559,5497,1328,6.00195
1444,4664,244,6.81901
2604,5498,186,6.18496
46158,5498,122,6.38688
204493,4667,73,6.60547
107190,5497,1380,5.96941
107190,5499,944,5.96714
131891,5496,571,6.0657
131891,5497,1364,5.9767
371,5499,875,6.01644
167698,5496,640,5.96583
164698,5497,1308,6.02005
164698,5499,862,6.02465
265017,5497,1356,5.98457
68247,5497,1338,5.99755
323156,5497,1288,6.02701
6795,5496,626,5.98354
6795,5499,1001,5.93845
283211,5496,568,6.07016
204575,5497,1346,5.99166
155,5497,1319,6.01018
155,5499,855,6.0297
196257,4664,295,6.72687
135116,5499,934,5.9721
670,4664,666,6.3203
73863,5497,1369,5.97498
73863,5499,906,5.98779
3986,4664,310,6.69864
444,4665,75,6.22074
444,5499,945,5.96711
23985,5497,1361,5.98045
2375,5499,1095,5.88236
31503,5499,900,5.9954
257668,5497,1318,6.0119
38194,5499,973,5.9557
713,5496,672,5.92505
30356,5497,1326,6.00321
30356,5499,870,6.01861
74390,5497,1336,5.99778
99358,4664,95,7.17142
9408,5497,1372,5.97458
246228,5498,195,6.15983
136594,5499,953,5.96215
17804,5496,583,6.04646
19679,4664,405,6.57083
19679,5496,535,6.1344
9028,5497,1424,5.93818
9028,5499,971,5.9566
178044,5497,1349,5.98801
3141,5499,929,5.97522
21892,5497,1370,5.97482
25584,5497,1368,5.97529
25584,5499,913,5.98455
238916,5496,512,6.175
32424,5497,1280,6.0366
41003,5499,915,5.98412
129294,5497,1337,5.99769
66085,5497,1331,6.00042
66085,5499,873,6.01731
31133,5497,1387,5.96103
31133,5499,931,5.97477
2652,5498,209,6.11965
42743,5497,1355,5.98551
221155,5497,1344,5.99263
149787,5496,536,6.13264
149787,5497,1386,5.96215
5684,5497,1296,6.02406
154443,5499,910,5.98531
118247,4666,226,6.05087
908,5499,1004,5.93787
136440,5497,1345,5.99257
179820,5496,549,6.09985
179820,5497,1401,5.95197
10819,4666,119,6.40576
10819,4667,72,6.64475
19,5499,961,5.96099
182120,5499,908,5.98593
160964,5496,618,5.99494
160964,5499,976,5.95459
319793,5499,923,5.97837
188164,4664,209,6.88144
12632,5497,1381,5.96689
20080,5499,943,5.96812
545,5498,181,6.19825
22287,5499,952,5.96225
116858,5499,917,5.98223
186323,5499,904,5.99133
313698,5499,896,5.99824
2290,4666,183,6.1657
2290,5499,937,5.97084
21380,5497,1365,5.97658
152757,4665,27,6.56618
152757,5499,897,5.99695
24070,4664,224,6.85243
335764,5497,1389,5.96013
32341,5498,269,5.984
20609,4664,239,6.82515
178591,5497,1322,6.00678
29687,5499,954,5.96178
135654,5497,1353,5.98578
330036,4666,79,6.56788
330036,5499,867,6.02044
11265,4664,413,6.56498
10660,4666,139,6.29452
2981,5497,1316,6.01244
207910,5496,566,6.0708
207910,5497,1378,5.9698
207910,5499,903,5.99174
29410,5497,1357,5.98421
267475,5498,136,6.31196
13883,5497,1330,6.00052
277458,5499,911,5.9852
1419,4666,218,6.08075
86955,5496,723,5.87161
38657,5499,924,5.97708
229713,4664,276,6.75945
13293,4667,79,6.44003
1666,4664,248,6.81377
251723,5496,534,6.13451
203828,4664,834,6.20141
203828,5497,1409,5.94796
32014,5497,1347,5.98937
270168,5499,899,5.99568
258104,5499,916,5.98379
234429,5497,1417,5.94262
234429,5499,921,5.97898
2228,4664,583,6.39214
2633,5499,985,5.94694
193840,5497,1416,5.94302
6541,5498,271,5.97809
180325,5497,1385,5.96287
180325,5499,895,5.99925
173441,5498,170,6.21059
75789,5497,1412,5.94642
75789,5499,959,5.9614
4204,4664,201,6.89639
782,5497,1411,5.94707
782,5499,982,5.94855
700,4664,1558,5.90097
29308,4666,202,6.10892
29308,5497,1436,5.93213
2689,5497,1373,5.97297
178134,5496,573,6.06541
249821,5498,185,6.18762
249821,5499,932,5.9734
1459,5499,960,5.96101
31056,5499,968,5.9573
3128,5497,1377,5.97021
218995,5499,909,5.98561
180231,5499,948,5.96628
179933,5497,1375,5.97099
179933,5499,892,6.00305
200924,5497,1360,5.98142
269618,4666,130,6.3353
1710,4664,358,6.63332
224133,4664,510,6.44661
313963,5499,919,5.98102
37208,5497,1391,5.95934
246150,5499,920,5.97976
150146,5499,951,5.96424
56933,5499,949,5.96616
10383,4664,1229,6.00357
10383,5496,687,5.9052
1036,5497,1382,5.96544
1036,5499,918,5.98185
335275,5499,912,5.98476
195227,4664,349,6.64939
192120,5497,1400,5.95313
257674,5496,551,6.09913
171835,5496,594,6.02172
247160,5499,970,5.95676
53168,5497,1366,5.97644
230498,5496,609,6.00182
131449,5497,1354,5.98559
125993,4664,221,6.85715
118402,4666,152,6.24765
118402,5499,927,5.9763
3553,4664,210,6.87917
1768,4665,131,5.96721
193668,5497,1423,5.93823
75223,5496,630,5.97614
75223,5497,1475,5.90665
75448,5497,1383,5.96393
40214,5497,1429,5.93596
40214,5499,993,5.94374
170,5496,740,5.84812
170,5499,1142,5.85862
173805,5496,544,6.11386
40531,5496,617,5.99559
40531,5497,1447,5.92668
1323,4664,485,6.46624
27172,4666,147,6.26347
256918,5498,218,6.1021
256918,5499,940,5.96949
98085,5499,1030,5.92027
229427,4664,443,6.52293
256669,5497,1371,5.9747
5451,5499,991,5.94415
102898,5499,947,5.96628
303554,5497,1351,5.98687
30804,4664,324,6.67942
141,5497,1418,5.94255
141,5499,980,5.94972
154634,5499,990,5.94429
3464,4664,464,6.49474
38749,5497,1394,5.95823
38749,5499,933,5.97237
1213,5496,590,6.0285
27739,4664,252,6.80884
6281,5497,1420,5.94149
6281,5499,974,5.95554
22198,5497,1452,5.92309
22198,5499,1006,5.93712
32989,4664,147,7.02958
24565,5499,972,5.95596
143075,5498,256,6.02233
19650,5497,1402,5.95153
293,5498,234,6.07477
293,5499,983,5.94795
7104,4664,350,6.64926
25420,5497,1398,5.95568
3154,5497,1425,5.93798
200785,5499,989,5.94465
249814,5497,1440,5.9299
193512,5497,1358,5.98299
194789,5499,979,5.95148
299255,5496,570,6.06584
2455,5497,1374,5.97124
302193,5496,560,6.08293
4505,4666,197,6.12635
4505,5497,1459,5.91467
859,5496,684,5.90828
859,5497,1583,5.83931
145308,5496,671,5.92545
63706,5499,1008,5.93545
186279,5498,127,6.3656
215616,5497,1379,5.96948
225885,5496,641,5.96532
108831,4666,103,6.48728
19363,5497,1390,5.95943
4095,5496,750,5.83591
42898,4664,831,6.20347
9825,5496,605,6.00441
9825,5499,977,5.95409
6719,4664,339,6.65882
330174,5499,901,5.99411
155689,4664,702,6.2904
131682,5497,1426,5.93762
283,4664,497,6.4583
347137,5499,936,5.97178
192927,5496,610,6.00068
4529,5497,1463,5.91208
52328,4664,505,6.45374
52328,5496,540,6.12478
230251,5497,1474,5.90693
230251,5499,1020,5.92411
255570,4664,174,6.94999
104994,5497,1403,5.95027
231665,5499,1000,5.93975
235,4664,877,6.17503
235,5496,665,5.9301
173319,5499,946,5.96711
172225,5498,470,5.62578
96613,5496,624,5.98572
2247,4664,420,6.55363
129090,5499,1061,5.9005
230191,5496,731,5.86394
230191,5497,1531,5.8684
73538,5498,327,5.86912
73538,5499,1139,5.8622
6581,4664,160,6.99799
115233,5499,987,5.94529
130390,5497,1359,5.98157
3452,5499,981,5.94929
3893,4664,348,6.6506
3893,5496,576,6.05291
286344,4664,187,6.92745
261403,5496,582,6.04694
261403,5498,180,6.19889
257380,5497,1395,5.95696
192297,5498,163,6.23105
2998,4664,338,6.65947
804,5496,586,6.03615
18289,5499,956,5.96177
117663,5499,1027,5.92075
32114,5497,1404,5.95011
129156,4664,230,6.8409
145601,5496,577,6.05224
91534,5499,1081,5.88732
36345,5498,365,5.80122
159492,5499,999,5.94028
230408,5499,1083,5.8862
84159,5496,631,5.97578
84159,5498,251,6.03152
1585,4664,190,6.92169
1431,4664,678,6.30919
4212,4664,228,6.84726
267,5497,1396,5.9563
92120,5497,1435,5.93226
173536,4664,626,6.34517
20079,4664,598,6.37792
20079,5496,601,6.00642
19184,5497,1405,5.94969
19184,5499,941,5.96923
262733,5496,555,6.09193
1372,4664,383,6.59699
7929,4667,99,6.21153
148205,5496,625,5.98495
148205,5499,988,5.94488
148271,5497,1399,5.95461
160903,4664,251,6.80912
329450,5497,1414,5.94601
110,5499,1021,5.9236
178550,4664,632,6.34264
178550,5497,1438,5.93109
550,5498,237,6.06868
550,5499,1011,5.93137
32838,4664,198,6.90089
276090,5497,1448,5.92649
541,5499,922,5.97852
93971,5499,958,5.9614
22457,4664,595,6.38358
235627,5499,950,5.96491
17104,4666,235,6.03869
17104,5499,1023,5.92262
167298,5499,962,5.96071
279306,5497,1384,5.96311
254619,5499,939,5.96965
80642,5497,1392,5.95906
21754,5499,1018,5.92622
142084,5497,1422,5.93834
142084,5499,984,5.94756
4211,4664,257,6.79934
206509,4664,185,6.92837
87821,5497,1397,5.95579
71021,5499,1112,5.87621
175878,5497,1467,5.90951
275089,5498,184,6.18772
275089,5499,957,5.96166
125050,5497,1410,5.94726
135262,5498,217,6.10583
98242,4667,108,6.17304
98242,5496,627,5.98324
15889,5499,996,5.94128
29581,5496,621,5.99103
147431,5499,964,5.95968
14080,4664,297,6.72544
269526,4665,33,6.51706
57163,5497,1428,5.93701
57163,5499,986,5.94684
1447,5497,1352,5.98609
91034,4666,178,6.17392
113927,5497,1421,5.94023
8147,5497,1449,5.92637
8147,5499,975,5.95489
63632,5497,1415,5.94395
241491,5499,1022,5.92277
201308,5498,155,6.25079
101865,4664,285,6.74152
33665,4664,175,6.9474
12140,4664,320,6.68899
1209,4664,599,6.37725
1209,5497,1499,5.88949
191177,5497,1450,5.92478
112869,5498,292,5.94192
2748,4664,482,6.46994
121041,5498,172,6.21019
18803,5498,325,5.87428
1830,5497,1406,5.9489
4471,5497,1501,5.88868
4471,5499,1066,5.89772
202982,5498,198,6.15522
268493,5497,1469,5.90921
268493,5499,1024,5.92216
270636,5499,938,5.96975
267058,4664,379,6.60152
137290,5498,236,6.07052
72667,4666,116,6.41347
153425,5499,1010,5.93374
5336,5496,666,5.92991
5534,5496,638,5.97075
5534,5498,255,6.02272
2535,5496,636,5.97129
242520,4664,288,6.73539
163920,5497,1517,5.87769
163920,5499,1055,5.90334
1338,5497,1407,5.94862
5419,5497,1437,5.93145
1679,4664,314,6.698
109969,4666,166,6.22559
171630,5496,635,5.97185
171630,5499,1052,5.90446
13532,4664,167,6.96964
69120,5496,656,5.94325
313531,5499,967,5.95787
4985,4664,432,6.53521
4985,5496,564,6.07339
226254,5497,1408,5.9486
346965,4666,82,6.56176
110524,5496,628,5.98315
175973,5496,554,6.09264
7804,5497,1495,5.89184
7804,5499,1064,5.89907
6707,5497,1591,5.83493
8817,4667,78,6.46155
3243,5499,1105,5.87936
204605,5496,572,6.06568
96026,5497,1376,5.97091
17394,4664,246,6.81601
1800,4667,91,6.26289
29259,4664,541,6.42048
6539,5499,1005,5.93719
35248,5497,1456,5.91793
35248,5499,1012,5.93017
234337,5497,1431,5.93346
6688,4666,99,6.49105
6688,5497,1427,5.93748
23,4664,449,6.51315
23,5496,596,6.01615
214996,4664,215,6.87183
125924,5499,997,5.94071
339,5499,1151,5.85678
178896,4664,137,7.05576
3406,4666,105,6.47571
65200,5499,1032,5.91873
25823,5499,1009,5.93487
29285,4664,166,6.96966
148291,5497,1441,5.92903
148291,5499,1007,5.93646
35035,4664,250,6.80964
431,5499,1015,5.9271
14634,4666,93,6.50046
1552,4667,121,5.99235
13362,4664,984,6.10539
259066,4664,232,6.83619
20295,5498,154,6.25335
20295,5499,955,5.96178
19947,5497,1480,5.90303
19947,5499,1044,5.91214
206206,5496,584,6.04559
232979,5497,1434,5.9324
140457,5498,214,6.11151
25900,4664,268,6.77877
2539,5497,1442,5.92836
21287,5497,1478,5.90336
125943,5496,592,6.02615
125943,5498,177,6.20009
33468,5496,721,5.87198
254888,5497,1413,5.94603
80979,5497,1458,5.91678
80979,5499,1017,5.92679
64826,5496,595,6.02007
64826,5497,1444,5.92703
113293,5496,607,6.00344
113293,5499,1019,5.92478
159059,5497,1432,5.93319
147623,5496,661,5.93817
147623,5499,1034,5.91793
215565,4664,112,7.12906
234711,5499,978,5.95394
123576,5499,1037,5.91695
142555,5496,589,6.03014
253574,4664,907,6.15647
253574,5496,613,5.99955
15157,5497,1486,5.89884
15157,5499,1042,5.91291
285773,5496,646,5.96055
231962,5498,157,6.24768
277080,4664,1116,6.0478
277080,5497,1496,5.89136
24843,5497,1445,5.92687
222887,5498,206,6.12886
69130,4664,199,6.90071
5576,5496,679,5.91125
146408,5496,598,6.01328
4206,4664,229,6.84719
12896,4664,223,6.85325
305096,5497,1433,5.93264
29602,4664,780,6.23347
29602,5496,602,6.00573
95,5499,1038,5.91665
31954,4664,332,6.66908
17970,4664,937,6.13928
17970,4667,111,6.10757
37728,5498,246,6.04507
101786,4664,562,6.40638
30932,5499,1043,5.91257
3312,4664,725,6.27457
24304,5498,279,5.96605
24304,5499,1109,5.87727
98347,5496,593,6.02204
98347,5497,1470,5.90826
22237,5498,235,6.07057
25574,5499,1062,5.90049
150484,5496,569,6.06641
171226,5497,1460,5.91368
73313,4666,123,6.3664
73313,5499,995,5.9413
179835,5498,224,6.09416
179835,5499,1025,5.92214
224031,5499,1014,5.92714
199182,4664,195,6.90664
40107,4664,424,6.54839
15826,4664,272,6.7718
4553,5498,248,6.04102
46807,5497,1519,5.87512
3577,4664,309,6.70071
67601,4664,203,6.89308
403,5499,1082,5.88719
192343,4666,252,5.99045
192343,5499,1058,5.90115
72809,5496,608,6.00294
17651,4664,249,6.80999
247360,5497,1454,5.92175
247360,5499,992,5.94378
58099,5499,1003,5.93812
269146,4666,164,6.22675
269146,5499,1031,5.91914
192673,5497,1488,5.89752
250309,5499,1170,5.84357
12234,4664,169,6.96738
4112,4666,150,6.25059
123160,5496,619,5.99494
12004,5499,1104,5.87985
133285,5497,1443,5.92796
229956,4664,746,6.25243
3230,5497,1472,5.90772
122159,5498,373,5.77568
141932,5497,1545,5.86074
225163,5497,1455,5.91967
219232,5497,1487,5.89831
219232,5499,1029,5.92038
160561,5497,1476,5.90527
35669,4664,319,6.69036
188390,4664,259,6.79687
228051,4664,428,6.5463
38797,5497,1451,5.92428
119337,5497,1465,5.91019
2250,4664,686,6.30023
168839,5497,1492,5.89652
168839,5498,227,6.08538
34004,5499,1040,5.91494
68,4664,448,6.51928
11096,5497,1439,5.93081
8552,5499,1047,5.91006
7479,4664,1547,5.90335
7479,5496,715,5.87535
156,5499,1013,5.92819
252693,5496,599,6.01272
252693,5499,1121,5.86932
91189,5499,1016,5.92695
181523,5496,623,5.98782
293959,4664,196,6.90391
274426,5497,1490,5.8968
4214,4664,262,6.78928
756,5497,1453,5.9223
154259,5497,1537,5.8644
257582,5499,1026,5.92084
238094,5498,167,6.21913
392,5496,669,5.92651
392,5499,1097,5.88179
206939,5498,226,6.08558
206939,5499,1039,5.91507
25213,5498,254,6.02544
130605,5497,1457,5.91749
8668,4665,80,6.21061
8668,5499,1057,5.90139
332944,5499,998,5.9404
130552,4664,567,6.40115
183578,4664,220,6.86069
37696,5497,1554,5.85628
8207,5496,658,5.94199
178892,4667,81,6.43067
139326,5499,1033,5.9187
6955,5499,1072,5.89369
3632,5499,1053,5.90371
14683,4664,502,6.4548
247,5499,1051,5.905
96704,4666,151,6.25026
96704,5497,1471,5.90811
89415,5499,1060,5.90056
266460,5497,1430,5.9353
1821,4664,216,6.87026
1452,4666,184,6.16449
1452,5499,1067,5.8975
12157,5498,168,6.21531
265204,4664,772,6.2368
66081,4664,737,6.26141
6263,5499,1078,5.88895
4286,4667,82,6.41252
568,5499,1120,5.8699
911,4664,415,6.56084
911,5497,1532,5.86774
935,5497,1466,5.90985
147887,5497,1461,5.91339
124622,4664,340,6.65667
202721,4664,263,6.78676
31920,5496,744,5.84287
31920,5498,336,5.85837
257726,5499,1056,5.90314
234450,5497,1473,5.90752
162263,5497,1497,5.89098
41636,5499,1063,5.9003
344258,4666,113,6.44163
276497,5499,1036,5.91744
20782,4666,163,6.22962
1125,5497,1477,5.90386
1125,5499,1028,5.92067
2077,4664,330,6.67007
42929,5497,1462,5.91232
39832,5497,1479,5.90307
163976,5497,1511,5.87983
163976,5499,1102,5.88091
145012,5499,1045,5.91077
217949,5497,1506,5.88212
254088,5499,1041,5.91375
192,5499,1069,5.89618
47046,5498,200,6.15131
2363,5496,659,5.94041
2363,5497,1539,5.86305
13301,5499,1100,5.88135
183315,4664,535,6.42607
220780,5499,1079,5.88875
3730,5496,693,5.89863
3548,4664,572,6.39924
3548,5496,606,6.00403
58798,5499,1091,5.88318
26055,5496,612,5.99956
65225,5496,642,5.96452
164865,5496,647,5.95933
164865,5497,1572,5.84418
231553,5496,597,6.0134
231553,5497,1528,5.87088
128698,5497,1500,5.88894
247704,4664,376,6.60395
143484,5497,1483,5.90095
2470,5496,588,6.03091
2470,5498,197,6.15625
302809,5499,1085,5.88548
38984,5499,1103,5.88054
31545,5498,210,6.11658
31545,5499,1046,5.91007
3661,4664,503,6.45423
24878,4664,606,6.36842
21464,5499,1093,5.8828
137909,4665,109,6.05139
263155,5498,222,6.09621
263155,5499,1073,5.89308
103339,4664,235,6.83056
163931,5497,1481,5.90253
29805,5496,645,5.96083
29805,5498,208,6.12136
10947,5498,247,6.04168
300700,5497,1494,5.89351
300700,5499,1048,5.90976
1545,4666,159,6.23481
1545,5499,1050,5.90639
13123,5499,1035,5.91747
1717,4664,611,6.36165
1717,5496,652,5.94802
3137,5498,231,6.07958
154905,5496,681,5.91068
154905,5499,1096,5.88229
302734,5498,173,6.20928
173275,5496,691,5.90096
302461,5497,1484,5.89971
6663,5497,1491,5.89662
6542,4664,362,6.62813
4556,4664,680,6.30723
282171,5498,326,5.87158
201509,5496,678,5.91126
129556,5498,239,6.06123
174476,5498,289,5.94702
174476,5499,1164,5.84899
150783,5498,282,5.95836
150783,5499,1141,5.8607
97803,5497,1595,5.83323
45134,5497,1575,5.84345
127312,5499,1080,5.88824
29387,5498,422,5.68223
29387,5499,1312,5.76953
134711,4666,239,6.02504
134711,5497,1538,5.86308
6931,4666,236,6.0373
181494,5499,1090,5.88368
4258,4664,323,6.6819
161530,5497,1503,5.88756
29294,5496,726,5.86901
61458,5497,1468,5.90935
254994,5499,1065,5.89806
23953,5499,1068,5.89683
8166,5497,1555,5.85564
8166,5499,1110,5.87691
209877,4664,168,6.96899
147747,5496,629,5.98095
4047,4664,450,6.51277
66424,5496,674,5.9236
2448,4666,391,5.79364
1212,5496,650,5.95394
14188,4666,112,6.44715
3086,5496,689,5.90298
3086,5499,1179,5.83919
27385,5497,1544,5.86141
176146,4664,298,6.72378
834,5498,268,5.99082
272993,5499,1054,5.90342
22347,5499,1077,5.88955
152053,4666,318,5.89653
152053,5497,1578,5.84223
202819,5497,1524,5.873
207898,5496,611,6.00013
198832,5496,622,5.98968
34496,4667,107,6.18081
155025,5496,706,5.88988
155025,5497,1560,5.85291
259809,5499,1049,5.90761
92643,4666,209,6.10276
92643,5499,1101,5.88092
41052,5498,233,6.07712
3463,4664,514,6.44457
3463,5496,649,5.95531
8946,4666,282,5.93828
2073,4664,492,6.46043
5651,4664,429,6.54578
94373,4664,193,6.91587
144388,5499,1157,5.85441
295957,4666,140,6.29425
184700,5497,1516,5.87779
224894,5496,663,5.93427
8229,4666,227,6.04916
8229,5499,1116,5.87232
9675,5497,1551,5.85711
9675,5499,1140,5.86177
99312,5497,1514,5.87804
99312,5499,1107,5.87796
154880,5498,322,5.87823
161527,5499,1059,5.90107
156840,5497,1482,5.90195
816,5497,1485,5.89912
279644,4664,374,6.6049
2876,4667,95,6.24355
35935,4666,181,6.16749
35935,5497,1512,5.87969
6778,5497,1563,5.85176
6778,5499,1087,5.88472
146149,5498,275,5.97467
206156,5497,1580,5.84122
172584,5497,1505,5.88521
194232,5498,323,5.87569
854,5497,1523,5.87395
651,5499,1094,5.88241
269257,5497,1520,5.87475
229,5499,1137,5.8635
227127,4664,238,6.82696
227127,5497,1510,5.88029
7062,5498,220,6.10003
4854,4664,406,6.57043
364,5497,1518,5.87722
39328,4664,253,6.80349
84464,4665,23,6.58822
178210,5498,311,5.89514
137095,5499,1213,5.82111
32382,4666,155,6.24587
32382,5497,1508,5.88086
63539,5498,267,5.99132
119632,4666,314,5.90131
91773,4667,93,6.24966
91773,5497,1600,5.8285
3593,4664,616,6.35717
298635,5499,1070,5.89573
283212,5498,188,6.18335
206754,5498,244,6.05229
182094,5497,1623,5.80755
66120,4665,46,6.39517
66120,5499,1071,5.89535
5445,5499,1074,5.89229
1493,5497,1489,5.89742
230059,5498,241,6.05716
173092,5499,1075,5.89201
56796,4666,169,6.21436
315043,5498,189,6.18107
3413,4664,416,6.55705
28805,4664,575,6.39702
28805,5496,633,5.97434
154510,5496,620,5.99489
244320,4665,26,6.5677
3475,4667,80,6.43795
272438,5498,240,6.06083
3828,5497,1498,5.89052
236239,4664,256,6.80077
169649,5497,1540,5.86272
169649,5499,1113,5.87544
107704,5497,1515,5.87803
176334,5497,1534,5.86532
293207,5496,616,5.99714
7935,5497,1464,5.911
38318,5498,264,5.99616
226176,4664,779,6.23393
226176,5496,600,6.00972
25727,4664,333,6.66807
267304,4664,396,6.58417
267304,5497,1493,5.89573
17027,5499,1196,5.83049
144761,5498,277,5.9716
16497,4666,213,6.09535
16497,5499,1131,5.86624
6714,4665,84,6.18633
159632,5497,1530,5.86874
65534,5497,1529,5.86937
120669,4664,380,6.60128
248167,5497,1507,5.88159
4173,4664,620,6.35007
105187,5497,1526,5.87143
144743,5496,603,6.0054
130680,5498,315,5.88925
92666,5497,1527,5.87102
789,4666,177,6.1767
1002,5497,1502,5.88821
246855,5499,1158,5.85378
190247,5497,1550,5.85738
55834,4666,161,6.23202
55834,5499,1092,5.88284
213370,5499,1125,5.86829
1705,5498,295,5.93476
1705,5499,1145,5.85792
143981,5499,1089,5.88395
127784,5498,287,5.94754
127784,5499,1162,5.85145
226255,5497,1548,5.85906
180241,4664,1320,5.97318
142889,4664,311,6.6983
13005,5499,1098,5.88142
24,5496,668,5.92724
65568,5499,1086,5.88521
156175,5497,1559,5.85375
114438,5498,216,6.10794
40276,5497,1525,5.87167
61484,5496,653,5.94632
206175,5498,280,5.96287
27165,5497,1541,5.86227
5770,4665,97,6.11657
188188,5498,250,6.03797
755,4664,466,6.493
43578,4665,89,6.16484
9963,4666,110,6.44977
42328,4664,412,6.56515
21985,4665,40,6.46044
21985,5499,1114,5.87528
122690,5496,654,5.94617
27680,4664,498,6.45736
27680,5497,1564,5.84978
28396,5499,1149,5.8569
28218,5499,1124,5.86892
12171,5499,1099,5.88135
31506,5499,1138,5.86282
831,5497,1543,5.86194
41239,5499,1076,5.89088
153422,5499,1119,5.87089
144325,5498,319,5.88167
165,4666,201,6.10965
23995,4664,328,6.67288
42244,5499,1152,5.85677
200247,4664,227,6.84847
9617,5497,1522,5.87397
655,5499,1183,5.83846
18746,4664,296,6.72656
55601,5499,1146,5.85758
132326,5497,1535,5.86511
236301,5497,1547,5.86
2129,4665,105,6.08535
29256,5497,1521,5.87435
23890,4665,53,6.3227
19358,5497,1509,5.88061
313,5497,1513,5.87814
121193,5499,1191,5.83266
104573,5499,1115,5.87233
173504,4664,218,6.86348
341165,4664,857,6.18589
1206,5497,1566,5.84797
221599,5499,1144,5.85807
230852,5498,230,6.08052
153999,4666,331,5.87436
31745,5497,1567,5.84792
101682,4664,281,6.75155
4210,4664,352,6.64534
33434,5497,1504,5.88652
181501,5497,1533,5.86693
159406,5496,735,5.85992
257305,5496,667,5.92803
257305,5497,1561,5.85252
192185,5499,1128,5.86695
64956,5499,1106,5.87837
69552,5496,765,5.81038
129614,4666,194,6.14744
11106,4664,712,6.28434
33495,5498,187,6.18487
248002,5498,242,6.05604
10174,4664,326,6.67604
310,4664,1261,5.99587
310,5496,737,5.85326
25114,5497,1536,5.86442
25114,5499,1108,5.87731
172965,5497,1552,5.85636
171964,5496,614,5.99904
333539,5496,639,5.96858
333539,5499,1118,5.87153
63740,5499,1159,5.8532
10814,5499,1148,5.85709
152510,5496,634,5.97375
706,4664,526,6.43836
4079,5499,1084,5.88548
42306,4664,546,6.41698
13751,5496,651,5.95231
40603,5496,643,5.96197
5740,5496,685,5.90815
5740,5497,1692,5.77317
88513,5497,1557,5.85446
321,4665,71,6.23454
321,5499,1153,5.85642
176361,5497,1626,5.80661
176361,5498,296,5.93022
2,5497,1622,5.80799
42490,5499,1130,5.86653
27969,4664,388,6.59305
106999,5497,1568,5.84731
106999,5499,1134,5.86434
17851,5496,702,5.89404
13855,4664,377,6.60269
217362,4666,180,6.16773
217362,5499,1127,5.86702
103091,5497,1565,5.84956
103091,5499,1129,5.86689
123885,5498,303,5.90833
123885,5499,1201,5.82938
213882,5499,1135,5.86355
97273,5497,1558,5.85386
1498,5496,720,5.87297
1498,5497,1661,5.79048
3408,4664,345,6.65229
217990,4664,364,6.62304
217990,5497,1573,5.84375
20865,5497,1576,5.84262
2150,4664,586,6.3913
121073,5498,324,5.87458
121073,5499,1203,5.82828
5825,5499,1173,5.84159
252997,4666,179,6.16798
72644,5499,1117,5.87186
287780,5499,1155,5.8562
193483,5497,1658,5.79234
26235,4666,187,6.16292
13507,5498,223,6.09479
548,4664,1073,6.06635
24568,4666,141,6.29239
165595,5498,190,6.17818
165595,5499,1088,5.88397
184842,4665,58,6.28456
184842,5499,1199,5.83017
63167,5499,1154,5.85627
269789,5497,1562,5.85189
269789,5499,1126,5.86829
226588,5496,637,5.97095
226588,5498,249,6.03985
226588,5499,1136,5.86351
161880,5496,655,5.94428
171492,5499,1132,5.86471
250467,4664,404,6.57187
3487,4667,106,6.18157
63196,5499,1176,5.84033
216974,4666,200,6.11357
28086,5499,1177,5.83993
6927,4664,373,6.60621
62225,4664,371,6.61066
4001,4664,704,6.28916
177875,5497,1569,5.84577
177875,5499,1160,5.8529
327831,5499,1111,5.8765
325348,4664,307,6.70113
129820,5499,1150,5.8569
2079,4664,665,6.32291
250664,4664,839,6.19706
250664,5497,1586,5.83721
283135,5499,1143,5.85816
248,5496,688,5.90383
23685,4664,402,6.57681
267314,4665,47,6.36823
346501,5497,1542,5.86201
10934,5498,353,5.82773
225,4666,219,6.0735
25491,5499,1202,5.82885
316080,5497,1570,5.84509
963,5497,1609,5.82196
963,5499,1190,5.83309
231664,5499,1193,5.83185
66190,5499,1147,5.8574
29355,5499,1165,5.84857
145642,5496,662,5.93496
149361,4664,477,6.47378
169141,5496,644,5.96173
111502,4667,105,6.18227
111502,5496,664,5.93411
5316,4664,707,6.28832
5316,5496,677,5.9151
142239,4666,256,5.98224
142239,5499,1168,5.84684
10156,4664,347,6.65088
686,5497,1553,5.85633
9829,5496,738,5.8528
1472,5499,1304,5.77379
194523,5498,294,5.94157
194523,5499,1204,5.82713
138166,5496,683,5.90873
163056,5499,1122,5.86924
142,5497,1589,5.83573
217475,5499,1163,5.84967
85204,4664,602,6.37397
8130,5497,1574,5.84361
20101,5497,1549,5.85887
193238,4664,245,6.81844
162107,5499,1172,5.84196
201455,5497,1577,5.8425
207208,5497,1585,5.83731
130827,5498,291,5.94528
90009,5498,211,6.11545
90009,5499,1123,5.86903
252265,4666,191,6.15485
189664,4664,363,6.62326
10653,4667,178,5.70959
181161,5498,238,6.0636
222,5499,1229,5.81247
1992,5499,1231,5.811
18243,5497,1607,5.82422
4050,4664,720,6.28078
7571,5496,680,5.91124
7571,5497,1581,5.8411
242324,5498,261,6.01354
242324,5499,1184,5.83695
1339,5496,862,5.71763
1339,5499,1376,5.73835
912,4664,544,6.41773
55863,5496,675,5.91573
123185,4664,1074,6.06589
302,4666,143,6.27738
3895,4664,607,6.36618
67919,5498,258,6.01834
197439,4664,486,6.46581
151151,5497,1604,5.82436
3208,5499,1187,5.835
170901,4666,171,6.20435
204675,5497,1584,5.83909
3125,4667,86,6.33641
145888,4667,102,6.18898
1350,5497,1582,5.83971
158815,4664,292,6.72859
236272,4665,74,6.22958
236272,5499,1166,5.8483
181811,4666,188,6.16155
38931,5497,1592,5.83493
189222,5496,694,5.89823
147707,5497,1556,5.8554
147707,5499,1133,5.86444
229791,5497,1629,5.80416
39019,4664,327,6.67346
131246,5499,1156,5.85482
86156,5498,228,6.08333
161297,5497,1599,5.82899
71973,4666,240,6.02456
71973,5499,1192,5.83192
66193,5499,1210,5.82514
17,4667,123,5.98721
1535,5499,1257,5.79745
8993,4664,410,6.56771
1577,5496,698,5.89518
1577,5497,1627,5.80579
2555,5499,1186,5.83617
57998,5497,1571,5.84467
114903,4666,250,5.99575
114903,5499,1208,5.82555
123228,5498,252,6.02807
123228,5499,1167,5.84719
253652,4664,308,6.70084
24947,4667,90,6.26468
1496,4664,743,6.25553
180761,4666,248,5.99676
6817,4666,162,6.22962
6817,5499,1174,5.84156
137237,5497,1587,5.83701
23950,4664,705,6.28898
23950,5497,1612,5.81859
254588,4664,336,6.66188
10167,5496,741,5.84684
3318,5499,1207,5.82562
1376,5499,1200,5.82979
23142,5498,378,5.75889
25294,4666,146,6.27385
1720,4664,653,6.32805
34227,4666,174,6.1906
34227,5499,1178,5.83962
169341,5499,1175,5.84098
6203,4664,365,6.623
1506,4664,804,6.21638
1506,5497,1715,5.75947
179350,5497,1598,5.8317
146559,5497,1596,5.83204
4205,4664,301,6.71814
180591,5499,1181,5.83872
149896,4664,1227,6.00544
149896,5496,701,5.89443
1681,4664,478,6.47335
1690,5499,1288,5.78068
7843,4664,426,6.54727
163929,4665,36,6.50254
163929,5499,1161,5.85178
20750,5498,317,5.88522
100734,5499,1215,5.82013
36887,4664,566,6.40228
65825,4664,471,6.48343
1143,4664,849,6.18932
1143,5496,682,5.90963
1143,5497,1643,5.79842
14035,5499,1197,5.83049
54735,5498,310,5.89599
54735,5499,1220,5.81623
62230,4664,344,6.65316
214296,4664,289,6.73481
104377,5499,1189,5.83352
7092,4664,403,6.57506
289247,4664,322,6.68288
202732,5498,313,5.89196
11231,5499,1243,5.80381
22497,5499,1230,5.81205
76,5497,1645,5.79758
72420,5498,349,5.8363
72420,5499,1271,5.79264
870,5497,1606,5.82434
441,5497,1634,5.80224
441,5499,1222,5.81552
42142,5496,670,5.92577
314243,4664,775,6.23526
36482,4664,579,6.39447
97,4664,1258,5.99595
97,5496,749,5.83823
146130,4666,380,5.81139
150761,4664,325,6.6788
17991,4666,258,5.97335
89,4664,636,6.34135
218161,5498,259,6.0172
218161,5499,1182,5.83851
300,5499,1226,5.81398
3608,4664,892,6.16793
217894,5496,703,5.89234
218025,5499,1169,5.84518
244274,5496,660,5.93989
194100,5499,1216,5.81926
1678,4664,661,6.32414
284229,5499,1180,5.83906
6930,4664,343,6.65415
129165,4664,427,6.54717
65936,4664,317,6.6957
299450,5497,1614,5.81747
35400,4664,459,6.5016
306680,5499,1171,5.8433
145014,5499,1195,5.83076
8920,5499,1225,5.81466
56758,5497,1605,5.82436
102610,5497,1593,5.83463
101013,5496,708,5.88731
101013,5497,1655,5.79336
92644,4665,24,6.58688
19989,5499,1233,5.81016
118410,4665,130,5.97167
118410,5499,1254,5.79868
221669,4664,1235,6.00223
148083,5499,1185,5.83632
3414,4664,542,6.41855
3855,4664,771,6.23725
21373,4664,418,6.55595
21373,5496,673,5.92412
8515,5496,657,5.94285
7614,4664,475,6.47658
171672,5498,314,5.89014
171672,5499,1228,5.81338
62853,5496,730,5.86475
209696,5496,697,5.89584
17835,5496,770,5.80386
29903,5497,1628,5.80486
108161,5497,1602,5.82697
37198,4664,2151,5.76614
368,5499,1217,5.81911
135877,5496,712,5.88114
135877,5497,1620,5.80937
182,5499,1209,5.82555
227029,5499,1205,5.82685
11269,4664,400,6.5789
3061,4664,515,6.44443
3518,4664,832,6.20267
46782,5496,719,5.87342
46782,5499,1267,5.79493
139508,5497,1613,5.81836
153625,5497,1588,5.83682
12283,5497,1603,5.82497
28044,5497,1650,5.79598
142063,4664,662,6.32398
298378,5497,1597,5.83172
200551,5497,1662,5.78982
200551,5499,1237,5.80797
202,4664,1345,5.96345
202,5497,1653,5.79491
2640,4667,94,6.24641
230650,4664,577,6.39624
238889,5497,1601,5.82715
55165,5499,1198,5.83017
149620,4664,278,6.75778
230304,5496,747,5.84123
230304,5499,1256,5.79753
99630,5497,1579,5.84161
24770,5499,1223,5.81518
22303,5498,201,6.15029
30166,5496,779,5.7919
114912,5497,1608,5.82383
145975,4664,401,6.57751
63758,4664,441,6.52483
43264,5499,1221,5.8161
13084,4666,145,6.27615
102181,4666,259,5.96906
102181,5498,285,5.95098
147614,5498,265,5.99479
8521,4664,318,6.69156
3383,5499,1219,5.81686
62972,4664,370,6.61107
10431,4664,545,6.41759
27532,5497,1652,5.79535
27532,5499,1242,5.80472
107148,4664,609,6.36407
222862,5497,1624,5.80746
4488,5497,1685,5.77533
20078,4664,422,6.54926
157323,4664,381,6.60029
163937,5496,709,5.88324
163937,5499,1218,5.81704
64220,4665,64,6.26831
128921,5497,1616,5.81346
128921,5499,1214,5.82043
621,5498,274,5.97592
207951,4666,90,6.51231
38026,5499,1296,5.77644
36424,5497,1594,5.83443
22359,4664,384,6.59499
4550,5498,286,5.94838
696,5498,334,5.86243
279307,4664,965,6.12141
279307,5496,692,5.9002
170669,4664,346,6.65127
41474,5497,1615,5.81648
136558,5499,1206,5.82634
286827,5496,700,5.8945
17923,5498,245,6.04897
17923,5499,1194,5.83135
1576,4664,773,6.23602
4562,5497,1611,5.8193
88594,5499,1248,5.80033
136192,5499,1282,5.78494
165186,4664,656,6.32564
165004,4664,727,6.27175
39932,4664,451,6.51097
184866,5497,1610,5.82012
814,5499,1311,5.76963
231639,5499,1211,5.82449
4324,5496,886,5.69807
90041,5497,1640,5.7988
242227,4664,368,6.61622
286343,4664,387,6.59326
17857,5497,1590,5.83505
36314,4664,293,6.72786
25685,4664,1334,5.96842
25685,5496,778,5.79328
1445,5499,1241,5.80482
69234,4664,361,6.63033
7118,4664,587,6.39044
117995,4665,100,6.11462
111081,4665,30,6.54434
111081,5499,1188,5.83436
4958,4664,523,6.44095
39232,4664,585,6.39155
39232,5496,690,5.90175
102,5497,1633,5.80261
102,5499,1236,5.8087
26447,4664,557,6.40972
279419,5497,1638,5.8004
217934,4664,378,6.60245
194,5496,755,5.83121
227002,5496,686,5.90646
227002,5497,1657,5.79254
6481,4666,228,6.04881
49276,4664,635,6.34183
240843,5497,1644,5.79809
2125,4666,124,6.36595
42111,5499,1238,5.8065
155496,4664,398,6.58135
259,4664,853,6.18722
259,5497,1687,5.77455
275589,5496,713,5.88074
10183,4664,436,6.53127
232303,5497,1618,5.81206
6353,4664,518,6.44306
124590,5499,1212,5.82139
128174,5498,298,5.91963
128174,5499,1234,5.80929
220558,4664,813,6.21197
220558,5497,1641,5.79866
57073,4664,500,6.45703
5833,4664,476,6.47522
3573,4664,796,6.22596
160744,5497,1625,5.80733
3597,5496,725,5.86981
85000,4664,469,6.48839
186904,5498,266,5.99388
242740,4665,42,6.43412
34,5496,732,5.86351
97875,5497,1637,5.80169
17988,4666,170,6.21338
222145,5496,767,5.80828
117838,5498,330,5.86505
117838,5499,1275,5.79085
235465,5499,1232,5.81057
206805,4664,574,6.39736
1413,4664,784,6.23123
342857,4664,1778,5.84005
342857,5497,1631,5.80339
4921,4664,481,6.47
30328,4665,82,6.19143
195242,4664,789,6.22825
317519,4664,782,6.23263
317519,5496,676,5.91531
132019,4664,438,6.53034
132497,5498,300,5.91389
132497,5499,1245,5.80222
191982,5498,309,5.89824
1379,4666,207,6.10496
436,5499,1249,5.80027
13709,4664,520,6.44198
197178,5499,1240,5.80583
249410,5497,1617,5.81288
38735,5497,1636,5.8018
132148,4664,414,6.56213
12194,5496,877,5.70315
12194,5498,459,5.63976
176596,4664,315,6.69751
299571,5499,1244,5.80238
140795,5496,722,5.8717
2579,4664,455,6.50407
5571,4664,601,6.37397
141067,5496,733,5.86132
43320,5496,714,5.88045
182260,5496,752,5.83493
159143,5499,1239,5.80636
256883,5496,748,5.84114
157088,5496,695,5.89817
114667,5497,1665,5.78938
180543,5497,1639,5.79885
6137,5499,1227,5.81362
171356,5496,710,5.88263
144567,4666,156,6.24486
129976,5496,753,5.83433
1982,5499,1251,5.79967
182352,5497,1619,5.81177
17997,5498,260,6.01576
748,4666,198,6.12439
145219,5497,1642,5.79852
22420,4664,507,6.4513
165556,5499,1224,5.81476
37461,5497,1649,5.7963
83325,4664,389,6.58917
191989,4664,399,6.5794
250821,4664,668,6.31727
123536,5497,1648,5.79707
144574,4664,290,6.73385
256729,5499,1284,5.78242
118023,5499,1235,5.80914
168215,5499,1314,5.76894
126750,5499,1263,5.79571
34010,5499,1250,5.80011
35369,5498,370,5.7966
35369,5499,1328,5.76319
136356,5498,293,5.94177
295770,5497,1681,5.77883
147451,4664,873,6.17821
147451,5497,1663,5.78971
6923,4664,793,6.22635
6923,5496,729,5.8649
125048,4665,190,5.84239
125048,5499,1278,5.78667
6738,5499,1290,5.77996
25738,5498,316,5.88617
1899,4665,230,5.75571
1899,5499,1403,5.72889
163172,4664,337,6.66098
3218,4664,982,6.10595
1708,4664,980,6.10857
1708,5497,1733,5.75042
4424,5498,332,5.86312
41762,5499,1265,5.79517
4920,4664,534,6.42655
146228,4664,649,6.33412
146228,5497,1654,5.79401
94396,4664,435,6.53292
101929,4664,521,6.44179
13530,5499,1273,5.79235
118385,4664,716,6.28106
245431,5497,1785,5.72333
5297,4664,679,6.30725
8273,5497,1674,5.7837
5767,5497,1688,5.77449
27658,4664,949,6.13227
9735,5497,1673,5.78372
9735,5499,1270,5.79313
161926,5499,1246,5.80161
247785,5497,1667,5.78845
147716,4664,808,6.21432
4984,4664,777,6.23424
108344,5496,728,5.86738
108344,5497,1668,5.78797
250481,4664,673,6.31459
250481,5496,707,5.88981
250481,5497,1621,5.80877
110102,5497,1632,5.80267
265524,5499,1325,5.76533
158991,5498,304,5.90587
168770,5496,759,5.81874
117854,5499,1262,5.79578
1275,5496,922,5.67047
1275,5499,1459,5.70723
174402,4664,483,6.46884
147021,5499,1258,5.79736
84869,5497,1671,5.78577
84869,5499,1253,5.79935
23053,5497,1672,5.78507
23053,5499,1268,5.7939
33924,4664,479,6.47321
172613,5497,1659,5.79205
172613,5499,1259,5.79712
338957,4664,914,6.15343
338957,5497,1630,5.80368
92363,4664,397,6.5816
176606,5499,1291,5.77952
29875,4664,393,6.5877
872,4666,231,6.04592
872,5499,1264,5.79564
182074,5497,1666,5.78852
4475,5499,1260,5.79669
639,5497,1669,5.78752
207330,5497,1635,5.80187
38877,4664,382,6.60021
534,5497,1729,5.75404
534,5499,1277,5.78885
146922,4664,473,6.48119
110331,5498,288,5.94712
162351,4664,684,6.30393
28452,4664,522,6.44134
6209,5496,751,5.83563
57,5497,1660,5.79085
847,4666,371,5.81903
145654,5497,1683,5.77594
67917,5497,1647,5.79719
3495,4667,140,5.90993
93541,5499,1261,5.79639
59429,5496,756,5.82117
7086,4664,564,6.40462
153709,4666,222,6.06091
262818,4664,905,6.15764
67178,4666,206,6.10602
67178,5499,1252,5.79962
149910,4666,165,6.22589
4401,5497,1670,5.78582
4401,5499,1269,5.79361
19419,5497,1707,5.76366
8138,5497,1646,5.79727
539,5497,1690,5.77406
539,5499,1281,5.78495
20734,4664,527,6.43654
1894,4664,588,6.3874
42997,4664,462,6.49668
21779,4664,386,6.59379
4974,4664,568,6.40039
293267,5499,1247,5.80035
5511,4664,454,6.50505
1942,5497,1656,5.7933
1942,5499,1255,5.79856
23919,5497,1664,5.78961
279,4666,287,5.93231
86177,4664,525,6.43839
21358,4664,556,6.41064
21358,5496,696,5.89751
35289,5497,1677,5.78135
114991,5498,305,5.90546
213648,4664,391,6.58842
219475,4666,176,6.17792
42444,5497,1689,5.77447
42444,5499,1292,5.77874
1669,4664,788,6.22834
175334,5496,699,5.8948
2968,5499,1276,5.79037
193651,5499,1280,5.78528
220988,5499,1274,5.79166
220738,5499,1279,5.78633
173649,4666,212,6.10117
173649,5497,1676,5.78297
249421,4664,480,6.47091
5369,4664,597,6.38229
5369,5496,734,5.86
197333,4664,755,6.24412
2259,4664,1269,5.99318
7290,5496,746,5.84165
7290,5497,1792,5.72172
1799,4667,89,6.29433
128412,5499,1272,5.79253
68260,4664,543,6.41837
13230,4665,132,5.9656
85108,4664,731,6.26833
1448,5497,1679,5.77961
1448,5499,1266,5.79501
2281,5498,461,5.63656
28907,4664,675,6.31117
10496,5496,805,5.76705
460,5497,1716,5.75932
460,5499,1301,5.77438
11081,5497,1686,5.77533
11081,5499,1287,5.78146
132817,5497,1696,5.77139
132620,5498,307,5.90376
4753,5497,1706,5.76395
1927,5496,1165,5.50456
1927,5498,570,5.43106
83629,5499,1364,5.74436
2800,4664,508,6.45126
175254,5496,739,5.85089
207568,4664,392,6.58813
28284,4664,425,6.54782
137651,5497,1684,5.77562
4493,4665,76,6.21848
68603,4664,652,6.3307
172507,4665,69,6.24413
172507,5499,1286,5.78175
122913,4664,631,6.34317
21930,5498,312,5.89265
154519,5497,1702,5.76654
135796,4664,411,6.56574
711,5497,1678,5.78114
3119,5498,262,6.00217
2154,4664,555,6.41098
864,4667,159,5.81161
216865,4664,551,6.41456
220203,5499,1285,5.78187
240905,4664,335,6.6635
126912,5497,1694,5.77247
126912,5499,1294,5.77697
94483,4665,95,6.12408
38391,5498,320,5.8797
166776,5496,717,5.87369
119881,4664,1012,6.09242
119881,5497,1703,5.76648
13286,5497,1712,5.76087
95613,5499,1289,5.78003
85424,4664,355,6.63738
11865,4666,253,5.99027
11865,5499,1308,5.77073
10206,5498,352,5.83072
10206,5499,1339,5.75831
126613,4664,978,6.11018
3190,4666,283,5.93816
16000,5497,1651,5.79574
1315,5499,1338,5.75836
10641,4664,395,6.5847
121423,5499,1343,5.75566
36325,4664,640,6.33942
165292,4664,517,6.44344
235342,4664,561,6.40655
11274,4664,499,6.45707
13071,5496,754,5.83204
13071,5497,1710,5.76214
146,5497,1726,5.75505
146,5499,1330,5.76294
950,4666,205,6.10662
950,5497,1691,5.77361
149097,5496,718,5.87348
158534,5499,1306,5.77186
5452,4664,419,6.55426
126,5498,362,5.80512
3534,5497,1758,5.73889
16320,5497,1699,5.76878
16320,5499,1297,5.77637
4356,5499,1319,5.76756
150013,4664,493,6.46042
66781,4664,770,6.23802
150005,4664,468,6.49055
24416,5498,297,5.92121
182116,5499,1337,5.75852
3416,4664,439,6.52903
91671,4665,72,6.23207
204599,5499,1302,5.77409
3095,4664,795,6.22614
3095,5496,727,5.86771
296577,4664,589,6.38733
123045,5497,1740,5.74708
35423,5496,716,5.87476
236709,5499,1379,5.73789
9606,5498,301,5.91307
7103,4664,695,6.29496
28185,4664,970,6.1197
28185,5497,1788,5.72222
189294,5499,1300,5.77537
941,5499,1336,5.75976
96260,5497,1757,5.73917
96260,5499,1383,5.736
16804,4664,646,6.3352
264,4664,1117,6.04757
21947,4664,496,6.4588
37296,5499,1315,5.76874
1783,4664,939,6.13874
1783,5496,768,5.80552
3321,5499,1327,5.7637
22161,4664,433,6.5348
54643,5497,1718,5.75865
54643,5499,1295,5.77663
163097,4664,390,6.58898
5680,4664,604,6.37081
232318,5499,1309,5.77019
162865,5497,1682,5.77839
260147,4664,750,6.24857
260147,5497,1675,5.78299
937,5497,1680,5.7792
9021,5497,1722,5.75727
9021,5499,1316,5.76825
69851,5496,711,5.88156
12897,4664,445,6.5212
3083,4664,921,6.14981
37672,4664,856,6.18632
8126,5497,1704,5.76617
164874,4664,799,6.22324
10226,4664,444,6.52217
923,5499,1340,5.7573
322,5499,1293,5.77869
177096,4664,741,6.26003
72132,5496,742,5.84385
9139,5499,1332,5.76277
1549,5499,1353,5.75062
10989,4666,168,6.21453
218948,5496,724,5.87109
240014,5497,1723,5.75684
69278,4664,600,6.37549
1536,5496,837,5.73731
1536,5499,1389,5.73334
294652,4664,559,6.40819
209511,4664,351,6.64815
88406,4664,627,6.34508
139433,4664,467,6.49224
5071,5498,290,5.9465
5071,5499,1299,5.77568
8719,4664,533,6.43021
3040,4664,878,6.17304
72478,5499,1310,5.77003
265489,4664,581,6.39274
59149,5498,354,5.82729
23010,4664,2101,5.77328
1421,4664,994,6.10191
1421,5496,745,5.84228
26946,5499,1283,5.78465
38553,5497,1700,5.76755
63027,4664,840,6.19602
178688,5497,1732,5.75065
766,5497,1753,5.74052
1631,4664,1144,6.03831
1631,5496,781,5.78914
147305,5499,1333,5.76158
218126,5498,263,6.00085
270,5496,816,5.75642
270,5497,1802,5.71845
280811,5498,276,5.97284
280811,5499,1298,5.77605
34659,4664,540,6.42154
393,5499,1397,5.73075
82,4664,744,6.25406
146158,5497,1721,5.75727
146158,5499,1305,5.77284
4453,5496,773,5.79851
4453,5497,1796,5.72088
178007,5497,1751,5.74111
63975,5499,1307,5.77169
40761,5499,1324,5.76544
85652,4664,759,6.24181
235454,4664,394,6.58626
12830,5497,1748,5.74263
12830,5499,1344,5.75497
28739,5496,743,5.8436
28739,5497,1697,5.76964
103184,5497,1711,5.76097
146725,5497,1764,5.73442
111173,5499,1354,5.75061
41090,5497,1714,5.76024
1693,4664,997,6.10137
1693,5497,1829,5.70756
3613,4664,822,6.20579
170225,5497,1693,5.77303
1674,4664,1264,5.9945
103651,5499,1317,5.7682
129945,5498,283,5.95288
129945,5499,1303,5.77391
13337,4666,237,6.0358
13337,5499,1347,5.75329
27968,4664,504,6.45389
25775,4664,463,6.49606
7514,5496,787,5.77902
27266,4664,618,6.35531
10501,4664,553,6.41299
104,5497,1695,5.77153
1152,5496,769,5.804
22677,4664,745,6.25256
144526,5499,1321,5.76689
181440,4666,303,5.91073
181440,5499,1349,5.752
5677,4664,582,6.39228
154600,5499,1356,5.74915
216640,5497,1719,5.75862
2580,4664,528,6.43603
145186,5498,308,5.89895
158816,4664,375,6.60414
54433,5498,329,5.86646
27101,4664,516,6.44345
249750,4664,385,6.59441
17162,4665,78,6.21258
189192,5497,1724,5.75661
109764,5497,1745,5.74318
15045,5496,884,5.6987
23981,5497,1713,5.76035
23981,5499,1329,5.76305
3093,4665,107,6.08217
3093,4666,294,5.92068
147299,5497,1774,5.72851
31808,5499,1462,5.70681
92852,5498,273,5.97593
92852,5499,1323,5.76572
12355,4664,512,6.44541
1644,5496,806,5.76609
1644,5499,1342,5.75574
67453,5498,302,5.91287
67453,5499,1335,5.75983
164237,5497,1717,5.75928
164237,5499,1313,5.76926
118776,5499,1334,5.76133
161681,5499,1350,5.75197
88016,5497,1737,5.74871
10527,4666,211,6.10144
220784,5499,1331,5.76279
213497,4664,423,6.54881
3044,4664,966,6.12082
40432,4666,377,5.81593
32901,5498,380,5.75352
87907,5497,1701,5.76663
269489,4664,519,6.44213
4008,4664,751,6.2477
13172,5496,826,5.7447
13456,5496,780,5.78934
13456,5497,1794,5.72109
131568,4666,319,5.8959
125996,4664,933,6.14054
718,5497,1739,5.74796
55705,4666,288,5.93081
175961,5496,815,5.75775
175961,5497,1808,5.71551
39088,5499,1341,5.7571
6657,5498,350,5.83311
5357,4664,592,6.38452
83197,5499,1345,5.7549
58624,4664,529,6.43464
33732,5497,1741,5.74402
22864,5499,1393,5.73245
205079,5499,1367,5.74178
13266,4664,538,6.42352
99437,5498,359,5.80927
99437,5499,1384,5.73584
256422,4664,951,6.13158
246873,4664,461,6.49725
2583,5497,1705,5.76424
895,5496,793,5.77364
3586,4665,93,6.13569
3586,5499,1348,5.7528
3864,4667,132,5.94919
15999,5497,1698,5.76961
34166,5499,1359,5.74787
82955,5497,1730,5.75248
109451,5499,1375,5.739
1233,5498,368,5.79822
1233,5499,1419,5.72407
209166,5499,1326,5.76434
1197,5499,1429,5.71769
15261,5499,1322,5.76669
133405,5497,1744,5.74326
150298,4666,254,5.98908
198087,4664,549,6.41507
147370,4665,185,5.8477
311465,5497,1754,5.7401
205164,4664,465,6.4938
3412,4664,580,6.39343
208808,4666,280,5.94102
2316,5499,1382,5.73671
697,5499,1378,5.73804
31697,4664,781,6.23276
21414,4664,511,6.44658
217609,4664,594,6.38414
11582,4666,203,6.10818
155065,5496,736,5.85452
147999,5499,1318,5.76768
250,4664,1032,6.08225
250,5497,1770,5.73094
153497,4666,354,5.83803
153497,5499,1386,5.73419
33150,5498,382,5.75018
157653,4664,651,6.33267
344,5499,1320,5.76708
76203,4666,216,6.08507
180205,5497,1709,5.76307
5455,4664,1070,6.06675
330,5496,763,5.81601
181122,5497,1743,5.74361
11182,5499,1390,5.73307
4637,4665,67,6.25365
216234,4666,297,5.91328
2872,4666,271,5.95017
10642,4664,442,6.52425
152241,5498,306,5.90474
26983,5496,788,5.77873
26983,5497,1767,5.73125
31897,5497,1734,5.75004
192735,5499,1380,5.73731
38430,5499,1357,5.74853
216710,4664,688,6.29998
21022,5498,281,5.9617
16162,4664,911,6.15503
121764,5499,1361,5.74703
158886,4664,457,6.50267
1582,4664,495,6.46019
249582,4664,513,6.44534
2447,4664,693,6.29693
27117,5499,1370,5.74149
20195,4666,276,5.94392
143882,4666,214,6.0942
143882,5497,1728,5.75479
1309,5497,1747,5.74295
1070,4665,183,5.85193
1070,5499,1410,5.72638
30641,5497,1735,5.74913
884,5497,1762,5.73727
33767,4666,157,6.24429
8059,5497,1801,5.71871
54507,5499,1352,5.75127
32990,4664,491,6.46151
668,5497,1738,5.74864
426,4664,899,6.16012
173486,5496,757,5.82098
2638,4664,739,6.26023
255902,4664,458,6.50267
34169,5499,1430,5.71758
90,5499,1385,5.73554
719,5497,1763,5.73674
170300,5499,1355,5.74987
1149,5496,810,5.76224
89668,4666,221,6.06436
89668,5499,1346,5.75426
4102,4664,872,6.17859
13511,5499,1411,5.72629
5217,4666,149,6.25211
250488,5497,1727,5.75481
5233,4664,641,6.33938
221848,4664,690,6.29766
1668,4664,993,6.10232
43,5497,1736,5.74872
1796,5497,1720,5.75798
71593,5497,1760,5.73779
71593,5499,1366,5.74369
4154,4667,216,5.56862
146579,5499,1358,5.7479
124545,4666,242,6.0168
124545,5497,1742,5.74401
20646,5497,1708,5.76365
158392,5498,419,5.69191
224271,5498,331,5.86338
130592,5499,1479,5.69928
148767,4665,83,6.18902
175088,4665,44,6.40406
163081,5497,1783,5.7246
3279,4667,84,6.36786
209951,4664,417,6.55679
59936,5497,1746,5.74309
90568,4664,634,6.34217
90568,5497,1725,5.75628
39941,4664,639,6.33955
39941,5496,762,5.81644
41833,5498,408,5.70659
41833,5499,1469,5.70395
4255,4664,710,6.28553
3852,4667,175,5.71858
980,5499,1422,5.7215
210908,5498,270,5.98056
210908,5499,1351,5.75147
220508,4664,470,6.48574
379,5499,1408,5.72665
316,4666,195,6.14399
67593,5499,1401,5.72925
110870,5499,1374,5.73918
160044,4664,1104,6.05127
23779,5496,772,5.79922
23779,5497,1787,5.72238
88253,4664,614,6.36006
127282,5497,1752,5.74086
224149,5496,828,5.74221
193693,4666,243,6.01282
202942,4664,472,6.48167
4,5497,1749,5.74226
122890,5497,1765,5.73413
181393,4667,115,6.06542
154892,5499,1391,5.73294
2371,5499,1362,5.74508
169697,5499,1365,5.74412
284825,5497,1761,5.7374
41658,5498,355,5.82556
41658,5499,1392,5.73261
161578,5496,798,5.77059
161578,5497,1803,5.71811
2168,4664,1179,6.02398
39383,4664,961,6.12555
34639,5496,775,5.79738
74,5498,516,5.54046
50381,5498,551,5.46017
2063,5496,771,5.80183
2063,5497,1790,5.72184
236931,4664,596,6.38323
137238,5497,1768,5.73118
16373,5499,1388,5.73373
24396,4664,2075,5.77842
24396,5496,850,5.72678
4014,4664,917,6.15252
163399,4664,1267,5.99415
163399,5496,764,5.8126
71668,5497,1731,5.75099
25314,5499,1363,5.74477
172362,5497,1780,5.72523
26459,4664,647,6.33497
1412,5499,1372,5.73976
171278,4664,484,6.46713
237009,4666,133,6.32
57141,4664,506,6.4522
57141,5496,758,5.82027
2678,5496,783,5.78542
19624,5497,1756,5.73918
19624,5499,1360,5.74763
4610,5497,1836,5.70441
4610,5499,1434,5.7166
2667,5498,284,5.95117
4388,5497,1772,5.72946
450,4666,208,6.10289
36597,4664,570,6.40004
3992,4664,671,6.31504
144492,5499,1414,5.72495
161108,5497,1881,5.6789
18932,5497,1776,5.72688
103877,4666,225,6.05201
62922,4664,474,6.47851
245214,5499,1405,5.72722
75333,5496,760,5.81845
75333,5497,1775,5.72832
25008,4664,898,6.16181
257321,5496,766,5.80947
19765,5497,1759,5.73849
5243,4666,158,6.24271
4522,4665,56,6.29206
2114,4665,108,6.08032
2114,5499,1406,5.72699
69136,4664,650,6.33283
102897,5499,1431,5.71738
176817,5496,774,5.79824
127920,4667,114,6.0767
127920,5497,1811,5.71521
66613,5499,1373,5.73948
316090,4666,229,6.0479
316090,5499,1369,5.74151
172073,5498,340,5.85524
2076,4664,936,6.13987
12898,4664,563,6.40598
5869,5497,1778,5.72581
33759,5497,1755,5.7395
286830,5499,1387,5.73385
269456,4664,509,6.44978
82402,4667,181,5.70641
40935,4665,79,6.21173
42560,4664,742,6.25638
820,4666,189,6.16102
151446,5498,412,5.7047
151446,5499,1513,5.68421
192858,4664,487,6.46576
139147,5497,1769,5.73113
284982,5497,1806,5.71628
2891,4664,881,6.17232
103368,4666,230,6.04659
3710,4664,874,6.1782
129293,5496,868,5.7085
37589,5499,1504,5.68995
112192,4666,220,6.06895
112192,5499,1377,5.73823
5985,62,144,6.72742
5985,4664,1166,6.02866
7251,4664,624,6.34606
16443,5496,797,5.77141
232045,4665,134,5.96229
38986,5497,1750,5.74138
30216,4664,734,6.26213
158100,4665,86,6.16758
158100,5498,299,5.91702
6202,4664,754,6.24414
11159,5496,785,5.78185
623,4664,829,6.20387
623,5496,789,5.77857
623,5497,1852,5.69437
228570,4666,274,5.94579
228570,5499,1423,5.72071
22485,5497,1782,5.7249
55763,5496,811,5.76167
55763,5499,1398,5.72961
9342,5497,1818,5.71109
13403,4664,530,6.43214
48,5497,1810,5.71535
2379,5498,406,5.71389
4086,4664,730,6.26883
341935,5499,1368,5.74166
232924,4664,689,6.29811
8069,5499,1454,5.70827
98762,4664,955,6.12884
148231,5497,1804,5.71685
148231,5499,1413,5.72526
254239,4664,494,6.4602
176980,5497,1795,5.72089
241334,5499,1420,5.72245
100169,5496,761,5.81647
43691,5496,802,5.76879
202207,5499,1407,5.72698
66437,5498,348,5.84173
66437,5499,1409,5.72654
147768,5499,1455,5.70805
246960,4664,1122,6.04676
246960,5497,1863,5.68907
43526,4664,608,6.36423
5614,4664,625,6.3458
5478,5499,1400,5.72933
244333,4665,55,6.30509
244333,5499,1371,5.73977
1823,5497,1786,5.72324
98443,5497,1781,5.72493
183797,5498,360,5.8085
27965,4664,729,6.26894
174611,5499,1415,5.7249
35634,5497,1793,5.72152
14403,4664,1071,6.06644
18723,5498,457,5.64044
341753,4666,257,5.97966
3003,5496,801,5.76912
3003,5497,1838,5.70244
175755,5496,841,5.73243
4884,4664,591,6.38553
162315,4666,284,5.93772
145103,4664,1175,6.0253
145103,5497,1800,5.71893
158168,5497,1831,5.70726
255516,4664,674,6.31257
133437,5499,1486,5.69757
2224,5496,784,5.78209
951,5497,1870,5.68495
171544,5499,1381,5.73685
217553,4665,99,6.11496
366,5499,1396,5.73099
230315,5497,1773,5.72939
308,5497,1766,5.7319
11733,5499,1447,5.71224
107635,5497,1771,5.7299
107635,5499,1394,5.73236
63,4664,1158,6.03286
4454,5496,843,5.73127
4454,5497,1933,5.65828
134524,4664,644,6.33724
12282,4664,768,6.23835
515,5499,1416,5.72489
3563,4664,1160,6.03261
120265,4664,660,6.32504
190232,4664,613,6.36068
181404,5497,1825,5.70873
227995,4664,552,6.41317
5222,5497,1797,5.72081
199881,5497,1847,5.69715
8935,5497,1824,5.7091
8935,5499,1425,5.71997
299946,4664,2492,5.70107
299946,5497,1839,5.70193
145599,5496,782,5.78774
145599,5497,1889,5.67499
4769,4664,835,6.20042
15474,5496,867,5.71173
153991,5496,777,5.79424
52568,5499,1404,5.72831
36739,5499,1494,5.69454
34747,4664,876,6.17619
38873,5497,1812,5.71514
38873,5499,1417,5.72464
5255,4664,1327,5.97074
5255,5496,791,5.77537
188325,4664,643,6.33811
146818,4666,315,5.90127
19187,5496,800,5.77029
5393,5498,356,5.82443
41612,4664,886,6.16955
265260,5497,1799,5.71927
153004,5499,1402,5.72913
27298,5497,1816,5.71145
27298,5499,1444,5.71361
13597,5497,1815,5.71159
13597,5499,1395,5.73207
31621,5497,1827,5.70834
8096,5497,1822,5.70952
11104,5498,379,5.75687
11104,5499,1442,5.71383
103061,4666,196,6.12745
153238,5499,1426,5.71983
46323,4664,950,6.13191
46323,5496,795,5.77345
4346,4664,728,6.27132
6191,4666,245,6.00394
30878,5497,1784,5.72451
28302,4666,281,5.93896
280304,5498,342,5.8527
7263,5499,1461,5.7069
189062,5498,401,5.72059
87,4664,1124,6.04611
157912,5497,1835,5.70483
459,5497,1789,5.72219
459,5499,1399,5.72942
30024,5497,1830,5.70747
30024,5499,1439,5.71508
2396,5497,1779,5.72531
11161,5496,792,5.77445
123844,5497,1807,5.71567
27766,4665,102,6.10436
84834,4664,657,6.32554
130911,5496,835,5.73854
130911,5497,1873,5.68129
35476,4664,590,6.38593
30958,4664,667,6.31955
99459,5499,1488,5.69703
129348,4664,637,6.34131
191790,4664,687,6.3001
66125,5496,796,5.77181
66125,5498,341,5.85521
8325,4664,703,6.29001
148531,5498,328,5.86652
153905,5497,1798,5.71969
21436,5497,1777,5.72682
6431,4664,638,6.33976
194019,5497,1819,5.71031
669,5496,858,5.71967
267661,4664,539,6.42224
226089,5497,1805,5.71634
5711,5498,333,5.86267
5711,5499,1435,5.7163
125315,5498,363,5.80256
125315,5499,1474,5.70059
154479,5499,1490,5.69653
8316,4664,621,6.34965
85800,5499,1443,5.71378
65313,4664,715,6.28211
166372,5497,1841,5.69994
124047,5499,1467,5.70455
151275,5497,1821,5.70974
151275,5499,1424,5.72058
16933,5496,987,5.6258
158237,4664,709,6.28579
258244,5496,903,5.68723
144728,4667,153,5.83344
35964,5499,1480,5.69906
20077,4664,837,6.19842
147568,4664,1825,5.82905
147568,5496,855,5.72438
258389,5497,1814,5.71173
171541,4665,112,6.02657
171541,5499,1440,5.7147
40234,5499,1428,5.71772
225610,4664,550,6.41465
16805,4664,677,6.30952
29140,5499,1412,5.72586
195226,4664,717,6.28102
22465,4666,309,5.90654
5686,4664,706,6.28847
129382,5497,1817,5.71118
129382,5499,1445,5.71341
76436,4664,870,6.17987
5306,5496,830,5.73998
5306,5499,1441,5.71386
136587,5498,400,5.7206
1583,4664,565,6.40301
8017,4666,289,5.93034
8017,5499,1451,5.70983
29678,5496,1011,5.60418
187104,5497,1867,5.68735
67199,4664,593,6.38418
36986,4664,1366,5.95602
36986,5496,831,5.73977
3711,4664,1434,5.93523
499,5498,347,5.84225
499,5499,1436,5.71556
65334,5499,1500,5.69179
41934,4664,569,6.40028
6508,4666,255,5.98881
6508,5497,1828,5.70796
126242,5496,809,5.76512
126242,5499,1485,5.69825
137406,5499,1432,5.71696
4226,4664,700,6.29275
56995,5496,776,5.7963
10662,4664,762,6.24129
255456,4664,603,6.37323
7218,5497,1791,5.7218
4368,4664,708,6.28627
207230,4664,558,6.4093
6607,5496,967,5.64079
135215,4667,125,5.97163
135215,5497,1865,5.68783
159209,5499,1477,5.70015
113931,5497,1854,5.69231
38387,5499,1448,5.71214
161761,5499,1458,5.70725
29379,4664,663,6.32389
298619,5499,1453,5.70912
158837,5498,335,5.86198
34701,5499,1421,5.72185
3226,5496,870,5.70777
2254,5496,846,5.72803
243994,5499,1433,5.71686
311,5497,1813,5.71418
43365,5497,1820,5.70985
17465,5496,849,5.72696
8887,4664,699,6.29283
2464,4664,816,6.20972
259830,4665,92,6.15276
39939,4664,524,6.43916
40491,5499,1437,5.71539
145,5497,1826,5.70854
145,5499,1438,5.71516
38275,4666,275,5.94448
31449,4666,402,5.77976
56320,4664,975,6.11366
747,4664,820,6.20687
235362,4664,719,6.28081
38805,4664,766,6.23881
5635,4664,696,6.29438
7824,5499,1512,5.68444
9804,4664,800,6.22311
99573,4664,610,6.36248
33088,5499,1502,5.69047
4106,5497,1823,5.70927
1509,4664,1364,5.95694
144525,5496,821,5.75118
144525,5497,1846,5.6979
65990,5499,1456,5.70801
89342,4664,1821,5.82946
89342,5497,1853,5.69276
160606,4664,692,6.29719
61028,5496,786,5.78043
131493,4665,61,6.27091
131493,5499,1427,5.7196
167292,5498,376,5.76957
167292,5499,1472,5.70246
248188,4664,838,6.19796
245444,5496,860,5.71875
34334,4664,805,6.21545
1475,5499,1605,5.65508
145475,5496,812,5.76141
197455,5499,1457,5.70729
174298,4664,547,6.41585
91666,5499,1418,5.72421
210101,5497,1833,5.70682
8192,5497,1837,5.70266
9615,5497,1855,5.69202
9615,5499,1492,5.69549
170202,5499,1466,5.70522
2759,4666,182,6.16614
237174,5496,881,5.70157
126021,4664,1005,6.09843
25695,5499,1464,5.70573
170223,5497,1858,5.69124
48979,5498,462,5.63649
260201,5497,1840,5.70038
176,5496,944,5.65808
176,5499,1637,5.64468
40258,4664,573,6.39786
4275,4664,722,6.27608
10623,4664,733,6.26313
35438,5496,818,5.75286
35438,5499,1510,5.68585
5699,4664,826,6.20427
11437,4664,645,6.33635
1313,5497,1809,5.71544
194298,5496,840,5.73381
34871,5497,1848,5.69667
168537,5496,824,5.74951
168537,5497,1898,5.66948
637,5497,1850,5.69632
35477,4664,786,6.23061
2072,4664,747,6.25065
1302,5498,484,5.59638
1302,5499,1604,5.65524
25605,5497,1834,5.70544
5504,4664,985,6.10537
1098,5496,857,5.7203
156007,4664,866,6.18192
1072,5498,318,5.88452
1072,5499,1449,5.71154
33077,4664,798,6.22496
15209,4666,244,6.00497
8222,5496,971,5.63764
8222,5498,515,5.54399
2324,4664,908,6.15575
2324,5496,799,5.7703
19803,4666,241,6.01921
178655,4664,713,6.28344
245710,5499,1511,5.6845
265785,4666,316,5.90029
180921,5499,1446,5.71302
254936,4664,1458,5.92783
350,5499,1450,5.71064
99219,4666,383,5.80892
99219,5499,1495,5.69315
2611,5496,825,5.74917
21709,5499,1478,5.70011
12055,4664,691,6.29741
139443,5498,482,5.59921
8798,4664,797,6.22503
458,5496,859,5.71946
17526,4667,129,5.95594
4862,5498,409,5.70601
177014,4667,100,6.1972
177014,5497,1892,5.67342
340288,4665,28,6.55774
261529,5496,827,5.74407
39332,4666,307,5.90739
39332,5499,1475,5.70025
56128,5496,885,5.69813
12899,4664,659,6.32529
40941,4665,88,6.1651
128011,5497,1845,5.69822
1711,4664,1786,5.83744
17922,5498,345,5.84457
232974,4666,204,6.10814
248928,4664,622,6.3489
40235,5499,1487,5.69733
4839,4664,935,6.13987
853,5499,1452,5.70976
14860,4664,752,6.24706
12488,4667,92,6.25794
225759,4664,714,6.28276
30483,5497,1859,5.6909
30483,5499,1473,5.70154
427,5496,979,5.6321
427,5498,492,5.58271
6226,4664,865,6.18292
133534,5497,1842,5.69913
4667,4664,992,6.10238
4667,4667,117,6.03178
225317,5497,1832,5.70697
174182,4667,104,6.18555
291511,5499,1463,5.70594
1202,5496,845,5.72876
1202,5499,1533,5.67665
720,5497,1862,5.68918
40243,4664,697,6.29415
145493,5497,1883,5.67657
17863,4664,629,6.3445
75828,5496,794,5.77358
23917,4664,778,6.23424
2860,4666,238,6.02732
12131,4666,264,5.95707
193212,5499,1505,5.68811
8284,4664,891,6.16833
40,4664,1026,6.0849
40,5496,804,5.76715
5791,4667,96,6.23889
278824,4666,330,5.87454
278824,5499,1471,5.70262
2542,5499,1497,5.69286
121409,5497,1851,5.6944
3692,4664,1399,5.94571
96,4664,1816,5.83113
96,5496,890,5.69482
258207,4664,1040,6.07891
36,4664,1216,6.01204
4085,4664,962,6.12418
8957,4664,1019,6.08864
66798,5499,1482,5.69895
227693,4665,77,6.21767
145501,4665,159,5.90448
2665,4664,824,6.20444
30324,5498,351,5.83281
158356,5498,337,5.85777
158356,5499,1460,5.70698
67,4664,1413,5.94177
53624,4664,749,6.24927
17533,5496,882,5.70068
7138,4664,633,6.34217
1702,4665,87,6.16665
27817,4664,617,6.35642
276169,4664,987,6.10488
58329,5499,1493,5.69509
8066,4664,765,6.23915
46422,5496,829,5.74082
27940,4665,258,5.71012
27940,5499,1545,5.67122
29017,4665,50,6.35451
159446,5497,1843,5.69908
103670,4664,922,6.1486
138963,5496,807,5.76608
259345,4665,60,6.27346
118337,5497,1882,5.67884
169146,5496,865,5.71342
169146,5499,1468,5.70438
293309,4665,45,6.40283
194078,4664,655,6.32759
17536,4664,619,6.35407
99130,4664,926,6.14484
99130,5496,790,5.777
11705,4664,1083,6.06219
13347,5496,852,5.72564
12134,4664,612,6.36158
67823,4665,91,6.15995
194392,4664,630,6.34378
27028,4664,1203,6.01395
74408,4664,1140,6.0404
156786,5499,1538,5.67322
114684,5499,1596,5.65674
192296,5496,813,5.7608
192296,5497,1860,5.68965
203191,5497,1878,5.67966
162114,5499,1465,5.70556
195484,4666,344,5.85762
131261,5496,894,5.69187
131261,5499,1640,5.64409
4244,4664,803,6.21892
63395,5497,1844,5.6983
63395,5499,1470,5.70312
121993,5499,1484,5.6983
1533,4665,94,6.12767
1533,5499,1489,5.69692
170537,5496,803,5.76755
2960,4666,336,5.86667
2960,5497,1906,5.66841
828,5496,853,5.72553
15167,5499,1503,5.69007
86167,4664,1076,6.06534
86167,5496,820,5.75137
1519,4667,119,6.01397
359,5499,1491,5.69624
22479,4667,126,5.97072
108637,5496,823,5.75018
5281,4666,273,5.94635
1695,4664,1338,5.96741
1695,5496,833,5.73905
23928,4664,920,6.15046
38778,5497,1874,5.68091
121657,4664,969,6.11993
121657,4667,97,6.21875
2287,5496,819,5.75168
2287,5497,1966,5.64659
124390,5499,1517,5.68333
1520,4666,296,5.91382
68199,4666,175,6.1856
194081,4664,1240,6.00029
164655,4664,676,6.30998
164655,5496,872,5.70487
218863,4666,249,5.99642
64,4664,1351,5.96172
64,5497,1903,5.66859
288539,4664,578,6.3951
18057,5498,343,5.84672
162152,5499,1508,5.68706
29383,4664,698,6.29397
139572,4666,279,5.94166
139572,5499,1499,5.69217
23348,4666,269,5.95119
4643,4666,234,6.04049
490,4664,1312,5.97538
40816,4664,1508,5.91418
40816,5496,839,5.73457
108377,5496,832,5.73915
108377,5497,1868,5.68661
12318,5499,1498,5.69249
131241,5497,1857,5.69172
2613,4664,1048,6.07619
2613,5496,817,5.75475
224303,4664,1538,5.90694
11122,4664,783,6.23151
265684,5498,344,5.84615
135840,4664,658,6.32546
2944,4665,290,5.66786
2944,5498,458,5.64019
7483,4665,59,6.27638
26458,4664,736,6.26177
105024,4664,748,6.24977
138104,4667,145,5.87015
138104,5497,1951,5.65122
173804,4667,150,5.84642
6861,4664,735,6.26213
158982,4664,1318,5.97363
14258,5496,895,5.69118
150580,4666,320,5.89471
150580,5499,1518,5.68278
139897,5499,1541,5.67202
179259,5499,1543,5.67162
280,5497,1856,5.69178
280,5499,1481,5.69905
33785,4664,672,6.31482
2090,4664,882,6.17137
312,5496,918,5.67217
312,5497,1924,5.66224
254894,5497,1876,5.68042
254894,5499,1507,5.68763
160908,5497,1849,5.69661
135888,5497,1891,5.67353
156719,4665,153,5.91406
156719,5499,1530,5.6776
41875,5499,1483,5.69845
5772,5498,338,5.85757
150294,4666,261,5.95964
150294,5499,1501,5.69166
150012,4664,774,6.23571
7844,4664,760,6.2417
1449,4666,272,5.94812
88871,4664,763,6.24023
184561,4664,669,6.31697
236370,4664,1016,6.08907
282227,5497,1869,5.68496
331106,5496,928,5.66728
110868,5497,1917,5.66498
105023,4664,1052,6.0753
137872,5497,1877,5.67997
5251,4666,278,5.94191
102690,5499,1523,5.68089
4200,4664,790,6.22775
5476,4664,767,6.23864
42731,4664,685,6.30133
8495,4664,1171,6.0265
40550,4667,112,6.09109
106753,5498,385,5.74932
286667,5499,1476,5.70017
38980,5496,808,5.76545
180193,5497,1871,5.6837
34098,4664,682,6.30605
70532,4664,740,6.26021
11886,4664,883,6.17132
14007,4664,859,6.18455
46669,4664,694,6.29658
258693,4664,1478,5.9224
258693,5497,1894,5.67218
129204,4664,802,6.21901
1525,4664,1376,5.95192
1525,4667,142,5.90322
66076,5497,1864,5.68854
44890,4664,953,6.12949
337324,5496,842,5.73162
146548,5498,474,5.62002
157322,5496,907,5.67957
157322,5499,1589,5.65823
3177,4664,1177,6.02457
841,5497,1875,5.68052
841,5499,1496,5.69308
917,5499,1619,5.65268
106113,4664,726,6.27229
476,5497,1884,5.67594
286363,4666,345,5.85732
36297,4664,792,6.22694
125658,5496,888,5.69662
1463,5499,1547,5.67079
171339,5497,1956,5.64939
171339,5499,1562,5.66493
277,5497,1910,5.66791
20889,4664,845,6.19148
26162,4666,323,5.88725
26162,5499,1522,5.6812
4228,4664,919,6.15089
76883,5497,1880,5.67943
231666,5497,1938,5.65564
231666,5499,1576,5.66053
65272,5498,321,5.87857
154125,4664,1023,6.08569
175636,5499,1529,5.67769
130134,5497,1866,5.68735
99078,5497,1872,5.68137
19727,5496,834,5.73871
19727,5497,1896,5.67058
277672,4664,1219,6.00916
277672,5497,1941,5.6539
54221,4666,292,5.92219
2919,5496,836,5.73784
42105,5498,375,5.77337
133747,4666,300,5.91148
574,5499,1509,5.68698
142924,5498,358,5.81984
60815,4664,854,6.1868
24410,5496,941,5.66032
24410,5499,1591,5.65778
42651,4664,1185,6.02255
42651,5496,874,5.70458
41493,5499,1525,5.68073
174064,5497,1923,5.66314
138614,5499,1515,5.68367
3242,5499,1573,5.6619
1380,5497,1918,5.66479
1380,5499,1528,5.67777
108665,5496,896,5.69071
108665,5497,1985,5.6397
131581,5496,854,5.7244
131581,5499,1558,5.6661
41100,4664,885,6.17074
12567,4664,794,6.22619
7109,4664,923,6.14803
55833,5498,383,5.74988
315196,5499,1634,5.64613
7755,4664,855,6.18665
113567,4664,1035,6.08124
113567,5497,1887,5.6754
274,4664,1346,5.96303
15274,4664,723,6.27561
135,5497,1914,5.66606
133518,4664,812,6.21225
15722,4666,342,5.85976
9132,5497,1861,5.68964
142503,5498,381,5.75091
29199,4664,807,6.21482
16362,4665,123,5.98602
43249,5497,1888,5.6752
43249,5499,1516,5.6834
41033,4664,864,6.18302
157779,4666,251,5.99265
155636,5496,814,5.75835
155636,5497,1885,5.67563
4532,4666,375,5.81691
10682,5497,1897,5.6698
10682,5499,1524,5.68088
160853,5496,876,5.70317
37906,4664,904,6.1577
4928,5499,1563,5.66379
301616,4664,628,6.34503
7634,4664,758,6.24286
121958,5496,892,5.69272
121958,5497,1935,5.65732
5928,4664,1189,6.02114
988,4665,129,5.97536
169366,4664,711,6.28479
7176,4664,945,6.1332
1713,4664,1500,5.91611
1713,5497,1912,5.66714
35293,5499,1506,5.68763
89695,5497,1900,5.66915
89695,5499,1531,5.67694
29411,4665,90,6.16481
31853,4666,199,6.11471
3595,5498,389,5.74155
267377,4664,718,6.28086
42396,4664,875,6.17694
1371,4664,1088,6.05942
99097,5497,2000,5.63369
99097,5499,1592,5.65744
183264,5499,1536,5.67543
71272,5499,1532,5.67684
149793,4664,769,6.23821
232139,4664,785,6.23097
149794,4664,863,6.18314
1329,4666,224,6.05549
248375,4664,938,6.13893
2268,5496,856,5.72357
18747,4664,1151,6.03614
179547,4664,1274,5.99181
179547,5497,1908,5.66816
3836,4667,85,6.3415
128204,4664,1137,6.04086
15878,5499,1639,5.64449
165404,5496,838,5.73533
165404,5499,1521,5.68171
67693,5497,1879,5.67949
38364,5497,1955,5.64951
68188,4664,1121,6.04718
267590,5497,1905,5.66847
57759,5497,1886,5.67559
57759,5499,1519,5.68205
147171,5496,844,5.73082
147171,5497,1895,5.67098
39635,5499,1527,5.6781
76247,5496,893,5.6925
119464,4665,85,6.16778
5394,4664,732,6.26409
507,5497,1913,5.66628
507,5499,1526,5.68044
150010,4664,1115,6.04786
289,4664,1045,6.07735
94731,4665,265,5.70094
94731,5499,1710,5.62148
12141,4664,701,6.29135
152846,5497,1947,5.65197
7215,4664,828,6.20409
6642,4664,983,6.10574
147206,5497,1911,5.6677
155802,5499,1535,5.67592
1633,4664,1169,6.0274
1633,5497,1981,5.64148
223742,5498,366,5.79992
1145,5496,822,5.75105
12188,5497,1890,5.67492
11432,4664,806,6.21494
404,4665,212,5.78975
404,5499,1578,5.66009
99808,4666,372,5.81882
158973,5496,864,5.71696
38471,4664,861,6.18376
227605,5497,1893,5.67317
59335,5498,386,5.74922
18931,5497,1925,5.66208
177248,5497,1909,5.66791
2422,4664,1223,6.00845
17030,5498,346,5.84328
17030,5499,1514,5.6838
13223,5498,369,5.79682
363,5499,1550,5.66843
289601,5499,1534,5.676
7453,4664,815,6.20976
137,5498,440,5.6606
3341,5497,1971,5.64487
3341,5498,448,5.65206
198630,4664,860,6.18382
85572,4664,753,6.2459
168232,5499,1540,5.67251
62030,5497,1902,5.66861
318353,4664,925,6.14716
37257,4664,1110,6.04895
37184,4667,101,6.1926
75782,5496,847,5.72751
29198,5496,927,5.66794
10679,4664,761,6.24145
6767,4664,1068,6.06765
18401,4664,843,6.19219
5042,4664,868,6.18068
245222,4666,308,5.90676
79068,5499,1568,5.66275
259394,4664,801,6.21965
102835,5499,1571,5.66203
308416,5498,427,5.67621
308416,5499,1665,5.63452
28436,5496,878,5.70314
28436,5499,1537,5.67468
12608,4666,246,5.99848
144789,5499,1520,5.68196
3110,4664,1001,6.10014
3110,5497,1901,5.66896
8711,4664,1020,6.08689
18115,4664,811,6.21266
204003,4664,1014,6.09063
793,5498,395,5.72967
793,5499,1617,5.65272
233502,4666,232,6.04513
90942,4666,215,6.09179
287783,4664,757,6.24312
31575,4667,116,6.03223
128938,5496,861,5.71816
128938,5499,1553,5.66703
13016,4664,787,6.22985
1515,5499,1711,5.62138
127981,5496,869,5.70794
127981,5499,1569,5.66271
156976,5499,1564,5.66367
7719,5496,909,5.6777
1726,4664,1426,5.93748
3339,5496,851,5.72625
4318,5497,1907,5.66816
2574,4664,1042,6.07849
261624,4664,957,6.12667
193727,4664,810,6.21269
146207,4664,998,6.10123
172358,4665,119,6.00137
172358,5499,1546,5.67099
34375,5499,1544,5.67134
33172,5497,1916,5.66499
31542,4664,1095,6.05613
182635,5498,367,5.79931
4201,4664,901,6.15884
147104,5498,364,5.80186
147104,5499,1549,5.66938
2298,4664,928,6.14351
1358,4664,1078,6.06365
267244,4664,1493,5.91762
11385,5497,2045,5.61824
11385,5499,1644,5.64286
255332,5497,1927,5.65994
9855,5496,897,5.69024
9855,5497,2043,5.61889
29456,5499,1728,5.61726
5698,4664,915,6.15278
177725,4664,1190,6.0205
61269,5496,883,5.70039
61269,5499,1574,5.66102
134626,5499,1555,5.66683
203321,4664,850,6.1892
82610,5498,361,5.80592
121806,4665,149,5.92687
79282,5497,1928,5.65986
174260,5496,899,5.68942
174260,5497,1978,5.64289
94365,5498,371,5.78504
94365,5499,1542,5.67169
5941,5497,1922,5.66322
5941,5499,1552,5.66712
1383,5499,1557,5.6661
13728,4664,1860,5.82137
188225,5497,1968,5.6459
2938,4666,322,5.89099
271693,5499,1551,5.66833
6495,4664,756,6.24337
236650,4664,683,6.30541
276337,4664,880,6.17274
10523,5497,1904,5.66851
137480,4665,70,6.23747
2853,5497,1940,5.65417
181120,4666,408,5.77148
78,4664,995,6.10189
5687,4664,971,6.11875
144506,5498,339,5.8573
36480,4664,1204,6.0139
76207,5496,887,5.69769
76207,5497,1915,5.666
247980,5499,1539,5.67319
172542,4665,143,5.93821
271837,4664,934,6.14006
5035,4664,1395,5.94629
8812,4664,871,6.17911
840,5499,1577,5.66047
131183,4664,942,6.13603
145722,5498,384,5.74986
145722,5499,1570,5.66203
8320,4664,1061,6.07191
19969,4666,324,5.88605
514,5498,399,5.72141
156878,5499,1575,5.6608
9386,4666,306,5.90758
144607,4664,852,6.18767
27710,5499,1726,5.6174
4613,5497,1899,5.66928
24082,5499,1581,5.65992
165959,5498,377,5.76704
12248,5497,1930,5.65967
15410,5499,1566,5.66365
170909,5497,1959,5.64849
39345,4664,910,6.15517
108157,5499,1556,5.66649
4207,4664,1109,6.04923
233361,5496,880,5.70231
6928,4664,836,6.19946
129010,5499,1561,5.66559
257372,5499,1597,5.65674
112381,4664,1350,5.96179
112381,5496,848,5.72721
1814,5498,404,5.71713
1814,5499,1613,5.6535
52,4664,1896,5.81452
34829,5497,1945,5.65308
34829,5499,1572,5.66201
184563,4664,764,6.23967
62226,4664,1024,6.08541
158742,5499,1632,5.64667
87120,5497,1939,5.65548
21704,5499,1624,5.65022
91739,4664,791,6.22709
299179,4664,825,6.2043
20228,5497,1919,5.66443
2471,5496,1136,5.52668
7338,4666,223,6.05801
22544,5496,873,5.70465
20266,4664,887,6.16928
99655,5496,871,5.70708
99655,5497,1934,5.65739
14038,4667,189,5.67445
4292,4664,888,6.16915
10964,4664,931,6.14286
66608,5499,1614,5.65346
112598,4665,206,5.80174
112598,5499,1620,5.65136
23935,4666,418,5.76476
33155,5499,1565,5.66367
18400,4664,1498,5.91688
18400,5496,863,5.71708
11967,4664,842,6.19269
6752,4664,2973,5.60661
163277,5499,1598,5.65654
131332,4667,113,6.07866
131332,5497,1946,5.65242
751,5497,1944,5.65316
152851,5499,1559,5.66598
91010,4664,895,6.16338
29055,4664,848,6.19006
279975,4664,846,6.19086
140612,5499,1579,5.66002
67361,5496,866,5.71337
67361,5497,1931,5.65938
173759,5497,1997,5.63495
173759,5499,1580,5.65995
1591,4666,370,5.82123
63778,4665,66,6.25383
3874,4666,439,5.74787
144632,5497,1942,5.65346
867,4666,262,5.95956
867,5497,1920,5.66438
230667,5499,1673,5.6309
26952,4666,313,5.90246
190462,4664,827,6.20416
82424,5499,1554,5.66686
204175,5499,1586,5.65859
85147,4664,681,6.30716
1245,4666,465,5.7271
33911,5499,1595,5.65677
7239,4664,1581,5.89192
7239,5497,1970,5.64552
18333,5498,480,5.60285
18333,5499,1682,5.62872
211813,4664,830,6.20353
87200,5497,1932,5.65888
3637,4664,1065,6.06952
3637,5496,900,5.68803
5829,4664,989,6.10452
103235,5497,1929,5.65982
4288,4664,940,6.13863
246588,4664,896,6.16308
3411,4664,1029,6.08449
66665,5497,1950,5.65161
1157,5496,935,5.66355
1157,5499,1663,5.63519
182218,5498,391,5.73551
16035,5498,403,5.71954
16035,5499,1593,5.65691
131121,4666,358,5.83626
37362,5499,1567,5.66356
12764,5497,1921,5.66361
250725,4666,266,5.95395
8003,4664,1157,6.03412
2794,5499,1548,5.66989
10908,5497,1988,5.63798
5991,4664,909,6.15521
182982,4664,814,6.21185
254127,4664,1473,5.92398
254127,5497,2023,5.62439
2133,4667,176,5.71642
11202,4664,1677,5.86502
2211,4666,291,5.92382
103469,4664,2561,5.68876
103469,5496,929,5.66633
82272,5497,1936,5.65687
203800,4664,1526,5.90871
9962,5496,912,5.67379
9962,5498,424,5.68053
1257,5499,1606,5.65499
8630,5496,875,5.70437
179661,5499,1600,5.65623
58886,5497,1958,5.64862
282033,4664,818,6.20888
18121,4666,368,5.82315
18121,5499,1599,5.65635
5410,4664,823,6.20486
753,4664,1248,5.99882
3679,4666,329,5.87792
260170,5499,1590,5.65791
37739,5497,1954,5.65004
42206,4665,222,5.76432
42206,5499,1616,5.65299
1782,4664,1082,6.06236
1253,5499,1618,5.65271
39045,5497,1976,5.64386
39940,4664,721,6.27755
2368,4664,1758,5.84416
2368,5496,913,5.67346
121615,5497,1984,5.64018
104575,5497,1964,5.64734
234104,5499,1603,5.65534
210113,4666,352,5.84036
608,4666,305,5.91048
65814,4665,189,5.84334
65814,5499,1630,5.64845
36596,4664,959,6.12666
14054,4665,101,6.11251
12533,4666,217,6.08094
10559,5498,392,5.73539
8782,4664,986,6.10492
302270,5499,1560,5.66567
710,5496,879,5.70234
710,5499,1658,5.63759
99479,5499,1588,5.65827
11436,4664,851,6.18853
75957,4666,210,6.10261
607,5496,986,5.62658
607,5497,2079,5.60689
134,5499,1623,5.65047
295402,4664,897,6.16275
41837,4664,1010,6.09309
40483,5496,902,5.68735
29351,5498,398,5.72222
18606,4664,903,6.15805
11929,4666,468,5.72459
148740,5499,1638,5.64462
142432,5499,1631,5.64761
9202,5497,2017,5.62787
8139,4667,139,5.91031
376,4666,440,5.74708
376,5497,1983,5.64057
60029,4664,947,6.13308
27802,5497,1948,5.65194
6551,5496,904,5.68111
3071,5496,916,5.67248
42448,5498,464,5.63337
1794,4664,1710,5.85634
1794,5496,938,5.66119
67285,5497,1943,5.65335
102681,5499,1654,5.64039
280162,4664,833,6.20264
137933,5499,1582,5.65951
2123,4667,122,5.99102
5034,4664,1221,6.00893
3248,5496,910,5.67754
309000,5497,1949,5.6518
17654,5497,1926,5.66085
40370,5499,1585,5.65887
227422,5498,420,5.68703
17395,4664,1003,6.09876
2904,4664,1371,5.95449
236125,4664,1047,6.07633
4980,4666,340,5.86261
157521,4664,1028,6.08465
8722,4664,1046,6.07725
5965,4664,1058,6.07323
163354,5499,1636,5.64479
166109,5499,1627,5.64913
148264,4664,958,6.12667
5171,4664,1007,6.0961
24771,5499,1607,5.65489
295931,4664,900,6.15955
6253,4664,927,6.14455
5559,4664,1168,6.02772
5559,5496,908,5.6788
291828,4664,2261,5.74447
291828,5496,901,5.68748
234673,4664,1027,6.08471
136890,4664,918,6.15119
21854,4665,160,5.90299
21854,5499,1622,5.65071
268159,4664,1281,5.98799
8232,5497,1963,5.64779
142334,5498,460,5.63886
18946,5499,1667,5.63395
38858,5497,1979,5.64197
140997,5499,1646,5.64214
96345,5498,410,5.70558
59008,4664,858,6.18461
208700,4664,1254,5.99681
63743,5499,1615,5.65316
72285,4666,290,5.9289
72285,5499,1611,5.65377
301,5499,1628,5.64885
67309,5499,1601,5.65619
6251,4664,879,6.17291
70916,5499,1633,5.6463
18824,4667,118,6.01616
27490,5497,1952,5.65086
27490,5499,1594,5.65686
3572,4664,1176,6.02506
75360,5497,1937,5.65597
497,5499,1642,5.64338
172206,5497,1960,5.64843
312059,4664,973,6.11741
224374,4664,847,6.19018
2838,5498,456,5.64103
8790,5498,476,5.61598
16177,5499,1583,5.65914
6646,4664,1628,5.87637
6646,5497,2002,5.63323
8285,4664,1079,6.06359
4113,4664,1092,6.05755
62214,4664,862,6.18316
38904,4666,326,5.88421
38904,5497,1957,5.64934
337627,5497,1975,5.64405
27451,5498,416,5.69655
11396,4666,328,5.87991
263,5497,1973,5.64416
263,5499,1629,5.64866
22604,4664,1276,5.98988
8976,4664,1135,6.042
129225,5497,1980,5.64155
129225,5499,1602,5.65582
2135,4667,154,5.82927
2301,5496,949,5.6551
161537,4666,366,5.82652
2353,5497,1965,5.64671
204055,5496,891,5.6936
232267,4664,913,6.15374
134283,4664,902,6.1584
214758,4664,867,6.18149
131232,5497,1969,5.64557
146880,5499,1609,5.65435
37738,5497,1986,5.63911
177857,5497,1961,5.648
170477,5499,1707,5.62318
3567,5499,1671,5.63263
25182,4666,295,5.91442
25182,5499,1612,5.65377
6544,4664,1567,5.89775
10164,4665,315,5.63862
10164,5498,414,5.70299
2179,5499,1626,5.64921
155411,5497,2076,5.60727
208754,4664,1099,6.05253
35865,4665,49,6.36281
37061,4664,954,6.12902
99935,4664,1008,6.09472
93819,4667,98,6.21853
299908,5499,1587,5.65845
4287,4664,1295,5.98282
17397,4664,1036,6.08039
9346,4666,337,5.86483
9346,5497,1967,5.64599
37383,4664,894,6.16346
94331,4664,1300,5.97963
94331,5496,898,5.69014
287247,5499,1608,5.65445
155119,5498,444,5.65773
155119,5499,1660,5.63595
3149,5499,1691,5.62659
31554,4664,977,6.11066
140314,5497,2032,5.62166
7365,4664,1187,6.02127
22472,4664,1064,6.07029
4934,4665,188,5.84468
4934,5499,1656,5.63857
187121,4664,1311,5.97648
9296,4664,1486,5.91985
259121,4664,844,6.19165
18781,4664,1127,6.04466
17971,4664,956,6.12825
300323,4664,869,6.18022
175541,5499,1647,5.64194
147030,5497,2056,5.61436
242589,4664,952,6.1305
27823,4664,1970,5.80098
27823,5499,1680,5.629
313000,5499,1584,5.6591
161620,5497,1994,5.63566
1806,4665,182,5.85204
938,4665,347,5.59868
2607,5497,2121,5.59081
2607,5499,1716,5.62018
12875,5498,429,5.67237
3316,4664,1141,6.03919
144223,5499,1610,5.65389
314672,4664,1031,6.08335
5060,4664,1041,6.0786
42131,4664,1385,5.94892
3656,4666,511,5.69637
68250,4664,1188,6.02126
244795,5499,1625,5.64929
10707,5496,915,5.67258
167650,4664,964,6.12186
56880,5499,1621,5.65097
19665,4666,341,5.86219
58625,4664,967,6.12053
129492,4665,106,6.08474
2742,4664,972,6.11765
263223,4664,817,6.20963
1489,5496,951,5.65295
1489,5499,1687,5.62747
37794,4664,1868,5.81952
37794,5496,925,5.66952
1831,5497,1972,5.64463
5351,4664,1039,6.07913
108430,4664,841,6.19506
274178,4664,960,6.12621
1163,5498,426,5.67628
1163,5499,1668,5.63374
4289,4664,990,6.10399
982,4664,2230,5.74994
982,5496,958,5.64484
3851,4667,148,5.86272
28944,5497,1953,5.65055
148213,4664,776,6.23519
1901,4664,1466,5.92604
8553,4666,263,5.95803
125493,5498,453,5.64504
11091,4664,890,6.16877
41243,4664,1030,6.0842
55679,4664,1776,5.84044
209206,4666,376,5.8167
161995,5497,1974,5.64408
13875,4665,116,6.01242
13875,4666,379,5.81193
7576,5498,372,5.77944
66080,4664,1022,6.08582
75441,5497,1962,5.64794
228944,4666,362,5.83081
140638,5496,975,5.63545
67436,4665,263,5.70503
16444,4664,1689,5.86218
133689,4664,941,6.13656
314577,4664,889,6.16906
3050,4664,929,6.14301
17530,5499,1696,5.62602
154902,5499,1653,5.64069
31968,4666,414,5.76751
2132,4667,131,5.95432
22377,4664,1273,5.99252
267402,4664,893,6.16538
46362,5496,931,5.6647
26118,4665,63,6.26954
53103,5497,1982,5.6407
53103,5499,1635,5.64572
2524,4664,1421,5.93831
5482,4664,1186,6.02253
7662,4664,981,6.10606
7831,4664,1051,6.07567
31443,4664,948,6.13281
4342,4664,932,6.14062
7975,4664,1148,6.03714
9092,4666,334,5.86693
41291,4666,351,5.84056
41291,5499,1641,5.64352
72941,4664,988,6.10464
16693,5498,469,5.62603
16693,5499,1734,5.61477
63928,4664,1013,6.09115
39210,4665,113,6.02513
137500,4664,1471,5.92453
4425,4664,1722,5.85269
56241,4664,1009,6.09448
5485,4664,1105,6.05117
51195,4666,277,5.9428
32171,5496,933,5.66409
3765,4664,1610,5.8823
234439,4665,125,5.98301
280041,5499,1643,5.643
7753,4664,1173,6.02611
3600,4664,1220,6.00905
236974,4664,819,6.20824
142401,5499,1681,5.62872
303,5497,1977,5.64294
3712,4664,1612,5.88092
136416,5499,1645,5.64226
98122,4665,122,5.99075
222951,4664,1232,6.00312
3945,4665,187,5.84595
1508,4664,1788,5.83654
97094,5497,2001,5.6335
109,5497,1989,5.6378
109,5499,1651,5.64105
3466,4664,1613,5.8808
301572,4664,963,6.12209
108783,5499,1655,5.63872
7976,5497,2021,5.62526
7976,5499,1664,5.63474
2192,4664,1525,5.90945
1014,5497,2013,5.62923
13520,4664,1011,6.09249
20590,4664,1062,6.07127
34819,4665,218,5.77452
156843,4664,979,6.11017
144479,4667,179,5.70914
93194,5496,919,5.67184
93194,5497,2033,5.62158
280106,4664,1017,6.08901
280106,5497,1987,5.638
80933,5498,393,5.73255
170799,5499,1712,5.62125
9149,4665,178,5.85862
15827,4664,1087,6.06017
194194,5499,1649,5.64152
215503,5499,1685,5.62795
203624,5497,1998,5.63454
10668,4664,1103,6.0513
152345,4664,924,6.14766
6608,5499,1720,5.61911
28705,5496,932,5.66427
28705,5499,1677,5.62961
5041,4664,1097,6.05431
170825,5498,407,5.71361
116806,4664,906,6.15693
127438,5499,1659,5.63628
2884,4666,427,5.76149
1997,4664,1568,5.89731
29952,4666,270,5.95079
59223,4665,146,5.93246
133835,5496,946,5.65685
133835,5497,1991,5.63694
3818,5498,501,5.55989
113971,4664,884,6.1708
1844,4664,1463,5.92694
197076,4664,996,6.10177
590,5499,1939,5.55763
369,5499,1650,5.64135
64675,5499,1662,5.6354
162384,4664,1284,5.98565
256568,5496,923,5.66976
5228,4664,1275,5.99119
137626,4664,991,6.10393
187777,5496,905,5.68098
4009,4664,1313,5.97517
9476,4664,1139,6.04052
212382,5497,1996,5.63506
83157,4665,110,6.05088
10681,4665,217,5.77502
232661,5497,2038,5.62029
6929,4664,1184,6.02257
105199,5499,1661,5.63567
8250,4664,1317,5.9738
6926,4664,1111,6.04798
1827,5496,962,5.64327
24085,4667,120,6.01242
129710,5497,2006,5.63159
129710,5499,1672,5.63191
2844,4664,1243,5.99982
2844,5496,889,5.69607
4291,4664,1033,6.0817
11093,4664,1002,6.10006
101796,5498,433,5.66803
207442,5499,1657,5.63789
4386,4666,311,5.90452
159470,5497,1999,5.63427
2997,4664,1553,5.90236
5826,4664,1084,6.06178
195353,4664,1044,6.07755
9629,4666,302,5.91119
3663,4664,1336,5.96764
28678,4666,348,5.84786
4362,4664,1049,6.07571
5242,4666,268,5.95182
11634,4666,992,5.45122
11634,5499,1769,5.6041
249404,4666,433,5.75469
126426,4664,1487,5.91961
24270,5497,2034,5.62137
29638,4665,104,6.10264
29638,5499,1648,5.64189
62291,4664,1015,6.08965
97939,4664,1819,5.83035
97939,5497,2012,5.62986
226322,5498,449,5.6516
549,4664,1154,6.03526
148764,4665,121,5.99344
185241,4664,1277,5.98907
88190,4664,930,6.14297
156750,4664,2022,5.78816
156750,5497,2005,5.63176
144228,5497,2016,5.62796
1784,5496,911,5.67708
158793,4664,916,6.15272
799,5496,924,5.66971
4991,4665,184,5.84898
55911,5497,2014,5.62904
836,5497,1990,5.63751
2494,4664,1245,5.99958
72799,4664,1363,5.95716
72799,4666,458,5.73035
325494,5496,943,5.65835
42713,4664,1922,5.81024
42713,4667,146,5.86995
2994,4664,1126,6.04471
132416,5497,2015,5.62894
138317,5499,1703,5.62455
88140,4666,385,5.80645
38870,4664,1021,6.08592
4270,4664,1093,6.0575
3163,4664,1520,5.91064
88559,5497,2003,5.63219
25537,4665,62,6.27024
25537,5499,1652,5.64093
107861,5497,2026,5.62302
142197,5499,1702,5.62461
48863,4664,1314,5.97487
22378,4664,1057,6.0739
39066,4664,1333,5.96942
2641,4664,1208,6.01326
3053,4664,1089,6.0589
1709,4664,1431,5.93549
108705,5499,1684,5.62812
1416,4666,426,5.76167
38703,5497,2060,5.61345
5827,4664,1102,6.05131
40213,5499,1678,5.62947
7114,4664,1100,6.05194
131393,4664,1018,6.08886
126025,5496,942,5.6601
1757,5499,1669,5.63354
183447,5499,1796,5.5965
3707,4664,1626,5.87678
158888,4664,1207,6.01337
321608,5497,1992,5.63694
11438,4664,1063,6.07051
184560,4664,946,6.13309
540,4666,327,5.88009
198671,4665,81,6.19944
993,5497,2008,5.63132
81850,5498,388,5.74608
119407,5498,443,5.65975
13924,5497,1995,5.63528
10149,4664,1178,6.02414
21182,5497,1993,5.63692
195232,4664,1000,6.10045
2256,4665,155,5.91086
10986,4664,1252,5.99704
843,5496,950,5.65376
843,5497,2063,5.61094
3706,4666,428,5.76041
3706,5499,1697,5.62588
287899,4664,1441,5.9342
139032,5497,2019,5.62716
5142,4664,1228,6.00504
13995,4664,1123,6.04652
19878,5497,2027,5.62265
19878,5499,1690,5.62662
249751,4664,999,6.10084
180853,5496,906,5.68002
201054,5499,1753,5.60869
4278,4664,1365,5.9567
296605,5497,2040,5.61952
60245,4665,96,6.1219
3385,5497,2087,5.60442
3385,5499,1743,5.61261
13254,4664,1096,6.05516
156061,5497,2018,5.62782
27938,4666,384,5.80859
85609,4664,974,6.11705
13729,5497,2022,5.62515
29030,5497,2049,5.61703
29030,5499,1725,5.61773
3766,4664,1170,6.02652
7970,4664,1193,6.01874
17382,4664,1449,5.9312
17382,5497,2020,5.62635
7502,4664,1153,6.03529
55131,4666,260,5.96769
18615,4664,1146,6.03772
83068,5497,2048,5.61752
485,5499,1738,5.61332
148204,4664,1206,6.01364
148204,5496,947,5.65685
83092,4664,2011,5.78991
66797,4665,144,5.93699
37615,5499,1686,5.62782
3133,5496,934,5.66397
10376,4664,1025,6.08498
24935,5496,990,5.62261
19646,5499,1693,5.62635
270637,4666,325,5.8852
6554,5499,1731,5.61529
12622,5496,917,5.67225
20074,5497,2009,5.63111
723,5496,994,5.61688
124356,5497,2007,5.63151
256939,4664,1050,6.0757
5939,4664,1335,5.96785
2157,4664,1832,5.82793
1602,4666,697,5.58638
6540,4664,1106,6.05084
163771,5499,1717,5.62001
6569,5497,2055,5.61444
6569,5499,1692,5.62645
238026,4664,1037,6.08018
8954,4664,1398,5.9458
193725,4664,1369,5.95475
142364,5499,1674,5.63034
71676,5496,1043,5.58631
26745,4664,1299,5.97963
93001,5499,1708,5.62243
220331,4664,944,6.13466
1144,5496,984,5.62924
83283,4666,247,5.99716
26736,4664,1067,6.06812
29656,4664,1450,5.93006
5235,4664,1331,5.96979
3170,4664,1481,5.92124
114261,4664,1055,6.07469
23311,5499,1666,5.63396
28828,4664,1393,5.9467
2728,4666,444,5.74159
286114,4664,1150,6.03615
14017,5497,2097,5.60131
14017,5499,1750,5.60967
24996,5498,390,5.73842
24996,5499,1670,5.63268
24491,5496,964,5.64156
258131,4664,1360,5.95748
35662,4664,1155,6.03478
2627,5496,939,5.66051
308652,4664,1210,6.01313
59576,4667,110,6.11192
86128,5497,2035,5.6212
158883,5499,1742,5.61279
22940,4664,1056,6.07449
9833,4664,1075,6.06575
8208,4664,1034,6.0814
149169,5497,2053,5.6156
7823,5497,2004,5.63219
32146,5498,505,5.55539
4241,4664,1094,6.05693
40667,4665,117,6.00592
40667,5498,402,5.72001
40667,5499,1683,5.62821
6504,4664,1494,5.91748
130999,5498,415,5.69659
16538,4664,1372,5.95415
16538,5496,921,5.6706
378,5497,2011,5.6307
249095,4666,312,5.90372
57803,4664,1355,5.95959
1254,5498,450,5.65094
22029,4664,1161,6.03109
136146,4664,1201,6.01472
158791,5499,1699,5.62555
293925,4664,1695,5.86006
54372,5497,2031,5.62193
159566,4665,256,5.71362
38837,4664,1125,6.04558
38764,4666,355,5.83771
111379,4665,139,5.94936
207202,5497,2025,5.62329
26203,4664,943,6.13493
21503,4664,2273,5.7422
21503,5497,2080,5.60657
2995,4664,1590,5.88812
254634,4664,1133,6.04365
4168,4664,2375,5.72008
120305,5497,2041,5.6194
120305,5499,1706,5.62319
10579,4664,1194,6.01799
34276,4664,976,6.11202
3237,4664,1268,5.99337
30179,4666,346,5.85631
37875,4664,1174,6.02546
5021,4664,1571,5.89583
22606,4664,1423,5.93766
184730,4666,304,5.9107
21955,4666,753,5.56312
21955,5499,1802,5.59494
150485,5499,1792,5.59902
203087,4664,1080,6.06348
194964,5497,2124,5.59038
180345,5497,2047,5.61758
146943,5497,2028,5.62256
2978,4666,547,5.66588
127324,5496,920,5.67112
5718,4665,203,5.80962
6976,4664,1200,6.01481
2478,5497,2072,5.60781
198775,5498,374,5.77556
60126,4666,286,5.93658
60126,5499,1675,5.63002
129380,5497,2024,5.62416
30771,5497,2010,5.6309
26147,5498,387,5.74919
553,5496,1088,5.55282
553,5498,553,5.45856
151683,5499,1676,5.62965
85245,4665,152,5.91779
238919,4664,1138,6.04076
313002,4664,1143,6.03889
2376,4664,1550,5.90289
2376,5496,936,5.66351
14452,4664,1247,5.99884
264295,4665,68,6.25355
9108,5496,993,5.61861
9108,5497,2068,5.60951
7748,4664,1038,6.0792
6352,4665,215,5.77825
94724,5498,417,5.69438
168582,5499,1695,5.62612
182605,5499,1718,5.61967
253696,4664,1181,6.02368
173337,5499,1701,5.62499
23931,5499,1700,5.62545
23828,4664,1501,5.91608
23828,4667,128,5.9625
191351,4664,1081,6.06303
224675,4664,3134,5.5668
224675,5498,413,5.70466
114530,4664,1131,6.04399
66116,5498,396,5.72743
66116,5499,1688,5.62702
135530,4664,1147,6.03718
140172,5499,1714,5.62054
9918,4664,1060,6.07229
8702,4664,1198,6.01597
1722,4664,1671,5.86624
166436,4664,1889,5.8158
1836,5499,1893,5.56812
3966,4664,1711,5.85592
741,4664,1263,5.99541
9135,4664,1149,6.03653
264669,4664,1120,6.04724
256487,4664,1077,6.06527
673,5497,2066,5.61059
179251,4664,1192,6.01942
26906,4664,1072,6.06638
43245,4664,1165,6.02933
7718,4666,381,5.81056
66986,4664,1639,5.87317
30057,5497,2054,5.6149
30057,5499,1733,5.61497
32,4666,407,5.77343
300095,5499,1694,5.62626
1950,4665,375,5.55471
1950,5499,1821,5.58649
31198,4664,1209,6.01323
724,5496,952,5.65271
12266,4664,1107,6.05068
55158,5496,940,5.66045
86406,4664,1236,6.00171
31612,5499,1723,5.61848
44614,5498,411,5.70497
140779,5496,926,5.66906
166726,5497,2050,5.61644
17895,4664,1202,6.01401
245823,4664,1006,6.09626
19537,4664,1482,5.92124
93185,4666,580,5.64336
93185,5499,1785,5.6006
172600,5498,463,5.63353
23761,4664,1418,5.93894
4364,4664,1132,6.04387
4202,4664,1195,6.01753
62143,5496,914,5.6733
62143,5497,2042,5.61903
5014,5498,423,5.68148
203462,4665,157,5.90556
203462,5499,1709,5.62163
310726,4664,1054,6.07477
4975,5499,1689,5.62687
287116,5497,2039,5.61972
287116,5499,1679,5.62904
207783,5499,1724,5.61846
94255,4664,1425,5.93751
94255,5497,2093,5.60269
4604,5496,980,5.6311
22847,4666,359,5.83623
4146,4664,1496,5.91724
19903,4664,1085,6.06101
12367,5496,948,5.65546
84088,4665,103,6.10407
449,5499,1715,5.62023
33259,4664,1167,6.0281
35453,4664,1091,6.05777
103666,5499,1705,5.62361
161921,4666,310,5.90519
3662,4664,1416,5.94059
142687,5497,2109,5.59564
142687,5499,1800,5.59596
17204,5497,2037,5.62039
17204,5499,1704,5.62441
2541,5499,1752,5.60886
147790,5499,1751,5.60944
13455,4664,1491,5.91846
13455,5496,937,5.6622
72298,4664,1098,6.05378
109922,4664,1280,5.98807
41849,4664,1244,5.99964
54300,4664,1128,6.04449
246129,4664,1114,6.04786
2885,4664,1233,6.00284
200351,5496,969,5.63889
771,5497,2029,5.62208
144958,4664,1278,5.9883
46614,4666,332,5.87259
300591,4664,1101,6.05171
261898,4664,3149,5.56354
7537,4666,317,5.89963
22947,4666,299,5.91233
13503,4666,321,5.89401
252,4664,1381,5.95018
164236,5498,397,5.72642
9237,4664,1162,6.03092
13314,4664,1241,6.00013
216694,5497,2030,5.62203
216694,5499,1698,5.62573
282707,4664,2347,5.72592
282707,5497,2036,5.62114
23829,4664,1604,5.88398
23829,4667,134,5.92619
126119,4664,1156,6.03424
130499,5497,2078,5.60695
130499,5499,1727,5.61727
162476,5499,1761,5.60681
168662,4664,1119,6.04752
96310,4664,1113,6.04793
41004,4664,1130,6.04408
35472,4666,473,5.71703
207398,4664,1004,6.09872
2213,4664,1647,5.87189
129904,5499,1759,5.60699
24157,5496,1026,5.59355
175464,4664,1053,6.07525
36241,4664,1679,5.86472
910,5497,2046,5.61771
2472,5496,1049,5.58257
182050,4664,2150,5.7666
13976,4664,1984,5.79743
100172,5496,965,5.64131
100172,5497,2044,5.61864
97377,4664,1265,5.99435
167975,4664,1394,5.94655
167975,5496,977,5.6333
34001,5499,1713,5.62072
3262,4665,126,5.98186
6555,5496,930,5.66517
27736,5496,945,5.65723
1370,5499,1856,5.57594
36339,4664,1309,5.97685
10659,5498,488,5.5849
47218,5499,1732,5.61508
168230,5496,970,5.63789
2699,4664,1325,5.97178
2344,5497,2051,5.61612
91050,5497,2059,5.61362
91050,5499,1722,5.61869
29382,4664,1401,5.94557
271038,4665,192,5.8395
132766,4664,1108,6.05016
5400,4666,349,5.84468
42112,5496,956,5.64576
17859,5498,425,5.67726
5157,4666,393,5.79193
22826,4664,2275,5.74192
22826,4667,147,5.8656
271,5499,1735,5.61461
5294,4664,1440,5.93433
21324,4666,285,5.93685
5751,4664,1231,6.00344
158098,4664,1222,6.00867
27574,5497,2088,5.6041
3724,4664,1465,5.92672
38923,4664,1332,5.96965
4091,4664,1713,5.85524
304620,4664,1645,5.87205
30991,4664,1690,5.86163
40182,4666,378,5.81387
1188,5496,974,5.63627
56835,5498,437,5.66299
3562,5497,2089,5.60381
72204,5496,959,5.64438
72204,5497,2073,5.60765
41006,4666,265,5.95576
183720,4665,191,5.83962
6814,4664,1310,5.97677
17534,4666,557,5.65853
17534,5499,1747,5.61077
33159,5497,2065,5.61083
33159,5499,1746,5.61077
8071,4664,1457,5.92794
89403,5499,1719,5.61945
31553,4664,1293,5.98296
11429,4664,1196,6.01748
164448,4664,2964,5.60838
282774,4664,1215,6.01206
26961,5497,2058,5.61397
32405,4665,193,5.83945
32405,5499,1739,5.61324
212401,4664,1112,6.04794
148759,5497,2092,5.60271
26472,5499,1754,5.60828
15081,4664,1136,6.04175
49261,4666,441,5.74661
15386,5498,405,5.71564
6641,4664,1286,5.98525
94375,4664,1230,6.00346
128098,4664,1405,5.94478
55781,4664,1341,5.96522
2881,4664,1680,5.86441
13077,4666,367,5.8256
98975,4664,1253,5.99694
5573,4664,1291,5.98336
12459,4664,1415,5.94084
99313,4664,1129,6.0444
125318,4664,1059,6.07246
16197,4664,1090,6.05849
18887,4664,1251,5.99761
247567,5498,446,5.6547
247567,5499,1768,5.60414
39406,4666,396,5.78667
39406,5499,1721,5.61896
10244,4664,1118,6.04754
174431,4664,1752,5.84559
397,4667,205,5.59885
2212,5499,1741,5.61294
6558,4665,172,5.88282
175209,5496,960,5.64351
175209,5497,2116,5.59185
10520,4666,459,5.73029
671,4664,1629,5.87636
1251,5497,2064,5.61083
1694,4664,1569,5.89729
34152,5496,955,5.6475
305,5497,2091,5.60281
305,5499,1745,5.61119
185845,4664,1901,5.81383
24078,4664,1453,5.92886
126274,5496,966,5.6412
461,5497,2077,5.60714
461,5499,1729,5.61561
231367,4664,1134,6.04259
23055,4666,356,5.83668
214123,5497,2062,5.61136
4449,4664,1367,5.95598
96602,5496,981,5.62996
146451,4664,1844,5.82486
228409,4665,179,5.85851
228409,5499,1775,5.60226
154472,4664,1218,6.00988
169986,4664,1259,5.99592
169986,5497,2144,5.58219
3523,4664,1270,5.99317
8721,4664,1304,5.97892
4121,4664,1285,5.98558
20623,4666,298,5.91241
223669,4664,1086,6.06093
242312,4664,1066,6.06899
10272,4664,1288,5.98432
198608,4664,1330,5.96982
285133,5497,2057,5.61424
251364,4664,1199,6.01567
40638,4664,2726,5.65765
102881,4666,361,5.83363
228371,5497,2052,5.61584
4395,5499,1780,5.60111
159333,4666,267,5.95306
7922,4664,1382,5.95013
231152,4664,1848,5.82429
70324,4664,1681,5.86413
170437,5499,1783,5.60073
4363,4664,1183,6.02336
22938,5497,2106,5.59823
7994,4664,1460,5.92747
3231,5497,2074,5.60741
185057,4664,1250,5.9979
1558,5496,961,5.64343
9360,4664,1197,6.01631
148471,4664,1238,6.00089
208321,4664,1298,5.98068
4330,4666,436,5.75255
4330,5497,2096,5.60202
183963,4664,1428,5.9359
303733,5499,1748,5.61018
216,4666,464,5.72748
6860,4664,1163,6.0309
260465,4664,1164,6.02969
228378,5497,2099,5.59952
228378,5499,1777,5.60133
72269,5497,2061,5.61215
72269,5499,1730,5.6154
2975,4664,2131,5.76823
2975,5497,2159,5.57737
19918,4666,454,5.73728
10683,4664,1152,6.0354
11111,4664,1172,6.02631
285436,4664,1069,6.06744
15271,5498,418,5.69337
161719,5497,2156,5.57903
18296,5499,1757,5.60783
704,5499,1778,5.60126
166298,5499,1767,5.60446
12414,4664,1159,6.03262
2778,4664,1833,5.82782
2778,5497,2164,5.57672
331979,4664,1691,5.86106
3977,4665,115,6.01632
15180,5497,2104,5.59847
15180,5499,1774,5.6026
157451,4665,98,6.11631
38707,5497,2071,5.60878
149639,5497,2095,5.60235
33018,4664,1256,5.99648
323046,4664,1043,6.07821
148309,4664,1249,5.99828
243435,5499,1762,5.60665
2553,5499,1740,5.61304
5769,4664,1224,6.00668
168792,5497,2069,5.6088
129395,5499,1805,5.59413
113853,4665,175,5.86886
22684,5497,2090,5.60352
964,4665,162,5.89639
1189,4664,1357,5.95936
26884,5499,1773,5.60292
1572,5499,1749,5.61013
265039,4664,1580,5.89201
4916,4664,1444,5.9324
7064,4664,1795,5.83486
7064,4666,369,5.82219
35706,5497,2100,5.59942
122313,5497,2067,5.60976
25972,4664,1388,5.94768
91668,5499,1737,5.6135
20847,5497,2114,5.59367
20847,5499,1784,5.60066
262534,4664,2030,5.78689
891,5498,547,5.46805
73960,4664,1212,6.01256
183949,5499,1756,5.60794
244948,5499,1744,5.61146
31075,5497,2083,5.60535
154677,5497,2141,5.58406
33030,4664,1703,5.85809
172006,5497,2081,5.60616
191128,5499,1826,5.58325
167283,4666,405,5.77615
9803,4664,1370,5.95474
99081,5499,1799,5.596
141418,4664,2618,5.6777
141418,5497,2130,5.58689
3269,5499,1801,5.59531
4421,5497,2075,5.6073
327721,4664,1260,5.99591
3015,4666,387,5.80385
109285,4664,1323,5.97223
73472,5496,963,5.64173
5548,5496,991,5.62152
5992,4664,1564,5.89827
1187,4664,1985,5.79735
1187,5497,2127,5.58821
177861,4664,1239,6.00037
6516,4664,1643,5.87214
6516,5496,1001,5.61319
173648,5497,2085,5.60498
173648,5499,1766,5.6047
4959,4664,1556,5.90132
86445,4664,1289,5.9839
2920,4664,1214,6.01212
7089,4664,1712,5.8556
11166,4664,1217,6.01154
102275,5496,957,5.6454
268098,4664,1617,5.87947
65565,5499,1736,5.61459
37885,4664,1226,6.00567
309081,4664,1145,6.0383
149286,4664,1142,6.03905
164259,4664,2233,5.74939
164259,4666,517,5.69219
291952,4664,1279,5.98812
5278,4664,1521,5.91024
14701,4664,1665,5.86764
26859,5498,534,5.5085
3369,4664,1529,5.90821
3369,5496,953,5.65009
140163,4666,556,5.659
295,5497,2113,5.59492
190572,4664,1377,5.95088
42688,5497,2094,5.60237
42688,5499,1755,5.60816
1579,5496,1002,5.61293
246316,5499,1770,5.60384
27609,4665,164,5.8944
27609,5499,1788,5.59958
765,4666,475,5.71461
193715,5497,2135,5.58543
4331,4666,392,5.79284
3246,4664,1485,5.91997
3246,5496,992,5.61923
3531,4664,1475,5.9228
3531,5496,954,5.64909
172033,4666,406,5.77521
172033,5499,1764,5.60563
9865,4664,1237,6.00112
43196,4664,1337,5.96745
131017,4664,1182,6.02344
5607,4664,1797,5.8347
5178,4665,128,5.97713
7828,4664,1439,5.93439
202435,4664,1211,6.01267
1208,5497,2070,5.60879
4961,4666,434,5.75407
4961,5499,1758,5.60732
93540,5497,2082,5.60594
54201,5496,978,5.63251
7501,4664,1375,5.95198
67123,4664,1461,5.9273
2388,4664,1652,5.871
29078,4664,1930,5.80845
23400,4664,1294,5.98293
2888,4664,1584,5.89169
294175,5498,421,5.6867
329432,4664,1389,5.9475
126026,4664,1497,5.91694
2538,4664,1682,5.86388
2538,5497,2119,5.59097
22843,4664,1290,5.98371
72460,4664,1306,5.97793
4358,4664,2465,5.70661
38402,5499,1791,5.59907
470,5496,1023,5.59412
470,5497,2137,5.5849
104555,4666,453,5.73877
1375,4664,1589,5.88846
231920,4664,1191,6.02037
261,5499,1760,5.6069
45319,5497,2107,5.59797
162367,5498,428,5.67606
5831,4664,1519,5.91074
194986,5497,2125,5.58924
746,4664,2335,5.72786
4323,5497,2086,5.60464
4323,5499,1776,5.60181
137140,5499,1763,5.60599
5940,4664,1373,5.95228
4510,4664,1532,5.90789
220987,4664,1374,5.95203
4436,4664,1397,5.9459
7420,4664,1707,5.85686
161820,4664,1271,5.99301
16435,4664,1292,5.98298
286358,4664,1234,6.00247
6916,4664,1510,5.91395
7382,4664,1329,5.97011
159375,5499,1790,5.59915
174556,4664,1315,5.97479
7637,4664,1422,5.93785
9673,4666,338,5.86445
161762,4666,395,5.78777
161762,5499,1806,5.59397
2300,4664,1343,5.96387
12253,4664,1180,6.02394
1237,5499,1765,5.60479
108429,5497,2098,5.60094
5195,5499,1845,5.57792
154098,4664,1213,6.01215
14186,4666,386,5.8052
9792,5497,2138,5.58446
9792,5498,485,5.59432
585,4666,360,5.83567
1772,4664,1704,5.85804
13920,4664,1400,5.94564
143657,5497,2103,5.59875
98739,5497,2110,5.59556
98739,5499,1786,5.59993
15435,4664,1633,5.87547
135270,4666,293,5.92076
506,5499,1813,5.58979
110643,4664,1225,6.00601
118025,5499,1793,5.59857
5480,4664,1602,5.88437
6046,4664,1499,5.91632
314,4664,2432,5.71245
17274,4667,210,5.59316
184559,4664,1302,5.97936
12135,4664,1378,5.95085
5241,4664,1744,5.84767
30795,4664,1352,5.96153
154,5497,2084,5.60503
242292,4664,1402,5.94521
242292,5497,2123,5.5906
155315,4664,1349,5.96202
6197,4664,1353,5.96128
144290,5497,2105,5.59832
67878,4667,162,5.79652
188124,4664,1242,5.99996
10672,5499,1772,5.60351
4978,4664,1842,5.82514
5333,4664,1410,5.94248
19902,4664,1380,5.95046
290378,4664,1359,5.95754
278042,4664,1452,5.92989
5702,4664,1358,5.95763
15911,4666,388,5.8026
23915,4664,1570,5.8968
1373,4664,1658,5.86932
6644,5499,1815,5.5894
1881,5496,1070,5.56285
1881,5498,504,5.55655
17537,4664,1255,5.99651
9112,4664,1412,5.94208
247950,4664,1296,5.98144
25423,4666,460,5.7287
251213,4664,1698,5.85965
11139,4664,1403,5.9452
2399,4666,741,5.56795
861,4665,386,5.53974
4915,4664,1507,5.91449
8350,4664,1541,5.90646
7255,4664,1414,5.94094
86458,4664,1324,5.97216
149746,4667,166,5.76635
2903,4664,2368,5.721
5768,4664,1454,5.92871
123408,4667,136,5.91898
123408,5496,1006,5.61122
145928,5499,1814,5.58948
133940,4664,1303,5.97934
7204,5499,1797,5.59626
162383,4664,1390,5.94743
9663,4664,1316,5.97381
192288,4664,1409,5.94395
164589,5499,1779,5.60119
5697,5499,1810,5.59143
181031,5497,2102,5.59908
128252,4664,1340,5.96544
1780,5496,972,5.63691
238012,4664,1853,5.82234
7177,4664,1534,5.90754
326767,4664,2376,5.72007
35220,4664,1436,5.93498
148144,5496,1009,5.60776
148144,5497,2111,5.59533
181267,4664,1282,5.98756
177619,4664,1702,5.8582
177619,5497,2182,5.57144
825,5499,1828,5.58268
66088,4665,200,5.82051
66088,4666,480,5.71221
240902,4664,1356,5.9594
6121,4666,410,5.76907
157449,4664,1455,5.92865
169675,5498,472,5.623
34905,5498,430,5.67088
343,5499,1781,5.60097
13182,4664,1257,5.99646
94732,4665,269,5.69272
94732,5499,1839,5.57903
88079,4664,1483,5.92089
203885,5499,1804,5.59413
130729,5499,1818,5.58758
10445,4667,164,5.77029
233016,4664,1424,5.93757
20821,4666,413,5.76844
28574,5496,1105,5.54417
96061,4664,1319,5.9736
1890,4666,333,5.86902
8757,4664,1468,5.92488
281945,4664,1246,5.99953
41372,5496,1008,5.60776
2060,5499,1834,5.57995
309297,4664,2550,5.69024
153002,4665,141,5.94323
24321,4664,1739,5.84853
126789,4664,2754,5.651
126789,5496,1039,5.58768
53840,5496,976,5.6338
416,5498,442,5.65983
41624,4664,1301,5.97936
98529,4665,177,5.86306
98529,5499,1795,5.59826
288798,4664,1583,5.89186
129029,5497,2112,5.59499
15173,5496,985,5.62917
15173,5499,1794,5.59851
160234,4664,1726,5.85225
288,4664,1406,5.94447
290380,4664,1536,5.90727
1555,5499,1820,5.58678
5958,4664,1396,5.94626
15153,4664,1287,5.98465
142451,5496,1052,5.58041
142451,5497,2148,5.58078
9640,4664,1344,5.96353
10581,4664,1362,5.95716
21769,4664,1419,5.93888
16196,4664,2043,5.78358
16196,5497,2132,5.58647
188825,4664,1634,5.87507
135812,4666,456,5.73281
2342,4665,268,5.69681
2342,5499,1837,5.57917
60316,5499,1771,5.60377
177062,4664,1456,5.92859
181377,5496,973,5.6369
181377,5497,2120,5.59093
18652,4664,1379,5.95054
1919,4664,2281,5.74027
23977,4664,1929,5.80852
316620,4664,1429,5.93582
123604,4664,1411,5.94239
251228,4664,1321,5.9728
50719,4664,3232,5.54713
154499,5499,1782,5.60094
25768,5496,989,5.62301
25768,5498,445,5.65546
341416,5499,1787,5.59979
320084,4664,1272,5.99291
1618,4664,1420,5.93843
5834,4664,1464,5.92691
42783,4664,1451,5.92993
187808,4664,1339,5.96716
3403,4664,1636,5.87427
36598,4664,1505,5.91485
35910,4666,339,5.86418
35910,5497,2101,5.59937
801,4664,1469,5.92479
57349,4665,136,5.95729
310880,4664,1283,5.98704
5183,4664,1623,5.87736
204592,4665,236,5.74479
3057,4666,374,5.81694
316410,4664,1262,5.99549
10022,4664,1518,5.91082
10022,5497,2149,5.58061
8843,4664,1537,5.90726
9616,4666,590,5.64045
9616,5497,2142,5.58322
3152,4664,1947,5.80512
6937,5497,2108,5.59672
14559,4664,1361,5.95716
2248,4666,422,5.76391
642,5498,435,5.66573
4918,4664,1565,5.89794
2521,4666,423,5.76375
3507,4665,170,5.88498
6282,4664,1741,5.84792
13542,5497,2126,5.58871
13542,5499,1789,5.59944
1319,4665,211,5.79242
1543,5496,988,5.62317
10168,4664,1328,5.97041
44558,5498,434,5.66731
134964,4664,1651,5.87111
17705,5498,438,5.66283
267397,5497,2165,5.57629
270871,5496,983,5.62935
1324,5499,1835,5.57955
92759,4664,1368,5.95485
1294,5499,2062,5.52536
414,5499,1808,5.59294
5264,4664,1591,5.88812
269766,4666,540,5.67205
226997,4664,1447,5.93164
32048,4665,148,5.9295
2265,4666,615,5.62615
180211,5496,999,5.61426
180211,5497,2129,5.58713
147919,4664,1342,5.96396
60228,4664,1503,5.91524
190700,4664,1467,5.92499
6559,4664,1672,5.86614
959,4664,1492,5.91843
12736,4664,1437,5.93467
17538,4664,1348,5.96261
271268,4664,1308,5.977
285193,4664,1383,5.94996
3078,4666,343,5.85855
273482,4664,2127,5.76867
2229,4666,452,5.73905
12627,5496,1022,5.59414
12627,5498,495,5.57006
59960,5497,2128,5.5873
7090,4664,1386,5.94817
16144,5499,1816,5.588
1250,5496,1021,5.59445
10248,4664,1307,5.97746
265947,4664,1391,5.94736
218007,4664,1326,5.97104
150831,4664,1563,5.8984
72848,5496,1031,5.59112
72848,5498,465,5.63266
167580,4664,1297,5.98124
7164,4667,144,5.87224
36903,4664,1404,5.94484
135577,4664,1448,5.93159
10186,4664,1551,5.90274
277930,4664,1489,5.91947
6548,4665,167,5.88871
31822,5499,1798,5.596
215155,4664,1642,5.87228
5700,4664,1725,5.85234
20269,4666,357,5.83635
2173,4666,708,5.5817
13981,4664,1841,5.82586
294594,4664,1266,5.9942
293112,4664,1484,5.92013
261246,5499,1811,5.59107
5736,4664,1881,5.81665
8679,4664,1474,5.9238
214910,4666,627,5.61974
209423,5496,968,5.63933
209423,5497,2115,5.59265
148007,4664,1446,5.93197
7955,4664,1745,5.84763
6914,4664,1539,5.90689
251349,5499,1847,5.5777
2879,5498,455,5.64376
20907,4667,127,5.96522
20907,5497,2145,5.58157
6617,4665,303,5.65484
65582,4665,318,5.63663
2105,4664,1730,5.85153
10467,4664,1955,5.80332
38462,4666,373,5.81776
191065,4665,176,5.86577
38918,4666,513,5.69564
32226,5499,1809,5.59175
162391,5499,1803,5.59485
233018,4664,1347,5.96262
5038,4664,1561,5.89926
171708,4664,1607,5.88302
38361,4664,1443,5.9333
327723,4664,1322,5.9723
43393,4665,158,5.90531
2236,4664,1384,5.94916
1860,4667,219,5.549
68186,4664,1796,5.83477
17125,5497,2117,5.59105
68876,4664,1858,5.8216
75890,4664,1495,5.91738
7950,4664,1723,5.85269
7950,5496,996,5.61635
106978,4664,1305,5.978
12501,4664,1592,5.88646
186990,4664,1578,5.89219
258,5498,603,5.33007
258,5499,2179,5.48957
75674,4664,1462,5.92724
4953,5499,1881,5.57045
18724,4664,1490,5.9193
85567,5499,1823,5.58585
37912,4664,1543,5.90609
113656,4664,2236,5.74862
288317,4664,1815,5.83114
13218,4664,1408,5.94396
39994,5498,451,5.64924
198,5499,1819,5.58749
8690,5498,478,5.60768
4746,5496,1073,5.56161
4746,5497,2235,5.54951
116981,5499,1838,5.57912
35188,5498,490,5.58329
112118,4666,350,5.84126
3618,4664,2110,5.77157
1635,4664,1575,5.8928
101206,4664,1427,5.93692
7774,4664,1659,5.86924
7774,5496,1025,5.59394
158861,5497,2118,5.59101
29386,4664,1488,5.91958
7590,4664,1574,5.89446
56690,4666,470,5.72391
7240,5497,2186,5.56913
31623,4664,1864,5.82077
11695,4664,1973,5.80037
4235,4664,1806,5.83331
25037,4664,1517,5.91108
122435,4664,2566,5.68835
35812,4665,181,5.85639
124991,5496,1004,5.6127
303648,4665,336,5.61686
303648,5499,1888,5.56919
99770,5497,2134,5.58561
34238,5496,1000,5.61407
3000,4664,1533,5.90765
6039,4664,1598,5.8852
434,4666,570,5.65001
2444,4664,2318,5.73146
2444,5499,1898,5.56744
19145,4664,1596,5.88598
1891,4667,192,5.662
273909,4664,1442,5.93344
43801,4664,1433,5.9353
4357,4664,1627,5.87663
174990,5497,2207,5.56207
6240,4664,1931,5.80824
3084,5499,1885,5.56957
166640,5497,2143,5.58271
124838,4664,1387,5.94803
17022,4664,1772,5.84139
36623,4664,1523,5.90993
16792,4664,1511,5.91323
3985,4664,1524,5.90964
122701,5497,2136,5.58534
26474,4664,1472,5.92436
240906,4664,1407,5.94441
158492,4664,1445,5.93206
21703,4666,389,5.79905
16466,4664,1438,5.93456
29860,4664,1432,5.9354
23658,4665,204,5.80943
21149,4664,1640,5.87272
5045,4664,1504,5.91487
13224,4664,1983,5.79748
8317,4664,1673,5.86585
2216,5496,1019,5.59678
2216,5499,1923,5.56183
7750,4664,1435,5.93519
2078,4664,1826,5.82892
2562,4664,2270,5.74321
240901,4664,1470,5.92466
3517,4665,221,5.76689
39189,4664,1417,5.93944
345684,4664,1430,5.9356
237745,4664,1605,5.88363
23615,4664,1576,5.89275
314461,4664,1606,5.88344
6112,4665,165,5.8929
251685,4664,1354,5.95971
19074,5497,2150,5.58049
19074,5499,1831,5.58208
140865,4666,573,5.64786
140865,5499,1850,5.57721
42748,5497,2122,5.59066
474,5497,2158,5.57778
27719,5499,1807,5.59306
8717,4664,1476,5.9225
24698,4666,347,5.85011
3581,4664,1824,5.82931
65516,5497,2151,5.5802
121429,4664,1459,5.92768
68816,4664,1530,5.90812
26697,4664,1540,5.90651
2902,4667,130,5.95533
209863,4664,1548,5.9033
4234,4664,1678,5.86472
23375,5497,2163,5.57673
245224,4664,1544,5.90496
5277,4664,1616,5.87956
3275,4664,1477,5.92241
18963,5496,1045,5.58568
18579,4667,135,5.92582
5274,4664,1479,5.92228
109635,4664,1522,5.90997
27608,5498,432,5.67075
190,5499,1812,5.59076
39565,4664,2644,5.672
2335,4664,2220,5.75326
16142,4665,163,5.89511
231876,5499,1817,5.58789
56886,4664,1751,5.84578
23657,4665,114,6.02015
93895,5496,982,5.6297
24764,5499,1916,5.56353
10676,4664,2125,5.76891
12252,4664,1392,5.94676
3183,4664,2280,5.74039
3183,5496,1003,5.61279
164760,5498,481,5.59995
164760,5499,1872,5.57284
20253,4666,411,5.769
4375,5497,2154,5.57946
4375,5499,1832,5.58058
4052,4667,209,5.59477
5058,4664,1528,5.9084
11694,4664,1694,5.86018
5641,5496,1180,5.48974
5641,5498,521,5.52935
5503,4664,2074,5.77867
5503,5496,1028,5.59267
124000,5497,2139,5.58431
124000,5498,466,5.63006
9200,5496,997,5.61569
9200,5497,2146,5.58123
43136,5499,1899,5.56736
2087,5499,1842,5.5788
9650,4664,1573,5.89549
55835,4665,241,5.73592
55835,5499,1841,5.57891
186974,4664,1794,5.83496
83,4664,1800,5.83435
118177,5499,1822,5.58643
29375,4664,1502,5.91528
703,4664,1622,5.87789
286804,4664,1531,5.90792
239,4664,1674,5.86541
9077,4664,1653,5.87063
170431,5497,2157,5.57845
170431,5499,1836,5.5794
11706,4664,2251,5.74643
178349,5496,1007,5.60835
178349,5497,2167,5.57532
40251,4664,2370,5.72094
38578,4664,1554,5.9023
72131,5497,2194,5.566
72131,5499,1846,5.57776
5296,4664,2591,5.68197
2082,4664,1917,5.81154
581,4666,501,5.70177
10884,4664,1516,5.91161
195515,4664,1908,5.81304
484,4667,202,5.61712
7635,4664,1546,5.90344
9867,4664,1514,5.91267
194976,4666,382,5.8092
145553,5497,2140,5.5842
6021,4664,1706,5.857
4222,4664,1618,5.87857
7639,4664,1692,5.86058
2775,4664,1761,5.84385
3965,4664,1941,5.80623
36661,5497,2133,5.5858
2249,4665,282,5.6762
6380,4667,155,5.82749
118559,4664,1545,5.90486
14451,5497,2147,5.58116
4914,4664,1644,5.87211
5953,4665,150,5.92363
17557,4665,528,5.40454
17557,5499,1982,5.54524
28289,4664,1601,5.88447
1321,4665,166,5.89044
2918,4664,1977,5.79926
2918,4667,168,5.75716
89918,5499,1825,5.58345
115105,5498,543,5.48362
115105,5499,2024,5.53522
152115,4666,353,5.84022
221661,5498,441,5.65991
4020,4664,1740,5.84833
50764,4664,1670,5.86651
265304,4664,2139,5.76787
5479,4664,1577,5.89275
40800,5498,452,5.64658
63951,4664,1632,5.87576
296644,4664,1614,5.88075
10829,4664,1812,5.8322
32150,4664,1480,5.92223
577,5496,1018,5.59764
577,5497,2176,5.57247
90050,5499,1873,5.57188
944,5496,1038,5.58834
2121,4664,1879,5.81732
2121,5497,2181,5.57157
159160,4664,1662,5.86839
8737,4664,1716,5.85465
2629,4665,247,5.72518
6045,4664,1810,5.83289
63161,4666,364,5.82719
6946,4664,1999,5.79327
125854,5497,2174,5.57318
19056,4666,399,5.78193
9870,4664,1535,5.90754
35219,4664,1630,5.87614
137958,4664,2382,5.71916
20829,5499,1829,5.58244
12604,5499,1851,5.57715
6037,4664,1808,5.83317
1804,5498,431,5.67079
220443,4666,482,5.71174
62809,5499,1854,5.57663
20122,4666,485,5.7107
20122,5499,1824,5.58522
5830,4664,1585,5.89028
42255,4664,1594,5.88631
33196,5496,1048,5.58302
33196,5497,2152,5.57981
6399,4664,1742,5.8478
5988,4664,1631,5.876
25453,4666,519,5.69038
290,5499,1863,5.57401
9356,4664,1509,5.91405
108012,5496,995,5.61687
269623,4665,137,5.95672
225909,4664,1542,5.90635
4651,4664,2607,5.67988
127096,5496,1020,5.59523
127096,5497,2170,5.5742
40411,4664,1715,5.85485
43332,4664,1608,5.8826
25687,4666,432,5.75623
3807,4664,1869,5.81935
3807,5496,998,5.61443
29376,4664,1559,5.90081
643,4667,138,5.91393
18881,4665,147,5.93236
5997,4664,1718,5.85372
284,4664,1959,5.80276
284,5496,1005,5.61129
284,5497,2131,5.58663
2088,5497,2153,5.5797
2088,5499,1830,5.5821
208887,4664,1506,5.91452
192891,5497,2206,5.56215
192023,4664,1599,5.8849
3749,5499,1867,5.57346
10262,4664,1767,5.84205
192924,4665,197,5.8255
192924,5499,1840,5.57896
197377,4664,1562,5.89864
1898,4667,180,5.70821
299105,4664,1595,5.88605
84913,4666,415,5.76644
25,4664,2388,5.71777
25,5496,1010,5.60568
24230,4666,404,5.77636
6918,4664,1793,5.83496
7840,4664,1747,5.84717
101118,4664,1512,5.91291
2672,5499,1827,5.58285
4011,4664,1621,5.87813
12699,4664,1637,5.87329
193697,4664,1624,5.87716
30706,5499,1848,5.57746
330145,4664,1697,5.85972
9858,4664,1513,5.91273
5279,4664,1566,5.89793
171742,4664,1593,5.88639
201281,4664,2047,5.78291
25344,5497,2155,5.57911
2773,5496,1012,5.60415
175230,4664,1572,5.89557
4366,4664,1667,5.86686
169102,5496,1017,5.59847
9104,4664,1586,5.88968
16149,4665,173,5.87432
5023,4664,1727,5.85215
239262,4664,1560,5.89997
9961,4664,1708,5.85674
11978,4664,1660,5.86872
3901,4664,1654,5.87023
54457,4664,1687,5.86243
7503,4664,1699,5.85895
136229,4664,1780,5.83957
125368,5499,1909,5.56504
30102,4666,390,5.7973
3627,5496,1013,5.60293
3627,5499,1879,5.57067
19009,4664,1646,5.87197
147168,4667,163,5.78405
148381,5498,475,5.61941
177142,4664,1648,5.87158
23387,4667,143,5.89297
4343,4664,1666,5.86744
4359,4664,1871,5.81899
129309,4664,1798,5.83463
15156,5499,1833,5.57996
72083,5497,2160,5.5773
72083,5499,1859,5.57471
68387,4664,1783,5.83843
39095,4665,198,5.82392
125675,5496,1015,5.59882
125675,5499,1862,5.57426
134804,4664,1557,5.90125
10534,4664,2032,5.7862
3313,4666,522,5.68659
320881,4664,1714,5.85523
1986,5499,1950,5.55429
24028,5499,1877,5.57115
10346,4664,1719,5.85362
43023,4665,135,5.96055
7609,4664,1732,5.85142
9504,4664,2111,5.77153
39426,4664,1515,5.91231
23329,4666,503,5.70086
39278,4664,1555,5.90209
6813,4664,1782,5.83865
2736,4664,2203,5.75574
2736,5497,2202,5.56314
114871,4666,669,5.59993
56342,5498,467,5.62837
6700,4664,1669,5.86651
143323,5499,1922,5.56239
64080,5497,2195,5.566
64080,5499,1860,5.57464
120814,5498,436,5.66502
1773,4664,2311,5.73271
1773,5496,1024,5.59403
9044,4664,1611,5.8815
3070,4664,1765,5.84243
9439,5499,1883,5.57024
145390,4664,1587,5.88964
10269,4664,1801,5.83401
198670,4664,2067,5.77952
8328,4664,2159,5.76447
55315,5499,1843,5.57822
1620,4664,1925,5.80974
4977,4664,1982,5.7976
34403,4664,1600,5.88458
38400,4664,2567,5.68753
38400,5496,1058,5.57368
6270,4664,1790,5.83534
31586,4664,2908,5.61813
49396,4664,1696,5.85981
35003,4666,420,5.76418
23848,5497,2166,5.57554
23848,5499,1858,5.57508
7739,4664,1756,5.84446
225166,4664,1735,5.85061
33040,5496,1054,5.57767
225800,4664,1657,5.86961
1420,5499,1931,5.56019
228713,5497,2180,5.57174
136606,4664,1588,5.88919
74311,4664,1552,5.90247
3162,4664,1968,5.80158
4178,4666,430,5.75766
2366,4666,525,5.68581
26620,4664,1650,5.87117
31926,4666,416,5.76586
94615,4664,1736,5.85034
129735,5498,447,5.65312
88246,4664,1603,5.88432
248909,5498,479,5.60466
248909,5499,1874,5.57164
103883,5499,1853,5.57681
145675,5499,1876,5.57143
5656,4664,2041,5.78406
11278,4664,1582,5.89188
6980,5496,1040,5.58718
6980,5499,1928,5.56096
2875,4664,1709,5.85666
5990,4664,1921,5.81073
164590,5499,1852,5.57705
41054,5498,468,5.62659
210428,4664,1549,5.90305
99698,5496,1035,5.59032
2457,4664,3086,5.57876
2457,4665,251,5.71997
49400,4664,1768,5.84201
63868,4664,1684,5.86363
105265,4666,498,5.70353
9685,4665,145,5.93625
294463,4664,2752,5.65119
4919,4664,1805,5.83349
127989,4666,365,5.82701
509,5499,1891,5.56853
11708,4664,1717,5.854
167,5497,2168,5.57518
178,4666,494,5.70494
77076,4665,224,5.7626
25142,5499,1871,5.57299
37345,5497,2172,5.57385
37345,5499,1868,5.5733
85633,4664,1964,5.80194
31336,4667,152,5.83739
123370,5499,1900,5.56731
11465,4664,1733,5.85092
383,5499,1844,5.57799
23284,4666,443,5.74201
349805,4664,2015,5.78857
5822,4664,1804,5.83369
10234,4664,1863,5.82116
5752,4664,1619,5.87842
1578,5496,1016,5.5986
1578,5497,2175,5.57278
132251,5499,1956,5.55254
180867,5499,1920,5.563
130922,4664,1792,5.83523
4960,4664,1799,5.83451
6732,4664,1874,5.81873
257962,5499,1857,5.57512
131457,5497,2169,5.57459
42617,5497,2210,5.56126
42617,5499,1933,5.55986
120547,4664,1789,5.83542
257273,4665,244,5.73224
257273,5499,1855,5.57649
31378,4664,1661,5.86839
288572,4664,1527,5.90864
183,4666,435,5.75296
9117,4664,1743,5.8477
3576,4664,1969,5.80142
1367,5497,2162,5.57697
309545,4664,1676,5.86526
7638,4664,2018,5.78834
2194,4664,2255,5.74563
127883,5497,2161,5.57698
60035,5499,1866,5.5737
103830,4666,394,5.78781
255381,4664,1579,5.89207
4236,4664,2165,5.76239
1551,4664,3015,5.5976
1551,5499,1929,5.56077
140682,4664,2193,5.75718
8751,4664,1809,5.83299
1218,4665,330,5.62279
67910,5499,1886,5.56943
252579,4664,1701,5.85848
122599,5496,1084,5.55522
20528,5499,1870,5.573
129307,4664,2014,5.78903
22297,4664,1700,5.85894
86919,4664,1748,5.8471
26919,4664,2002,5.79278
2546,5499,1932,5.55994
49392,4664,1705,5.85791
34696,5499,1861,5.57451
5488,4664,1918,5.81148
25196,4666,598,5.63697
151936,4664,1803,5.83385
99042,4664,1750,5.84676
286063,5496,1036,5.58904
273519,4664,1693,5.86019
290872,4664,1597,5.88562
120033,4664,1897,5.81438
4125,4664,2145,5.76698
67084,4664,1981,5.79795
4016,4664,1655,5.87014
687,4666,455,5.73375
25993,4664,1766,5.84218
131387,4666,528,5.68248
1501,5499,2025,5.53518
26047,5496,1047,5.58383
26047,5497,2209,5.56158
2025,5496,1112,5.53698
40830,4666,495,5.70441
2427,4664,2076,5.77826
6038,4664,1904,5.81338
206450,5499,1924,5.56175
148375,4666,732,5.57153
2965,4666,504,5.70062
2452,5498,571,5.42625
20467,4666,497,5.70383
20467,5497,2199,5.56522
7752,4664,1641,5.87254
3594,4664,2461,5.70713
3594,5496,1034,5.59033
20906,4667,137,5.91416
20906,5497,2201,5.5648
2138,4664,1891,5.81536
133,5497,2177,5.57188
177061,4664,1838,5.8264
665,4665,124,5.98416
64331,4664,1686,5.86297
135732,4664,2096,5.77411
173074,4665,267,5.70007
24693,4664,1872,5.81888
49399,4664,1890,5.81559
745,4664,1775,5.84068
2986,4664,1978,5.79886
30022,4664,1724,5.85256
217197,4664,1638,5.87327
1477,4664,2012,5.78969
1477,5497,2185,5.56947
163255,4664,1950,5.80467
148050,4664,1734,5.8508
226506,4664,2437,5.71175
142645,5499,1907,5.5653
6942,4664,1817,5.83104
325382,5499,1849,5.5774
40962,4665,199,5.82388
40962,5499,1882,5.57031
454,4665,151,5.92214
97655,5499,1865,5.57372
26372,4664,1685,5.86304
266968,4664,1787,5.83737
9150,4664,1754,5.84491
6041,4664,1949,5.80474
26233,4665,140,5.94756
35457,4664,1656,5.8701
5239,4664,2016,5.7885
6405,4664,2056,5.78106
7538,4666,660,5.60451
7538,5499,1915,5.56372
150138,5496,1029,5.59128
4254,4664,1862,5.82132
1337,4666,437,5.75009
147563,5498,439,5.66173
17816,5499,1940,5.55755
143023,4664,1988,5.79611
1246,4664,2253,5.74608
4816,5497,2244,5.54554
4816,5499,1937,5.55823
79,4664,1979,5.79834
69316,4667,156,5.82716
3641,4664,1948,5.80509
12054,4664,1615,5.88041
128794,4664,1746,5.84717
21991,4666,412,5.7685
326985,4664,1620,5.87828
13645,4664,1834,5.82769
122236,4664,2361,5.722
122236,5497,2171,5.57389
139,5497,2192,5.5661
139,5498,473,5.62037
9577,4664,2155,5.76507
85857,4664,1811,5.83236
94949,4664,2049,5.78274
8307,5496,1014,5.60018
8307,5498,471,5.62311
73361,4664,1753,5.84512
11283,5497,2173,5.5733
257204,5499,1902,5.56724
18776,4664,1769,5.84187
21915,4664,1675,5.86535
319263,5497,2228,5.55161
296570,4664,1683,5.86381
23258,5496,1050,5.58218
23258,5497,2208,5.56196
7253,4664,1791,5.83525
8666,4664,2051,5.78198
17821,4666,363,5.82836
218491,4664,1664,5.86793
12269,4664,1609,5.88232
38499,4666,500,5.70326
38499,5499,1869,5.57318
1924,5497,2190,5.56706
1924,5499,1875,5.5716
56604,4667,169,5.75625
10102,4664,1835,5.82763
140613,5499,1905,5.56603
56641,4664,1737,5.84997
7278,4664,1720,5.85288
10245,4664,1635,5.87497
64735,4666,492,5.70543
9238,4664,2000,5.79311
16674,4664,1902,5.81354
89880,4664,2117,5.77105
14036,5499,1901,5.56728
3670,4664,2094,5.77457
6770,4664,1823,5.82934
226789,4664,1625,5.87692
38437,4665,111,6.03335
7749,4664,1649,5.87128
7636,4664,1899,5.81416
6721,4664,1784,5.83827
245456,4664,1909,5.81269
323,5497,2187,5.56881
157528,4664,1668,5.86678
32907,4664,1729,5.85205
33048,4664,2501,5.69856
13978,4664,1866,5.82009
5475,4664,2246,5.74724
5475,5497,2237,5.54934
72200,4664,1828,5.82866
151016,5497,2184,5.57014
283935,5499,1864,5.57401
73363,4664,1771,5.8415
24209,4665,133,5.96501
1101,5499,1887,5.56933
39663,4664,1777,5.84018
4293,4664,1861,5.82135
72340,4664,1779,5.84005
17235,4665,186,5.84632
230040,4664,1721,5.85276
66809,4664,1996,5.7942
702,5496,1041,5.5869
5923,4664,1876,5.81845
11988,5497,2178,5.5718
184800,5497,2193,5.56608
184800,5499,1919,5.56322
33156,4666,450,5.74004
39067,4664,1749,5.84708
4671,4667,174,5.71915
4671,5496,1042,5.58649
130008,5497,2183,5.57025
25760,4665,118,6.00249
123406,5496,1046,5.58485
122831,5497,2196,5.56554
35452,4664,2042,5.7836
2080,4664,2441,5.71086
165633,5498,493,5.58253
26250,4664,1997,5.79418
17073,4666,484,5.71154
1387,5499,1944,5.55596
241,5496,1030,5.59124
241,5497,2188,5.56821
1792,4664,1975,5.79998
1792,5497,2234,5.54977
13212,4664,1857,5.82171
11730,4666,448,5.74064
6847,4664,1852,5.82252
16972,4664,1757,5.84437
103975,4666,537,5.67589
4917,4664,1905,5.81336
88006,4664,1785,5.83798
15990,4664,1760,5.84396
144416,5499,1878,5.5709
57368,5499,1897,5.56751
387,5497,2205,5.56235
387,5499,1930,5.56046
26305,4664,1728,5.85211
26999,4664,1967,5.80168
5383,4664,2185,5.75797
20774,4664,1818,5.83061
99120,5496,1107,5.54327
49394,4664,1972,5.80041
141430,5498,527,5.52388
198541,4664,2720,5.65852
10310,4664,1781,5.83936
67339,4664,1764,5.84264
8707,5497,2197,5.56541
35306,5497,2198,5.56535
1815,5497,2179,5.57176
299106,4664,3237,5.54554
299106,5497,2211,5.56063
40455,4664,2662,5.66938
137498,4664,2025,5.78743
160434,5499,1894,5.56809
7779,4664,1814,5.8313
754,4666,533,5.68105
425,4664,2337,5.72784
19161,5497,2246,5.54491
168653,4664,1942,5.80614
2947,5497,2241,5.54641
2947,5499,1934,5.55956
118688,4666,397,5.786
27613,5499,1895,5.56784
8354,4664,1755,5.84446
5182,4664,1994,5.79438
287189,5496,1066,5.56625
11542,4666,520,5.68965
176936,4664,2746,5.65276
6476,4664,1813,5.83201
37592,4664,1731,5.8515
12538,5499,1917,5.56349
57037,4666,575,5.64594
57037,5497,2214,5.55993
4500,4664,2020,5.78822
9086,4664,1914,5.81176
13553,4664,2170,5.76104
251026,4664,1759,5.84399
7228,4664,1839,5.82608
68947,5498,454,5.64426
68947,5499,1889,5.56902
164059,4664,2093,5.77474
16325,4664,1773,5.84107
181244,5499,1890,5.56878
11997,4666,400,5.78032
267243,4664,2098,5.77386
107917,4664,2048,5.7828
8509,4664,1912,5.81249
10889,4666,398,5.78575
127721,4664,2681,5.66542
170390,4664,1831,5.82817
174959,4664,1688,5.86242
487,4664,2967,5.60802
487,4666,652,5.60748
41585,4666,538,5.67462
41585,5499,1927,5.56119
11514,4664,1958,5.80302
4087,4664,1957,5.80311
88316,4664,2852,5.6294
88316,5496,1063,5.56799
88316,5497,2213,5.56012
49397,4664,1907,5.81309
7033,4664,2023,5.78787
8036,4664,1943,5.80601
163319,4664,1770,5.8416
50862,5497,2191,5.56629
18311,4664,1878,5.81831
51250,4666,417,5.76489
9161,4667,172,5.72318
111866,4666,661,5.6038
36616,4666,419,5.76474
21685,4664,1807,5.8333
8537,4664,1774,5.84074
243940,4664,1965,5.80175
29848,4664,2086,5.77717
41019,5496,1056,5.57649
41019,5497,2221,5.55509
1381,5499,2105,5.51314
172543,4665,235,5.74529
107372,4664,1893,5.81488
14387,4664,1850,5.82346
205439,4666,401,5.77994
146387,4664,2438,5.71152
84783,4666,462,5.72761
7475,5499,1903,5.56652
85340,5499,1906,5.56579
206464,4664,1980,5.79828
285,5496,1053,5.57982
10916,4664,1940,5.80685
1940,5496,1037,5.58885
1940,5499,1884,5.57017
315,4666,606,5.63314
27813,4666,493,5.70541
2480,5496,1033,5.59043
18867,4666,487,5.71055
17041,4664,1738,5.84997
95364,4666,565,5.65449
148745,4664,2044,5.78353
91438,4664,1830,5.82819
41032,5497,2215,5.55969
75644,4664,1926,5.80971
685,4666,451,5.73919
6750,5496,1027,5.59342
17623,5499,1896,5.56773
13328,4666,840,5.52845
335,4666,601,5.63546
143131,4666,421,5.76397
8362,4664,2166,5.76237
196676,4664,1763,5.8427
645,4666,667,5.60131
38830,4664,1919,5.81096
18127,5497,2212,5.56048
18127,5499,1911,5.56484
94822,5499,1918,5.56327
185456,4664,1840,5.82591
170043,4664,2586,5.68273
5835,4664,2035,5.78512
3147,4665,229,5.75599
337167,4664,1663,5.86815
62343,5499,1892,5.5684
30023,4664,1873,5.8188
20952,4665,332,5.62255
41149,4666,446,5.74115
13779,4664,1910,5.81262
42881,4664,2245,5.7475
244584,5499,1910,5.56496
1699,5496,1057,5.57392
264970,5499,1904,5.56606
3826,4666,409,5.77105
233149,5496,1071,5.56266
233149,5499,1990,5.54223
33541,4664,1762,5.84372
8351,4664,1880,5.81705
705,4664,1911,5.81257
1575,4664,2628,5.67491
4964,4664,1900,5.81408
268221,4664,1882,5.81619
31605,4664,1932,5.80785
137173,4666,431,5.75636
11699,4664,2027,5.78733
244026,4664,1847,5.82432
4084,4664,2198,5.75623
22758,4664,1989,5.79571
16793,4664,1895,5.81455
10246,4664,1836,5.82709
13928,4666,569,5.65089
80044,4664,1822,5.82944
11756,4664,1875,5.8187
1590,5497,2283,5.5264
1590,5499,2050,5.52814
153757,4666,567,5.65352
37683,5496,1059,5.5734
37683,5499,1912,5.56433
126340,5499,1880,5.57058
7623,4664,2866,5.62735
161682,4664,1846,5.82443
35654,4664,1934,5.80766
8736,4664,1974,5.80036
38266,4664,2129,5.76863
6470,4664,2069,5.77915
23378,4664,1952,5.80416
3404,4666,836,5.53153
4970,4664,1913,5.81247
24525,4666,403,5.77653
4276,4664,2104,5.77283
200959,4664,1851,5.82329
6993,4666,574,5.64739
17132,5497,2200,5.56498
3459,4664,2278,5.74106
16271,4664,2026,5.78734
1594,4664,2284,5.74008
280999,4664,1877,5.81831
103039,4664,1845,5.8248
3625,5496,1062,5.56998
3625,5497,2261,5.53804
173374,4664,1884,5.81607
32466,4666,593,5.63941
101930,5499,1955,5.55299
7934,4664,2017,5.78842
23733,4664,1802,5.83393
5929,4664,1870,5.81912
18687,4664,1837,5.82701
3843,4667,186,5.67806
66643,4666,629,5.61969
40385,4664,1883,5.81609
16369,4665,209,5.79858
37491,4664,2007,5.79064
36612,4664,1937,5.80743
4802,4664,2144,5.76711
172493,4664,1820,5.8301
94746,4666,429,5.7599
16456,4664,1898,5.81435
5900,4667,194,5.64077
12263,4667,151,5.84249
12139,4664,1935,5.80758
10564,4664,2010,5.79017
18310,4664,1938,5.80733
182409,4664,1887,5.81594
3727,4665,385,5.54271
8258,4664,1867,5.81989
2215,4664,2380,5.71975
28738,4666,479,5.71223
1150,5499,2038,5.53248
6374,4664,2005,5.79196
22399,4666,527,5.68382
67251,4664,2867,5.62697
81297,5497,2204,5.56289
51429,4664,1894,5.81464
20432,4664,2046,5.78318
16957,4664,2073,5.77878
5864,4664,1855,5.82186
40823,4664,2061,5.78031
12900,4664,1951,5.80437
20441,4664,2293,5.73737
6215,4664,2295,5.73723
5155,4665,233,5.75039
5155,4666,523,5.68628
42641,4664,1916,5.81159
42660,5497,2189,5.56732
313073,4664,1856,5.82173
16030,4664,1849,5.82388
8402,4664,2132,5.76817
4031,4666,612,5.62825
193792,4664,1886,5.81599
22406,4664,1995,5.79421
5694,4665,169,5.8874
8626,4664,2227,5.75068
7058,4664,2109,5.77161
151224,4666,449,5.74035
10268,4664,1966,5.8017
57691,4664,2062,5.78022
225084,4664,1987,5.79629
148557,4664,1920,5.8108
263301,4664,1924,5.8101
40005,4665,142,5.93844
18205,4664,1993,5.79462
87428,4664,1915,5.81169
147009,4665,257,5.71125
26855,4664,1903,5.81343
104063,5499,1925,5.56133
11964,4664,2079,5.77796
352963,4664,2169,5.76106
57937,4664,1892,5.81529
1598,4664,2213,5.7544
38772,4664,2418,5.71421
15275,4664,1962,5.80241
10230,4664,1865,5.82041
197633,4664,2187,5.75787
9143,4664,1928,5.80872
163601,5496,1072,5.56171
163601,5498,496,5.56537
6862,4666,442,5.74434
232437,5499,1921,5.56285
27480,4664,1843,5.82508
12211,4664,2138,5.76787
25618,5496,1032,5.59102
25618,5497,2203,5.56292
7243,4664,2008,5.79063
68227,5498,487,5.59182
68227,5499,1943,5.55638
36911,4664,2013,5.78928
2706,4664,2176,5.76029
158891,4667,141,5.90334
38836,4664,1936,5.80751
102940,5498,500,5.56174
120509,4664,1960,5.80254
3513,4666,600,5.63561
104376,4665,249,5.72294
104376,5499,1908,5.56517
2559,4666,502,5.701
12067,4664,1990,5.79504
12067,4665,326,5.62691
7640,4664,1933,5.80775
8742,4664,2140,5.76784
8049,4664,2205,5.75574
49391,4667,133,5.92974
7941,4664,2265,5.74375
179918,5496,1051,5.58102
179918,5497,2220,5.55512
47484,4664,2224,5.75124
47484,5496,1044,5.58599
20445,5497,2218,5.55624
330950,5497,2223,5.5539
990,4666,447,5.74096
17482,4664,2037,5.78496
10890,4667,171,5.73673
97433,4664,1953,5.80372
8037,4664,2194,5.7568
18699,4666,457,5.73073
73253,4664,2009,5.79018
266844,4664,1829,5.82828
126313,4666,515,5.69266
27945,4664,2103,5.77304
183405,5499,1998,5.54048
64583,5499,1914,5.56378
170298,4664,2059,5.78052
313776,4664,1956,5.8032
5483,4664,2118,5.77083
130042,4664,2024,5.78748
177698,5498,502,5.55737
226115,4664,1859,5.8215
143701,4667,149,5.85188
74312,4664,1946,5.80521
8352,4664,1986,5.79694
14685,4664,2889,5.62219
8643,4664,2444,5.7106
8643,4666,777,5.55448
142417,4664,1945,5.80538
3603,4664,2135,5.76794
10551,4665,161,5.89798
33984,4666,529,5.6819
33984,5499,1913,5.56426
10300,4664,2112,5.7715
6826,4664,2225,5.75115
89912,5496,1060,5.57239
89912,5499,1947,5.55499
8109,4664,2100,5.77346
256911,4664,2386,5.71837
60280,4664,1939,5.80709
11764,4664,1944,5.80555
5481,4664,2107,5.77224
127650,4664,2133,5.76814
215614,5499,1996,5.54127
2922,5498,520,5.53067
3035,4664,2197,5.75624
31971,4666,800,5.54637
223590,4664,2063,5.78006
11632,4666,474,5.71527
11889,4664,2019,5.78828
65061,4664,1927,5.80962
22182,4664,1827,5.82886
11821,4666,509,5.69828
39699,5499,1942,5.55673
9473,5499,1926,5.56124
7966,4664,1976,5.79956
189427,4664,1854,5.82214
2350,5499,1988,5.54264
3054,4664,2174,5.76035
1943,5499,2053,5.52732
161600,4664,2292,5.73759
30684,4664,2211,5.75482
51197,4666,490,5.7084
2153,4664,2137,5.76789
261160,4664,1885,5.81601
31454,4664,2689,5.66459
32465,4665,168,5.88865
18704,4664,2297,5.73638
5993,4664,2206,5.75566
1177,4665,264,5.70188
1530,4667,158,5.81661
297702,4664,2082,5.7774
135194,4664,1888,5.81588
10301,4664,2154,5.76556
6638,4664,2050,5.78231
26840,4665,127,5.98168
248332,4664,2089,5.77641
8577,4664,2039,5.78425
218666,4664,1923,5.81024
25841,4664,2088,5.77675
157529,4664,1906,5.81309
8410,4664,2124,5.76914
139236,5496,1055,5.57681
139236,5497,2224,5.55354
4294,4664,2172,5.76067
8818,4665,237,5.74428
129311,4664,2158,5.76478
101463,4666,481,5.7122
40766,5497,2216,5.55745
8196,4664,2884,5.62335
8196,5496,1101,5.54649
133842,4666,424,5.76302
191916,4666,476,5.71428
11287,4666,425,5.76283
84922,5499,1935,5.55926
15678,4666,534,5.67929
13980,4664,2217,5.75393
8356,4664,2021,5.78819
2666,4664,2264,5.74401
2666,5497,2239,5.54679
2235,4666,576,5.64548
132601,4664,2006,5.79073
742,4664,2115,5.77116
279556,4664,1991,5.79485
141249,4667,173,5.72069
18422,4666,883,5.50943
7980,4664,2065,5.78002
8079,4667,187,5.6767
27948,4665,261,5.70678
69105,5497,2230,5.55136
182499,4664,2057,5.78068
41611,4664,2084,5.77731
88922,5499,1976,5.54696
4265,4664,2028,5.78726
9916,4664,2149,5.76665
63823,4664,2071,5.77901
243530,4666,478,5.71323
282700,5499,1936,5.5584
1586,5496,1121,5.53212
1586,5499,2042,5.53162
8758,4664,2077,5.7782
12040,4666,488,5.70931
14082,4664,1971,5.80086
11110,4664,2136,5.7679
6381,4665,365,5.56795
9339,4664,2029,5.78716
132229,5496,1104,5.54421
3251,4664,2609,5.67927
16455,4664,1961,5.80243
2809,4664,2417,5.71447
5200,4664,2237,5.74826
112995,4664,1954,5.80334
3377,5498,522,5.52911
2824,4664,2385,5.71854
2824,5497,2219,5.55611
2285,5496,1080,5.5562
41604,4664,2229,5.74998
24923,4666,463,5.72748
6009,4664,2259,5.74489
25253,4664,2196,5.75628
5464,4666,491,5.70823
18472,4664,1998,5.79345
1244,4666,530,5.68163
5541,4664,2267,5.7436
165041,5497,2229,5.5516
165041,5499,1946,5.55565
143048,4664,2106,5.77234
218,5497,2249,5.54255
218,5499,1954,5.55302
28389,4666,438,5.7484
4124,4664,2121,5.7701
22673,5497,2231,5.55101
22673,5499,1949,5.55458
130043,4664,2045,5.78331
208323,4664,2190,5.75743
26539,4664,2033,5.78612
40803,4664,2003,5.79255
106174,5497,2222,5.55461
5107,5498,486,5.59376
5107,5499,1979,5.54638
107703,4664,2052,5.78157
10995,4664,2222,5.75297
308862,4664,1963,5.80225
1991,4664,2391,5.71753
71035,4666,496,5.70399
4215,4664,2434,5.71208
11500,4664,2184,5.75812
3691,4664,2268,5.74357
16169,4664,2004,5.79208
129310,4664,2333,5.72799
223947,4664,2216,5.754
132532,4665,331,5.62274
7992,4664,2212,5.75445
5172,4664,2364,5.72162
42195,5499,1938,5.55817
10756,5499,1953,5.55347
3309,4664,2384,5.71881
22111,5499,1957,5.55246
38929,4666,512,5.69575
9192,4664,2102,5.77305
8834,4664,2099,5.77354
19766,4667,161,5.79836
64570,5497,2217,5.5572
25937,5496,1061,5.571
25937,5497,2238,5.54914
17691,4666,544,5.66723
21935,4666,469,5.72411
171779,5499,1941,5.55697
8056,4664,2315,5.73213
128662,5499,1948,5.55487
8538,4664,2034,5.78541
14814,4664,2078,5.77804
38881,4664,2066,5.77998
36478,4666,585,5.64179
284072,4664,2001,5.7928
33595,4666,445,5.74124
7967,5499,1965,5.54958
292130,5499,1977,5.54676
11132,4664,2199,5.75611
3932,4666,532,5.68137
1697,4664,2545,5.6911
138945,4664,2215,5.75404
4256,4665,138,5.95155
6744,4664,2252,5.74622
42897,4664,2114,5.77147
14881,4664,2080,5.77764
11293,4664,2175,5.76031
31800,4664,2120,5.77024
21798,5498,483,5.59684
2988,4664,2528,5.69405
249650,4664,2156,5.76506
9908,4664,2119,5.77035
4252,4664,2321,5.73102
11113,4664,2167,5.76212
1970,4666,609,5.63064
169720,4664,2040,5.78412
2230,4666,516,5.69261
6017,4664,2223,5.75267
297374,4664,1992,5.79464
12936,4666,461,5.72863
3825,4666,507,5.69943
32327,4664,2105,5.7727
2189,5499,1951,5.55421
20595,4664,2210,5.75502
102346,4664,2147,5.76693
129013,4664,2090,5.77637
8355,4664,2053,5.78155
266756,4664,2126,5.76868
7625,4664,2291,5.73771
157002,4664,2070,5.77911
2047,5499,1981,5.54531
8723,4664,2087,5.77693
20053,4664,2296,5.73658
1263,5499,1991,5.54188
79413,4665,210,5.79348
19544,4667,218,5.5554
11179,4664,2143,5.76723
9041,4664,3119,5.56919
9041,4667,188,5.67624
1408,4664,2879,5.62386
1408,5496,1086,5.55404
7607,4666,539,5.67289
26945,4664,2153,5.76562
1781,4664,2182,5.75863
307703,4664,2085,5.77725
17430,4664,2160,5.76375
4217,4664,2360,5.72215
85899,4664,2113,5.77147
2171,4666,626,5.62028
7861,4664,2342,5.72658
19329,4667,185,5.68497
39798,5496,1076,5.55813
184688,4666,550,5.6637
19909,4664,2163,5.76325
5935,4664,2164,5.7626
4199,4664,2330,5.72898
94837,4666,862,5.51966
94837,5499,1983,5.54329
158586,4664,3155,5.56221
339619,4664,2525,5.69429
339619,5496,1067,5.56515
26486,4664,2036,5.78504
22476,4667,165,5.76773
9854,4664,2091,5.77618
176916,5499,1945,5.55584
18330,4664,2294,5.73737
109827,4664,2179,5.75928
5364,4666,551,5.66253
3936,4664,2584,5.68328
31711,4666,526,5.68451
5418,4664,2095,5.77453
226081,4666,489,5.70893
5186,4664,2763,5.64964
17054,4666,773,5.55584
197635,4664,2168,5.76184
22061,4664,3304,5.52657
271820,4664,2072,5.77886
149129,4664,2189,5.75755
22511,4667,160,5.8079
3210,4666,471,5.72012
204764,4664,2141,5.76782
2743,4664,2326,5.72998
4494,4664,2324,5.73091
16457,4664,2054,5.78151
1716,4664,2596,5.68111
29380,4664,2058,5.78061
172278,5497,2226,5.55348
129668,4664,2171,5.76071
39515,4666,467,5.72598
27359,4664,2543,5.69161
22126,4664,2286,5.73998
27944,4664,2038,5.78438
15383,4665,225,5.76154
127589,5497,2256,5.5396
127589,5499,2020,5.5358
4208,4664,2493,5.70092
96157,4664,2097,5.77398
9489,4664,2148,5.76686
316767,4664,2788,5.64389
316767,4666,739,5.56894
16450,4664,2055,5.78134
180202,5497,2225,5.55348
28565,4665,154,5.91116
85826,4664,2122,5.76952
160517,5496,1068,5.56321
247952,4664,2031,5.78632
235991,4664,2083,5.77733
176478,4664,2128,5.76864
140796,5499,1987,5.54274
250291,4664,2157,5.76489
8033,4664,2218,5.75342
27970,4667,252,5.40206
23241,5499,1972,5.54793
185383,4664,2152,5.76586
469,4665,195,5.83132
2781,5499,1970,5.54826
21506,4666,680,5.59392
8110,4664,2395,5.71665
13837,4664,2202,5.75591
66517,4666,466,5.72609
68187,4664,2064,5.78002
39007,4664,2191,5.75724
59061,5496,1064,5.56782
59061,5497,2247,5.54425
24999,4664,2339,5.72693
690,4664,2350,5.72477
339214,5499,1952,5.55364
5136,4665,174,5.87124
1593,5496,1095,5.54982
1593,5497,2258,5.53921
19591,5497,2233,5.54998
19591,5499,1963,5.55027
3561,4664,2468,5.70602
263763,5496,1075,5.56021
209113,4664,2244,5.74751
9860,4664,2180,5.75884
78093,4666,483,5.71165
142638,5496,1069,5.5632
67891,4664,2068,5.77921
42591,4664,2208,5.75521
62709,5498,489,5.58343
191032,4664,2116,5.77114
293274,4664,2081,5.7775
280979,5499,1975,5.54724
131047,4666,477,5.71389
125400,4664,2195,5.75628
8415,4664,2178,5.76007
14355,4664,2235,5.74896
39080,5499,1968,5.54835
11477,4664,2239,5.74775
2232,4666,486,5.71057
49038,4664,2146,5.76694
180595,5499,1969,5.54835
11388,4664,2092,5.7752
84671,4665,253,5.7174
6978,4666,506,5.70011
60342,4665,228,5.75809
9376,4664,2322,5.73093
25014,4664,2192,5.75721
17208,4664,2472,5.70554
204895,4664,2466,5.70649
5276,4664,2234,5.74936
270680,4664,2177,5.76015
236884,4664,2060,5.78043
7834,4666,553,5.65973
10996,4666,536,5.67729
137811,5496,1085,5.55511
8803,4664,2334,5.72786
708,4664,2372,5.72077
90730,5496,1065,5.56646
12718,4664,2204,5.75574
3024,4666,508,5.69831
268899,4664,2123,5.76921
306348,4664,2162,5.76361
1547,4666,535,5.67754
128658,4666,505,5.70012
4290,4664,2209,5.75508
11241,4664,2201,5.75592
155023,4664,2638,5.67333
155023,5497,2240,5.54649
6765,4664,2207,5.75525
97512,4666,543,5.66814
97512,5497,2236,5.54942
3658,4666,657,5.60584
42370,4664,2134,5.76808
8531,4665,202,5.81448
13269,4664,2232,5.74956
11452,4664,2231,5.74956
209644,4664,2130,5.76826
153987,4664,2181,5.75867
88925,4664,2414,5.71471
20031,4665,239,5.74243
20031,5499,1964,5.54989
9093,4664,2308,5.73306
27830,4666,616,5.62591
55896,5497,2232,5.55064
55896,5499,1958,5.55224
4967,4664,2349,5.7249
1071,4666,521,5.68719
8705,4664,2316,5.73202
242191,4664,3095,5.57692
242191,5496,1109,5.54248
10267,4664,2332,5.72808
318322,4664,2411,5.71496
35556,4665,262,5.70619
35556,5499,1960,5.55151
8727,4664,2443,5.71064
2483,4664,2712,5.6608
31074,4664,2381,5.71967
13881,4664,2336,5.72785
296321,4664,2477,5.70483
192201,5499,1959,5.55224
8322,4664,2449,5.70933
26621,4664,2254,5.74581
6487,4664,2531,5.69361
266592,4666,635,5.61725
7991,4664,2390,5.71761
2812,4664,2750,5.6514
429,5497,2257,5.53958
429,5499,1974,5.54751
129314,4664,2416,5.71456
26114,5499,1973,5.54757
125416,4664,2183,5.75835
22477,5497,2250,5.54253
22477,5499,1966,5.5491
187032,4664,2262,5.74423
49096,4664,2329,5.72917
186489,4666,605,5.63323
284981,4664,2601,5.68064
284981,5497,2270,5.53493
4107,4665,220,5.76891
3705,5498,503,5.55714
3705,5499,2001,5.54003
8334,4664,2357,5.72328
1627,4667,241,5.4604
3616,4664,2608,5.6798
33605,4666,560,5.65731
241828,4664,2241,5.7477
2751,4664,2451,5.70901
131379,4664,2188,5.75775
37260,4664,2142,5.76749
6118,4666,584,5.64225
6118,5499,1967,5.54857
10361,4664,2298,5.73621
6699,4664,2250,5.74659
15211,4664,2352,5.72404
26211,5497,2243,5.54588
26211,5499,1961,5.55144
6503,4664,2539,5.69207
175845,5499,1978,5.54654
21572,4666,666,5.60139
14441,4665,302,5.6552
14762,4664,2173,5.76038
143745,4664,2108,5.77181
8923,4666,499,5.70345
15212,4664,2341,5.72682
31846,4664,2161,5.76369
983,4666,788,5.54997
983,5499,2014,5.53761
104012,4664,2882,5.62349
178572,4664,2219,5.75331
41198,4664,2319,5.73126
11648,4664,2430,5.71274
151357,4666,472,5.71805
193,5499,1971,5.548
3130,5497,2227,5.55164
172414,4664,2269,5.7434
12168,4664,2753,5.65103
7142,4664,2328,5.72951
1721,5497,2253,5.54134
11135,4664,2306,5.73385
185457,4664,2214,5.7542
219926,4664,2200,5.75603
17649,4664,2260,5.74466
273769,4664,2186,5.75789
1047,4666,514,5.69553
5177,5496,1077,5.558
36604,4664,2303,5.73448
5701,4664,2312,5.7325
8042,4664,2626,5.6755
256626,5497,2273,5.53447
7169,4664,2400,5.71628
6803,4666,524,5.68609
88113,4666,625,5.62034
6720,4664,2247,5.74673
2307,4664,2900,5.61964
6417,4667,177,5.71579
20117,4664,2401,5.71614
5173,4664,2487,5.70187
312738,4664,2243,5.74758
8424,4664,2540,5.69207
8720,4664,2440,5.71104
14088,4664,2542,5.69169
27884,4664,3022,5.59615
27884,4667,170,5.74765
27884,5496,1078,5.55773
68083,5499,1980,5.5458
75382,5497,2254,5.54093
34195,4664,2276,5.74151
6338,4664,2258,5.745
5275,4664,2283,5.74023
24704,4666,723,5.57509
9259,4664,2277,5.74143
8283,4664,2404,5.71589
99791,5497,2248,5.54396
2710,4666,587,5.64105
6088,4664,2406,5.7154
153368,4664,2228,5.74998
1744,4665,305,5.65114
2271,4666,518,5.69215
18876,4664,2510,5.69727
199222,4664,2221,5.75316
64142,4664,2238,5.74798
7082,4664,2424,5.71324
193699,4664,2762,5.64975
16829,4664,2257,5.74518
25516,4664,2403,5.71606
175689,4664,2366,5.72113
155412,4664,2299,5.73527
8358,4664,2289,5.73785
312959,5496,1079,5.55679
27127,4664,2240,5.74775
282300,4664,2248,5.74664
979,4665,324,5.63061
15391,4664,2226,5.75102
40238,4665,293,5.66662
143663,4666,607,5.63164
143663,5497,2242,5.5459
130912,5496,1100,5.54675
627,4664,2354,5.72369
34381,4665,180,5.85726
96440,4664,3193,5.55445
13240,4664,2282,5.74026
22227,4664,2274,5.74206
17529,5498,477,5.61202
118336,4664,2304,5.73435
182406,4664,2249,5.7466
5668,4666,898,5.50367
88147,5499,1997,5.54123
11499,4664,2398,5.71638
155943,4666,743,5.56671
8724,4664,2287,5.73954
728,4664,2301,5.73502
64955,4665,297,5.66456
272502,4664,2317,5.73198
147372,4664,2429,5.71277
227842,4664,2272,5.74251
37724,4664,2359,5.72287
10447,4664,2263,5.74422
192634,4664,2266,5.74373
248154,5496,1092,5.55083
273009,4664,2271,5.74265
5052,4664,2387,5.71808
18342,4664,2256,5.74547
6735,5496,1087,5.55327
7938,4664,2454,5.70875
4472,4664,2485,5.70227
1687,5497,2271,5.53471
1687,5498,537,5.50587
10470,4664,2310,5.73296
231457,4664,2582,5.68418
106969,5499,2004,5.53953
30020,4664,2371,5.72087
164190,4664,2242,5.74768
9846,4664,2285,5.74002
956,4664,2507,5.69755
956,5497,2245,5.54517
123511,4664,2355,5.72364
20627,4664,2300,5.73514
235926,4664,2344,5.72601
145496,5497,2281,5.5292
145496,5499,2017,5.53633
22244,5499,1985,5.54302
130603,4666,581,5.64284
7067,4665,278,5.68425
4764,4666,602,5.63484
2409,4666,673,5.59801
16332,4664,2320,5.73104
217201,4664,2517,5.69589
1474,5499,1962,5.5509
8101,4664,2677,5.66655
13375,5499,1986,5.5428
140626,4664,2362,5.72196
133713,5496,1164,5.50471
107012,4664,2279,5.74097
2605,4664,2833,5.63408
12049,4664,2346,5.72592
4336,4664,2459,5.70789
238329,5498,491,5.58316
155414,4664,2290,5.73776
5522,4666,751,5.56495
9866,4664,2327,5.72981
6940,4664,2483,5.70267
8353,4664,2307,5.73384
7978,4664,2422,5.71342
102253,4664,2323,5.73092
37983,5499,1992,5.54181
150429,4664,2331,5.72852
13800,4664,2302,5.73449
5258,5496,1137,5.52637
1869,5496,1162,5.50709
1869,5499,2029,5.53454
3921,5497,2262,5.5375
9197,4664,2394,5.71699
131894,4664,2309,5.73302
1816,4666,632,5.61805
16323,4664,2427,5.71303
6848,4666,561,5.65694
6848,5497,2268,5.53547
3161,4664,2473,5.70552
27789,5499,2007,5.5387
8326,4664,2679,5.66604
6979,4665,319,5.63523
59031,4664,2288,5.73861
40619,4665,156,5.90607
4317,4664,2731,5.65731
4317,5496,1110,5.53881
99777,5496,1093,5.55039
17464,4664,2408,5.71537
5930,4664,2365,5.72153
12505,4664,2378,5.7199
8913,4664,2516,5.69604
7943,4664,2727,5.6576
111026,4664,2314,5.73228
32821,4664,2488,5.70174
104353,4664,2479,5.70437
337378,4664,2562,5.68866
337378,5497,2295,5.52252
8754,4664,2399,5.71631
2531,4664,2557,5.68952
1252,4666,665,5.6017
28843,4664,2986,5.60326
28843,5496,1108,5.54253
7754,4664,2393,5.71727
707,4664,2532,5.69318
7470,4664,2797,5.64108
99131,4664,2471,5.7057
140995,4664,2854,5.62917
140995,5497,2278,5.53069
28096,4664,2621,5.67672
30264,4664,2412,5.71491
11373,4664,2409,5.71527
309,4666,542,5.66865
52332,4665,234,5.74922
89319,5499,1999,5.54045
160494,4664,2367,5.72113
7558,4664,2576,5.68539
10561,4664,2356,5.72359
2201,4667,259,5.35745
292333,4664,2527,5.69407
9932,4664,2396,5.71658
7830,4664,2447,5.70978
22756,4664,2415,5.71459
26686,4664,2305,5.73407
23605,4664,2475,5.70498
196328,4664,2847,5.63077
15432,4664,2340,5.72685
6402,4664,2455,5.70838
165946,4664,2325,5.73083
18061,4664,2397,5.71648
5728,4664,2358,5.72292
35813,4665,171,5.88366
8161,4664,2383,5.71913
26890,4664,2654,5.67044
1405,5497,2280,5.52955
5590,4665,270,5.69182
7829,4664,2439,5.71146
7735,4664,2420,5.71368
21447,4664,2369,5.72096
69,4666,618,5.6255
17209,5498,498,5.56466
6007,4664,2499,5.69884
107027,4664,2426,5.71314
182410,4664,2377,5.71998
11011,4664,2575,5.68543
5733,4664,2765,5.64927
5733,5496,1074,5.56083
29447,4664,2573,5.68615
25866,4665,196,5.82956
39084,4666,630,5.61924
6919,4664,2648,5.67172
10822,4664,2407,5.71538
15399,4664,2379,5.71989
8703,4664,2535,5.69258
7870,4666,588,5.64095
116737,4664,2463,5.70691
9084,4664,2653,5.67071
282332,4664,2313,5.7324
20966,5499,1995,5.54148
276,4664,2494,5.70037
168544,4666,692,5.58782
168544,5499,1984,5.54315
5924,4664,2498,5.69902
3838,4667,157,5.82027
709,4664,2541,5.69176
20610,4664,2580,5.68467
4172,4664,2732,5.65651
3617,4664,2495,5.69979
85165,4666,676,5.59633
6360,4664,2503,5.69844
11050,4664,2338,5.72736
16432,4664,2491,5.70126
1916,4666,654,5.60671
97494,4664,2389,5.71765
9095,4664,2590,5.68206
11930,4666,655,5.60632
13919,4664,2457,5.70818
6924,4664,2348,5.72566
10573,4666,559,5.65758
64769,4664,2508,5.69749
4349,4664,2529,5.69392
255235,4664,2373,5.72047
20617,4664,2512,5.69698
20054,4664,2565,5.68837
8533,4666,564,5.65495
7065,4666,548,5.66534
4683,4664,2523,5.69481
7723,4664,2500,5.69879
8743,4664,2433,5.71227
138616,4667,244,5.43988
138616,5497,2274,5.53419
8461,4664,2511,5.69707
34245,4667,167,5.76323
254263,4664,2345,5.72601
38829,4664,2435,5.71176
9063,4666,558,5.65826
36674,4664,2353,5.72396
6768,4664,2622,5.67668
25994,4664,2402,5.71607
291415,4664,2343,5.72639
4815,4664,2778,5.64522
178285,5496,1083,5.55525
178285,5499,2036,5.53273
10236,4664,2446,5.70986
695,4666,545,5.66659
14299,4664,2410,5.7152
51401,4666,531,5.68146
11993,4664,2374,5.72038
39708,4664,2351,5.72475
12129,4664,2611,5.67839
94371,4664,2484,5.70251
123223,4664,2469,5.70586
27071,4665,272,5.6895
27071,5499,2000,5.54028
17615,4664,2363,5.72195
42256,4664,2450,5.70905
12676,4664,2670,5.66823
6920,4664,2453,5.70888
21293,5499,2026,5.53518
10221,4664,2482,5.70285
76994,4664,2436,5.71175
177927,5497,2251,5.54151
38828,4664,2448,5.70934
33427,5499,2039,5.53248
158968,5497,2252,5.54139
1082,4666,594,5.63922
13915,4664,2549,5.69025
5692,4664,2524,5.69479
7203,4667,190,5.67178
8329,4664,2707,5.66162
3265,4664,2583,5.68376
18690,4664,2579,5.68478
2043,4666,976,5.46386
1698,5496,1120,5.53269
279776,4664,2392,5.71747
129308,4664,2555,5.68976
6085,4664,2629,5.67489
10261,4664,2505,5.69777
17855,4665,424,5.50092
17855,5499,2041,5.53171
81588,4666,510,5.69776
9787,5496,1151,5.51687
5828,4664,2502,5.69854
38825,4664,2445,5.7102
153120,5496,1091,5.5509
8544,4664,2419,5.71394
3604,4666,583,5.64238
98046,5498,524,5.52738
388,5499,2016,5.53684
150424,4664,2462,5.70703
8245,4664,2452,5.70889
17448,4667,195,5.64049
25302,4664,2421,5.7136
6529,4664,2684,5.66486
258184,4664,2581,5.6846
2263,4664,2534,5.69264
17684,4664,2413,5.71485
83907,5498,517,5.53773
83907,5499,2046,5.53048
6672,4664,2425,5.71315
9835,4664,2496,5.69955
69815,4664,2428,5.71293
69815,5497,2275,5.53375
96703,5496,1103,5.54591
96703,5497,2282,5.52731
6611,4664,2666,5.66864
15683,4664,2431,5.7127
457,5499,1993,5.5416
26869,4665,205,5.80561
37997,5496,1094,5.54997
3892,4664,2637,5.67341
13498,4664,2658,5.66982
11674,4664,2478,5.70449
11763,4664,2456,5.70831
1832,5496,1118,5.53468
1832,5499,2037,5.53269
120580,5499,2008,5.53865
5955,4664,2536,5.69238
39279,4664,2460,5.70741
63710,4666,579,5.64414
5162,4666,641,5.61354
69687,4664,2599,5.68094
12562,4664,2489,5.70168
162680,4664,2467,5.70607
130764,5496,1081,5.55596
130764,5497,2263,5.5371
73091,4666,546,5.66609
2061,4664,2894,5.6211
8833,4664,2936,5.61213
124034,4664,2506,5.69771
2474,4664,2538,5.69232
7112,4664,2548,5.69037
192637,4664,2504,5.69813
14012,4665,194,5.83378
10038,4664,2514,5.69624
7003,4664,2615,5.67795
60158,4665,283,5.67466
3646,4664,3210,5.55184
6885,4664,2553,5.68998
38287,4665,252,5.71984
38287,5499,1994,5.54152
244083,5498,494,5.57068
13290,4664,2405,5.7155
73589,4664,2961,5.60864
73589,5497,2267,5.53549
8747,4664,2619,5.67711
115325,4664,2442,5.71084
184440,4664,2423,5.71328
39089,4666,554,5.65942
5727,4664,2564,5.6886
306906,4664,3025,5.59568
119782,4666,693,5.58777
3666,4664,2563,5.68863
4413,4664,2740,5.6542
4413,5497,2260,5.53812
790,4666,589,5.64061
8571,4664,2657,5.66985
10394,4664,2470,5.70573
27665,4664,2481,5.70292
3615,4664,2645,5.672
164022,4664,2490,5.70128
10634,4664,2649,5.67131
17765,4666,562,5.65578
85124,4664,2537,5.69233
318702,4666,552,5.65987
163062,4664,2899,5.62044
224011,5499,2033,5.53324
8888,4664,2486,5.70217
6049,4664,2617,5.67781
8363,4664,2547,5.6906
127433,5497,2265,5.53562
6742,4664,2906,5.61844
31067,4664,2520,5.69534
88045,4664,2480,5.70352
33692,4666,651,5.60794
39382,5497,2259,5.53813
188759,4664,2458,5.70794
2395,4666,596,5.6376
246510,4664,2474,5.70536
1289,4666,954,5.47418
4794,4664,2678,5.66632
159685,5497,2264,5.53696
5459,4666,624,5.6216
11435,4664,2569,5.68743
97751,4665,227,5.7598
7129,4664,2526,5.69412
34744,5499,2010,5.53855
116736,4664,2588,5.68252
1304,5496,1130,5.52891
1304,5497,2284,5.52639
6036,4664,2589,5.68207
4017,4664,2642,5.67212
107173,5499,2023,5.53523
13593,4664,2544,5.69158
7566,4664,2602,5.68049
67542,4666,620,5.62383
153916,4664,2570,5.6872
26306,4664,2518,5.69567
2716,5497,2255,5.53967
23724,4666,614,5.62633
8909,4664,3329,5.51933
4780,5499,2003,5.53958
66825,4665,275,5.68594
3993,4664,2755,5.65073
22427,4664,2777,5.64673
22427,4666,572,5.64841
3979,4666,595,5.63919
66695,5499,2005,5.53928
100275,5497,2272,5.53457
100275,5499,2002,5.53961
11433,4664,2519,5.69564
19246,4664,2604,5.68022
10589,4664,2623,5.67663
3560,4664,2792,5.6424
205263,4665,310,5.64457
205263,5499,2021,5.53562
6907,4664,2513,5.69687
23614,4664,2558,5.68948
116402,4666,566,5.65362
5346,4665,296,5.66517
39530,4666,633,5.61804
12146,4666,541,5.66936
10557,4664,2533,5.6929
10266,4664,2522,5.69505
34948,4666,578,5.64519
109215,4664,2924,5.61415
109215,5496,1131,5.52884
5755,4664,2834,5.6338
61477,4666,646,5.61025
20587,4664,2606,5.67998
13742,4664,2559,5.68941
2096,4666,636,5.61627
208801,4664,2728,5.65753
11129,4664,2614,5.67816
10308,4664,2625,5.67577
37633,4664,2687,5.66467
38924,5497,2269,5.53528
20675,5499,2110,5.51273
226,4666,563,5.65559
33857,4664,2806,5.63973
8180,4666,577,5.64547
24079,4666,683,5.59257
13771,4664,2598,5.68101
32031,4666,586,5.64155
6615,4664,2646,5.67191
12142,4664,2696,5.66335
280729,4664,2497,5.69907
349042,4664,3295,5.52908
349042,5496,1096,5.54936
7815,4665,219,5.772
4296,4664,2578,5.68486
19732,5496,1102,5.54624
19732,5498,506,5.55078
23957,4664,2864,5.6278
117986,5498,531,5.51562
88870,4664,2551,5.69021
37718,4664,2464,5.7068
10914,4664,2476,5.70487
35122,5496,1098,5.54812
16617,4664,2546,5.69081
6890,4664,2554,5.68998
146152,5499,2009,5.53858
257599,4664,2651,5.67103
2762,4666,555,5.65926
2762,5499,2006,5.53905
5725,5499,2048,5.52955
23643,4664,2656,5.6699
36737,4666,622,5.62233
112532,4666,571,5.64923
18248,5496,1082,5.55581
31412,5496,1089,5.55149
17146,4664,2568,5.68748
8243,4666,899,5.50294
17119,5499,2015,5.53709
6008,4664,2665,5.66888
5723,4664,2673,5.66708
207310,5498,525,5.52487
19304,4664,2574,5.68567
7354,4664,2572,5.68625
313876,4664,2660,5.6695
142219,4664,2764,5.64954
16673,4664,2530,5.69368
1987,4664,2671,5.66774
1987,5497,2285,5.52633
2720,4664,2641,5.67218
66964,5496,1090,5.55135
66964,5499,2030,5.53401
13436,4665,404,5.52107
67022,4664,3301,5.5283
79312,5496,1113,5.53681
1053,4666,568,5.65204
242354,4664,2521,5.69517
37392,4664,2592,5.68192
41757,5499,2011,5.53845
5933,4664,2593,5.68134
10611,4664,2560,5.68887
54501,4664,3066,5.5841
68340,5498,513,5.54559
68340,5499,2012,5.53823
73536,4664,2886,5.62285
31770,4666,815,5.54137
9113,4664,2603,5.68033
7378,4666,689,5.59026
183528,4665,201,5.81519
5964,4664,2668,5.66849
4320,4664,2669,5.66834
931,4666,549,5.66387
2836,4666,831,5.5345
13979,4664,2633,5.67417
39914,5499,1989,5.54241
26795,4664,2659,5.66951
35546,4666,656,5.60584
69543,5497,2307,5.51823
89807,4664,2571,5.68659
1873,4664,3068,5.58356
1873,5497,2289,5.52478
12202,4664,2600,5.68081
4778,4664,3121,5.56898
142996,4664,2577,5.68494
63433,4666,642,5.61206
10946,4664,2798,5.6407
18247,5496,1097,5.54832
2284,4666,628,5.61969
20543,5499,2035,5.53291
38637,5497,2266,5.53562
129313,4664,2718,5.65904
9010,4666,659,5.60502
17591,4664,2585,5.68324
17644,4664,2613,5.67819
7939,4666,634,5.61726
10065,4665,373,5.55597
269440,5499,2018,5.53622
2341,4664,2552,5.69021
6086,4664,2855,5.62903
15159,4665,329,5.62313
7650,4664,2761,5.65036
24994,4664,2636,5.67357
12218,4664,2597,5.68104
7567,4666,599,5.63689
233144,5497,2305,5.51874
11399,4664,2634,5.67373
31975,4666,613,5.62668
27339,4666,740,5.56818
446,4666,757,5.56176
8046,4664,2694,5.66366
69233,4665,214,5.77935
33581,5496,1111,5.53725
33581,5497,2318,5.51347
9790,4664,2724,5.65776
8911,4664,2675,5.66665
186980,4664,2688,5.66467
284948,4664,2594,5.68132
1875,4666,765,5.55948
6771,4666,701,5.58451
680,5496,1146,5.51865
9111,4664,2612,5.6783
1235,5499,2061,5.52538
187199,4664,2672,5.66736
9438,4664,2693,5.66407
38763,4664,2807,5.63972
8428,4664,2587,5.68263
68943,4666,698,5.58611
55999,4664,2738,5.65524
2392,4666,1063,5.38773
8122,4666,592,5.64
4015,4664,2661,5.66941
24013,4664,2795,5.6416
35047,5496,1116,5.53544
178266,5499,2034,5.53319
34890,4664,2620,5.67706
204323,5497,2276,5.53297
7337,4664,2509,5.69728
8749,4664,2643,5.67202
10084,4665,223,5.7641
179,4666,604,5.63429
6995,4666,640,5.61414
47408,5499,2040,5.53242
130014,4664,2674,5.6668
19735,4664,3048,5.58936
26124,4666,769,5.5567
200871,4665,292,5.66761
7230,4664,2706,5.66163
265293,5499,2019,5.53595
13715,4666,662,5.60258
32086,4664,3315,5.52261
179020,4664,2703,5.66209
82397,4666,781,5.55335
82397,5499,2058,5.52644
88402,5498,509,5.54762
1516,5496,1142,5.52202
1516,5497,2313,5.51554
7921,4665,254,5.71675
3954,5497,2332,5.50857
12319,4666,647,5.60994
5198,4664,2748,5.65239
803,4664,3138,5.56606
68201,4666,591,5.64027
7182,4666,816,5.54116
138682,5496,1099,5.54717
138682,5497,2279,5.53065
56195,4664,3032,5.59461
56195,4666,608,5.63089
91737,4664,2610,5.67904
244910,5499,2022,5.53542
54073,4665,287,5.66987
54073,4666,717,5.57883
1649,4664,2744,5.65307
20300,4664,2595,5.68118
17735,4665,238,5.74364
5055,4664,2663,5.66905
1029,4664,2735,5.65564
46991,4664,2616,5.67791
41305,4665,274,5.68718
37612,5498,529,5.52186
1210,5496,1124,5.5309
4021,4664,2813,5.63837
30438,4665,207,5.8009
25045,4664,3002,5.59999
25045,5496,1106,5.54374
9863,4664,2647,5.67182
35492,4664,2905,5.61846
6625,4664,2650,5.67116
10264,4664,2766,5.64915
7562,4664,2736,5.65546
23642,4664,2749,5.65218
257205,5499,2027,5.53498
99062,4664,2729,5.65751
2415,4666,638,5.61544
11469,4664,2683,5.66511
90002,4664,2556,5.68972
14523,4664,2827,5.63595
4935,4664,2780,5.64504
10605,4664,3135,5.56635
10605,4666,672,5.59802
36790,5499,2031,5.53354
130763,5499,2013,5.53815
12520,4664,2652,5.67082
13994,4664,2627,5.67532
9062,4664,2716,5.65974
355,5497,2277,5.5314
3240,4664,2667,5.66862
8693,4664,2710,5.66089
8990,4666,643,5.61184
25246,4666,658,5.60537
150197,4664,2676,5.66665
5199,4664,2856,5.62901
9988,4664,2632,5.67419
181194,5499,2028,5.53456
118537,4664,2515,5.69623
2160,4664,2702,5.66214
1045,4666,582,5.64251
11766,4664,2624,5.6761
1820,4664,3161,5.56103
1820,4667,197,5.63293
9973,4664,2695,5.66349
4196,4665,409,5.51948
5893,4665,384,5.54346
37741,4664,2717,5.65912
123689,4664,2630,5.67487
11060,4664,2819,5.63727
5044,4664,2639,5.67329
7708,4665,455,5.48012
21479,4666,617,5.62584
29146,4666,710,5.58123
25999,4666,699,5.58563
54986,4665,260,5.70763
54986,5499,2043,5.53156
2779,4664,2940,5.6117
2779,5497,2325,5.51216
33850,4664,2715,5.65976
152229,4666,619,5.62385
3081,4666,678,5.59445
102698,4667,191,5.66735
6146,4664,2640,5.67259
132188,5499,2054,5.5268
10776,4664,2705,5.6619
7683,4666,668,5.60063
20848,4666,783,5.55218
93997,4665,213,5.78393
93997,5499,2032,5.53329
11937,4664,2784,5.64432
4010,4664,2725,5.6577
322067,4664,2635,5.67359
142981,4664,2691,5.66433
9849,4664,2655,5.67012
2917,4664,2770,5.64797
15731,5499,2049,5.52954
24658,4665,362,5.57122
13936,4664,2745,5.65301
38299,4664,2664,5.6689
6042,4664,2605,5.67998
18256,4666,677,5.59549
5380,4666,664,5.60194
17967,4664,2685,5.66478
39029,4666,705,5.58388
7799,4664,2686,5.66474
158243,5499,2129,5.50863
7522,4664,2783,5.64446
150143,4664,3286,5.53333
24025,4667,199,5.6298
6982,5496,1132,5.5286
6982,5499,2086,5.52028
35508,4664,2771,5.64791
2003,4666,694,5.58761
39872,4665,348,5.59762
9915,4664,2700,5.66216
3812,4664,2737,5.65532
3725,4665,388,5.53815
42685,4666,801,5.54497
6460,5496,1115,5.53577
40102,4664,2680,5.6659
26582,4667,198,5.63139
31887,5499,2044,5.53117
29691,4664,2682,5.66516
6507,4664,2779,5.64515
11855,4664,2711,5.66086
12479,4664,2751,5.65133
73244,4664,2690,5.66449
12455,4664,2714,5.66016
6024,4664,2772,5.64763
5223,4664,2692,5.66427
2119,5496,1160,5.50811
2119,5499,2079,5.52236
1753,4665,277,5.68448
30021,4664,2741,5.65415
257045,5498,511,5.54645
113337,4664,2863,5.62785
17267,4664,2895,5.62092
4048,4664,2845,5.63108
9909,4664,2699,5.66221
116739,4664,2708,5.66149
32429,4665,242,5.73518
11707,4664,2723,5.65799
96188,5498,544,5.4796
96188,5499,2118,5.51073
7506,4664,2697,5.66305
1877,4665,538,5.39688
1877,5499,2077,5.5225
9913,4664,2730,5.65735
34311,4664,2721,5.6585
5321,4664,2949,5.60991
5321,4665,328,5.6253
1079,4666,623,5.62181
160871,4664,2814,5.63833
130017,4664,2701,5.66215
8043,4664,2781,5.64478
18791,5499,2067,5.5245
12662,4664,2713,5.66025
486,4665,304,5.65199
5704,4665,364,5.56868
7366,4666,645,5.61026
32885,4666,709,5.58153
13316,4664,2938,5.61203
16875,4666,631,5.61831
37103,4666,610,5.62965
85076,4664,2733,5.65632
17787,4664,2999,5.60042
24024,4665,339,5.61392
186404,4666,597,5.63742
5167,4666,713,5.58018
6456,4664,2698,5.66237
126255,5499,2065,5.5246
144253,4664,2903,5.619
611,5496,1114,5.53635
188793,5499,2076,5.52255
1077,4666,611,5.62911
69761,4664,2709,5.66108
4379,4664,2880,5.62376
8731,4664,2760,5.65037
5193,4664,2876,5.62471
7254,4664,2759,5.6504
163031,4666,799,5.54648
8518,4664,2722,5.65809
260931,4665,289,5.66789
70597,5499,2045,5.5309
2757,4664,2823,5.63662
41496,4665,317,5.63665
59650,4667,235,5.49361
186510,5498,512,5.54583
13299,4664,2775,5.64682
31797,4664,2911,5.6175
5226,4664,2734,5.65624
121031,4664,2719,5.65862
59309,4665,255,5.71376
5437,4664,2933,5.61245
6939,4664,2801,5.64047
5194,4664,2805,5.63995
22407,4664,2774,5.64717
161773,4665,334,5.62072
80869,5496,1128,5.53011
32187,4665,245,5.72789
282,4664,3148,5.56382
16018,4664,2794,5.64183
5778,4664,2898,5.62053
116735,4664,2747,5.65243
3108,4664,2758,5.65042
260,4664,2983,5.60434
243927,4666,681,5.59371
7141,4664,2790,5.64335
4049,4664,2902,5.61953
66888,4665,494,5.44656
66888,4666,833,5.53297
5335,4664,2844,5.63157
2709,4664,2897,5.62056
253991,4664,2743,5.65366
13885,4664,2739,5.65524
11056,4664,2631,5.6743
18870,4666,648,5.60898
20514,4664,2742,5.6537
1000,4666,603,5.63437
67037,4665,216,5.77577
18683,4666,621,5.62339
21457,4666,688,5.59037
9853,4664,2757,5.65043
8787,4664,2836,5.63267
3358,4665,284,5.67441
137780,5498,499,5.56291
14468,4664,2787,5.64406
4853,5499,2112,5.51127
311708,5499,2047,5.53014
112445,5497,2309,5.51631
24020,4664,2776,5.64678
27751,4666,684,5.5925
228,5496,1203,5.46036
73242,4664,2840,5.63181
7931,4664,2768,5.64909
30945,4664,2767,5.64909
21987,4665,273,5.68759
6054,4664,2828,5.63559
8748,4664,2810,5.63904
36698,4664,2846,5.631
11534,4664,2782,5.64458
11127,4664,2838,5.6319
501,4665,279,5.67999
37099,5499,2060,5.5261
43802,4664,2773,5.64754
14324,4664,2756,5.65044
94916,5496,1139,5.52502
6896,4664,2821,5.63684
6022,4664,2875,5.62492
73240,4664,2796,5.64141
120444,5496,1129,5.52914
120444,5497,2303,5.51933
28050,4666,670,5.59915
1468,5498,497,5.56481
1789,4664,2818,5.63749
688,4664,2945,5.6104
10265,4664,2839,5.63181
9564,4664,2820,5.63687
35481,4665,276,5.68473
9048,5499,2068,5.52435
19351,4664,3122,5.56825
19351,4667,183,5.69324
42470,4664,3144,5.56445
6125,4664,2835,5.63295
15676,4666,649,5.60881
23521,4666,729,5.57245
342,4666,637,5.61556
35618,5499,2071,5.52386
7368,4664,2800,5.64051
8728,5496,1126,5.5304
8728,5497,2322,5.51275
154244,4664,3103,5.57521
11510,4664,2837,5.63215
3370,4666,818,5.5401
9736,4664,2804,5.64007
21635,4665,243,5.73504
12267,4665,271,5.6907
12963,5496,1157,5.51211
12963,5497,2296,5.52219
23030,4666,644,5.6115
40006,4665,231,5.75484
31935,5499,2059,5.52628
142158,4665,306,5.65007
142158,5499,2051,5.52811
138799,4666,810,5.5423
138799,5497,2329,5.51007
3716,4664,2825,5.63639
41835,4665,549,5.38761
40958,4665,320,5.63309
154681,4665,337,5.61607
1033,4664,2789,5.64368
171663,4666,703,5.58412
171663,5497,2290,5.52468
15430,4664,2803,5.64034
160608,5497,2310,5.51615
36554,4665,314,5.64001
6748,5498,514,5.54447
6748,5499,2057,5.52647
73238,4664,2793,5.64195
8756,4664,2989,5.60221
10304,4664,2872,5.62573
13871,4664,2786,5.64408
130015,4664,2791,5.64278
22392,4664,3514,5.43288
130674,4664,2811,5.63885
16741,4664,2809,5.63924
7336,5498,546,5.47662
7336,5499,2146,5.50389
18011,4666,763,5.5601
42493,5497,2292,5.52377
42493,5499,2066,5.52451
255642,4664,2932,5.61281
1570,4664,3140,5.56575
29736,5499,2074,5.52275
29107,4665,349,5.59329
24280,4666,787,5.55011
5881,4664,2881,5.6237
27852,4664,3220,5.54976
9907,4664,2799,5.64061
151070,4664,3005,5.59949
151070,5497,2294,5.52353
4971,4664,2815,5.63815
5197,4664,2869,5.62627
39745,4664,2704,5.66198
58764,4664,3300,5.52836
58764,5497,2301,5.52036
69582,5498,508,5.54817
2606,4664,3074,5.58242
16471,4664,2812,5.63865
6897,4664,2861,5.62792
4316,4664,2849,5.63007
4316,5497,2308,5.51742
124992,5497,2291,5.52403
124992,5499,2063,5.52528
30286,4666,653,5.60698
17807,4664,3260,5.54039
57865,4667,208,5.5963
8103,4667,229,5.51328
12629,4664,2850,5.62986
200888,4664,2816,5.63777
9869,4664,2802,5.64044
650,5496,1119,5.53437
22910,4667,207,5.59783
5859,4664,2831,5.63419
73243,4664,2822,5.63671
117558,5496,1143,5.5218
117558,5497,2324,5.51242
36412,4664,3092,5.57807
36412,5496,1125,5.53079
136215,4664,2824,5.63643
69347,4666,686,5.59183
3674,4664,3049,5.58923
192059,4666,650,5.60812
10386,4666,727,5.57306
200396,4664,2870,5.62616
5343,4665,208,5.80024
155440,5496,1156,5.51285
143840,4664,2826,5.63635
10785,4664,2830,5.63435
30370,5496,1141,5.52226
281477,4664,2832,5.63409
8331,4664,2996,5.60126
37732,5499,2064,5.52465
1277,4666,639,5.61491
4677,4664,2841,5.63181
12169,4664,2817,5.6377
11131,4664,2865,5.6276
34291,4666,756,5.56193
8960,4664,2942,5.61105
1793,4664,2857,5.62893
3337,5498,523,5.52753
3337,5499,2075,5.52262
218993,5499,2055,5.52673
9345,4665,240,5.74125
11512,4664,2860,5.62796
10508,4665,266,5.70093
4554,4664,2990,5.60212
4554,4666,728,5.57297
39545,4664,2896,5.62069
4962,4664,3077,5.58154
10836,4666,675,5.59685
160773,4664,3196,5.55404
160773,5497,2293,5.5236
30951,4665,346,5.60149
6268,4666,730,5.57212
41788,4664,2843,5.63163
184525,5498,530,5.51629
5120,4666,714,5.57959
245025,5499,2099,5.51458
3457,4666,820,5.53941
7307,4665,358,5.57836
193134,5499,2056,5.52649
916,4665,308,5.64566
12743,4664,2848,5.63052
10780,4665,281,5.67867
4012,4664,2858,5.62881
263089,5497,2287,5.52553
28253,4664,2769,5.64843
8965,4666,682,5.59266
3099,4664,3176,5.55749
8589,4665,307,5.64868
7241,4664,2917,5.61597
806,5497,2288,5.52531
8426,4664,2962,5.60857
3155,4666,734,5.5708
38784,4664,2982,5.60454
56208,4664,2851,5.62945
15066,4666,736,5.56981
17958,4665,294,5.66608
10584,4664,2859,5.62831
68251,5496,1138,5.52603
44715,4665,401,5.52432
5862,4664,2981,5.60491
7847,4664,2952,5.60956
231966,5496,1161,5.50785
11289,4664,2853,5.62927
292,5499,2081,5.52214
4300,4664,2957,5.60925
2040,4666,679,5.59434
11125,4664,2885,5.62297
128219,5497,2314,5.51515
9152,4664,2874,5.62499
19186,4664,2971,5.60678
3815,4664,3019,5.5964
6944,4664,2892,5.62151
22990,4664,2868,5.62669
9018,4665,295,5.66604
88960,5499,2070,5.52391
158236,5499,2088,5.51963
298376,5499,2072,5.52363
4437,4666,715,5.57915
164202,5498,519,5.53372
8128,4666,906,5.49855
8128,5497,2311,5.51591
4957,4665,232,5.75154
5438,4664,2878,5.62392
31302,4664,3127,5.56785
1628,4664,3192,5.55481
1628,5496,1140,5.52423
112210,5496,1152,5.51463
112210,5497,2321,5.51307
5927,4664,2934,5.61223
124248,4666,770,5.55617
7622,4664,2974,5.60657
11525,4664,2975,5.60622
23920,4666,722,5.57547
10893,4664,3145,5.56428
10893,4667,184,5.68763
12506,4664,2871,5.626
3245,4664,2862,5.62788
20708,4664,2808,5.63926
57834,4664,2909,5.61791
24042,4664,2926,5.61377
7995,4666,687,5.59088
67499,4665,285,5.67209
38334,4666,766,5.55842
19540,4666,776,5.55462
2725,5496,1135,5.52746
21141,4664,2987,5.60246
144957,4664,2873,5.62521
39998,4667,193,5.65891
5453,4664,2922,5.61447
2134,4667,212,5.58057
8548,4666,685,5.59243
18023,4664,3047,5.58951
9539,4665,246,5.72656
6044,4664,3072,5.58277
8067,4664,2914,5.61686
118515,5499,2052,5.52791
21730,4666,690,5.59008
6365,4666,999,5.44576
65243,4664,2842,5.63181
1310,5499,2082,5.52213
153056,4664,2785,5.64413
15088,4664,2925,5.61414
73230,4664,2893,5.62136
9233,4664,2956,5.60938
5350,4664,2883,5.62341
12776,4666,725,5.57435
31604,4664,2901,5.61955
116978,5499,2087,5.51989
10533,4664,2930,5.61305
11482,4664,2988,5.60236
118539,5497,2286,5.52581
180,4666,720,5.57786
11339,4664,2888,5.62219
20630,4666,754,5.56301
28238,4665,371,5.55792
4455,4664,2947,5.61026
533,4665,440,5.49167
533,5499,2126,5.50914
20710,4664,2920,5.6153
35167,4666,702,5.58426
1833,5496,1134,5.52792
18122,4664,2887,5.62282
129326,4664,2890,5.62184
52827,4666,695,5.58735
93402,5499,2069,5.52412
7526,4664,2877,5.62442
24127,4667,203,5.61557
125148,5498,535,5.50826
39527,4666,775,5.55506
9398,4664,2980,5.60559
8102,4664,2912,5.61746
73245,4664,2979,5.60561
7795,4664,2997,5.60082
25448,4666,663,5.60238
33664,4664,2944,5.61059
6053,4664,2915,5.61685
5669,4664,2928,5.61334
3970,4664,3035,5.59393
3970,5496,1127,5.5304
16608,4665,390,5.5375
3247,5496,1122,5.53175
1719,4664,2913,5.61739
34713,4664,2916,5.61615
349,5499,2090,5.51935
16272,4664,2907,5.61837
12018,4664,2921,5.6152
13832,4666,674,5.59766
99044,4664,2927,5.61372
31558,4664,2948,5.60995
6842,4664,3029,5.59514
8848,4664,3037,5.59361
6983,4666,742,5.5669
11320,4666,744,5.5662
14128,4666,721,5.5776
36332,4664,2968,5.60723
17298,4666,671,5.59819
9181,4664,2953,5.60954
139728,5497,2320,5.5132
42275,4664,2910,5.61764
10014,4664,2919,5.61555
7981,4666,733,5.571
22176,4664,2931,5.61289
2137,4667,214,5.57328
237831,5499,2073,5.52319
5135,5498,538,5.50563
40440,5497,2298,5.52147
4036,4664,3034,5.5943
7026,4664,2951,5.60978
27007,4664,3004,5.59955
28609,5499,2127,5.50894
17836,4664,2829,5.63452
73233,4664,2943,5.61081
66533,4664,2937,5.61205
8744,4664,2923,5.6144
11195,4665,321,5.63303
2833,4665,377,5.55263
9843,4664,2935,5.61221
8382,4664,2954,5.60951
174529,4664,3031,5.5949
42336,4666,711,5.58058
14102,5499,2101,5.51422
11527,4664,2984,5.60423
9597,4665,311,5.64317
6832,4664,2946,5.61035
151952,4664,2904,5.61874
22305,4666,747,5.56575
2299,5496,1123,5.53109
2299,5497,2302,5.51942
11421,4666,778,5.55424
150422,4664,2959,5.60902
6698,4667,221,5.53117
9204,4664,2960,5.6088
1146,4664,3498,5.44737
1146,5497,2333,5.50763
29879,4664,2950,5.60986
35763,5498,507,5.54831
35763,5499,2084,5.52121
19399,4665,374,5.55495
19201,4665,291,5.66782
107834,5497,2299,5.52122
131895,4664,2955,5.60941
68504,5496,1117,5.53505
32969,5496,1145,5.51991
10256,4664,3014,5.59763
33359,5499,2091,5.5189
245240,5499,2094,5.51732
33414,4665,259,5.70903
10610,4664,2958,5.60922
1571,5496,1154,5.51368
1571,5497,2338,5.50159
40653,4665,248,5.72331
2296,4665,492,5.44938
2296,5499,2165,5.49778
37686,5498,510,5.54747
19957,5498,528,5.52257
9033,4664,2929,5.61309
87876,4667,182,5.69417
87876,5496,1133,5.52818
31556,4664,2969,5.60692
4675,4664,3023,5.59607
9784,4664,3013,5.59772
200407,5499,2083,5.52149
7383,4664,2966,5.6081
4979,5496,1147,5.51845
47475,4664,2976,5.60598
73241,4664,2963,5.6084
9189,4664,2977,5.60593
4285,4664,2970,5.60691
76481,4664,2918,5.6158
91313,32,5394,5.67875
91313,4415,227,5.96671
91313,4420,180,6.0305
91313,4666,696,5.58721
91313,4781,170,6.02493
91313,4976,140,5.89124
61902,4665,484,5.45427
8408,4664,3033,5.59437
28306,4666,726,5.5731
5860,4664,3018,5.59641
1622,4666,790,5.54964
109643,4664,2939,5.61191
42352,4664,3056,5.58795
251137,4664,2965,5.60821
10472,4664,3131,5.56721
4013,4664,2972,5.60678
39834,5497,2297,5.52154
39834,5499,2080,5.52222
32025,5499,2078,5.52241
25477,4664,2978,5.60585
191879,5499,2096,5.51612
7181,4667,236,5.47675
35901,4665,301,5.65664
31159,4665,402,5.52341
29291,4666,724,5.57453
6040,4664,3055,5.58817
20204,4666,718,5.57878
31557,4664,2992,5.60169
2756,4664,3076,5.58181
6130,4664,3008,5.59867
8132,4664,3024,5.59601
11124,4664,2998,5.60042
16389,4666,716,5.57902
8746,4664,3001,5.60021
3499,4666,752,5.56336
7386,4664,3038,5.59275
9496,4664,2985,5.60359
21012,4666,706,5.58386
6774,4664,3044,5.59074
127994,5496,1170,5.49714
143841,4664,2941,5.61108
11562,4664,3006,5.59913
20953,4665,322,5.63176
1700,4664,3053,5.58825
13363,4664,2994,5.60153
7948,4664,3003,5.59956
1365,4666,719,5.57826
9133,4664,2995,5.60132
4740,4664,3060,5.58621
19671,4667,217,5.56575
1993,4666,700,5.58479
129315,4664,2891,5.62182
4245,4664,3021,5.59623
11027,4664,2993,5.60155
102145,4664,3020,5.59623
9861,4664,3000,5.60021
5724,4664,3090,5.5782
47158,4667,225,5.52544
273,4664,3358,5.5098
273,5497,2312,5.51555
14474,4664,2991,5.60175
11689,4664,3007,5.59909
12059,4664,3028,5.59539
38826,4664,3010,5.59824
38826,4666,851,5.52496
25665,4664,3017,5.59677
5994,4664,3058,5.58773
142584,5496,1150,5.51745
24826,4666,745,5.56604
4281,4666,942,5.48149
2597,5499,2102,5.51378
38331,4665,312,5.6416
3557,4666,707,5.58258
40961,4666,813,5.54201
40171,4666,704,5.58391
8405,4664,3073,5.58272
42257,4667,206,5.59859
9343,4665,300,5.65788
30081,4664,3027,5.59555
136032,4664,3016,5.59691
139374,5499,2089,5.5195
28109,4664,3046,5.59012
5224,4664,3011,5.59797
7947,4665,325,5.62838
8134,4664,3199,5.55391
11790,4665,368,5.56207
201345,5497,2304,5.51907
19039,4667,200,5.62835
8741,4664,3042,5.59162
94633,4667,215,5.56949
8755,4664,3111,5.57261
1616,4664,3026,5.59565
57409,4666,755,5.56203
6660,4666,782,5.55291
2098,4667,220,5.53725
2260,4664,3045,5.59062
115944,5497,2306,5.51861
10348,4664,3012,5.59777
8457,4664,3043,5.59113
7491,4665,360,5.57517
33803,4666,855,5.5234
1355,4665,280,5.67945
281647,5497,2300,5.52055
2634,4666,749,5.56501
10898,4666,759,5.56107
17285,4665,316,5.63744
268901,4664,3030,5.59501
4139,4664,3097,5.57662
13103,4666,868,5.51767
42311,4665,313,5.64031
25795,4666,808,5.54242
2763,4666,949,5.47767
38949,5499,2092,5.51886
16830,4664,3051,5.58893
2503,4664,3079,5.58075
36985,4666,764,5.55968
26067,4666,789,5.54994
4295,4664,3040,5.59192
5707,4665,354,5.58456
15164,4664,3105,5.57465
124199,4664,3061,5.58574
2599,4664,3154,5.56267
40774,4665,343,5.61087
5875,4664,3147,5.56393
159003,5497,2315,5.51508
18590,4665,410,5.51939
231,4664,3052,5.58875
3049,4664,3080,5.58051
13996,4664,3039,5.59216
9862,4664,3041,5.59173
3423,4666,737,5.56963
65333,4665,372,5.55759
32410,4666,760,5.56086
37376,5499,2093,5.51832
159502,5497,2336,5.50402
159502,5499,2130,5.50826
9512,4664,3062,5.58562
58696,5499,2125,5.50948
5086,4665,491,5.44988
2680,5499,2132,5.50791
104351,4664,3087,5.5787
4239,4664,3081,5.58031
66537,4666,691,5.58841
7920,4665,226,5.76069
4516,4664,3136,5.56629
792,4666,805,5.5436
1599,4664,3093,5.57794
164187,4664,3054,5.58823
27857,4666,794,5.54813
26918,4664,3067,5.58361
36993,4666,797,5.54713
25476,4664,3059,5.58628
7145,4665,340,5.6137
8364,4664,3063,5.58552
72622,4664,3085,5.57935
163077,4664,3057,5.58777
14471,4667,204,5.6016
6124,4664,3108,5.57359
21488,4666,774,5.55565
6003,4664,3098,5.57654
11888,4664,3050,5.58898
16826,4664,3094,5.57706
68743,4666,712,5.5802
2127,4667,266,5.31026
46957,5499,2085,5.52092
8652,4665,357,5.58044
37,4664,3133,5.5671
70922,4666,834,5.53262
70922,5499,2104,5.51319
70262,5499,2095,5.51705
24189,4665,342,5.61269
9844,4664,3064,5.5853
5059,4664,3071,5.58282
3540,4666,738,5.56951
8330,4664,3069,5.58333
84454,4665,250,5.72181
24069,4664,3335,5.51792
14117,4664,3070,5.58318
22205,4666,735,5.56991
6119,4665,461,5.47316
7102,4664,3124,5.56799
4799,4667,201,5.62788
3249,4664,3228,5.54753
3249,5496,1149,5.51752
3634,4664,3036,5.59374
3046,4664,3107,5.57392
13830,4666,767,5.55761
1861,5496,1159,5.50833
30583,4666,762,5.56035
109044,4666,731,5.57161
65796,4665,298,5.66106
5502,4667,234,5.49446
32004,4666,780,5.55362
12291,4665,451,5.48245
11680,4666,746,5.56579
28258,5499,2133,5.50791
141920,4664,3323,5.52073
141920,5497,2323,5.51255
191364,4664,3195,5.55421
191364,5497,2319,5.51342
41326,4665,341,5.6137
32016,4665,438,5.49179
7140,4664,3152,5.56299
129988,5498,518,5.53373
20642,4666,779,5.55408
182736,4664,3264,5.53961
31358,4666,811,5.54223
13388,4664,3078,5.58124
9845,4664,3091,5.5782
4392,4664,3088,5.57835
255,4664,3110,5.57312
8365,4664,3096,5.57673
22299,4664,3083,5.58017
151410,5496,1155,5.51331
151410,5499,2143,5.50434
15483,4664,3082,5.58017
8001,4664,3065,5.58433
19432,4666,761,5.5607
9277,4664,3075,5.58181
10471,4664,3114,5.57233
4479,5499,2138,5.5052
26244,4665,350,5.59289
31858,4666,748,5.56528
29258,4664,3202,5.55316
35256,4664,3303,5.52704
35256,5497,2316,5.51448
6342,4666,911,5.49816
141102,5499,2128,5.50882
13654,4666,893,5.506
13654,5498,533,5.50864
13378,4664,3109,5.57347
7063,4664,3104,5.57482
21861,4666,784,5.55161
3376,4664,3106,5.57455
5054,4664,3125,5.56793
25758,4665,351,5.59289
27,4664,3553,5.38559
4360,4664,3118,5.56921
4246,4664,3089,5.57827
6759,5497,2327,5.51116
2131,4667,196,5.6388
170608,5496,1168,5.49931
170608,5499,2136,5.50663
9409,4665,299,5.66025
159570,4665,333,5.62249
34009,4666,786,5.55048
3468,4664,3190,5.55497
31453,4664,3099,5.57629
8360,4664,3101,5.57566
26920,4666,807,5.54285
3417,4666,866,5.5183
11464,4666,814,5.54187
8740,4664,3116,5.5695
21716,4664,3203,5.55309
26293,4664,3231,5.5474
4298,4664,3115,5.57124
64430,4666,837,5.53131
136415,4665,327,5.62669
136415,5499,2107,5.51303
25991,4664,3112,5.57256
2731,4666,758,5.56159
10797,4664,3100,5.57576
47994,4666,768,5.55751
27939,4667,213,5.5793
16970,4664,3117,5.56937
31070,5499,2106,5.51305
8262,4665,323,5.63169
16802,4666,848,5.52641
6578,4665,432,5.49498
8044,4664,3102,5.57545
35017,5496,1148,5.51803
127947,4664,3177,5.55741
10966,4664,3126,5.56787
10463,4665,381,5.5472
10463,4666,821,5.53916
4843,4664,3123,5.56816
3174,4664,3175,5.55789
9569,4664,3153,5.56277
67609,5499,2108,5.513
17926,4666,791,5.54876
7143,4664,3129,5.56727
59308,4665,309,5.64562
110160,5499,2097,5.51568
27388,4665,288,5.66824
455,5499,2100,5.51435
3527,4664,3198,5.554
145209,5496,1163,5.50591
145209,5497,2344,5.49739
3059,4665,429,5.49728
5221,4666,859,5.52228
18584,4665,380,5.54873
65242,4664,3113,5.57239
14142,4666,772,5.55591
5185,4664,3156,5.56198
10095,4666,793,5.54839
11136,4664,3128,5.56757
4410,4665,367,5.5623
10171,4664,3371,5.50465
6406,4664,3184,5.55648
5231,4664,3254,5.54148
42309,4665,344,5.61035
16474,4665,338,5.61586
8406,4664,3132,5.56716
85123,4664,3084,5.57956
41860,4665,345,5.60149
4623,4664,3141,5.56556
8863,4664,3292,5.53111
8863,4667,232,5.5048
34221,4666,817,5.5409
3677,4664,3009,5.59833
131450,5496,1158,5.51198
131450,5499,2111,5.51222
1956,4665,449,5.48291
4772,4664,3157,5.56193
75292,4664,3143,5.5648
1336,5497,2330,5.51005
1336,5499,2119,5.51034
3005,4666,838,5.531
22644,4664,3313,5.52344
1945,4664,3352,5.51184
8471,4664,3234,5.54629
32409,5498,550,5.46451
42882,4664,3120,5.56912
42882,5497,2317,5.51355
8962,4664,3150,5.5632
11187,4664,3472,5.46169
43295,4666,875,5.51427
73360,4664,3130,5.56726
41844,5499,2103,5.51331
73251,4664,3139,5.56578
19978,4665,413,5.51421
802,4664,3137,5.56622
30000,4666,843,5.52756
2690,4664,3288,5.53278
4625,4664,3189,5.55541
2038,4666,884,5.50896
6005,4664,3169,5.55909
173931,4664,3158,5.56166
13745,4666,829,5.53482
21040,4664,3160,5.56124
2195,4666,939,5.48374
7232,4667,222,5.5289
5019,4665,396,5.53352
32471,5498,540,5.48986
9565,4664,3382,5.50065
8246,4664,3170,5.55891
4259,4664,3207,5.55268
183777,4664,3173,5.5581
26947,4666,792,5.54845
11552,4664,3151,5.56315
3801,5496,1166,5.50209
4851,4664,3287,5.53279
305872,4664,3142,5.56529
29317,4664,3320,5.52153
4607,4666,858,5.52261
38824,4664,3146,5.56396
40964,4666,849,5.5264
1291,4666,878,5.51297
9246,4664,3272,5.53821
3181,5499,2198,5.48175
18780,4664,3273,5.53766
37142,4664,3165,5.56034
15712,5499,2144,5.50419
8745,4664,3187,5.55585
3354,4664,3166,5.55957
10214,4664,3167,5.55932
8788,4664,3174,5.55809
5779,4664,3276,5.53594
860,4664,3200,5.55327
14024,4664,3248,5.54234
6921,4664,3168,5.55928
2428,4664,3414,5.48872
11413,4665,398,5.53
93577,5497,2335,5.50537
43489,5496,1153,5.51369
43489,5499,2116,5.51084
9420,4665,335,5.61951
19802,4666,798,5.54666
28388,4664,3268,5.53899
17748,4666,824,5.53776
74309,4664,3163,5.56081
3355,4666,809,5.54242
11498,4664,3164,5.56081
29118,4664,3180,5.55714
29118,5496,1144,5.52073
4237,4664,3171,5.55869
1735,4666,822,5.53898
11292,4664,3250,5.54226
31477,4666,839,5.52881
230619,5499,2113,5.51115
8945,4666,835,5.53222
36639,4666,803,5.5443
23285,4664,3245,5.54279
27949,4664,3274,5.53722
11116,4664,3178,5.55739
6023,4664,3208,5.55257
810,4666,795,5.54803
6706,4666,826,5.53736
5295,4664,3179,5.55726
12496,4664,3182,5.55679
188389,4666,785,5.55147
35247,4666,806,5.54298
1142,4666,819,5.53961
5348,4664,3185,5.55616
29741,4666,802,5.54477
34310,4664,3172,5.55814
12222,4664,3188,5.5557
65556,4665,408,5.52024
65556,5499,2123,5.50961
33086,4664,3186,5.55599
6915,4664,3218,5.55
126728,5499,2114,5.511
20888,4664,3181,5.55681
65488,4665,370,5.55991
40388,4664,3321,5.52122
7977,4664,3201,5.55319
165796,4665,426,5.49933
165796,5499,2117,5.51078
42227,4666,750,5.56497
18945,4664,3204,5.553
116948,5499,2098,5.515
11476,4664,3214,5.55124
8835,4664,3191,5.55493
18908,4664,3183,5.55673
4303,4664,3261,5.54021
8388,4664,3206,5.5528
7267,4664,3225,5.54814
7267,5497,2340,5.49958
40417,5497,2328,5.5102
36523,5499,2115,5.51092
6938,4664,3282,5.53384
13371,4664,3197,5.55403
3946,4666,896,5.50413
93867,4664,3215,5.55111
3983,4666,841,5.52837
4789,5498,561,5.44949
73252,4664,3247,5.54253
37680,5497,2326,5.51128
11972,4665,352,5.59183
16184,5499,2120,5.51019
13863,4666,955,5.47414
11126,4664,3211,5.55175
7060,4664,3205,5.55294
9681,4665,478,5.46179
27876,4667,237,5.47397
2473,4666,827,5.5373
27408,4667,224,5.52623
4271,4664,3233,5.54661
5922,4664,3221,5.54957
67144,4665,430,5.49591
12964,4664,3194,5.55437
6687,4664,3213,5.55135
9418,4664,3217,5.55022
22674,4664,3223,5.54861
6404,4664,3209,5.55241
18875,4664,3257,5.54126
3039,4664,3159,5.5616
9791,4664,3216,5.5504
6129,4664,3262,5.54013
22123,4666,825,5.53754
174057,5499,2124,5.50955
8409,4664,3227,5.54773
17792,4666,804,5.54386
40804,4667,211,5.58929
12519,4664,3224,5.54824
5934,4664,3226,5.54803
27155,5498,526,5.52464
3844,4667,227,5.51542
176898,5499,2122,5.50973
41573,4665,522,5.41238
1512,4664,3427,5.48474
1512,4666,854,5.52394
130041,4664,3222,5.54863
10885,4664,3230,5.54747
12568,4666,940,5.48261
144865,5499,2109,5.51282
25479,4664,3229,5.54751
20409,4664,3219,5.55
5382,4664,3302,5.52759
16499,5497,2337,5.50374
7131,4664,3255,5.54131
3384,4664,3355,5.51141
42980,5497,2331,5.50893
9474,4665,355,5.58369
6466,4665,464,5.47133
3062,4666,823,5.53793
2442,4666,874,5.51465
25223,4664,3242,5.54375
2937,4666,846,5.52722
11112,4664,3239,5.54497
13026,4666,771,5.556
19534,4664,3240,5.54451
9957,4664,3236,5.54566
14902,4664,3238,5.54524
3669,4664,3275,5.53717
10353,4667,233,5.49464
50995,4664,3241,5.54405
14746,4664,3251,5.54203
1550,4666,842,5.52816
6367,4666,812,5.54207
9385,4666,852,5.52488
19796,4665,604,5.31808
19796,5499,2169,5.49623
13614,4664,3259,5.54065
319,4666,830,5.5348
60579,5498,582,5.39578
60579,5499,2221,5.4717
73232,4664,3249,5.54227
18613,4664,3258,5.54091
5043,4664,3351,5.51218
11473,4664,3244,5.54317
10543,4664,3243,5.54361
42644,4665,286,5.67198
9263,4664,3253,5.54148
10258,4664,3256,5.5413
8220,4664,3289,5.53253
10215,4664,3246,5.54272
57775,4665,421,5.50336
8252,4664,3270,5.53846
99038,4665,366,5.56301
3156,4664,3265,5.53957
15163,4665,452,5.48223
1913,4666,867,5.51825
29018,5499,2131,5.50822
17892,4664,3252,5.54155
2527,4664,3266,5.53939
5837,4666,916,5.49614
10154,4665,406,5.52076
10008,4664,3330,5.51931
9989,4665,378,5.54984
3144,4666,869,5.51691
8903,4664,3283,5.53383
2198,4666,853,5.52462
4147,4664,3267,5.53911
25567,4666,850,5.52505
4213,5498,555,5.45463
727,4664,3293,5.53101
16273,4664,3271,5.53842
11351,4664,3263,5.53977
27061,4665,403,5.5226
1211,4665,441,5.4912
40629,5499,2137,5.50574
7248,4666,857,5.52283
10052,4665,353,5.58471
613,4666,894,5.50572
214486,5499,2121,5.50984
6902,4666,912,5.49754
69819,4664,3269,5.53846
38328,5498,549,5.46488
13921,4664,3212,5.55138
14424,4664,3278,5.53508
58861,4666,933,5.48613
11253,4664,3277,5.53547
159536,4665,534,5.39983
6350,4664,3389,5.49908
6350,4666,879,5.51229
29080,4666,877,5.51298
5463,4666,871,5.51635
3045,4664,3339,5.51694
11974,4665,437,5.49183
1227,4666,944,5.48116
8446,4664,3284,5.53376
4450,4664,3290,5.53237
11494,4664,3279,5.53497
65087,4665,582,5.35468
12600,4667,246,5.4295
5957,4664,3306,5.526
121324,4664,3334,5.51802
9560,5497,2334,5.50556
9560,5499,2134,5.50787
16500,5499,2140,5.50517
11394,4665,506,5.42873
13912,4664,3291,5.53147
26292,4664,3285,5.53354
12429,4664,3281,5.53424
17693,4665,394,5.53409
2097,4664,3324,5.52036
269624,4665,382,5.54677
10742,4666,891,5.50675
33288,4664,3399,5.49512
4646,4664,3340,5.51684
3373,4666,890,5.50681
5039,4664,3343,5.51594
3127,4667,258,5.35755
13091,4667,230,5.50858
12943,4666,860,5.5221
29491,4666,847,5.52662
1318,4665,369,5.56184
4093,4666,873,5.51514
3335,4666,828,5.53645
125028,4666,934,5.48559
524,5499,2135,5.50763
6453,4665,363,5.5712
9776,4665,435,5.49275
38141,4664,3235,5.54585
8366,4664,3299,5.5288
40651,4665,457,5.4772
180292,5499,2145,5.50394
25988,4666,886,5.50868
66044,5496,1167,5.5
69292,4664,3430,5.48444
10651,4666,880,5.51057
67041,4665,416,5.51118
7040,4664,3298,5.52888
22790,4666,888,5.5077
344332,4664,3294,5.53045
32682,5499,2153,5.50164
17136,4666,970,5.4662
1661,4666,832,5.53342
4680,4664,3307,5.52567
10845,4664,3333,5.51878
10845,4666,900,5.50197
9110,4664,3296,5.52902
8233,4664,3162,5.56081
9488,4666,844,5.52752
6087,4664,3305,5.52642
7553,4666,864,5.51898
31216,5496,1179,5.48988
14897,4664,3416,5.48783
3793,4665,412,5.5164
138748,4665,493,5.44809
138748,5499,2155,5.50125
32154,4666,856,5.52286
32154,5499,2139,5.5052
101628,4664,3308,5.52534
7539,4664,3280,5.53481
32324,4664,3361,5.50881
8522,5496,1195,5.4775
140271,5498,536,5.50672
11508,5499,2141,5.50508
24884,4665,391,5.5374
62374,4666,902,5.50057
23613,4664,3316,5.52228
4247,4664,3331,5.5191
8267,4664,3318,5.52177
2030,4665,425,5.5
9847,4664,3312,5.52466
7088,4664,3354,5.51152
8253,4664,3314,5.52311
8753,4664,3322,5.52097
182634,5499,2161,5.49901
40938,5499,2152,5.5017
21986,4665,379,5.54938
36250,4666,845,5.52745
14469,4666,881,5.5103
8930,4667,243,5.44546
38702,4664,3317,5.52179
9506,4665,468,5.46699
6701,4664,3325,5.52
4695,4664,3332,5.51909
9013,4664,3378,5.50221
8700,4664,3328,5.51956
17021,4665,376,5.55323
22080,4666,889,5.50713
1984,4664,3386,5.49961
18262,4665,475,5.46481
3065,5499,2150,5.50251
3814,4664,3326,5.51975
25992,4664,3327,5.51966
905,4666,922,5.49259
24245,4666,895,5.50426
111830,5499,2142,5.50444
6913,4664,3309,5.52521
5077,4666,945,5.48052
11402,4664,3350,5.51324
11760,4665,444,5.48692
307,5496,1187,5.48544
307,5497,2347,5.49513
26052,4666,885,5.5089
3492,4667,239,5.46947
4606,5496,1171,5.49685
93164,4666,872,5.51595
2383,5496,1183,5.48773
2383,5499,2156,5.50076
2806,4664,3348,5.51442
35396,4666,931,5.48642
32330,4664,3342,5.51614
11121,4664,3336,5.51775
67477,4666,861,5.51979
14354,4664,3310,5.52477
5863,4664,3338,5.51762
10392,4664,3337,5.51762
10459,4666,876,5.51324
3894,4664,3366,5.50625
58192,4665,393,5.53667
5057,4664,3341,5.51631
3693,4664,3344,5.51543
7711,4665,428,5.49769
23334,5499,2175,5.4919
6047,4664,3319,5.52157
9284,4665,445,5.48588
9284,5499,2147,5.50347
139690,4667,226,5.51628
9094,4664,3345,5.51481
3999,5499,2148,5.50306
17195,4664,3373,5.50407
130626,5499,2149,5.50259
29226,4664,3407,5.49005
18902,4665,407,5.52066
18902,4666,913,5.49745
143839,4664,3346,5.51464
27950,4664,3347,5.51457
25677,5496,1174,5.49586
4171,4667,250,5.4161
26976,4667,249,5.4161
7917,4665,433,5.49476
148211,5498,541,5.48905
2940,5499,2160,5.49918
3628,4665,361,5.57267
29939,5499,2151,5.50203
5308,4666,887,5.50862
336,4666,923,5.49241
11441,4664,3353,5.51167
3914,4665,601,5.32219
3914,5499,2187,5.48637
8178,4666,882,5.5098
821,4666,915,5.49674
40801,4666,796,5.54743
3465,4664,3405,5.49149
8510,4664,3356,5.51126
18907,4664,3357,5.51078
5790,4665,389,5.53797
1226,4666,903,5.5
18128,4664,3349,5.51324
101629,4664,3363,5.50856
36560,4665,519,5.41734
3575,4664,3383,5.50053
3575,5497,2348,5.49378
2637,4664,3385,5.49983
27372,4664,3392,5.49807
23656,4665,485,5.45427
15877,4664,3359,5.50897
1427,4666,870,5.5169
62533,4666,865,5.51882
98472,5497,2352,5.48808
98472,5499,2166,5.49761
1215,4665,405,5.52093
8324,4664,3368,5.5057
824,4666,917,5.49578
18983,4664,3461,5.46902
8456,4664,3364,5.50764
4814,4666,965,5.46933
9471,4665,395,5.53353
41834,4665,414,5.51306
10196,4666,910,5.49816
1522,5496,1178,5.49167
1522,5499,2173,5.4929
19916,4666,925,5.49032
7493,4665,417,5.51027
9083,4664,3362,5.50877
3037,4664,3367,5.50583
15880,5499,2154,5.50143
56244,4664,3365,5.50758
4232,4664,3370,5.50474
8670,4664,3297,5.52893
17420,4666,975,5.46475
7541,4664,3372,5.50442
24969,4664,3360,5.50897
7762,4666,909,5.49816
1297,5498,577,5.40919
1297,5499,2250,5.4553
6573,4665,465,5.46946
6272,4664,3486,5.45551
6272,4665,473,5.46525
6272,4666,991,5.45172
4614,4665,397,5.53193
582,4664,3436,5.48108
24325,4664,3374,5.50348
7862,4665,446,5.48551
8997,4665,356,5.58349
9868,4664,3375,5.5032
21613,5499,2158,5.50012
7651,4664,3423,5.48608
13464,5499,2181,5.48913
542,5498,542,5.48522
14032,4665,476,5.4619
125326,4664,3311,5.52474
125326,5496,1189,5.48334
119472,5498,539,5.49101
7802,4664,3377,5.50225
31715,4666,901,5.5019
11347,4666,920,5.49445
3571,4664,3379,5.50198
3996,4666,904,5.49981
8419,4664,3380,5.50193
10666,4664,3390,5.49885
20601,4664,3388,5.49909
146597,5498,558,5.45092
146597,5499,2189,5.48615
11703,4664,3376,5.50288
25229,4664,3439,5.47904
12633,5497,2341,5.49906
9816,4665,442,5.48962
29626,5499,2159,5.49921
14591,4666,924,5.49054
9087,4664,3432,5.48357
5926,4664,3384,5.5
20429,4664,3395,5.49686
22799,4666,950,5.47743
190162,4664,3391,5.49864
68606,5499,2185,5.48654
59310,4665,436,5.49272
20832,4665,479,5.46055
42006,4665,456,5.47952
2169,4667,245,5.43625
9022,4665,399,5.52749
6153,4664,3398,5.49558
11258,4666,928,5.48725
7421,4666,959,5.47343
11208,4665,477,5.4619
2315,4664,3387,5.49956
66047,4665,400,5.52523
2867,5496,1169,5.49787
2867,5497,2342,5.49901
4372,4666,892,5.50668
15520,4665,419,5.50712
4426,4664,3397,5.4964
4118,4666,918,5.49538
6788,4666,907,5.49845
6766,4664,3401,5.49442
67066,4665,459,5.47581
40808,5498,532,5.51187
4022,5496,1184,5.48733
4022,5499,2167,5.49725
9368,4664,3410,5.48936
1407,4666,983,5.45745
118567,5497,2339,5.50102
22469,4667,240,5.46536
4968,4665,448,5.48344
10590,4664,3403,5.49342
19114,5496,1175,5.49501
19114,5499,2164,5.49781
10805,4664,3402,5.49349
2545,4666,905,5.49932
1267,4665,418,5.50867
10175,4665,392,5.53694
5265,4664,3415,5.48868
34383,4665,431,5.4953
41783,5499,2157,5.50033
67429,4665,507,5.42783
8332,4664,3404,5.49253
15121,4666,937,5.48416
11751,4665,454,5.48097
42702,5499,2191,5.4852
182284,5499,2162,5.49807
3473,4664,3394,5.49762
3896,4664,3442,5.47834
63900,4665,480,5.45986
3107,4665,474,5.46506
31585,4664,3393,5.49767
2911,4666,966,5.4686
6355,4666,897,5.50388
6395,4664,3429,5.48456
3633,5497,2372,5.45932
26349,4664,3457,5.47181
8585,4666,932,5.48642
15654,4665,467,5.46786
5799,4666,908,5.49845
69785,5497,2358,5.48237
8725,4664,3421,5.487
13367,4665,509,5.42625
5999,4664,3409,5.48946
32365,4664,3408,5.48991
122711,4664,3417,5.48772
10813,4666,946,5.4801
27863,4664,3424,5.48605
24387,5496,1181,5.48869
7963,4664,3418,5.4875
65559,4665,463,5.47202
7031,4664,3420,5.48708
41310,4665,466,5.46906
18968,4666,927,5.48805
1857,4664,3440,5.47883
1857,5497,2346,5.49638
16975,4667,231,5.50822
204681,4664,3425,5.48572
11483,4664,3426,5.48562
58374,4665,515,5.42121
3626,4664,3400,5.49477
69703,4667,223,5.52745
14720,4664,3431,5.48409
18199,4665,387,5.53882
5089,4665,520,5.41548
5709,4666,1007,5.43722
6582,4666,951,5.47705
28444,4667,265,5.3286
6678,4666,919,5.49507
154878,4665,434,5.49316
154878,5499,2163,5.49792
1322,4665,481,5.45912
7187,4665,483,5.45549
4248,4664,3434,5.48246
4431,4666,938,5.48408
4025,4664,3438,5.47939
18163,4665,489,5.45154
5890,4664,3396,5.49654
28699,4664,3428,5.48472
8470,4664,3433,5.48315
2101,4664,3413,5.48909
1397,4665,490,5.45071
2991,4666,930,5.48656
6235,4665,359,5.57731
761,5496,1176,5.49226
761,5499,2170,5.49444
12296,5496,1191,5.48085
12296,5497,2356,5.48492
31361,4664,3369,5.50507
7604,4666,993,5.44846
177807,5499,2168,5.49688
6945,4664,3444,5.47717
2749,4664,3451,5.47342
633,5498,568,5.43682
633,5499,2215,5.47293
5998,4664,3435,5.48145
15738,5496,1186,5.48594
40656,4665,543,5.39383
12057,4665,511,5.425
5349,4664,3443,5.47783
27667,4664,3460,5.46934
6219,4665,488,5.45204
6219,4666,958,5.47362
731,5496,1177,5.49216
23576,4665,550,5.38664
4299,4664,3473,5.46157
4340,4664,3381,5.50112
5798,4666,961,5.47136
7982,4664,3491,5.4502
4586,4665,568,5.36616
2935,4666,963,5.46962
7811,4666,967,5.46671
6892,4664,3466,5.46607
19307,4666,957,5.47404
9211,4665,482,5.45908
22035,4666,990,5.45264
58672,4665,496,5.44191
2440,4666,1001,5.44303
11701,4664,3447,5.4749
13917,4664,3455,5.4721
8193,4664,3517,5.43019
2577,4665,462,5.47247
2577,4666,947,5.47957
11965,4666,943,5.48137
17005,4664,3453,5.47234
117987,5499,2177,5.49074
11496,4664,3458,5.47032
32415,4664,3454,5.47228
10593,4666,969,5.46634
3089,4664,3445,5.47585
3089,5496,1173,5.49592
12133,4664,3459,5.47022
13716,4666,953,5.47494
28717,5496,1185,5.48722
4152,4667,238,5.47262
2746,4664,3412,5.48925
25642,4664,3449,5.47433
24795,5497,2345,5.4965
13164,4665,499,5.43798
13392,4664,3462,5.46875
53279,4665,427,5.49855
2489,4666,935,5.48472
84173,5496,1190,5.48268
3698,4664,3411,5.48935
66852,4666,968,5.46646
1941,4665,689,5.19518
4221,5496,1172,5.49616
3585,4664,3452,5.47301
3585,5496,1192,5.48049
7334,4665,513,5.42433
3631,4665,443,5.48831
8491,5499,2171,5.49341
10291,4665,470,5.46554
5789,4664,3450,5.47357
5304,5497,2343,5.49751
3848,4667,255,5.37294
30760,4666,921,5.49322
2718,4664,3482,5.45733
2718,5497,2371,5.46792
1480,4664,3465,5.46632
1480,5497,2357,5.48244
4438,4664,3422,5.48688
25271,4665,563,5.3726
1977,5499,2172,5.49291
8517,4665,539,5.39656
8249,4664,3464,5.46642
4257,4665,560,5.37744
8514,4664,3469,5.4638
41958,4665,497,5.43982
10341,4665,469,5.46677
90974,4665,548,5.38882
22338,4666,914,5.49703
11511,4664,3470,5.46329
6475,4666,941,5.48169
7091,4665,504,5.43077
187787,5499,2176,5.49174
19120,4667,253,5.39888
9507,4665,565,5.37073
6675,4665,551,5.38656
9250,4665,525,5.40884
8966,4664,3471,5.46218
6004,4664,3437,5.48004
38981,4665,439,5.49172
6132,4666,997,5.44711
23616,4666,863,5.51929
7868,4666,971,5.46582
6426,4666,982,5.45775
138319,4664,3495,5.44955
39180,4666,1021,5.42666
36690,5497,2349,5.49022
185497,5498,567,5.43925
2669,4665,521,5.41423
74310,4664,3476,5.46034
8319,4664,3477,5.46029
11047,4664,3467,5.46566
12289,5499,2180,5.4895
119856,4666,960,5.47136
16440,4665,608,5.31531
43799,4664,3468,5.46407
17869,4667,247,5.4252
22254,4664,3448,5.47482
22254,4665,420,5.50405
24002,5496,1200,5.46391
24002,5499,2193,5.48506
12956,4664,3525,5.41684
19040,4667,228,5.51409
1859,4667,268,5.28671
9968,4664,3483,5.45727
10570,4664,3485,5.45634
6702,4664,3494,5.44961
1657,5497,2353,5.48714
12829,4665,530,5.40096
28861,4666,972,5.46527
28053,4666,996,5.44722
8024,4664,3484,5.45661
8452,4664,3487,5.45376
2871,4665,486,5.45253
11138,4664,3441,5.47878
6383,5498,545,5.47847
6383,5499,2178,5.49012
6000,4664,3478,5.45925
2845,4664,3463,5.46671
4810,4666,988,5.45455
10104,4666,1041,5.40744
32444,4665,516,5.41997
2946,4665,514,5.42227
2946,4666,1028,5.42194
5561,4665,422,5.50286
5561,4666,936,5.48469
176631,5497,2355,5.48613
1368,4666,973,5.4651
2139,4667,256,5.35991
7318,4665,569,5.36585
3701,4666,1010,5.43465
7051,4664,3480,5.45792
7465,4666,979,5.46148
6543,4664,3456,5.47187
16130,4665,447,5.48459
19530,4665,542,5.39463
19530,4666,974,5.46506
14625,4665,502,5.43291
103844,5499,2186,5.4864
8477,4666,956,5.47414
4560,4665,523,5.412
10565,4666,1024,5.42452
30723,4665,591,5.33707
12084,4666,980,5.46099
28298,4666,964,5.46941
31066,4666,1023,5.42491
4508,4664,3489,5.45046
4897,4666,984,5.45741
2404,4664,3506,5.44433
63897,4665,646,5.25371
1672,4664,3474,5.46149
41190,4665,423,5.50225
17785,4666,995,5.44736
7912,4665,540,5.39521
7488,4665,532,5.40029
3203,4666,977,5.46307
30239,5499,2184,5.48674
8560,4666,978,5.46264
2858,4666,929,5.4868
11115,4664,3500,5.44636
22802,4665,555,5.38159
5616,4666,948,5.47829
9251,4665,561,5.37494
22379,5499,2174,5.49222
8904,4664,3493,5.44962
3016,4664,3492,5.44979
13972,5498,572,5.42615
24627,4667,264,5.32953
3271,4664,3446,5.47508
572,4664,3406,5.49017
17166,4667,254,5.39325
2643,4664,3502,5.44553
6977,5496,1193,5.47985
21513,4667,262,5.34062
10578,4666,989,5.45273
11826,4667,260,5.35701
1398,5497,2360,5.47939
29268,4665,576,5.35987
3668,4667,242,5.44696
3371,4666,1032,5.41964
2190,4667,251,5.4123
3232,4665,495,5.44585
9201,5499,2188,5.48625
2771,5497,2351,5.48823
183532,5499,2194,5.48498
4175,4664,3527,5.41598
18498,4665,583,5.35285
1473,4664,3496,5.44838
8998,4665,415,5.51227
11528,4664,3499,5.44668
684,5499,2201,5.48099
4788,4666,1017,5.42874
4319,4664,3488,5.4506
6238,4665,564,5.37116
36777,4664,3503,5.44535
999,4665,510,5.42621
8455,4664,3511,5.43825
7156,4665,503,5.43253
113312,5499,2195,5.48399
3673,4664,3504,5.44522
25270,4665,612,5.31048
72766,5498,557,5.45262
72766,5499,2192,5.48517
33701,4666,1059,5.39451
5882,4664,3510,5.4392
9959,4667,261,5.35066
10688,4664,3490,5.45022
38359,5498,552,5.45922
10345,4666,981,5.46028
23228,4666,1047,5.40293
34745,5499,2200,5.48116
408,4666,985,5.45684
408,5497,2354,5.4865
9633,4665,518,5.41908
3909,4665,505,5.42994
16153,4665,487,5.45219
16153,5499,2182,5.48801
10257,4664,3515,5.43261
17580,4665,575,5.36026
33497,4664,3481,5.45755
9929,4666,1013,5.43278
13490,4665,533,5.40023
535,5497,2359,5.47981
535,5499,2207,5.47731
595,5496,1188,5.48361
1607,4665,458,5.47599
3298,4665,556,5.38055
38504,5499,2196,5.48213
27552,4665,606,5.31736
2792,4665,566,5.37026
6006,4664,3512,5.43605
2572,4666,1000,5.44334
4676,4664,3505,5.44471
28834,4665,572,5.36179
6681,4665,535,5.39937
3762,4665,450,5.48251
10511,4665,617,5.30062
8177,4665,498,5.4396
15031,4665,524,5.40906
147523,4664,3475,5.46128
8057,4664,3519,5.42489
5026,4665,584,5.35086
4325,4664,3509,5.44034
24318,5499,2206,5.47744
8637,4664,3513,5.43361
8637,5496,1197,5.47447
11052,4666,1018,5.42807
3319,4666,986,5.45632
146496,5498,554,5.45602
19062,4666,952,5.47594
76443,5499,2199,5.48146
7009,4664,3521,5.42223
8593,5496,1182,5.48844
1221,4665,592,5.33532
3483,4665,589,5.3382
40386,4667,263,5.34004
14374,4665,597,5.32988
333,5499,2224,5.47059
34655,4666,1012,5.43381
26563,4666,987,5.45557
4737,4666,1025,5.42384
137201,5496,1194,5.4779
137201,5498,560,5.45045
3842,4667,248,5.41852
227847,4664,3540,5.40481
675,4666,1027,5.42333
61135,4666,1005,5.43808
19914,4666,1011,5.43455
1099,4665,545,5.39335
1099,5499,2208,5.47611
36615,4665,517,5.41972
1303,4665,536,5.39715
28176,4665,570,5.36492
33599,4665,501,5.43306
4745,4664,3530,5.41348
6949,4665,547,5.39162
4353,4664,3535,5.4092
63899,4665,607,5.3173
5433,4665,537,5.39697
25471,4666,1022,5.42645
30248,4665,527,5.40603
12130,4664,3524,5.41762
740,4664,3523,5.41928
58713,5499,2197,5.4821
9578,4665,508,5.42658
11563,4664,3532,5.41151
4558,5499,2204,5.47973
808,4666,962,5.47113
10869,5497,2350,5.48884
10869,5499,2183,5.48788
2649,4666,1008,5.43677
2724,4664,3518,5.42589
298,4664,3507,5.44369
7549,4665,567,5.36977
6839,4665,610,5.31311
8429,4664,3533,5.41083
3589,4665,453,5.48156
35658,4664,3520,5.42455
75,5498,588,5.37437
35468,4666,1020,5.42749
5204,4664,3526,5.41667
8038,4664,3528,5.41464
7471,4665,600,5.32299
139769,4664,3516,5.43175
38678,4666,1009,5.4365
6531,5496,1198,5.47313
6531,5497,2365,5.47344
11883,5498,564,5.44487
10599,4667,269,5.27586
5121,4666,1034,5.41769
13169,4665,526,5.40755
13169,4666,998,5.44591
26017,4666,994,5.44845
40247,4665,558,5.37912
7235,4664,3542,5.4036
16160,4665,546,5.39175
1973,4665,411,5.518
4976,4665,585,5.34864
3030,4665,557,5.3797
328,4664,3546,5.40001
11673,4664,3536,5.40831
3324,4665,471,5.46553
32751,5499,2190,5.4857
13714,4666,1006,5.43792
1998,4665,383,5.54647
39276,4665,590,5.33796
9293,4665,579,5.3567
6661,4666,1057,5.39636
4365,4664,3547,5.39956
31421,4664,3497,5.44737
10283,4665,596,5.33249
5564,4665,630,5.28566
26540,4664,3541,5.40421
41186,5499,2251,5.45505
20217,4665,541,5.39471
3650,4664,3543,5.40173
89927,4665,529,5.4031
16141,5497,2361,5.47918
16141,5499,2202,5.48097
8349,4665,624,5.28784
9357,4664,3544,5.4017
5108,4665,629,5.28651
67364,4666,1031,5.42117
135648,4665,460,5.47354
1299,5498,585,5.38894
1299,5499,2248,5.45537
16191,4664,3522,5.42204
3533,4664,3548,5.39586
10282,4665,659,5.24302
66590,5499,2203,5.48061
8447,4664,3538,5.40657
74936,4664,3537,5.40776
196379,5498,574,5.41968
4034,4666,1037,5.41275
11784,4665,616,5.30259
2962,4666,1015,5.43116
2962,5499,2205,5.47794
5084,4666,1002,5.44276
2314,4665,586,5.34661
23257,4664,3555,5.37805
174065,5499,2209,5.47604
11393,4665,619,5.29707
137669,5497,2363,5.47575
8996,4665,512,5.42437
42892,5496,1196,5.47591
5961,4664,3539,5.40485
852,4665,605,5.31759
2348,4666,1029,5.42129
157979,5497,2366,5.47167
4042,4665,653,5.24827
40871,5496,1201,5.46176
14423,4665,581,5.35606
23025,5496,1205,5.45925
5794,4666,1062,5.38813
20836,4666,1039,5.41183
55279,4666,1030,5.42128
674,4664,3561,5.3718
11561,4664,3552,5.38623
6339,4664,3565,5.36346
13478,4666,1043,5.40501
4374,4666,1026,5.42378
18464,4665,574,5.36154
4280,4664,3550,5.38817
62854,4665,622,5.29023
14992,5496,1218,5.44208
14992,5499,2240,5.45986
4181,4666,1036,5.41364
7611,4665,645,5.25417
2306,4665,631,5.28293
4381,4664,3534,5.41072
95128,4666,1014,5.43158
95128,5496,1199,5.47003
95128,5497,2362,5.47719
89569,5496,1211,5.45337
89569,5498,578,5.40906
5617,4666,1061,5.38828
5312,5498,563,5.44905
5312,5499,2232,5.46786
9406,4665,544,5.39366
5996,4664,3531,5.41282
9912,4665,613,5.30918
5208,4666,1045,5.40349
3090,5496,1202,5.46083
254419,5498,548,5.46803
98203,4667,257,5.35794
72535,4664,3479,5.45848
72535,5497,2364,5.47355
26089,4666,1035,5.41528
10582,4665,500,5.4364
38950,4666,1053,5.39791
32224,4666,1073,5.36311
14314,4666,1046,5.4033
39252,4666,1060,5.39203
138195,5499,2213,5.47324
58253,5499,2210,5.47586
10626,4664,3558,5.37446
1714,4666,1003,5.44063
169558,5496,1207,5.45568
14379,5496,1229,5.41985
14379,5499,2214,5.47315
50458,4665,587,5.34431
9115,4665,609,5.31388
4922,5498,565,5.44415
2788,4665,618,5.29797
1199,4665,578,5.3581
9541,4665,623,5.288
21787,4664,3554,5.38074
109932,5496,1212,5.45191
24254,4664,3508,5.44223
8321,4664,3551,5.38637
1638,4666,1054,5.39753
3846,4665,573,5.36158
6716,4665,598,5.32627
2549,4666,1056,5.39662
24932,4665,588,5.34289
31294,5496,1208,5.45534
2002,4665,472,5.46535
556,4665,593,5.3349
1653,4664,3545,5.40079
127,4664,3529,5.41418
51512,4665,663,5.2407
8654,4665,644,5.25841
6232,4665,626,5.28711
145621,5498,562,5.44907
85394,5498,556,5.45377
8191,4665,615,5.30541
7715,4665,675,5.2256
35499,4667,276,5.22617
9547,4665,602,5.32169
3850,4667,274,5.25303
7249,4665,580,5.35649
28860,4666,1048,5.40088
27981,4665,657,5.24633
39552,5496,1210,5.45472
39552,5499,2219,5.47196
144036,5499,2211,5.47574
17521,4666,1067,5.37705
17521,5499,2218,5.47219
7713,4665,655,5.24734
1126,5496,1220,5.43843
8964,4665,559,5.37832
2295,4665,554,5.38366
12453,5498,586,5.38283
7964,4664,3566,5.36235
4442,4666,1019,5.42806
4442,5499,2216,5.47276
2001,4665,531,5.40082
168141,5499,2235,5.46631
22090,5498,573,5.423
22090,5499,2223,5.47115
8254,4665,635,5.27698
8254,5499,2217,5.4725
69175,5499,2220,5.47177
37349,4666,926,5.48819
66499,4665,638,5.2721
31271,4666,1066,5.37862
24901,4665,680,5.22034
69275,4665,696,5.18391
26768,4666,1052,5.39817
24473,5498,566,5.4414
24473,5499,2212,5.47493
17323,4665,553,5.38559
9320,4665,661,5.24123
2750,5498,559,5.4508
375,5497,2369,5.47041
2258,5497,2370,5.46926
2258,5499,2226,5.47021
57129,4665,762,5.06884
20989,4666,1004,5.4402
14812,4664,3419,5.48718
13128,4666,1050,5.40029
2656,4664,3564,5.36668
35877,4665,662,5.24122
17755,4665,668,5.23169
5512,4667,282,5.15654
100374,5496,1209,5.4552
100374,5497,2368,5.47065
6228,4664,3575,5.34855
2990,4666,1033,5.41882
9559,4665,669,5.23152
13918,4664,3571,5.35131
4460,4665,664,5.23931
42920,4665,562,5.37416
9947,4665,694,5.18477
3427,4665,614,5.30595
3427,5499,2222,5.47121
35482,4665,707,5.16774
4037,4664,3549,5.38898
120515,5499,2242,5.45884
6693,4665,682,5.21455
3719,4666,1055,5.39747
10625,4664,3572,5.35112
13951,4665,594,5.33338
2408,4664,3501,5.44555
622,5499,2228,5.4695
1871,5499,2230,5.46884
3160,4664,3560,5.37245
2783,4665,715,5.15324
6245,4665,650,5.2509
353,5499,2227,5.46976
386,5499,2253,5.45393
61,4666,1016,5.43072
61,5499,2229,5.46934
8454,4664,3576,5.34594
32679,5496,1213,5.45171
55597,5496,1216,5.44488
20028,4665,599,5.32354
5899,4667,281,5.17806
3476,4664,3562,5.36878
32743,5498,569,5.4362
5181,4664,3567,5.35944
1723,4664,3563,5.36845
356,5499,2236,5.46509
2866,5499,2238,5.46145
3830,4666,1051,5.39994
67630,4665,686,5.20334
16987,4665,641,5.26233
4150,4666,1040,5.40805
9454,4665,667,5.23419
1517,4667,273,5.25383
24786,4666,1042,5.40572
24786,5499,2225,5.47047
4864,5498,581,5.39884
2352,4665,658,5.24365
2352,4666,1068,5.37549
6731,4665,552,5.38581
360,5496,1204,5.45978
360,5499,2231,5.46879
3849,4667,286,5.10298
154476,4666,1038,5.41194
154476,5499,2234,5.46724
3883,4664,3574,5.34903
7547,4665,647,5.25219
12494,4665,665,5.23914
2799,4664,3568,5.35881
1417,5499,2233,5.46726
6052,4664,3578,5.33875
2106,4664,3570,5.35402
16620,4666,1081,5.33739
1435,5497,2373,5.45648
5366,4665,683,5.21302
8638,4665,639,5.26436
16052,4666,1072,5.36524
33799,4665,734,5.12061
10518,4665,685,5.21182
92776,5496,1221,5.43732
129469,5498,595,5.35637
6011,4665,673,5.2263
1249,4666,1065,5.38518
2426,4664,3581,5.33572
13886,4665,637,5.27263
10424,4665,611,5.31188
9160,4667,277,5.21714
13039,4667,272,5.26475
2598,4664,3569,5.35469
2598,5499,2241,5.45974
12924,4664,3588,5.3194
11167,4665,627,5.28695
11683,4664,3579,5.33773
5952,4667,280,5.18454
9082,4664,3586,5.32512
7860,4667,271,5.26782
23870,4664,3573,5.35018
67629,4665,721,5.14022
13260,4665,699,5.17699
99949,4667,275,5.23115
99949,5497,2367,5.47153
7575,4665,660,5.24242
5663,4666,1069,5.37515
32849,4665,678,5.22102
23243,4665,738,5.11268
13657,4666,1080,5.34129
158918,5499,2243,5.45875
56246,5496,1215,5.44658
25950,4665,632,5.28104
25950,5499,2246,5.45699
25144,4664,3587,5.3194
32680,5496,1206,5.4561
6798,5499,2258,5.44785
3686,4665,640,5.2643
3910,4665,705,5.17001
3502,4667,283,5.14008
10414,4665,677,5.22151
2793,4665,651,5.25033
8211,4665,636,5.27316
3503,4667,285,5.10406
31512,5496,1219,5.44025
31512,5499,2247,5.45558
16226,5499,2237,5.46346
76362,4666,1049,5.40034
7463,4664,3582,5.33451
6436,4667,279,5.19449
4105,4667,267,5.30634
948,4666,1070,5.37505
4456,4664,3592,5.3096
130597,5498,583,5.39548
130597,5499,2255,5.45283
121751,5496,1223,5.43358
53557,4666,1071,5.37211
46743,4665,628,5.2866
16380,4665,571,5.36315
5662,4666,1101,5.29079
32789,4665,695,5.1841
9603,4665,697,5.18033
11739,4665,761,5.06938
3114,5499,2256,5.45269
20203,4666,1084,5.33318
69205,4666,1083,5.33342
34933,4665,722,5.14002
2100,5496,1214,5.44804
2100,5499,2244,5.45867
4627,4664,3590,5.31196
32361,4664,3577,5.34353
3574,4664,3585,5.32884
795,5499,2245,5.45741
6981,4665,735,5.1173
25158,4665,691,5.1893
15635,4665,724,5.13289
1255,5499,2239,5.4606
2156,5498,575,5.41522
8308,4665,700,5.17693
3723,4665,720,5.14452
8097,4666,1085,5.33292
5051,4664,3591,5.31016
41857,4665,753,5.08848
3840,4667,284,5.12376
20634,5496,1227,5.42266
37849,4665,723,5.13646
18104,4665,759,5.07408
5354,4665,688,5.1958
1290,4666,1082,5.33443
67627,4665,737,5.11363
20790,5498,576,5.41436
32678,5496,1217,5.44446
6368,5499,2249,5.45535
8295,4665,674,5.22569
6684,4665,603,5.31936
813,4665,681,5.21664
117784,5499,2252,5.45399
13132,4665,731,5.12291
6010,4665,709,5.16072
50444,4665,740,5.10809
11519,4665,781,4.99687
3266,4665,727,5.12944
2777,4665,713,5.15595
3306,4666,1094,5.31937
14705,4665,714,5.15345
4373,4664,3593,5.30001
23684,4666,1064,5.38719
3538,4664,3557,5.37557
3835,4665,716,5.15237
46746,4665,633,5.27991
5553,4666,1090,5.32835
8450,5497,2374,5.45526
9410,4665,765,5.05766
5203,4664,3594,5.29255
6605,4666,1078,5.34779
41334,5496,1222,5.43437
8337,4666,1089,5.32999
18574,4667,288,5.08527
23049,4665,634,5.27699
17687,4666,1086,5.33231
2458,5496,1225,5.42547
2458,5498,587,5.38084
15175,4665,756,5.08541
6375,4665,739,5.11002
2128,4667,293,5.02368
67026,4665,625,5.28717
1216,4665,649,5.25169
3889,4665,654,5.24736
1514,4666,1074,5.36132
5234,4665,698,5.17914
5234,4666,1077,5.35018
7821,4666,1093,5.32083
41189,4665,750,5.09449
4889,4665,684,5.21264
4889,4666,1097,5.31096
30379,5499,2254,5.45364
8636,4665,652,5.24997
12876,4665,693,5.18506
5166,4665,728,5.12625
4578,4666,1087,5.33074
37698,4665,754,5.08673
8173,4664,3584,5.33349
1503,4664,3580,5.3358
7848,4665,786,4.98762
40503,5499,2257,5.45095
1497,4667,270,5.26787
1497,5496,1228,5.42192
12308,4667,296,4.93352
7924,4665,718,5.1489
33112,4664,3559,5.37382
19834,4665,767,5.04645
4696,4666,1088,5.33071
62,5496,1224,5.42765
2033,4665,760,5.07345
8676,4665,741,5.10705
5040,4664,3601,5.25199
3352,4665,690,5.19322
67628,4665,687,5.19903
3488,4667,290,5.07383
5412,4665,732,5.12282
1964,4664,3596,5.28759
1964,5497,2376,5.4394
9514,4665,751,5.09386
10912,4666,1092,5.32134
49010,4665,670,5.23137
2308,4665,725,5.13022
16562,4665,746,5.10037
2197,4666,1075,5.36065
1333,5499,2261,5.44019
138311,5498,589,5.36817
7556,4664,3597,5.2829
16498,4666,1058,5.39572
8081,4665,773,5.02394
3188,4666,1091,5.32532
3188,4667,278,5.202
2446,4664,3595,5.28775
6474,4666,1096,5.31582
17568,4665,763,5.06454
2557,4664,3598,5.26871
5468,4665,648,5.25218
5468,4666,1095,5.31654
22629,4665,711,5.15759
3841,4667,292,5.03111
12763,4666,1102,5.28243
10450,4665,777,5.01483
2791,4665,787,4.987
7710,4666,1105,5.27628
4382,4665,703,5.17108
7803,5499,2259,5.44349
716,4665,747,5.09631
5566,4665,745,5.10164
20040,5496,1226,5.42476
12826,4665,621,5.29297
12996,4665,730,5.12425
4641,4665,708,5.16722
10793,4664,3609,5.19597
23631,5497,2375,5.44194
29582,4666,1079,5.3445
42132,5496,1230,5.41867
32124,4665,790,4.96614
1771,4666,1076,5.35298
12309,4667,291,5.03382
2367,4665,768,5.03692
6388,4665,642,5.26001
6388,5499,2264,5.43412
25623,5499,2260,5.44295
27961,4664,3556,5.3768
181,4664,3613,5.17798
181,5499,2295,5.38868
21859,5499,2262,5.43733
4597,4667,295,4.96721
22042,4666,1109,5.26598
9090,4665,726,5.12975
31111,4665,755,5.08643
31111,4666,1106,5.27565
5878,5498,605,5.3237
5878,5499,2271,5.42877
20419,4665,776,5.02229
11737,4665,809,4.90465
4242,4664,3600,5.25326
7473,4665,733,5.12242
2868,4666,1110,5.26396
9118,4664,3612,5.1787
1629,4664,3589,5.31406
19915,4666,1111,5.25223
334,5499,2265,5.43283
3004,4666,1103,5.28011
7314,4665,729,5.12502
1779,4664,3604,5.23117
28857,4666,1100,5.29225
629,4666,1104,5.27714
2094,4665,796,4.95121
7400,4665,701,5.17586
22889,4665,577,5.3585
22889,5498,591,5.36539
22889,5499,2266,5.4321
2901,5499,2267,5.4314
19272,4665,798,4.94811
3839,4666,1107,5.27358
35652,4665,702,5.17188
5775,4665,782,4.99612
11765,4666,1113,5.2466
40421,5498,592,5.36329
40421,5499,2263,5.43568
3715,4667,287,5.09625
17708,4666,1112,5.2477
1467,5496,1231,5.41446
28047,5498,597,5.35106
2120,4667,299,4.89673
5956,4664,3605,5.2278
46745,4665,672,5.22647
40851,4665,676,5.22312
164,5496,1236,5.39626
164,5499,2283,5.41256
1867,4665,717,5.15036
17709,5498,579,5.40224
19578,5499,2272,5.42596
15046,5499,2277,5.41671
8327,4664,3608,5.21205
185,5499,2269,5.42962
9852,4665,643,5.25882
1574,4664,3583,5.33402
3584,4664,3602,5.25132
13672,4665,766,5.05268
66459,5496,1234,5.3981
4852,4664,3603,5.24749
7327,4665,772,5.02469
5259,4665,666,5.23701
5259,5499,2275,5.42212
3645,4664,3614,5.16327
1190,4666,1098,5.30734
3908,4665,819,4.85276
1269,5499,2276,5.41738
4068,4665,742,5.10576
15599,4665,802,4.92357
23333,4665,811,4.88062
13121,5496,1235,5.39694
13121,5498,590,5.36674
21702,4665,779,4.99767
53376,5496,1238,5.39028
2717,5499,2268,5.43104
2394,4666,1108,5.26982
24249,4665,816,4.87198
2322,5499,2273,5.42546
3547,5496,1237,5.39589
30255,4665,808,4.90699
4240,4664,3615,5.1598
15111,5498,598,5.34879
15111,5499,2278,5.41608
15505,4665,749,5.09521
7826,5499,2274,5.42381
2816,4665,679,5.22061
14535,5496,1239,5.38125
22019,5496,1232,5.40412
6020,4664,3616,5.14356
7927,4665,710,5.15922
31117,4666,1117,5.21417
3676,5499,2282,5.41346
11753,4666,1120,5.16774
124648,4664,3607,5.2171
124648,5496,1240,5.37934
19990,4666,1116,5.21702
23181,5496,1233,5.40077
23181,5499,2270,5.42939
30393,5498,601,5.33965
10043,4665,770,5.02574
47082,5498,594,5.35816
12616,4665,620,5.29667
3048,5498,593,5.35826
3048,5499,2279,5.41392
19811,4665,803,4.91978
2887,4665,758,5.07832
5260,4667,298,4.90292
1556,4664,3606,5.22239
6420,4665,595,5.33296
53804,4666,1099,5.29335
1933,4665,719,5.14594
1933,5499,2297,5.385
37175,4664,3611,5.18485
86073,5498,580,5.40169
27495,4665,806,4.9124
13447,4666,1114,5.23206
19478,4667,294,5.00778
1855,5498,584,5.39433
7462,4665,704,5.1703
16232,4665,784,4.99492
13271,5497,2378,5.41266
13271,5499,2285,5.41015
28224,5496,1243,5.37464
28224,5498,607,5.29735
19027,5498,612,5.26934
8658,4665,771,5.02487
16428,4665,847,4.6434
19508,5498,596,5.35524
19508,5499,2281,5.41354
7399,4665,795,4.95127
141636,5496,1244,5.37363
3320,4665,752,5.09207
3320,5499,2290,5.3974
3484,5496,1245,5.37308
3484,5499,2288,5.40371
12276,4667,300,4.83999
5591,4665,794,4.95517
129368,5499,2284,5.41161
2294,5499,2280,5.41381
1439,4665,692,5.18621
4126,4664,3617,5.12348
36745,5499,2286,5.40454
11778,4665,800,4.94153
37000,5498,599,5.34722
1502,5499,2294,5.39036
8432,4665,774,5.02273
2817,5496,1246,5.37126
2817,5499,2287,5.40387
17965,4665,757,5.08083
4355,5498,604,5.32942
6387,4665,744,5.10212
1613,4665,706,5.16802
13373,4665,818,4.86153
2234,5496,1242,5.37618
2234,5498,602,5.33778
5232,4665,788,4.98618
5232,5499,2289,5.39961
4476,4665,810,4.8872
11532,4664,3620,5.03813
5959,4664,3619,5.05136
5959,5497,2377,5.41522
2166,4667,289,5.07708
5960,4664,3618,5.09932
27389,5498,600,5.3434
136143,5496,1249,5.36051
6521,5496,1241,5.37703
6521,5499,2292,5.3959
15832,5499,2291,5.39726
1362,5498,606,5.313
1362,5499,2293,5.39341
31,5496,1248,5.36416
27826,5498,608,5.29724
11370,4664,3622,4.96435
31016,5498,609,5.27476
1326,4665,736,5.11363
162093,5498,610,5.27385
46744,4665,807,4.90753
16387,4666,1125,5.09428
2818,5499,2304,5.37196
4062,4665,791,4.96497
139388,5496,1250,5.33874
1510,5496,1252,5.32403
11618,4665,656,5.24678
11618,5499,2296,5.38582
5824,4665,748,5.09545
13508,4665,824,4.81241
9516,5498,615,5.24787
1073,5499,2298,5.38375
12691,4666,1044,5.40417
37305,4664,3599,5.25539
3820,4664,3621,5.03331
2242,5496,1247,5.36683
8031,4665,817,4.86575
1217,4665,799,4.94619
18750,5499,2299,5.38257
10815,4666,1123,5.11161
10815,5498,616,5.23002
5029,5499,2305,5.37028
84730,4665,801,4.92547
2573,4665,780,4.99727
7720,5497,2380,5.37174
99918,4666,1126,5.0927
99918,5496,1253,5.31443
46747,4665,814,4.87288
2482,4665,827,4.7974
27190,4665,792,4.96114
27190,5499,2303,5.37314
4110,4667,301,4.79532
2086,5499,2301,5.37579
46748,4665,830,4.78857
14076,4665,812,4.8792
12063,4665,671,5.22806
2485,4665,804,4.91905
2485,5499,2306,5.36871
150811,5496,1254,5.30601
150811,5497,2379,5.38203
17106,4666,1122,5.12766
2578,5499,2302,5.37504
5253,4665,823,4.8315
3886,4666,1115,5.22932
166081,5498,611,5.27345
5758,4665,793,4.95879
36783,4666,1121,5.16061
3702,4665,743,5.10483
3702,5499,2308,5.36409
13285,5496,1251,5.32933
8784,5498,622,5.20305
1692,5498,614,5.25728
155693,5499,2300,5.38106
9812,4665,840,4.7128
206274,5498,627,5.17356
698,5496,1255,5.30574
12422,5499,2307,5.36656
137550,5498,624,5.19894
93688,4665,785,4.9884
3122,4667,303,4.6296
6284,4665,813,4.87672
2484,5499,2309,5.35577
10213,4666,1124,5.10518
211534,5498,623,5.20108
9921,4665,842,4.69631
9921,4666,1129,5.01729
10502,5499,2313,5.34492
32236,4665,858,4.50976
3845,4665,783,4.99557
65262,4665,764,5.05876
65262,4666,1118,5.2001
21239,5499,2310,5.35407
1817,5498,619,5.20966
6749,5498,617,5.22193
1170,4665,829,4.79204
8633,4665,712,5.15742
8633,5499,2311,5.34737
12746,4665,853,4.58008
12746,5498,628,5.15245
53317,5499,2314,5.34448
2767,4665,769,5.02616
1730,4665,821,4.84712
3699,5499,2321,5.3186
4229,4667,302,4.7115
2130,4667,297,4.91383
5457,5499,2316,5.33813
24224,5497,2381,5.34746
24224,5499,2315,5.34215
17451,5496,1258,5.25684
17451,5498,626,5.19203
21389,4665,832,4.78115
8486,4665,836,4.74781
2243,5499,2312,5.34679
29653,4665,854,4.54068
6787,5499,2317,5.32777
7822,5496,1257,5.28159
6201,5496,1256,5.2831
6201,5497,2382,5.34136
3394,4665,778,5.00887
41259,4665,797,4.95048
4040,4666,1119,5.18513
3602,4664,3623,4.94162
1962,5498,613,5.26452
5122,5498,625,5.1923
11670,4665,848,4.63807
10320,4665,859,4.50141
10709,4665,825,4.81003
10709,5499,2323,5.31692
2593,5498,618,5.21514
2593,5499,2319,5.32572
18901,5499,2322,5.31761
5367,4665,820,4.84904
5367,5499,2325,5.3146
10453,4665,828,4.7935
13945,5498,620,5.20667
13945,5499,2324,5.31648
4907,4665,789,4.98567
4907,5499,2320,5.32316
6552,5499,2329,5.29631
6485,4665,863,4.47717
3422,5499,2326,5.30754
10400,4666,1128,5.03203
10400,5499,2328,5.3027
11415,4664,3610,5.19204
41541,5498,621,5.20454
8569,5499,2327,5.30482
126444,5499,2318,5.32582
32260,5496,1259,5.24036
32260,5499,2331,5.2901
3504,4667,305,3.96937
101737,4665,805,4.91393
4041,4665,833,4.77605
7098,5499,2330,5.29304
399,5497,2383,5.29829
125879,5497,2384,5.29446
22861,4665,822,4.84037
4492,5498,629,5.14652
1932,5499,2332,5.28203
2770,4666,1127,5.06846
2770,5499,2333,5.27802
2979,4665,856,4.52651
4122,4665,831,4.78359
4122,5499,2338,5.25244
3804,4665,775,5.02235
6549,4665,861,4.4939
29613,5498,630,5.11284
29613,5499,2336,5.25469
1426,5499,2334,5.27077
4845,5499,2339,5.24905
10712,5499,2340,5.24729
4004,4665,860,4.49684
89962,4665,826,4.80402
417,5497,2385,5.25972
417,5499,2341,5.24567
5546,4665,835,4.7524
2223,5499,2335,5.25684
31145,5499,2344,5.23816
8487,4665,855,4.54008
7308,4665,851,4.59405
7320,4665,846,4.65691
4910,5499,2345,5.22977
246701,5499,2343,5.23923
89953,5499,2342,5.24293
9851,4665,815,4.8727
1422,5499,2350,5.20908
40508,5499,2337,5.2534
1527,5499,2347,5.21975
152758,4665,834,4.77215
152758,5499,2346,5.22211
42050,5499,2348,5.21619
9004,4665,850,4.60946
11416,5497,2386,5.21019
11416,5498,634,5.03694
4367,4664,3624,4.65612
2318,4665,841,4.70574
6535,4665,865,4.44991
141019,5499,2351,5.19494
38558,4665,874,4.16031
29096,5499,2349,5.2106
19370,5498,633,5.06401
3074,4665,871,4.28113
5015,4665,867,4.40321
226610,5498,632,5.06651
65611,5498,635,5.02893
3052,4667,304,4.45355
182875,5497,2387,5.19494
182875,5499,2352,5.18765
8392,4665,843,4.68788
764,5498,631,5.09292
17003,4665,882,4.04504
113819,5498,637,4.94068
113819,5499,2353,5.16272
1094,5497,2388,5.14497
18905,4665,883,3.87027
2456,5499,2355,5.14906
1511,5496,1260,5.04173
1511,5497,2389,5.11465
15393,4665,878,4.09362
1748,5498,641,4.89635
4035,5498,638,4.93433
4035,5499,2356,5.12025
2272,5499,2357,5.11324
2952,5498,636,5.02191
2952,5499,2354,5.15039
1604,5499,2358,5.10858
2386,4666,1130,4.99799
1824,5497,2390,5.0913
1824,5499,2360,5.08184
13166,4665,864,4.45795
4077,5498,640,4.91033
4077,5499,2359,5.08249
4888,4665,844,4.67028
1298,5499,2363,5.05905
3343,5499,2362,5.05959
3728,4665,838,4.73597
8689,5498,645,4.58834
6546,4665,852,4.58111
6546,5499,2364,5.0381
2956,5498,644,4.70449
1258,5499,2361,5.07606
1923,5498,639,4.91497
12205,5498,642,4.81904
5130,4665,845,4.66016
5130,5499,2365,4.98989
4792,4665,875,4.1557
11017,4665,866,4.4156
11017,5499,2366,4.95695
13713,4666,1134,4.51119
10816,4666,1133,4.66893
10816,5498,643,4.75236
1797,5499,2367,4.9561
5749,4665,870,4.30095
3990,5498,646,4.56098
1751,4665,857,4.52501
1751,5499,2368,4.92308
5588,4665,868,4.35359
5314,5499,2369,4.87484
7688,4665,849,4.62325
7262,4665,877,4.13722
7262,5499,2370,4.84064
2719,4665,839,4.72775
2719,4666,1132,4.74734
1931,5499,2371,4.81372
2083,4666,1131,4.80215
5050,5498,648,4.34037
4143,4665,837,4.7361
5339,4665,869,4.31699
4149,4665,887,3.64027
15549,5498,650,4.09075
15549,5499,2372,4.59604
2785,4665,889,3.56976
6424,4665,876,4.14334
5894,5498,647,4.5064
3510,5498,649,4.1406
2425,4665,862,4.49017
6932,4665,888,3.57881
4378,4665,890,3.44535
2136,4665,873,4.27062
2136,5499,2373,4.58553
205322,5499,2375,4.52178
5895,4665,879,4.07336
2407,4665,872,4.27663
2407,5499,2374,4.55194
10799,4665,885,3.65282
2679,4665,881,4.05626
7682,4665,884,3.69698
3737,4665,880,4.06184
3522,4665,891,3.24429
3522,5498,651,3.78463
2921,5499,2377,4.21924
1410,4665,886,3.647
1406,5499,2376,4.22368
16398,4665,895,2.53752
7316,5498,652,3.28061
5048,4665,892,3.16707
5432,4665,893,2.87421
11901,4665,894,2.60547
11901,4666,1135,2.73422
248562,5497,,7.94043
271320,5497,,7.887
108687,5497,,7.78122
160069,5499,,7.69503
154597,4666,,7.45291
171908,5497,,7.40126
140068,5496,,7.49094
286749,5497,,7.32351
267367,5497,,7.2435
230914,5499,,7.20328
255668,5497,,7.27341
251219,5497,,7.11171
296100,5497,,7.17258
213460,5496,,7.11837
45358,5497,,7.03089
45358,5499,,7.06491
171905,5497,,7.12217
177352,5497,,6.98415
329841,5499,,6.99719
260678,5497,,6.87557
260678,5499,,6.93844
255924,5497,,6.94194
60153,5496,,7.25609
228867,5496,,6.96487
228867,5499,,6.84613
164127,5499,,6.84444
173,5496,,6.74544
239307,5496,,7.01269
239307,5499,,6.85313
213984,5497,,6.76322
30933,5498,,6.55763
249703,5497,,6.75879
89952,5499,,6.70045
139991,5497,,6.70846
174226,5496,,6.74167
174226,5497,,6.63966
214000,5497,,6.69015
157820,5499,,6.66945
161617,5496,,6.91541
161617,5497,,6.68439
147154,4667,,7.03055
147154,5497,,6.57526
147170,5497,,6.65715
155731,5496,,6.69707
155731,5499,,6.58447
254226,5496,,6.74784
255262,5497,,6.54526
156455,5497,,6.61933
140711,5497,,6.48017
140711,5499,,6.52557
17419,5499,,6.51971
175239,5499,,6.44675
185257,5497,,6.55845
139993,5497,,6.47597
142131,5497,,6.44918
141007,5499,,6.46353
193927,5497,,6.44132
186375,5499,,6.39562
152242,5498,,6.54867
174973,5497,,6.18307
174973,5499,,6.24844
43262,5497,,6.31611
261901,5499,,6.27636
187988,4666,,6.98687
143147,5498,,6.35852
143147,5499,,6.2158
329591,5497,,6.31954
277448,5497,,6.25856
229130,5497,,6.25883
32928,5497,,6.24609
318985,5497,,6.18043
70918,5499,,6.19912
176103,5497,,6.15338
158408,5498,,6.30167
232894,5499,,6.1301
4385,4666,,6.84324
212956,5496,,6.17587
158976,4667,,6.71112
4230,4664,,6.77387
140135,5497,,6.04104
142039,5499,,5.96639
153912,5496,,6.04565
153912,5499,,5.95869
222988,5497,,5.94422
245200,5499,,5.94566
266447,5496,,6.04735
266447,5497,,5.92898
299733,5497,,5.79153
1883,4664,,6.59733
147190,5496,,5.9756
147190,5497,,5.84309
181327,5499,,5.81428
148641,4666,,6.13197
260927,5499,,5.76794
4564,4664,,6.17296
13454,4666,,6.22501
347521,4664,,5.94852
39103,5498,,5.84112
150446,4664,,6.25895
2802,4664,,6.18454
2883,4666,,5.93041
209872,5499,,5.67363
10904,4666,,6.03382
135193,4664,,6.14113
10973,4666,,5.89486
225836,4664,,6.05806
144845,4664,,5.99657
12947,4664,,5.97327
8070,4664,,6.00982
321537,4664,,5.96077
321537,5497,,5.59231
145549,4664,,5.99958
9151,4664,,5.92868
30966,4666,,5.71354
5811,5496,,5.63229
5811,5497,,5.58731
22509,4664,,5.95853
4848,4664,,5.91351
175619,4664,,5.99508
8383,4664,,5.94094
3694,4664,,5.93004
71099,4666,,5.73569
3935,4664,,5.88926
16185,4664,,5.88047
11428,4664,,5.92609
17728,4664,,5.83834
140164,4664,,5.79293
11054,4664,,5.77173
16186,4664,,5.77459
157254,4664,,5.78412
39786,4664,,5.7725
69843,4664,,5.79909
21411,4664,,5.77033
18531,4664,,5.75415
92140,4664,,5.74239
2705,5499,,5.55219
8436,4664,,5.69746
42627,5496,,5.54138
188784,4664,,5.68035
157723,5498,,5.52586
3937,4666,,5.65313
2704,5499,,5.53473
14590,4664,,5.66317
22094,4664,,5.64742
5096,4666,,5.61344
3042,4664,,5.3787
3042,5496,,5.45763
96628,4665,,5.28332
96628,4666,,5.36602
20436,5499,,5.45086
54165,16,6278,5.74934
57161,16,4203,5.91828
247030,5497,,8.44795
202174,5497,,8.10445
242277,5497,,8.08837
66690,5497,,7.95742
290448,5497,,7.95518
290448,5499,,8.01691
218127,5497,,7.96838
134342,5497,,7.90379
193065,5497,,8.02273
199727,5497,,7.90231
40849,5497,,7.79529
51811,5497,,7.78005
300580,5497,,7.81478
300580,5499,,7.88618
22821,5496,,8.01272
22821,5497,,7.83835
130704,5497,,7.88105
262722,5497,,7.96913
34499,5497,,7.77059
241386,4664,,7.75075
241386,5497,,7.76808
202976,5497,,7.66468
226840,5496,,8.03542
24439,5499,,7.71328
154842,5496,,7.81317
92539,5497,,7.58479
92539,5499,,7.59946
161317,5497,,7.72271
137762,4667,,7.86778
137762,5496,,7.76751
216788,5497,,7.77662
255681,5497,,7.57459
125898,5497,,7.64204
111661,5497,,7.51355
111661,5499,,7.53383
43018,5497,,7.57785
245744,5497,,7.65235
2993,5499,,7.45214
272637,4664,,7.63945
272637,5497,,7.60745
125403,5497,,7.51082
181084,5497,,7.57973
208545,4667,,8.04821
219788,5497,,7.57652
104557,5497,,7.48197
5405,5497,,7.35767
5405,5499,,7.40838
40210,5497,,7.48093
182078,5499,,7.4852
269259,5499,,7.50931
127067,5496,,7.3562
127067,5499,,7.35701
61001,5496,,7.60779
61001,5497,,7.44371
95802,5497,,7.49163
204814,5497,,7.5004
223555,5497,,7.3558
199329,5496,,7.75938
143065,5497,,7.44605
43539,5496,,7.46536
183682,5497,,7.45857
21059,5496,,7.43259
176677,5497,,7.40597
175754,5497,,7.40986
213360,5497,,7.38069
137136,5497,,7.30442
85905,5496,,7.54317
106645,5499,,7.35845
147101,5497,,7.44721
55660,5498,,7.44249
177182,5496,,7.58879
218103,5499,,7.36547
926,5497,,7.15559
164167,5496,,7.53537
39775,5497,,7.32252
90850,5497,,7.25264
210674,5496,,7.55068
106637,5499,,7.26353
25031,5497,,7.31409
231965,5497,,7.18807
229987,5496,,7.5799
180585,5496,,7.28211
171915,5497,,7.27129
177,5497,,7.22333
38378,5496,,7.39983
38378,5497,,7.2505
53383,5499,,7.20762
133993,5497,,7.16987
133993,5499,,7.19223
81618,5497,,7.15804
81618,5499,,7.18651
37397,5497,,7.26024
19319,5497,,7.23918
189035,5496,,7.26825
192951,5497,,7.26963
29416,5497,,7.19913
163106,5496,,7.36482
40776,5496,,7.3502
172505,5497,,7.20126
145196,5497,,7.20023
66121,5497,,7.16168
19245,4664,,7.64962
57072,5497,,7.08806
57072,5499,,7.11067
149922,5496,,7.30256
181817,5496,,7.44312
229941,5499,,7.18919
142020,5496,,7.31643
137166,5497,,7.13642
136223,5497,,7.13995
95619,5496,,7.33434
95619,5497,,7.139
122328,4664,,7.78151
122328,5496,,7.40329
87507,5496,,7.35728
87507,5497,,7.14059
276104,5497,,7.21288
30746,5499,,7.08071
309116,5497,,7.08802
57070,5497,,7.02487
57070,5499,,7.05172
25945,5496,,7.18248
325,5497,,6.89892
325,5499,,6.94607
315895,4664,,7.63752
315895,5497,,7.1851
298729,5499,,7.15668
181693,5497,,7.16292
197586,5496,,7.34513
219787,5497,,7.09238
137479,5496,,7.15108
141648,5496,,7.3563
108415,5497,,7.09261
96778,5496,,7.19689
96778,5497,,7.08584
129432,4664,,7.62167
129432,4667,,7.75613
175100,5496,,7.21422
175100,5497,,7.05177
288168,5497,,7.11248
273473,5497,,6.99888
30450,5497,,7.10369
218791,5497,,7.11186
132959,5496,,7.27447
192661,5496,,7.14532
174095,5499,,6.99917
29298,5496,,7.23009
280833,5497,,7.13719
247315,5497,,7.02352
119657,5498,,7.31479
166679,5496,,7.15562
259996,5497,,6.93995
259996,5499,,6.98143
220913,5496,,7.30858
153971,5496,,7.29711
153971,5497,,7.04555
175156,5496,,7.20863
155820,5497,,7.00354
236206,5496,,7.28931
145325,5498,,7.31496
144722,5496,,7.19684
241533,5496,,7.26974
30323,4666,,7.26004
255823,5496,,7.32304
248591,5497,,6.95402
212734,4667,,7.82625
148931,5498,,6.99052
104590,5499,,6.89872
174090,5498,,7.34849
21384,4664,,7.54141
155996,5497,,6.96794
24124,4664,,8.03773
137987,5496,,7.01435
127061,5497,,6.96012
2591,5499,,6.78542
198452,5496,,6.86422
161167,5496,,7.20634
136233,5497,,6.92245
142708,5497,,6.95965
31753,5497,,6.90947
38796,5496,,7.16315
38796,5497,,6.93585
67208,5496,,7.09596
220653,5497,,6.81248
220653,5499,,6.87227
12382,5497,,6.88185
47616,5497,,6.9189
189686,5496,,6.96356
144763,5497,,6.93292
147183,5499,,6.83551
139666,4666,,7.31538
2807,5499,,6.71007
159651,5496,,7.12033
123726,5496,,7.15792
114276,5496,,7.14449
114276,5497,,6.90858
165023,5497,,6.94447
166702,4667,,7.37589
166702,5497,,6.86508
174801,5496,,7.01531
174801,5497,,6.86191
129721,5496,,7.09479
129721,5497,,6.86833
31536,5496,,6.95546
209686,5496,,7.19195
193527,5496,,6.97587
181621,5496,,7.18129
143789,5499,,6.76517
223362,5496,,7.17523
210025,4667,,7.68475
210025,5496,,7.11962
129423,5496,,7.058
205761,5498,,7.27228
10873,5497,,6.8352
70704,4666,,7.24115
22172,5496,,6.90097
107576,5497,,6.80504
107576,5499,,6.82529
194562,5496,,6.99883
110242,5496,,7.05177
131188,5499,,6.83866
22361,5496,,7.03201
35704,5496,,6.92578
5287,4664,,7.96594
156189,5498,,7.16097
18836,5499,,6.7725
123764,4664,,7.2916
123764,4667,,7.44583
129433,4664,,7.402
129433,4667,,7.55699
257496,5497,,6.84288
13291,5497,,6.69383
13291,5499,,6.7146
31784,5497,,6.72126
31784,5499,,6.76178
149915,5496,,7.12538
166704,5497,,6.82089
175211,5496,,7.11796
66098,5497,,6.68818
58708,5497,,6.86128
37008,5496,,6.94109
130752,5497,,6.82569
18034,4664,,7.57092
18034,5496,,7.06931
137842,5496,,7.0763
61492,5496,,7.11725
61492,5497,,6.86669
32248,5496,,6.92579
129431,4664,,7.43192
107933,4667,,7.65763
123763,4664,,7.25659
22605,4664,,7.78155
123755,4664,,7.34127
78727,5497,,6.82372
71818,5497,,6.71105
245932,5497,,6.83819
223494,5496,,6.81733
147938,5499,,6.77394
144384,5499,,6.77467
169075,5497,,6.75416
19244,4664,,7.17533
181158,5499,,6.75356
39707,5497,,6.6999
206547,5496,,7.03406
147736,5496,,6.93514
206548,5496,,7.02492
63214,5496,,6.88808
63214,5497,,6.72626
213099,5496,,6.89229
288679,5499,,6.80624
140261,5497,,6.73195
250337,5496,,6.96319
250337,5497,,6.72726
1526,5499,,6.77114
181899,5499,,6.75643
24976,5496,,6.94985
41105,5497,,6.65897
161842,5497,,6.7687
180341,5497,,6.70514
180341,5499,,6.72893
38320,4664,,7.42083
148166,5497,,6.75081
102889,5496,,7.01114
102889,5497,,6.74575
156318,5496,,6.885
2449,5496,,6.78798
2449,5497,,6.64752
4101,5497,,6.59071
4101,5499,,6.62055
172380,5499,,6.69976
92898,5497,,6.71303
129430,4664,,7.25645
115098,4667,,6.99857
115098,5497,,6.65658
123759,4664,,7.28359
123759,4667,,7.41182
281332,5497,,6.67361
117793,5497,,6.67099
93465,5496,,6.94676
15158,5497,,6.51223
15158,5499,,6.56001
219326,4666,,7.19606
38025,5496,,6.75213
193614,5498,,6.96941
91072,5498,,6.64728
91072,5499,,6.59087
226828,5497,,6.71153
27760,5497,,6.53599
27760,5499,,6.577
139037,5496,,6.84121
93193,5497,,6.68859
226441,5497,,6.75034
97845,5496,,6.94521
182692,5496,,6.92012
1569,5497,,6.64749
209323,5497,,6.64097
4103,5497,,6.51687
4103,5499,,6.56751
179404,4664,,7.31631
179404,5497,,6.66441
146244,5497,,6.74659
233891,5499,,6.70048
226065,5498,,7.0272
240909,5499,,6.63819
186845,4667,,7.42338
186845,5496,,6.88677
95338,4667,,7.38101
95338,5496,,6.85506
154638,5497,,6.56394
232917,5497,,6.71584
242213,5499,,6.70628
261526,5497,,6.73231
131751,5496,,6.9442
227748,5498,,7.1906
136986,5496,,6.80304
139596,4667,,7.74638
19374,4664,,7.05498
283094,5496,,6.96372
157427,5497,,6.5433
157427,5499,,6.58915
154828,5496,,6.93081
168703,5497,,6.56726
200090,5496,,6.91246
200090,5497,,6.61432
66682,5497,,6.5943
144777,5496,,6.83026
110831,5497,,6.63695
311247,5497,,6.63023
144058,5497,,6.65545
70940,5496,,6.82469
136313,5497,,6.64724
92932,5497,,6.62588
157126,5496,,6.86845
130806,4667,,7.60298
174296,5497,,6.57848
219054,4667,,7.47816
9653,5496,,6.4924
9653,5498,,6.54309
204053,5498,,6.54723
176130,5497,,6.6273
133798,4667,,7.58766
133798,5497,,6.6015
146690,5497,,6.60124
110139,5496,,6.80213
139766,5499,,6.6106
65996,5497,,6.62393
36722,5496,,6.8446
27690,5497,,6.55909
27690,5499,,6.57876
96323,5499,,6.59881
143760,5496,,6.8434
143760,5497,,6.60027
230241,5497,,6.59712
158957,5497,,6.52565
202453,4666,,7.31082
202453,5497,,6.62416
226868,5496,,6.91358
226868,5497,,6.59468
216033,4666,,7.11342
216033,5499,,6.62516
154678,5497,,6.60786
163572,5497,,6.62173
122316,5497,,6.53743
122316,5499,,6.56648
142423,5496,,6.75582
29549,5497,,6.57908
41064,5496,,6.66575
95683,5496,,6.77175
220839,5496,,6.81632
124693,5497,,6.53469
232452,5497,,6.56524
124185,5496,,6.83228
149890,5497,,6.59972
39861,4664,,7.48153
101665,5497,,6.54093
94288,4667,,7.07936
94288,5496,,6.68784
83404,5497,,6.60907
19400,5497,,6.55038
166707,4667,,6.87714
166707,5497,,6.47582
245815,4667,,7.46693
245815,5496,,6.85102
225275,5496,,6.7918
66646,5497,,6.44526
66646,5499,,6.48104
202825,5497,,6.53603
108150,5496,,6.75773
137396,5497,,6.53811
257606,4667,,7.13485
257606,5497,,6.49319
84406,4664,,7.43038
153773,5499,,6.52016
220836,5496,,6.68253
92332,5499,,6.55284
123695,4667,,7.45623
123695,5496,,6.76132
280885,5497,,6.58705
68752,4664,,7.4827
132005,4667,,7.56063
277721,5496,,6.66986
24089,4664,,7.63985
144171,5497,,6.4979
133500,4667,,7.63233
122967,4667,,7.29244
122967,5497,,6.50815
255588,5497,,6.51204
246431,5499,,6.54487
31638,4664,,7.12925
40794,5497,,6.51816
226297,5497,,6.49561
2915,5497,,6.41682
145355,5497,,6.51091
186069,5497,,6.46395
144873,4667,,7.23727
144873,5496,,6.69354
166708,4667,,6.87971
166708,5497,,6.42275
98113,4667,,7.14628
98113,5496,,6.6569
110308,5497,,6.44481
159458,5496,,6.73158
191540,5499,,6.50678
264005,5496,,6.6834
176173,5497,,6.44243
102875,4667,,7.32814
102875,5496,,6.69272
165458,5497,,6.45286
143061,5496,,6.68004
143061,5497,,6.48136
135378,5497,,6.34805
135378,5499,,6.38612
1968,5496,,6.69325
1968,5497,,6.46817
110926,5497,,6.49768
22646,5496,,6.64478
231167,5497,,6.47183
206944,5497,,6.49817
256237,5498,,6.95388
42047,5496,,6.67059
21385,5497,,6.29948
21385,5499,,6.3367
236930,5496,,6.68812
189807,5496,,6.62955
85704,5497,,6.45865
230123,5497,,6.42908
67051,5496,,6.52228
98833,5496,,6.58
98833,5499,,6.43346
20055,5496,,6.592
231168,5497,,6.43021
161599,5497,,6.44966
85990,5499,,6.40667
207017,5497,,6.40692
22823,5496,,6.55857
1762,5496,,6.4851
294345,4666,,6.89511
150083,5497,,6.42412
100527,5496,,6.67478
28682,4664,,7.54885
1761,5496,,6.49681
42116,5496,,6.60019
142875,4667,,7.72134
142875,5496,,6.68599
135103,4667,,7.48134
136147,4667,,7.59573
42964,5497,,6.42193
137863,4667,,7.59979
104746,5497,,6.39349
37911,4664,,7.14328
7707,5499,,6.2945
132477,5497,,6.40013
34580,4664,,7.59601
2587,4664,,7.20963
108421,5497,,6.37723
147580,5497,,6.42036
94963,5496,,6.55486
100092,4667,,7.09036
100092,5496,,6.56325
47389,5497,,6.37635
47389,5499,,6.39587
26615,5497,,6.33206
26615,5499,,6.3845
232226,5497,,6.36246
28250,4664,,6.90377
128236,5499,,6.39559
54475,5496,,6.45197
2058,5497,,6.37772
234553,5498,,6.83644
5289,4664,,7.43052
131816,5496,,6.51415
166589,5497,,6.38609
38188,5497,,6.35079
29853,4664,,7.49571
94964,5496,,6.52632
30362,5497,,6.32569
73833,5497,,6.34974
22822,5496,,6.57172
142585,4664,,7.40615
225370,5497,,6.35528
225370,5499,,6.37933
113942,4664,,7.41217
119640,4667,,7.57281
119640,5496,,6.61343
105059,5496,,6.47735
75857,5496,,6.44914
83445,5497,,6.27595
125652,5496,,6.58123
125652,5497,,6.32495
138547,5498,,6.7522
94284,5497,,6.33522
1494,5499,,6.30377
16694,4664,,6.97127
16694,5496,,6.51762
108667,5497,,6.29269
98634,4667,,6.85535
98634,5496,,6.44256
206366,5497,,6.3229
33458,5497,,6.23055
33458,5499,,6.2714
302643,5496,,6.53116
63787,4667,,7.15846
63787,5497,,6.29758
114351,4667,,7.40946
114351,5496,,6.5528
28260,4664,,6.9904
3819,5496,,6.35245
3819,5497,,6.25022
25946,5499,,6.33223
9687,5497,,6.26474
106895,5497,,6.23379
238391,5496,,6.48383
130715,4667,,7.47132
15155,5496,,6.48559
3943,5496,,6.08038
3943,5498,,6.04667
29307,5496,,6.43953
8611,4664,,7.59974
121425,5497,,6.28007
131415,5497,,6.29717
110279,5498,,6.29202
39425,5496,,6.42949
39425,5499,,6.28024
13315,4664,,7.06717
13315,5496,,6.49544
129480,4667,,7.37272
25609,5496,,6.47842
6356,5497,,6.3069
13287,5497,,6.24887
6606,5496,,6.09459
6606,5498,,6.07274
209357,5497,,6.27517
1573,4664,,7.40732
123122,5497,,6.27964
110193,4667,,7.2959
110193,5496,,6.48892
43303,5496,,6.42091
43303,5499,,6.25899
41985,4664,,7.53076
1967,5496,,6.46115
1967,5497,,6.24789
42350,5496,,6.49454
10680,5498,,6.49925
17099,5496,,6.4029
17099,5497,,6.25122
111861,5498,,6.17759
20660,5496,,6.12614
20660,5498,,6.12574
1676,5496,,6.42164
42432,5496,,6.43314
66771,5499,,6.25384
121900,4667,,7.39718
121900,5496,,6.49081
1966,5497,,6.22447
72267,5497,,6.26217
13809,5497,,6.23156
163107,5498,,6.52749
5288,4664,,7.14758
8269,5496,,6.20088
8269,5498,,6.28405
151464,5497,,6.21502
29510,5497,,6.2182
19343,5497,,6.16881
19343,5499,,6.19319
78750,5497,,6.23127
171503,5499,,6.22326
127354,5498,,6.20586
115584,5496,,6.41152
15825,5496,,6.40236
134380,5497,,6.21036
155428,5496,,6.2911
84183,5497,,6.15499
84183,5499,,6.17526
112064,4667,,7.1089
112064,5496,,6.40145
13081,5496,,6.35349
38927,4664,,7.38584
2005,5497,,6.1918
45132,4664,,7.22415
19737,5497,,6.1914
196339,5497,,6.1911
257047,5497,,6.19957
118617,5497,,6.14403
118617,5499,,6.17604
171965,5496,,6.38982
34869,5496,,6.30419
34869,5498,,6.48025
19739,5497,,6.17192
101921,5496,,6.37496
173251,4664,,7.2641
19736,5497,,6.16968
38641,5497,,6.17297
160943,5497,,6.17487
40845,5497,,6.17286
40845,5499,,6.19203
38928,4664,,7.34706
22356,5496,,6.37494
38876,5497,,6.17597
55150,5496,,6.34103
99315,5497,,6.1392
99315,5499,,6.16051
181228,5498,,6.52138
29311,4664,,6.98719
122323,5497,,6.16627
22357,5496,,6.36107
249326,5499,,6.16617
109090,4664,,7.12975
214005,5497,,6.16698
142580,5497,,6.15943
140361,5498,,6.21184
104139,4667,,7.37252
104139,5496,,6.38009
19738,5497,,6.15128
88491,5497,,6.15293
19740,5497,,6.14595
38997,5497,,6.14782
370,5497,,6.14259
1137,5499,,6.14653
14183,5497,,6.17207
93401,5497,,6.10966
3609,4664,,6.83896
467,5499,,6.14993
30232,4664,,6.92014
30232,5496,,6.31253
120965,5496,,6.31412
118614,5499,,6.12139
132430,4664,,6.80307
132430,5496,,6.29485
127838,5497,,6.11807
127838,5499,,6.13892
19741,5497,,6.13499
18207,5496,,6.12523
18207,5499,,6.04134
116951,5496,,6.35177
125755,4664,,6.91573
8607,4664,,7.2576
8845,5497,,6.15566
89848,5499,,6.08256
8610,4664,,7.19624
59127,4664,,7.07271
88853,4664,,7.29003
154607,5497,,6.1436
56890,5497,,6.12669
19248,5496,,6.27318
112068,4664,,7.28068
4100,5497,,6.0879
1737,5496,,6.20992
39428,5497,,6.11346
29432,5499,,6.12883
8605,4664,,7.11827
147723,4667,,7.52912
147723,5496,,6.36479
583,5497,,6.11713
86780,5497,,6.11845
190924,5496,,6.3187
190924,5497,,6.12397
1606,4664,,6.96354
40688,5497,,6.10469
118615,5497,,6.04305
118615,5499,,6.07622
103183,5497,,6.11913
16621,5496,,6.28005
95699,5497,,6.0787
29423,4664,,6.81129
29423,5496,,6.25441
138170,4667,,7.0915
55201,5497,,6.08732
2739,5496,,6.2468
2739,5497,,6.07176
46127,5497,,6.10659
30977,5496,,6.30574
41571,4664,,7.03585
104733,5496,,6.26465
252899,4667,,7.13549
252899,5496,,6.31296
60054,5497,,6.02532
1736,5496,,6.16791
29095,4664,,6.79922
32391,4664,,6.84135
138896,5497,,6.0824
31420,5496,,6.22359
165802,5499,,6.07024
38643,5496,,6.27054
29715,5497,,6.0529
9800,4664,,7.26896
1767,5496,,6.22288
30231,4664,,6.80039
149350,5496,,6.2425
8608,4664,,7.01282
85768,4664,,7.1137
21713,5496,,6.08546
21713,5498,,6.2045
86957,4664,,7.21008
118618,5497,,6.01577
118618,5499,,6.05094
25621,5496,,6.09618
25621,5499,,5.98866
37235,5497,,6.03338
151107,5498,,6.18856
19829,4664,,7.28921
21855,5499,,6.05614
8609,4664,,7.0847
35666,5497,,6.01823
35666,5499,,6.03429
112066,4664,,7.17649
37601,4664,,6.89094
38777,5497,,6.05927
29716,5497,,6.03362
20237,5496,,6.03702
20237,5498,,6.12368
16494,5497,,6.03876
235520,5497,,6.03689
235520,5499,,6.06522
1605,4664,,6.9374
6139,5496,,6.2224
22279,5497,,6.03982
35522,5496,,6.22774
35522,5499,,6.0217
9498,4664,,7.10515
29717,5497,,6.02382
41261,5497,,6.05534
11040,4664,,7.14196
146574,4667,,7.23145
146574,5496,,6.22354
4943,5496,,6.1797
4943,5497,,6.01354
4943,5499,,6.03242
70647,5497,,6.03289
8613,4664,,7.07157
1565,5499,,6.02021
27112,4664,,6.84737
67731,5497,,6.0185
109139,5499,,6.04404
21615,5496,,6.19406
171033,5496,,6.1458
171033,5497,,5.96484
58601,4664,,7.06527
13297,5499,,5.99281
158,5497,,6.00506
125853,5497,,5.99968
38677,5499,,6.02779
227,4666,,6.13688
1741,5496,,6.03566
129341,4664,,7.09292
26586,5496,,6.18011
25948,5499,,6.02447
33493,5496,,5.94196
33493,5498,,5.97511
22507,5496,,6.15637
66508,5496,,6.00181
66508,5498,,6.13244
313441,4664,,6.66051
313441,5496,,6.13564
176406,4664,,7.12306
37918,4664,,6.80069
233253,5496,,6.14337
10991,4664,,6.27024
10991,5496,,6.07425
306,5499,,5.97107
178742,5499,,6.00471
26189,5497,,5.98929
250648,5499,,5.99624
87627,5497,,6.00242
14533,5497,,5.96781
81726,4664,,7.08464
59417,5499,,6.00326
34691,5497,,5.92854
34691,5499,,5.96944
181614,5499,,5.98576
172790,5497,,5.97188
182732,5496,,6.15685
99424,5497,,6.00086
13393,4664,,6.45598
13393,5496,,6.09926
28165,4664,,6.67548
28165,5496,,6.14798
22884,5496,,6.10089
22884,5497,,5.95425
101711,5497,,5.96244
5290,4664,,6.67415
32022,4664,,6.58393
12039,5496,,6.05842
12039,5499,,5.94086
8604,4664,,6.75857
47400,5497,,5.97512
1361,5499,,5.96613
32021,4664,,6.53209
32021,5496,,6.09799
8672,5496,,6.02395
8672,5499,,5.94602
93544,5497,,5.97816
209431,5497,,5.96613
20435,5497,,5.95611
5293,4664,,6.55235
576,5496,,6.02919
107794,5496,,5.94205
107794,5498,,6.11757
112067,4664,,7.00137
7587,4664,,6.7889
30909,5498,,6.13006
249589,4664,,6.84809
68305,5497,,5.95558
218547,4667,,6.87004
18626,5496,,6.07547
31005,5496,,6.10817
130236,5497,,5.94771
8257,5497,,5.96497
164956,5498,,6.12168
164665,4667,,7.26989
164665,5496,,6.12678
156831,4664,,6.8665
3224,5496,,6.09313
35595,5496,,6.09973
13925,5497,,5.95141
135895,4664,,7.08164
13300,5499,,5.9313
29714,5497,,5.90554
29714,5499,,5.91877
37654,5496,,5.982
61027,5496,,6.06725
156502,5496,,6.11367
156502,5497,,5.93286
132195,5498,,6.25553
182176,5497,,5.93403
20038,5499,,5.90207
1612,4664,,6.75018
118619,5497,,5.88831
118619,5499,,5.90404
342189,5496,,6.01451
18622,5496,,6.05047
33531,5496,,6.05373
3118,4664,,6.84789
31760,4664,,6.63395
10686,5496,,5.90607
39256,5497,,5.91599
7523,4664,,6.28382
169521,4664,,6.90384
151979,4664,,6.83071
6248,5496,,5.86481
6248,5499,,5.86835
12543,5497,,5.89443
30929,5497,,5.91747
12677,5499,,5.91315
1677,4666,,6.21866
34410,5497,,5.91551
14356,5499,,5.92279
20030,5499,,5.89231
40387,5497,,5.912
56954,4667,,6.85407
56954,5497,,5.89258
86669,5497,,5.89196
1740,5496,,5.92032
30976,5496,,6.05566
41811,4667,,6.7825
41811,5497,,5.88453
29779,5499,,5.90805
1745,5496,,6.03174
156119,5497,,5.8974
25044,5496,,6.03229
8612,4664,,6.75608
150915,5496,,6.03956
124147,5496,,6.05776
257636,5499,,5.9125
74823,5497,,5.89924
6751,4664,,6.10011
33963,5496,,6.03157
37602,4664,,6.65664
5292,4664,,6.77924
227951,5496,,6.01388
227951,5497,,5.887
134269,4664,,6.87209
112109,5499,,5.85859
22097,5497,,5.88067
4954,5497,,5.86661
4954,5499,,5.87379
15353,5496,,6.01316
33261,5497,,5.85813
33261,5499,,5.87547
6141,5496,,6.04018
183271,5496,,5.91549
194084,4664,,6.86589
71493,4664,,6.44334
71493,5496,,5.98181
209827,4664,,6.67344
12903,5497,,5.79008
12903,5499,,5.80673
84462,5497,,5.86257
75260,4664,,6.62803
19742,5497,,5.86823
233859,4664,,6.48777
55916,4667,,6.81783
55916,5497,,5.85187
33559,5497,,5.87619
54773,5497,,5.87808
66312,5496,,5.99656
7810,5496,,5.86156
199240,5498,,6.18565
38431,5499,,5.86592
2741,5496,,5.88621
6673,5496,,5.83341
6673,5499,,5.83486
19743,5497,,5.85843
21795,5497,,5.85669
1347,4664,,6.62193
182822,5497,,5.85984
10674,5496,,5.84424
10674,5499,,5.83317
207480,4664,,6.89176
19395,4664,,6.47884
6113,5496,,5.80491
74771,4664,,6.42403
37935,5497,,5.86236
9365,5496,,6.00992
41815,5496,,5.98498
23189,5497,,5.86398
39108,5496,,5.9829
21817,5497,,5.84273
26916,4664,,6.62174
38522,5497,,5.85388
85037,5497,,5.83209
40635,5499,,5.85571
156413,5496,,5.94754
4939,5496,,5.9597
4939,5497,,5.82878
8614,4664,,6.63984
19394,4664,,6.42
5630,4664,,6.54187
17565,5497,,5.83373
2797,5496,,5.85329
5291,4664,,6.61842
85851,5499,,5.83853
3651,5496,,5.78598
132377,5497,,5.83291
42971,5497,,5.8351
42971,5499,,5.84554
42141,5496,,5.95133
54944,4664,,6.48736
54944,5496,,5.96289
122996,5497,,5.81605
18623,5496,,5.92829
45543,4664,,6.39315
45543,5496,,5.94074
58157,4667,,6.77402
58157,5497,,5.81195
61965,5497,,5.83146
70463,5499,,5.83032
338841,5496,,5.88788
338841,5497,,5.8115
123847,4664,,6.36809
123847,5496,,5.92479
38216,4664,,6.43485
38896,5499,,5.82515
66958,4667,,6.7739
66958,5497,,5.80557
39109,5497,,5.81901
1746,5496,,5.90138
25293,5497,,5.81268
25293,5499,,5.82169
8615,4664,,6.6327
32332,5499,,5.8106
206374,5499,,5.82462
72268,5497,,5.81387
21355,5497,,5.81593
5808,5498,,5.94535
54833,5497,,5.80018
120600,5496,,5.87247
295232,5497,,5.79478
22160,4664,,6.63337
118616,5497,,5.77079
118616,5499,,5.78934
166006,5496,,5.91694
166006,5497,,5.80434
8616,4664,,6.62406
7529,5496,,5.90089
61739,4667,,6.75727
61739,5497,,5.78619
53396,4664,,6.29354
37926,4664,,6.32875
3225,5496,,5.91972
3225,5497,,5.7832
37036,5498,,5.95025
2345,5496,,5.85486
8485,4664,,6.64046
87658,5496,,5.83917
87658,5498,,5.92081
53708,5499,,5.78276
68923,4664,,6.44526
28872,5496,,5.92063
28874,5496,,5.91973
39166,5499,,5.80367
6142,5496,,5.92348
11568,5497,,5.78481
597,5497,,5.78384
145040,5497,,5.77179
6506,4664,,6.47159
25947,5499,,5.79711
112962,4664,,6.69665
108668,5497,,5.78959
29652,5499,,5.79304
21367,5497,,5.77983
5865,5498,,5.95326
265084,5497,,5.784
109968,5496,,5.92468
129037,5497,,5.78705
59728,4664,,6.51708
59158,5497,,5.78123
7469,5496,,5.86922
69962,4664,,6.44955
40822,5499,,5.78369
174319,4664,,6.41733
72851,5497,,5.78207
27143,4664,,6.55651
8504,4664,,5.88943
35612,4664,,6.56154
20494,5496,,5.79154
30725,5497,,5.78791
6143,5496,,5.9021
1667,4664,,6.50109
33490,4664,,6.47618
265081,5497,,5.77197
43532,5496,,5.87693
64651,4667,,6.70277
64651,5497,,5.75689
169076,4664,,6.56854
54943,4664,,6.29534
25645,5499,,5.76817
30762,5497,,5.75922
181372,5498,,5.97115
6144,5496,,5.87928
22355,5497,,5.75601
28734,5496,,5.79163
1739,5496,,5.804
9789,4664,,6.51872
2286,5496,,5.84529
6140,5496,,5.87295
111340,5496,,5.86956
25572,4666,,6.09854
20538,4664,,6.40986
110794,5497,,5.71699
4135,4664,,6.31656
61677,4664,,6.27724
269477,5497,,5.66473
38733,5497,,5.72475
38551,4664,,6.49831
166329,5497,,5.7495
195246,4664,,6.13854
195246,5496,,5.83936
150881,4664,,6.33585
9497,4664,,6.46016
30930,5497,,5.75238
7222,4664,,6.27316
16595,4664,,6.48133
55936,4664,,6.49789
7690,4664,,6.4559
17722,5496,,5.84463
62926,5496,,5.84361
2282,5496,,5.82955
19892,5496,,5.81247
20247,5497,,5.69304
20247,5499,,5.69231
62325,5496,,5.83636
30139,5499,,5.73786
42924,4664,,6.34752
153558,4664,,6.45401
257422,5497,,5.66286
59967,5497,,5.72411
11041,4664,,6.44046
21785,5496,,5.74033
21785,5499,,5.72314
9462,4664,,6.44617
12614,5499,,5.74054
47156,5497,,5.72563
147932,5497,,5.72375
62327,5496,,5.82078
62327,5497,,5.72329
4134,4664,,6.26161
28681,4664,,6.15259
5508,4664,,6.39963
3607,4664,,6.11104
188609,4664,,6.3339
134328,4664,,6.22261
254682,4664,,6.43964
59867,5497,,5.71799
213802,4664,,6.39206
25487,5497,,5.72313
3614,4664,,6.21471
209343,4664,,6.27379
29870,4664,,6.31458
62329,5496,,5.81235
62329,5497,,5.71105
131958,5497,,5.69721
131958,5499,,5.70912
21030,5497,,5.71373
62349,5496,,5.80716
85770,4664,,6.3624
69467,5497,,5.69602
297568,5497,,5.71069
56776,5496,,5.79194
160970,4667,,6.36495
160970,5497,,5.68955
132026,4664,,6.27171
67055,5499,,5.70631
4338,4664,,6.11594
7223,4664,,6.20039
36377,5497,,5.70086
21419,4664,,6.18861
168947,4664,,6.32485
37900,4664,,6.28028
25193,5497,,5.69836
85772,4664,,6.32109
29807,4664,,6.29647
37302,5497,,5.69481
25731,4664,,6.27652
35462,4664,,6.31036
21691,4664,,6.2127
18165,4664,,6.17163
34132,5496,,5.70495
105855,4664,,6.16647
34079,4664,,6.16126
30928,5497,,5.68715
26606,4664,,6.27436
218422,4664,,6.26507
130959,4664,,6.3074
35339,5499,,5.69248
9665,5496,,5.71813
56775,5496,,5.7639
209636,4664,,6.21032
17278,4664,,6.12452
39596,4664,,6.14331
46080,16,,7.14085
34080,4664,,6.14203
27520,5497,,5.68141
26260,5499,,5.68648
131458,5497,,5.67617
1743,5496,,5.67841
25594,5497,,5.67382
29878,4664,,6.22836
5106,4665,,6.25694
40484,5496,,5.74597
67520,4664,,6.27817
7504,4664,,6.26568
5801,5498,,5.82768
140953,4664,,6.17309
7513,4664,,6.13111
61538,5496,,5.74288
26218,5496,,5.72193
7496,4664,,6.22605
58980,5497,,5.66611
58980,5499,,5.6746
17723,5496,,5.74249
59065,5499,,5.66764
56602,5497,,5.67111
132027,4664,,6.11657
33734,5496,,5.71847
33734,5498,,5.83008
89680,4664,,6.22618
5117,4666,,6.04367
110565,4664,,6.21483
39292,5497,,5.66086
17277,4664,,6.04237
209830,4664,,6.16564
46935,5497,,5.66485
42317,4664,,6.08954
7498,4664,,6.19589
28691,4664,,5.96113
39179,5497,,5.65255
38496,4664,,6.17785
27645,5498,,5.68542
63013,4664,,6.25726
14285,5497,,5.65486
43490,5497,,5.65198
89691,4664,,6.17743
19992,5497,,5.65504
260114,4664,,6.19733
307176,4664,,6.14286
7724,4664,,6.14854
32456,5497,,5.64496
2798,4664,,6.14318
164751,4664,,6.0644
453,5499,,5.63597
67569,4664,,6.18064
18229,4664,,5.97133
7390,4664,,6.02921
55817,4664,,6.16131
132204,4664,,6.16221
30507,4664,,6.21164
7494,4664,,6.11714
7725,4664,,6.15203
18228,4664,,5.95993
19091,4664,,6.13366
84614,4664,,6.11608
68638,4664,,6.13003
101657,4664,,6.00331
13272,4665,,6.1193
190839,4664,,6.13801
8381,4664,,5.92372
21372,4664,,6.1063
32311,5499,,5.63537
9198,4664,,6.09368
47686,5497,,5.63771
7531,4664,,6.03857
7505,4664,,6.10682
67787,4664,,6.09995
29922,4664,,5.98116
67799,4664,,6.12018
1670,4664,,5.99875
61426,4664,,6.14322
35767,4664,,6.11381
34060,4664,,6.0135
158227,5499,,5.62441
6264,5497,,5.6125
6264,5499,,5.61574
182518,4664,,6.01601
25603,4664,,6.04996
108096,4664,,6.12858
23611,4664,,6.04811
3223,5496,,5.6849
3223,5497,,5.62648
5202,4666,,5.92711
158309,4664,,6.05499
2475,5496,,5.66849
35276,4664,,5.94879
20235,5499,,5.63172
24909,4664,,5.94215
1671,4664,,5.98771
298627,5496,,5.61297
67942,4664,,6.09358
41393,4667,,6.19644
41393,5497,,5.61575
40825,5499,,5.63082
7495,4664,,6.07647
239244,4664,,6.0605
21046,5497,,5.6067
21046,5499,,5.61834
57362,4666,,5.9624
57362,5499,,5.62894
9231,4664,,6.03188
28114,4664,,5.97091
84503,4664,,6.081
14503,4664,,6.00666
38473,4664,,6.07184
55090,5499,,5.62264
21031,5497,,5.62354
20596,4664,,6.08514
47687,5497,,5.62329
15270,5498,,5.73877
37767,4664,,6.05818
55816,4664,,6.03805
25658,5496,,5.66399
25658,5497,,5.61423
246084,4664,,6.05954
29327,5496,,5.67729
5802,5498,,5.74121
67590,4664,,6.03842
103947,4664,,6.05764
7497,4664,,6.02196
32646,4664,,5.98727
8280,4664,,6.01471
33185,4664,,5.95239
19090,4664,,6.03496
13405,4664,,5.97916
35198,4664,,5.98447
68122,4664,,6.02763
13612,4664,,6.01325
3756,4664,,5.98881
158315,4664,,6.00367
101949,5496,,5.66243
163320,4664,,6.02105
40205,4664,,6.0289
18595,4664,,5.9416
235738,4664,,5.95612
71051,4664,,6.01
151011,4664,,5.99996
68641,4664,,6.02139
73510,5496,,5.64126
73510,5499,,5.58443
202473,4664,,6.04656
36600,5497,,5.61228
182014,4664,,6.02738
207446,4664,,6.02865
28732,4664,,5.97212
70261,4664,,6.01004
15233,4664,,6.03198
37177,5499,,5.60462
177666,4664,,5.89175
28474,5497,,5.60945
81,4664,,5.96723
60128,5497,,5.60587
158312,4664,,5.9706
18398,4664,,5.91494
33291,4664,,5.95242
283424,4664,,6.04275
206770,4664,,5.9758
129979,4664,,5.9521
33514,5497,,5.60494
46539,4666,,5.86301
31252,4664,,5.99401
214827,4664,,5.9897
21697,4664,,5.97918
68636,4664,,5.98521
133149,4664,,5.96931
73207,4664,,5.98756
158310,4664,,5.94958
31251,4664,,6.00608
37974,5498,,5.61432
6854,5498,,5.66032
6854,5499,,5.59635
8464,4664,,5.92282
40921,4667,,6.30449
40921,5497,,5.60262
19177,4664,,5.98746
79452,4664,,5.99992
30941,5497,,5.60099
193040,4664,,5.99568
19181,4664,,5.97203
14513,4664,,5.94282
118639,4664,,5.9547
38383,4664,,5.95387
42613,5499,,5.6027
8474,4664,,5.9475
206769,4664,,5.93479
12013,4664,,5.96768
80,4664,,5.96913
12895,4664,,5.9581
36756,4664,,5.9868
40780,4667,,6.25382
40780,5497,,5.59542
8379,4664,,5.87589
8379,5496,,5.62588
37186,4664,,5.86664
12482,4664,,5.95155
8287,4664,,5.93875
41213,4664,,5.95018
19092,4664,,5.94778
37638,4664,,5.94722
7730,4664,,5.91034
92818,4664,,5.94897
135818,4664,,5.9358
91459,4664,,5.92883
40509,4664,,5.8798
42284,4666,,5.86571
4002,4664,,5.882
2851,4664,,5.84618
2851,4666,,5.68992
189086,4664,,5.98417
48697,4664,,5.92357
57804,4664,,5.8985
109460,4664,,5.97193
162604,5496,,5.60613
162604,5497,,5.58172
24014,4664,,5.95099
40778,4667,,6.18126
40778,5497,,5.58973
40781,4667,,6.22341
40781,5497,,5.58962
20076,4664,,5.93579
18749,4664,,5.93197
26003,4666,,5.82496
20653,4664,,5.95391
2953,5498,,5.59932
2953,5499,,5.57694
136377,4664,,5.90608
184480,4664,,5.92828
26646,4664,,5.9202
6467,4664,,5.79397
31684,4664,,5.90961
16254,4664,,5.88379
186021,4664,,5.93456
28806,5497,,5.58915
10223,5496,,5.62466
18341,4664,,5.94393
202707,4664,,5.87743
7500,4664,,5.92078
1487,5499,,5.58651
12233,4664,,5.74965
5773,4664,,5.89997
19176,4664,,5.9236
65490,5497,,5.58556
42242,4664,,5.92032
42286,4666,,5.8413
40786,4667,,6.19867
40786,5497,,5.58539
31863,4664,,5.79953
41831,4664,,5.92432
266217,5496,,5.60501
7731,4664,,5.86452
41176,4664,,5.86624
19175,4664,,5.91874
5069,4664,,5.88606
29667,4664,,5.86395
19174,4664,,5.89554
19095,4664,,5.87738
6190,4664,,5.8449
7202,4664,,5.88855
12537,4664,,5.86142
60525,4664,,5.86134
8465,4664,,5.85499
40924,4667,,6.1919
40924,5497,,5.58315
19094,4664,,5.87661
30399,4664,,5.90585
4686,4664,,5.85581
30326,4665,,5.8496
41452,4667,,6.02371
41452,5497,,5.56969
40783,4667,,6.19323
40783,5497,,5.5816
24332,4664,,5.74591
69694,4664,,5.78511
159991,4664,,5.86101
29719,4664,,5.90273
13959,4664,,5.85877
41460,4667,,6.00843
41460,5497,,5.56859
32270,5497,,5.57001
32270,5499,,5.57608
36285,4664,,5.83024
136508,4664,,5.88333
41451,4667,,6.01259
41451,5497,,5.57286
40788,4667,,6.19786
40788,5497,,5.57996
2715,5499,,5.57478
29563,4664,,5.87838
60524,4664,,5.84135
225341,4664,,5.75294
228782,4664,,5.89282
23300,4666,,5.70303
23300,5497,,5.5795
152937,4664,,5.84243
11679,4666,,5.7131
30327,4665,,5.75122
237394,4664,,5.89636
26004,4664,,5.88736
50748,4667,,6.02408
50748,5497,,5.57005
72661,5496,,5.60269
31761,4664,,5.85375
2714,5499,,5.57406
11431,4664,,5.88438
2849,4664,,5.79479
2849,4666,,5.65968
27898,4664,,5.81052
69696,4664,,5.7221
35533,4664,,5.84977
176787,5499,,5.56531
204115,4664,,5.89598
1895,4664,,5.85544
267025,4664,,5.86298
14263,4664,,5.86926
41458,4667,,5.98503
41458,5497,,5.56793
42296,4664,,5.86237
31851,4664,,5.83403
220463,4664,,5.86926
19640,4664,,5.8786
41459,4667,,5.95591
41459,5497,,5.5636
31850,4664,,5.82811
51314,4667,,5.99599
51314,5497,,5.56799
37867,4664,,5.86301
8318,4664,,5.85136
2703,5499,,5.57074
24016,4664,,5.85204
21626,4664,,5.8422
94729,4664,,5.89224
52084,4664,,5.86399
60130,5497,,5.57078
60130,5499,,5.57305
25786,4664,,5.85769
37921,4664,,5.85267
2913,4664,,5.76929
32618,4664,,5.81594
41457,4667,,5.98165
41457,5497,,5.56304
35653,4664,,5.77116
51130,4667,,6.16257
51130,5497,,5.57311
42100,4667,,6.16524
42100,5497,,5.57304
43508,4667,,6.16326
43508,5497,,5.57283
42326,4664,,5.85808
7499,4664,,5.85059
4350,4664,,5.80313
20511,4664,,5.83323
40782,4667,,6.10562
40782,5497,,5.57182
193039,4664,,5.86298
11678,4664,,5.84435
33917,4664,,5.85357
28160,4664,,5.86171
22093,4664,,5.83599
41979,4664,,5.80775
8378,4664,,5.81084
8378,5496,,5.59693
6188,4664,,5.79878
27146,4664,,5.85586
15355,4664,,5.82551
46538,4666,,5.72628
7726,4664,,5.8257
40922,4667,,6.10619
40922,5497,,5.56994
41805,4664,,5.77822
194190,4664,,5.76114
40473,4664,,5.83532
58961,4667,,6.09016
58961,5497,,5.56834
214829,4664,,5.85458
211899,4664,,5.85304
5774,4664,,5.8019
56346,4664,,5.79896
56346,5497,,5.56603
11611,4664,,5.79998
172219,4664,,5.84859
139724,4664,,5.84979
2914,4664,,5.76265
1521,4664,,5.73095
34604,4664,,5.85721
18160,4664,,5.74135
18160,5496,,5.58085
115313,4664,,5.82693
85978,4664,,5.82194
40784,4667,,6.05902
40784,5497,,5.56695
7733,4664,,5.80862
5840,4664,,5.79407
42668,4667,,6.11439
42668,5497,,5.56662
30580,4666,,5.65036
38454,5499,,5.5585
19096,4664,,5.82592
35609,4664,,5.8383
19320,4664,,5.82754
38498,4664,,5.81258
195450,4664,,5.77359
18664,4664,,5.80765
25559,4664,,5.82325
7751,4664,,5.83256
219782,4664,,5.81626
76727,5497,,5.56436
25929,4664,,5.79059
2950,5496,,5.57316
2950,5497,,5.55518
72729,4664,,5.81179
31582,4664,,5.82899
36248,4664,,5.82912
21242,4664,,5.80712
83281,4664,,5.8235
14278,4664,,5.81194
8218,4664,,5.72594
40920,4667,,6.05526
40920,5497,,5.56279
47038,4664,,5.83285
2852,4664,,5.7348
2852,4666,,5.5804
19641,4664,,5.817
53588,4664,,5.76927
41289,4667,,6.09091
41289,5497,,5.56199
2890,4664,,5.72633
2890,4666,,5.58744
39060,4664,,5.78435
40264,5499,,5.56348
8281,4664,,5.79873
40919,4667,,6.03229
40919,5497,,5.56134
135787,4664,,5.78634
19639,4664,,5.81203
87097,4664,,5.78438
13217,4664,,5.75553
32555,4664,,5.7809
43613,4664,,5.82601
11123,4664,,5.77858
41481,4664,,5.78871
71084,4667,,6.06812
71084,5497,,5.56037
32554,4664,,5.78697
19321,4664,,5.80772
7370,4664,,5.67282
39393,4667,,5.71978
8375,4664,,5.76346
305600,5499,,5.5573
8359,4664,,5.80459
12052,4664,,5.80165
65250,4667,,6.04498
65250,5497,,5.55887
59556,4664,,5.74641
37185,4664,,5.79412
65249,4667,,6.01107
65249,5497,,5.55853
290115,4664,,5.79618
7168,4664,,5.77559
2893,4664,,5.74998
7371,4664,,5.67508
336844,5497,,5.5418
107568,4664,,5.78151
184564,4664,,5.76921
7116,4665,,5.71588
37563,4664,,5.79068
38794,4664,,5.74455
46481,5497,,5.5569
31356,4664,,5.78519
64133,5497,,5.55637
8466,4664,,5.74829
33481,4664,,5.77007
69351,4664,,5.73331
34085,4664,,5.78569
28896,5497,,5.55548
13774,4664,,5.79614
9722,4664,,5.77434
66598,4667,,6.03524
66598,5497,,5.55519
8710,4664,,5.76748
8781,4664,,5.76706
35484,4664,,5.71971
7167,4664,,5.76343
19898,5497,,5.55478
19493,4664,,5.78122
184565,4664,,5.75705
93797,4664,,5.77629
106891,4664,,5.77629
30794,4664,,5.76546
23608,4664,,5.76708
19178,4664,,5.76523
31798,4664,,5.76061
30069,4664,,5.772
56841,5497,,5.55306
87824,4664,,5.75328
29986,4664,,5.77195
16115,4664,,5.75955
24506,5499,,5.55276
41970,4664,,5.74258
11426,4664,,5.76903
27859,4664,,5.76292
57579,4664,,5.76199
213291,5499,,5.55354
136943,4664,,5.76567
12163,4664,,5.76297
9196,4664,,5.7479
20672,4664,,5.7207
32562,4664,,5.74368
34687,4664,,5.74899
2894,4664,,5.74571
14656,4664,,5.75907
25796,4664,,5.73776
18665,4664,,5.7356
23925,4664,,5.75336
15288,5499,,5.55006
3116,4664,,5.68859
32558,4664,,5.7194
3942,4664,,5.71649
145974,4664,,5.77169
32997,4664,,5.73851
64132,5497,,5.54777
164848,4664,,5.70665
17469,5497,,5.54747
15259,4664,,5.71557
7728,4664,,5.74568
64134,5497,,5.54709
18175,4664,,5.71811
11762,4664,,5.66583
15593,4664,,5.72944
61479,4664,,5.7534
8373,4664,,5.72968
21378,4664,,5.70021
25745,4664,,5.73636
31727,4664,,5.58737
2850,4664,,5.67369
2850,4666,,5.57784
5579,4664,,5.71913
30075,4664,,5.7318
20512,4664,,5.72425
73403,4664,,5.72203
186140,5499,,5.54506
56839,5497,,5.54328
2355,4664,,5.64351
2355,5496,,5.5613
39056,4664,,5.69505
32556,4664,,5.69793
17400,5497,,5.54233
17399,5497,,5.54232
31728,4664,,5.59999
46863,4664,,5.71265
23609,4664,,5.71554
10225,4664,,5.71718
17471,5497,,5.54172
35112,4664,,5.71491
28721,5496,,5.5566
31919,4664,,5.68917
34101,4664,,5.67562
17398,5497,,5.54035
29524,4664,,5.69411
8370,4664,,5.69767
23610,4664,,5.70626
22204,4664,,5.70178
8377,4664,,5.67011
24578,4664,,5.64911
37326,5497,,5.53915
18666,4664,,5.69607
8376,4664,,5.65402
32605,4664,,5.68722
15351,4664,,5.69353
21471,4666,,5.64945
47872,4664,,5.63145
7732,4664,,5.69246
36884,4664,,5.69173
32607,4664,,5.68431
34928,4664,,5.69368
19179,4664,,5.68965
8822,4664,,5.69184
4347,4664,,5.6557
11458,4664,,5.68098
25300,5497,,5.53628
33544,4664,,5.69035
5466,4664,,5.67136
39090,5497,,5.52963
32560,4664,,5.67233
39979,4664,,5.68203
1795,4664,,5.65276
32084,4664,,5.67856
15004,4664,,5.61032
2892,4664,,5.62201
8372,4664,,5.67038
23641,4664,,5.66729
36882,4664,,5.6703
22480,4664,,5.6711
7632,4664,,5.67871
29014,4664,,5.6655
20189,4664,,5.65199
23660,4664,,5.67044
32604,4664,,5.65755
63862,4664,,5.6049
19684,4664,,5.66528
42285,4666,,5.62818
9660,4665,,5.73148
19180,4664,,5.65437
2846,4664,,5.62091
2846,4666,,5.51197
19322,4664,,5.65415
15021,4664,,5.61226
14008,4664,,5.58162
1904,4664,,5.62252
16650,4664,,5.62386
8369,4664,,5.63169
31726,4664,,5.57655
9647,4665,,5.64693
81814,4664,,5.62329
39790,4666,,5.53553
17431,4664,,5.60273
14376,4666,,5.57591
39365,4664,,5.57174
19093,4664,,5.61508
61415,4664,,5.57889
9659,4665,,5.59954
8371,4664,,5.6009
8371,5496,,5.52962
7633,4664,,5.60977
28487,4664,,5.59816
54405,4664,,5.54909
4130,4664,,5.5656
2848,4664,,5.55955
2848,4666,,5.47451
15608,4664,,5.56768
2847,4664,,5.54426
2847,4666,,5.48054
30643,4664,,5.48526
8367,4664,,5.51148
2954,4664,,5.4937
7729,4664,,5.50198
62395,4665,,5.46602
12178,4664,,5.45815
10398,4664,,5.45689
6002,4664,,5.4369
12199,5499,,5.44266
5659,5498,,5.26658
38855,5499,,5.10345
60087,16,,6.18017
316533,62,,6.16979
