id,name
271320,The Castles of Burgundy
181289,Terra Mystica: Big Box
356238,Terra Mystica: Big Box
171905,Orléans: Deluxe Edition
319422,Everdell: Collector's Edition
248562,Mage Knight: Ultimate Edition
108687,Puerto Rico
318985,Puerto Rico
165332,Puerto Rico + Expansion I
232900,Anachrony Leader Box
278292,Anachrony: Infinity Box
326869,The Quacks of Quedlinburg: Big Box
349955,The Quacks of Quedlinburg: MegaBox
334931,Robinson Crusoe: Adventures on the Cursed Island – Collector's Edition (Gamefound Edition)
270716,Robinson Crusoe: Adventures on the Cursed Island – Early Launch Kit
301201,El Grande & Carcassonne
171908,El Grande Big Box
147170,El Grande Decennial Edition
195850,Mombasa (Limited Edition)
338476,Lorenzo il Magnifico Big Box
329591,Ultimate Railroads
321563,Inis: Big Box
272910,Codenames: Malaysia Edition
142131,Dominion Big Box (English)
142132,Dominion Big Box (German)
149083,Dominion: Special Edition
314550,Campeones de Midgard: Big Box
255668,Trickerion: Collector's Edition
331259,Sleeping Gods: Kickstarter Edition
298628,Star Realms Deluxe Nova Collection
355199,Star Realms: Deck Building Game
216123,Звёздные империи. Подарочное издание
260678,Stone Age: Anniversary
295260,It's a Wonderful World: Heritage Edition
286749,Hansa Teutonica: Big Box
329841,Ticket to Ride: Europe – 15th Anniversary
251219,Istanbul: Big Box
60153,War of the Ring Collector's Edition
176601,Dead of Winter: Tabletop Edition
343588,Suburbia + Inc.
332032,Cestou necestou
336847,Tyrants of the Underdark: Board Game
35863,The 15 Greatest Board Games in the World
7159,The Boardgame Book
2883,The Book of Classic Board Games
313051,Tichu Deluxe
142057,Carcassonne Big Box
141008,Carcassonne Big Box 2
141007,Carcassonne Big Box 3
140711,Carcassonne Big Box 4
164127,Carcassonne Big Box 5
230914,Carcassonne Big Box 6
161729,Carcassonne inklusive Händler & Baumeister
154094,Carcassonne Limited Edition
147782,Carcassonne Müller Exklusiv-Edition
89952,Carcassonne: 10 Year Special Edition
329954,Carcassonne: 20th Anniversary Edition
160094,Каркассон: Королевский Подарок
316344,Каркассон: Королевский подарок. Новое издание
160069,Ticket to Ride: 10th Anniversary
216849,Dominion (Second Edition) Big Box
275626,Dominion Einsteiger-Bigbox
140068,Galaxy Trucker: Anniversary Edition
176103,Shogun Big Box
156455,Viticulture: Complete Collector's Edition
313924,Легенды дикого запада
154597,Hive Pocket
174610,Alien Frontiers: Big Box
325941,Nemo's War: The Ultimate Edition
186659,Tiny Epic Galaxies: Deluxe Edition
140135,Small World Designer Edition
161617,Dungeon Lords: Happy Anniversary
209167,Big Game Night 2016
202937,Mein Friedberg Spiel
152961,Princess Wonder
319765,타케노코: 빅 박스
255262,Agricola: All Creatures Big and Small – The Big Box
357726,51st State: Ultimate Edition
213984,Notre Dame: 10th Anniversary
319196,Gùgōng: Deluxe Big Box
309109,Die Säulen der Erde
214000,In the Year of the Dragon: 10th Anniversary
266967,Dice Throne: Season Two – Cursed Pirate v. Artificer
266966,Dice Throne: Season Two – Gunslinger v. Samurai
266964,Dice Throne: Season Two – Seraph v. Vampire Lord
266965,Dice Throne: Season Two – Tactician v. Huntress
268191,Dice Throne:  Season Two –  Battle Chest Champion Edition
185257,Innovation Deluxe
336755,King of Tokyo: Monster Box
351735,Newton & Great Discoveries
282391,Stockpile: Epic Edition
139991,Fresco: Big Box
290829,Fresco: Mega Box
247113,Thunderstone Quest: At the Foundations of the World
247114,Thunderstone Quest: Total Eclipse of the Sun
170815,Lancaster: Big Box
308762,Mystic Vale: Essential Edition
341504,Colt Express: BIG BOX
195274,Ancient Conflict Treasure Chest
169776,Apocalypse Pack
149072,Giant 30 Game Cube
96628,Miscellaneous Game Compilation
157432,Pirates of the Caribbean Dead Man's Chest: 3 in 1 Pirate Games Collector's Edition
188909,Seizer's Chess
70918,Hanabi & Ikebana
272743,Hanabi Deluxe II
290357,Hanabi: Grands Feux
289843,Madeira Collector's Edition
317637,BattleCON: Big Box
17419,CATAN 3D Collector's Edition
298278,Catan: 25 Jahre Jubiläums-Edition
305668,Catan: 25th Anniversary Edition
338697,CATAN: 3D Edition
182880,Catan: Big Box
191710,Catan: Big Box
269980,Catan: Big Box
265030,Catan: Big Box Jubileumeditie
152959,The Settlers of Catan (containing 5/6 player expansion)
276502,Roads & Boats: 20th Anniversary Edition
151377,Thurn und Taxis Big Box
331265,Port Royal: Big Box
201856,Last Will
45358,Alhambra: Big Box
326355,Alhambra: Big Box (Second Edition)
140709,Alhambra: Family Box
251830,Alhambra: Mega Box
174458,Baseball Highlights: 2045 – Deluxe Edition
186567,Baseball Highlights: 2045 – Super Deluxe Edition
336849,Kemet: Blood and Sand – Kickstarter Edition
289223,Aquasphere
177352,Carson City: Big Box
347521,Blitzkrieg!: World War Two in 20 Minutes
269476,Las Vegas (with Boulevard expansion)
337329,Canvas: Deluxe Edition
306656,Coup + Reforma
158408,Coup: Deluxe Edition
255924,Snowdonia: Deluxe Master Set
169814,AEG Black Friday Black Box
255524,Belfort: Edición Limitada
139993,Kingdom Builder: Big Box
229130,Kingdom Builder: Big Box (Second Edition)
257180,Kingdom Builder: Family Box
332229,Unlock!: Heroic Adventures – Hinunter in den Kaninchenbau
332230,Unlock!: Heroic Adventures – Insert Coin
341008,Unlock!: Heroic Adventures – Sherlock Holmes: Der scharlachrote Faden
319031,Project L: Kickstarter Edition
216727,Куба: Эль Президенте
157820,Escape: The Curse of the Temple – Big Box
232894,Escape: The Curse of the Temple – Big Box Second Edition
246912,Take 5 & Take A Number
155731,Tokaido Collector's Edition
186375,Tokaido: Deluxe Edition
259586,Feudum: Big Box
331992,Steampunk Rally Fusion: Atomic Edition
307621,K2: Big Box
261588,Ascension: Year Five Collector's Edition
158976,Ascension: Year One Collector's Edition
12541,Card Games Around the World
149707,Glück Auf (Limited Edition)
330021,Caverna: Cave vs Cave – The Big Box
261720,Finca
325293,The Pursuit of Happiness: Big Box
267317,13 Jours et 13 Minutes
249703,Gentes: Deluxified Edition
215946,Sub Terra Collector's Edition
283887,The Shipwreck Arcana: The Musicians
327913,Unlock!: Timeless Adventures – Arsène Lupin und der große weiße Diamant
331952,Unlock!: Timeless Adventures – Die Noside-Show
331953,Unlock!: Timeless Adventures – Verloren im Zeitstrudel!
329131,HeartSwitch Wizard Combo Pack
303961,La Spedizione Perduta
236781,Cerebria: The Inside World – Origin Box
180616,Ascension: Year Two Collector's Edition
316183,Tiny Epic Quest: Deluxe Edition
332312,5-Minute Dungeon: Big Box
319375,Raccoon Tycoon: Deluxe Edition
197614,Qwirkle Mega Pack
134824,Qwirkle Trio
288316,Rurik: Dawn of Kiev – Kickstarter Edition
274466,Valley of the Kings: Premium Edition
250619,Catan: Het Duel Big Box
203219,Rivals for Catan: Deluxe
187926,Islebound: Kickstarter Edition
308967,Falling Sky: La Révolte des Gaulois contre César (Deluxe Edition)
281073,Cat Lady: Premium Edition
13454,Playing With Pyramids
322045,Cartographers Heroes: Collector's Edition
259571,Quarriors! Qultimate Quedition
194778,Quartermaster
147190,Yggdrasil (Second Edition with Asgard Expansion)
315953,Tiny Epic Dinosaurs: Deluxe Edition
302189,Merlin: Big Box
213460,Unlock!: Escape Adventures
193927,Vanuatu (Second Edition)
22766,Die Siedler von Catan: Das Kartenspiel – 10th Anniversary Special Edition Tin Box
250661,Die Siedler von Catan: Das Kartenspiel – Plus Pack
349177,Vikings Gone Wild
219774,Vikings Gone Wild Ultimate Set
175239,Machi Koro: Deluxe Edition
185817,Metropolia
315366,Fog of Love: Kickstarter Edition
182453,The Game + The Game on Fire
266219,Tiny Epic Zombies: Deluxe Edition
144464,Werwölfe Deluxe
181327,Die holde Isolde
334627,Smash Up: È Colpa Vostra! & Big in Japan
278693,Castle Panic: Big Box
337394,Castle Panic: Deluxe Collection
300129,On Tour (Second Edition)
343013,Hostage Negotiator: Complete Collector Edition
168680,The Werewolves of Miller's Hollow: The Pact
314349,Claim Pocket
275564,Maximum Apocalypse: Legendary Edition
334310,Hellboy: The Board Game – Deluxe Edition
143147,Saboteur Gold
294508,Saboteur: The Mother Lode Bonus Pack
216725,Villages of Valeria: Deluxe Kickstarter Edition
315252,Murano: Complete Edition
158850,Spot 'n Learn
163499,Spot it! Match & Learn
212956,Room 25 Ultimate
312763,Rights a.k.a. Startups
277448,Coloma: Deluxe Edition
349943,Museum Deluxe Edition
241853,Museum: Kickstarter Edition
147154,Blue Moon Legends
286326,Edge of Darkness: Guildmaster Edition
206236,Wallenstein Big Box
245200,Heckmeck Deluxe
186430,Five Famous Favorites
12499,Schöne alte Spiele
128666,BANG! 10th Anniversary
345203,Bang! Dynamite Box
30933,BANG! The Bullet!
153967,Wanted! Dead or Alive
344176,Der letzte Panther
239307,Unlock!: Secret Adventures
174226,Arctic Scavengers: Base Game+HQ+Recon
173270,Ogre / G.E.V.
314759,Tiny Epic Kingdoms: 2nd Edition – Deluxe Edition
314758,Tiny Epic Kingdoms: Deluxe Edition
343383,Unlock!: Star Wars – Eine unerwartete Verzögerung
343384,Unlock!: Star Wars – Flucht von Hoth
343385,Unlock!: Star Wars – Geheime Mission auf Jedha
255484,World in Flames Collector's Edition Deluxe
150446,World in Flames Deluxe Edition
153912,Mystery of the Abbey with The Pilgrims' Chronicles
329996,Aristeia! All-In-One
15471,Kokkelimonke Jubileum
228867,Unlock!: Mystery Adventures
345793,Jungle speed + Jungle speed électronique
39103,Jungle Speed: Deluxe
149726,Jungle Speed: Édition Luxe
188818,AEG Black Friday Black Box 2015
213788,Ascension: Year Three Collector's Edition
339244,Smash Up: Cessare e Desistere & A Che Pensavamo?
155246,Im Schutze der Burg (Limited Edition)
314530,Iwari: Deluxe Edition
215506,Legend of the Five Rings: Gen Con 2014 L5R Experience
329434,Chocolate Factory: Deluxe Edition
316180,Tiny Epic Western: Deluxe Edition
308388,Egizia: Shifting Sands – Kickstarter Edition
32928,Mü and Lots More
334479,Petrichor: Collector's Edition
241203,Ascension: Year Four Collector's Edition
244271,Dice Throne: Season Two – Battle Chest
176068,Mamma Mia! con Ingredientes dobles
326844,شمشیر سامورایی + آفتاب تابان (Samurai Sword)
336936,L.A.M.A.: 3 Gry w 1
316182,Tiny Epic Defenders (Second Edition): Deluxe Edition
288378,Estoril 1942: Super Box
155986,"Cambio y Bolsa, Mercado, y Miau"
209872,"Keltis (with Neue Wege, Neue Ziele)"
276202,Samarkand: Routes to Riches (2012 Edition)
18272,Play Winning Card Games For Three
160001,"Family Game Night Book and Game Set: Scrabble, Clue, Sorry, Yahtzee"
147369,Scrabble and Yahtzee
237073,Twin Play Classics: Monopoly and Scrabble
329946,Metro: City Edition
142039,Lost Legacy
313163,Tiny Epic Mechs: Deluxe Edition
278398,Wreck Raiders: Kickstarter Edition
337796,Enchanters: Deluxe Box
261901,Tokyo Highway (4 player)
310203,Tiny Epic Pirates: Deluxe Edition
257089,Big Trouble in Little China: The Game – Deluxe Edition
160500,Каркассон: Колесо фортуны
291752,The City: Upgraded Edition
224035,Zombie Dice Horde Edition
299122,Machina Arcana (Second Edition): Premium Edition
260927,Mississippi Queen
334889,Tiny Epic Dungeons: Deluxe Edition
153703,Darkest Night: Necromancer Bundle
327242,Fossilis: Kickstarter Edition
347802,Hellapagos
207370,Design Town
265840,The Walking Dead: All Out War Collector's Edition
317191,Skytear (Kickstarter edition)
181209,Mistfall: Kickstarter Edition
211514,Escape: Zombie City – Big Box
245952,Import / Export Captain Edition
159517,Get Bit! Collectors Edition
285998,Tiny Epic Tactics: Deluxe Edition
282673,The Sherlock Files: Elementary Entries
328636,Chai (Deluxe Edition)
302882,The Dwarves Big Box
263178,Who Goes There? Deluxe Edition
328413,Darwin's Journey: Collector's Edition
288010,Throw Throw Burrito Kickstarter Edition
130775,Verkade spel
38361,Borodino 20
39815,Smolensk 20
34334,Waterloo 20
316975,Geistertreppe / Nacht der Magier
316181,Tiny Epic Defenders: Deluxe Edition
283151,Monikers: Classics
5811,The Best of Dragon Magazine Games
349795,"Generic Board ""Square"" Set"
275259,Beasts of Balance: Battles Edition
150620,Reversi Barbacan
319800,War of the Worlds: The New Wave – Kickstarter Edtion
316217,Hand of Fate: Ordeals – Special Edition
182561,Munchkin Koethulhu
260897,Wer war's?: Limitierte Jubiläumsausgabe
340913,Shadow Kingdoms of Valeria: Kickstarter Edition
173259,Fallen: Kickstarter Edition
299104,Apex Theropod Deck Building Game: Collected Edition
175707,Apex Theropod Deck-Building Game: Exotic Predators Limited Edition
165469,Council of Verona (Second Edition)
327890,Creature Comforts: Kickstarter Edition
249889,Shipwrights of the North Sea (Second Edition)
351487,Mistfall: Heart of the Mists Kickstarter Edition
314019,Solar Storm: Deluxe Edition
335239,Tortuga 2199: Kickstarter Edition
310779,Margraves of Valeria: Kickstarter Edition
305055,Slide 5 / Cheater
235473,Perdition's Mouth: Abyssal Rift – Gamer's Bundle Edition
291833,Kluster XL
144845,The Games of Middle Earth
254226,Unlock!: Exotic Adventures
256885,The Fantasy Trip: Legacy Edition
336292,Crimson Company: Collector's Box
312728,Run Fight or Die: Reloaded – Kickstarter Edition
202821,The Fool's Journey
341554,Ascension Year Six Collector's Edition
279643,The Island of El Dorado: Legend Edition
313791,Jetpack Joyride: Deluxe Edition
316177,Pay Dirt: Kickstarter Edition
9587,Punto
193288,Munchkin Apokalypse 1+2
154727,Black Stories 1+2
283119,Mystery Detective Vol. 1: Classic Cases
192814,Lobo: 10° Aniversário
159908,Wilki i Owce (zawiera dodatek Grube Ryby)
4385,A Gamut of Games
163105,Alhambra: Big Box Special Edition
187988,Pyramid Arcade
60056,Igel Ärgern + Tante Tarantel
291794,Dice Throne: Season One ReRolled
321537,Soviet Dawn: The Russian Civil War 1918-1921 – Deluxe Edition
231266,Global Connection
14369,Hex Strategy: Making the Right Connections
218471,Easy Play XXL
2704,New Tactical Games with Dice and Cards
17728,"Traveller: The Classic Games, Games 1-6+"
299815,Trial by Trolley: Derailed Edition
277980,Legends Untold: Weeping Caves Novice Set – Kickstarter Edition
205960,In the Name of Odin: Kickstarter Edition
352060,Vudù: Bad Box
134311,The Duke: Arthurian Legends Expansion
148641,Yōkaï no Mori
211323,Guns & Steel: A Civilization Card Game
339526,Mega Empires
209223,Meine große Obstgarten Spielesammlung
295021,Complots Deluxe
193286,Munchkin Legenden 1+2
171199,Munchkin Legends Deluxe
321720,Twisted Fables: Deluxe Edition
322394,Living Planet: Deluxe Edition
277405,Fuji Koro: Deluxe
323104,Dwar7s Fall
283198,Dwar7s Fall Collector's Edition
347606,Solomids
315044,The Sherlock Files: Vol II – Curious Capers
227650,Zombies!!! Ultimate Collector's Box
323529,Great Battles of Julius Caesar: Deluxe Edition
244919,Drecksau To Go
23417,China: Grenzstreitigkeiten
94017,China: The Embassies
272710,"The Good, the Bad, and the Munchkin: Complete Edition"
260206,Spiel mir das Lied vom Munchkin 1+2
62143,Circus Train
68190,Circus Train Expansion Kit
335436,Kieszonkowy Detektyw: Seria 1
295503,The Champion of the Wild (Second Edition)
264719,Pack O Game: Set 2
193254,Munchkin Beisst! 1+2
264897,Pack O Game: Set 1
189882,For the Crown: Sceptered Bundle
54859,"Empire: The Macedonian  Punic Wars, 350-150BC"
34403,Lost Battles:  Reconstructing the Great Clashes of the Ancient World
288663,Stadt Land Spielt! Minispiele 2019
316171,Food Truck Champion: Kickstarter Edition
313965,Kingswood: Royal Edition
257645,The Red Dragon Inn 7: The Tavern Crew Collector's Edition
351638,Chronicles of Frost: Kickstarter Edition
190553,Munchkin 1+2
145534,Munchkin Bobblehead Edition
184513,Munchkin Edycja Rozszerzona
145535,Munchkin Special Holiday Edition
310602,Dingo's Dreams: Kickstarter Edition
129442,Quick Picks Password & Password Junior
168421,Bohnanza: Ladies & Gangsters
9151,Westwall: Four Battles to Germany
318852,Lift Off! Get me off this Planet! Expanded Deluxe Edition
359527,Hidden Leaders: Kickstarter Edition
255211,Warhammer Age of Sigmar: Soul Wars
299971,Island Siege: Second Edition
152242,Ultimate Werewolf: Deluxe Edition
340033,The game is drawn: strategy
318657,Potion-Making (Gift Edition)
20741,Abbott's New Card Games
338370,Escape Room: Das Spiel – Megapack
260126,New Salem: Second Edition
200430,Elevenses for One (with Bowling Solitaire)
192663,Fleet Commander: Genesis
317030,Quest: Avalon Big Box Edition
217428,Rory's Story Cubes: Fantasia
249036,Rory's Story Cubes: Mix Vol. 1
222988,Helionox: Deluxe Edition
154883,"Sì, Oscuro Signore! (Seconda edizione)"
175619,Prussia 20
147200,Rising Glory
315046,The Sherlock Files: Vol III – Puzzling Plots
352837,AGON: 24 táblajáték a nagyvilágból
133641,The Reliquary Collection
330499,Way of the Samurai: Definitive Edition
273007,Rory's Story Cubes: Primal
260205,Super Munchkin 1+2
261221,Munchkin Quest: Big Box
312789,Gardens of Babylon: Deluxe Edition
190530,Munchkin Fu (1+2)
264866,Haunt the House: Deluxe Edition
254138,Swordcrafters Expanded Edition
96749,Fading Glory
159985,"Spaß am Erfolg: Karriere, Das Millionenspiel, Risiko"
282041,Expedition: Deluxe Edition
337153,Spank the Monkey (Second Edition)
214162,Icehouse: The Martian Chess Set
298529,Basic 3
273005,Rory's Story Cubes: Mystery
346339,크라임 줌 (Crime Zoom)
203835,Garbage Day: Limited Edition
247451,Mega Billionaire Banshee
320045,One Small Step: Deluxe Edition
324559,Jockey & Grand Prix
235453,Special Ops Issue #7
345027,Muffin Time: Deluxe Edition
339004,Albion's Legacy: Deluxe Edition
315572,Sakura Extra Box
358224,Michael Coe's Dungeon Heroes
256122,RONE (Second Edition)
291509,RONE: Complete Edition
317418,The North: Provenance
306799,The Silver River: Deluxe Edition
183049,City Council: Deluxe Edition
26854,Tactic Blue
291440,Rory's Story Cubes: Astro
307783,Snits!
306714,We Didn't Playtest This Either with Blue Cards and What's the Point? expansions
159500,We Didn't Playtest This Either with Blue Deck and Dice Are Fun Expansions
329498,The Sherlock Files: Vol IV – Fatal Frontiers
268308,Warhammer: The Game of Fantasy Battles (6th Edition Boxed Set)
283118,Mystery Detective Vol. 2: Funny Death and Real Life Cases
185753,Arnhem: Defiant Stand Master Set
266121,Unlock!: Heroic Adventures
197996,World of Tanks: Rush – Deluxe Edition
182016,Special Ops Issue #6
146115,StarForce Trilogy
142557,Rory's Story Cubes: Enchanted
192324,Rory's Story Cubes: Medieval
182954,Rory's Story Cubes: Mythic
212097,Twin Stars: Scenario 01 – Escape the Brig
212098,Twin Stars: Scenario 02 – The Quark Star
212971,Twin Stars: Scenario 03 – Rule the World
224505,Twin Stars: Scenario 04 – Stop the Virus
229275,Twin Stars: Scenario 05 – Steal the Plans
235441,Twin Stars: Scenario 06 – Bounty Hunt
240663,Early Railways Collection
16717,Ancient Board Games
337075,The Ur Variations
291643,Special Ops Issue #9
300578,Ice Duo
145315,Special Ops Issue #2
155664,Ace of Aces: Wingleader Deluxe Boxed Set
324941,Happy Little Dinosaurs: Exclusive Edition
259556,Munchkin Gift Pack
94035,Operations Special Issue #1
192467,Cat Tower: Kickstarter Edition
193337,Chez Geek 1+2
144566,Circus Train (Second Edition)
119835,Operations Special Issue #2
204793,Hail Caesar:  The Conquest of Gaul
283468,Domina Anthology
291381,Rory's Story Cubes: Emergency
356624,PARKS Memories: Boxed Set
130215,Special Ops Issue #3
333667,Turbulences: Collector's Edition
4564,Blue & Gray: Four American Civil War Battles
143136,Atmosfear: The Ultimate Conflict
317608,Gamebook: An Interactive Book of Board Games
328628,Senet e Tablan
339775,Kings of War: Shadows in the North – 2 Player Starter Set
148367,Special Ops Issue #4
14394,"Alma: The First Battle, 20 September 1854"
25436,"Balaclava: The Charge of the Light Brigade, 25 October 1854"
25435,"Inkerman: The Soldiers' Battle, 5 November 1854"
25437,"Tchernaya River: The Battle of Tractir Bridge, 15 August 1855"
331910,Stadt Land Flip
338556,Knockabout / Warp 6
134420,The Hobbit: Escape from Goblin Town
159081,Clue / Parcheesi
332581,Twin Play Classics: Clue and Sorry
288474,The Battle of Talavera
273240,The Red Dragon Inn Smorgasbox
258379,World in Flames Collector's Edition Super Deluxe
140065,San Guo Sha: Complete Edition
159438,San Guo Sha: Complete Edition
159440,San Guo Sha: Guan Yu Stamp Edition
324775,Twin Stars: Scenario 07 – Master the Trials
135193,The Eastern Front: 1914-1917
140512,Sectorball: 12Touches Football
206593,Stronghold: Undead (Second Edition) – Kickstarter Edition
284576,Race for the Chinese Zodiac
12947,Napoleon at War: Four Battles
291380,Rory's Story Cubes: Heroes
336497,Kittens in a Blender: Deluxe Edition
316170,Alexandros and I Am Spartacus!
279613,Unlock!: Timeless Adventures
199593,Slaughterville: Kickstarter Edition
206968,"Myths at War (Aztec, Greek, and Elder One)"
359667,The Sherlock Files: Vol V – Marvelous Mysteries
83325,Lost Battles: Forty Battles & Campaigns of the Ancient World
16185,Modern Battles: Four Contemporary Conflicts
160733,El Club de la Aventura
183968,Beyond the Gates of Antares: Strike Vector One – The Xilos Horizon
4230,Napoleon's Last Battles
99987,The Skirmisher #2
351614,Privateers and Gentlemen
270505,BAM!: Ultra schmutzig!
69843,PRESTAGS Master-Pack
225836,España 20: La Guerra Peninsular
348280,The Apocalypsis Collection: Arcana Edition
119843,Operations Special Issue #3
2802,War in Europe
357210,Lasca & Caos
221344,Spiele-Box
194924,3-4-2
71099,Ingenious Challenges
8706,Chief Herman's Next Big Thing
141567,Poker Suite
287671,Mauwi
1883,Cataphract
227145,GreenGreenerGreenest
290853,Light Hunters: Pandora Edition
251855,Tinderbox Tales
142556,Rory's Story Cubes: Clues
182953,Rory's Story Cubes: Fright
234616,Rory's Story Cubes: Strange
5096,Sly
331190,Meeples & Monsters: Kickstarter Edition
248362,Ancient World Multi Game System
176548,King's Ransom Deluxe
192846,Knight's cross of Iron
347747,Mythic Mischief: Headmaster's Box
277974,The G.A.S.L.I.G.H.T. Compendium
119834,Special Ops Issue #1
210016,Colonial Space Wars: Collector's Edition
190520,Pocket Odyssey Collector's Edition
178633,Conflicts in American History: The Civil War – Module 1
307522,Super Deluxe Quintillions
21411,Island War: Four Pacific Battles
22509,Four Battles of Army Group South
291588,Rebels & Redcoats: Volume III Compilation Edition
282074,Killer Bunnies Conquest Adventure
333031,Drinking Quest: Six Pack
92678,Alpha Word Game System
16186,Modern Battles II: Four Contemporary Conflicts
18096,Winning Ways for Your Mathematical Plays
288874,Drinking Quest: Trilogy Edition
355129,Eternal Palace (Kickstarter Deluxe edition)
3935,The Art of Siege
324668,The GearSeed Saga
11054,Four Battles in North Africa
3694,Great Medieval Battles: Four Battles from the Middle Ages
318740,Schnapp die Möpse: Ultimate Edition
14590,War of the Rebellion
232001,Tark Mees Taskus mängude komplekt
337824,UNO Bundle Collector Tin
271225,Rory's Story Cubes: Atomic
165522,Rory's Story Cubes: Intergalactic
234615,Rory's Story Cubes: Rampage
254578,You Gotta Be Kitten Me! Deluxe Edition
8436,MechWar 2
205789,The Cookie 2.0
283843,Weird Alchemy: Kickstarter Edition
165492,The Majority: Complete Edition
271227,Rory's Story Cubes: Arcade
192355,Rory's Story Cubes: Powers
165523,Rory's Story Cubes: Score
4848,Blue & Gray II: Four Civil War Battles
316069,Werebeasts: Deluxe Edition
329509,NewSpeak: Deluxe Edition
265047,Munchkin Starfinder: I Want It All!
167239,Special Ops Issue #5
214903,Doggy Go! (includes expansion)
159999,"Mückenstich, Danger, Zwickern"
170804,Level 99 Games Microgames Collection
210064,5 Quadrat
120323,Chaos Isle: Deluxe Survivor's Kit
24120,Sixty-two Dice Games
260337,Fleet 1715 Solo
338573,Naruto: Ninja Arena
160000,"Wali, Yoté, Le Furet"
10973,Dice Games Properly Explained
239118,Kitchen Rush: KS Promos
170832,Dorado
160696,Super KGB
33023,Trivial Pursuit: Greatest Hits
215545,Jackal: Treasure Island
260940,Stadt Land Spielt! Sonderdrucke 2018
342368,Alien Puppies: Cyberpunk Deck
42627,MidEvil Deluxe
291806,Host Your Own: After Dinner Games
170096,de Bono: Two Smart Games
156570,Challenge Sudoku / Kakuro Challenge
146934,Big Deal Card Games
272748,Tuttiludi
344844,Taboo Junior / Outburst Jr
314832,Luck Plus / O'NO 99
198628,Koffer zu und ab die Reise
356356,Alchemy!: Platinum Founder's Edition
314892,5 Alive / Uno
40249,Luck
329330,Robogem Deluxe
349555,UNO Stacko Travel Size Bonus Pak
200539,Yacht Sea!
230675,Super-Letra-Mix
7157,Play the Game
210658,Stadt Land Spielt Minierweiterungen 2016
276001,Carnival Zombie: 2nd Edition – Mediolanum
354330,Dr. Seuss 3 Games in ONE!
160441,Set Dice
154432,Risk & Castle Risk
268192,Solve the Mystery
159982,Blankety Blank / The Price Is Right: Gameshow Duo
164043,The Twilight Saga 3 Game Collection
277084,Black Stories Junior: Ghost Stories
18341,The Comprehensive Guide to Board Wargaming
326906,Gra w Pana
157723,We Didn't Playtest This at All with Chaos Pack Expansion
145503,Mensa Word & Number Puzzle Pack
315730,Phase 10 Bonus Pack
59092,Nine Man Morris and The King & The Knights
143590,Donald Duck Big Game Box
7158,Great Board Games
137827,Killer Bunnies and the Quest for the Magic Carrot: Deluxe Limited Edition
277050,Russell's Famous Card Games Children's Library
261955,Anti-Monopoly Luxus-Edition
238250,Porsta
140673,Dr. Seuss: 3 Terrific Card Games!
147066,Kidz Cardz 4 Favorite Card Games
345085,The Game of Life / Pay Day
14170,Surrealist Games
242290,Winnetou 2
224452,Animal Safari 3 in 1
326905,Gra w Wojnę
151353,Es läuft die Zeit... wir laufen mit!
96848,Mage Knight Board Game
277519,Mage Knight Board Game: Dual Color Cards Expansion
144763,Mage Knight Board Game: Krang Character Expansion
176130,Mage Knight Board Game: Shades of Tezla Expansion
130704,Mage Knight Board Game: The Lost Legion Expansion
84876,The Castles of Burgundy
264104,The Castles of Burgundy: 10th Expansion – Solo
132477,The Castles of Burgundy: 2nd Expansion – New Hex Tiles
150083,The Castles of Burgundy: 4th Expansion – Monastery Boards
166589,The Castles of Burgundy: 5th Expansion – Pleasure Garden
190225,The Castles of Burgundy: 6th Expansion – The Cloisters
214005,The Castles of Burgundy: 8th Expansion – Trade Routes
234163,The Castles of Burgundy: 9th Expansion – The Team Game
3076,Puerto Rico
12382,Puerto Rico: Expansion I – New Buildings
159761,Puerto Rico: Expansion II – The Nobles
9209,Ticket to Ride
24439,Ticket to Ride: USA 1910
2655,Hive
70704,Hive: The Ladybug
30323,Hive: The Mosquito
93,El Grande
597,El Grande: Grandissimo
3146,El Grande: Grossinquisitor und Kolonien
370,El Grande: König & Intrigant
5754,El Grande: König & Intrigant – Player's Edition
27759,El Grande: König & Intrigant – Unverkäufliche Sonderkarten
31481,Galaxy Trucker
97845,Galaxy Trucker: Another Big Expansion
40484,Galaxy Trucker: Bonus Cards
132435,Galaxy Trucker: Even-Steven Cards
33963,Galaxy Trucker: Rough Road Ahead
38378,Galaxy Trucker: The Big Expansion
43015,Hansa Teutonica
335926,Hansa Teutonica: Bonus Markers
162179,Hansa Teutonica: Britannia
83404,Hansa Teutonica: East Expansion
213292,Hansa Teutonica: Emperor's Favour
275850,Suburbia: Collector's Edition – Sax Serenade Jazz Club
277302,Suburbia: Collector's Edition – Tantrum House
277303,Suburbia: Collector's Edition – The Dice Towers
822,Carcassonne
120686,Carcassonne: Corn Circles II
2993,Carcassonne: Expansion 1 – Inns & Cathedrals
5405,Carcassonne: Expansion 2 – Traders & Builders
118618,Carcassonne: Mage & Witch
118614,Carcassonne: The Ferries
118615,Carcassonne: The Flying Machines
118617,Carcassonne: The Gold Mines
118619,Carcassonne: The Messengers
2591,Carcassonne: The River
118616,Carcassonne: The Robbers
244358,Trickerion: Dahlgaard's Academy
172659,Trickerion: Dahlgaard's Gifts
255743,Trickerion: Dawn of Technology
163068,Trickerion: Legends of Illusion
148949,Istanbul
207573,Istanbul: Caravan Leader Mini Expansion
192779,Istanbul: Letters & Seals
172505,Istanbul: Mocha & Baksheesh
176990,Rococo: Jewelry Box
149054,Rokoko: Fancy Dresses Promo
189476,Rokoko: The Festivity Dresses
216092,Unlock!: Escape Adventures – Squeek & Sausage
216091,Unlock!: Escape Adventures – The Formula
216094,Unlock!: Escape Adventures – The Island of Doctor Goorse
6249,Alhambra
39109,Alhambra: Power of the Sultan
13287,Alhambra: The City Gates
16494,Alhambra: The Thief's Turn
22279,Alhambra: The Treasure Chamber
9687,Alhambra: The Vizier's Favor
164928,Orléans
166842,Orléans: Tavern & Depot
322561,Dice Throne: Season One ReRolled – Barbarian v. Moon Elf
322562,Dice Throne: Season One ReRolled – Monk v. Paladin
322563,Dice Throne: Season One ReRolled – Pyromancer v. Shadow Thief
320527,Dice Throne: Season One ReRolled – Treant v. Ninja
39938,Carson City
83538,Carson City: A New Beginning
129508,Carson City: Gold & Guns
177353,Carson City: Horses & Heroes
61965,Carson City: The Indian
204252,Carson City: The Teacher & Town Hall
53383,Ticket to Ride: Europa 1912
14996,Ticket to Ride: Europe
185306,Ticket to Ride: Orient Express
34635,Stone Age
119432,Snowdonia
139849,Snowdonia: Bayerische Zugspitzbahn
144612,Snowdonia: Britannia Bridge
239697,Snowdonia: Candace Camille
179023,Snowdonia: Card 31 of 30
132425,Snowdonia: Essen 2012 Promo Cards
137917,Snowdonia: Jungfraubahn & Mount Washington
138072,Snowdonia: Lost Train Promo Card
212664,Snowdonia: Mrs Larkin's Washing Machine
171426,Snowdonia: Pen-y-Gwryd Hotel
228591,Snowdonia: Puffing Billy
229206,Snowdonia: Rolling Stock #1
197500,Snowdonia: Seasons
264372,Snowdonia: Share and Share Alike / 18XX Train
229209,Snowdonia: Supply Wagon/Cannon
211713,Snowdonia: The Battlepuppy Express
147695,Snowdonia: The Daffodil Line
213316,Snowdonia: The Lord Mayor's State Coach
162394,Snowdonia: The Necropolis Line & Neuhauser Bockerlbahn
234161,Snowdonia: The North Pole & The Great Bridge Scrapyard Promo Tile
234686,Snowdonia: The Siege of Petersburg / The Channel Tunnel 1881
182173,Snowdonia: Trans-Australian Railway & The Daffodil Line
261981,Snowdonia: Tsavo Lions Promo Card
287323,Snowdonia: Upgrade Pack
195755,Snowdonia: Wagons Expansion
185343,Anachrony
297528,Anachrony: Classic Expansion Pack
218791,Anachrony: Exosuit Commander Pack
272077,Anachrony: Fractures of Time
286574,Anachrony: Future Imperfect
9609,War of the Ring
18034,War of the Ring: Battles of the Third Age
230303,Unlock!: Mystery Adventures – The House on the Hill
230304,Unlock!: Mystery Adventures – The Nautilus' Traps
230305,Unlock!: Mystery Adventures – The Tonipal's Treasure
153773,Carcassonne: Expansion 9 – Hills & Sheep
45748,Carcassonne: Wheel of Fortune
39956,Formula Dé Circuits 1 & 2: Monaco & Zandvoort 1
245352,Unlock!: Secret Adventures – A Noside Story
245354,Unlock!: Secret Adventures – The Adventurers of Oz
245353,Unlock!: Secret Adventures – Tombstone Express
199792,Everdell
297973,Everdell: Extra! Extra!
297972,Everdell: Legends
261142,Everdell: Rugwort Pack
332398,Everdell: The Complete Collection
25554,Notre Dame
165350,Notre Dame: The New Persons
3955,BANG!
20237,BANG! A Fistful of Cards
63490,"BANG! Claus ""The Saint"""
9653,BANG! Dodge City
8269,BANG! High Noon
57885,BANG! Johnny Kisch
60381,BANG! Uncle Will
217780,Gentes
234138,Gentes: New Cities
123905,Carcassonne: The Festival
66188,Fresco
86048,Fresco: Expansion Module 7 – The Scrolls
85925,"Fresco: Expansion Modules 4, 5 and 6"
148289,"Fresco: Expansion Modules 8, 9 and 10"
109140,Fresco: The Bishop's Favor
41933,Arctic Scavengers
42950,Arctic Scavengers: HQ
42951,Arctic Scavengers: Recon
31594,In the Year of the Dragon
165348,In the Year of the Dragon: The Great Wall of China & The Super Events
113294,Escape: The Curse of the Temple
128236,Escape: The Curse of the Temple – Expansion 1: Illusions
137405,Escape: The Curse of the Temple – Expansion 2: Quest
122115,Escape: The Curse of the Temple – Queenie 1: The Pit
132128,Escape: The Curse of the Temple – Queenie 2: Doomed
149503,Escape: The Curse of the Temple – Queenie 4: The Fountain
45315,Dungeon Lords
161730,Dungeon Lords: Dungeon-Setup Tiles
126839,Dungeon Lords: Festival Season
130084,Dungeon Lords: Minions Bearing Gifts
120963,Dungeon Lords: The New Paladins
163967,Tiny Epic Galaxies
171661,Tiny Epic Galaxies: Satellites & Super Weapons Mini Expansion
9446,Blue Moon
22097,Blue Moon: Buka Invasion
64133,Blue Moon: Earth Spirit
19742,Blue Moon: Emissaries & Inquisitors – Allies
19743,Blue Moon: Emissaries & Inquisitors – Blessings
64134,Blue Moon: Fire Spirit
64136,Blue Moon: Sea Moon
19738,Blue Moon: The Aqua
19736,Blue Moon: The Flit
19737,Blue Moon: The Khind
19739,Blue Moon: The Mimix
19741,Blue Moon: The Pillar
19740,Blue Moon: The Terrah
64132,Blue Moon: Water Spirit
64135,Blue Moon: Wind Spirit
123540,Tokaido
144384,Tokaido: Crossroads
149772,Tokaido: Eriku
171503,Tokaido: Matsuri
132479,Tokaido: The New Encounters
258411,Unlock!: Exotic Adventures – Expedition: Challenger
258412,Unlock!: Exotic Adventures – Night of the Boogeymen
258413,Unlock!: Exotic Adventures – Scheherazade's Last Tale
119890,Agricola: All Creatures Big and Small
145355,Agricola: All Creatures Big and Small – Even More Buildings Big and Small
130752,Agricola: All Creatures Big and Small – More Buildings Big and Small
173558,Agricola: Chłopi i ich zwierzyniec – Jeszcze więcej budynków do zwierzyńca
128621,Viticulture
147101,Viticulture: Tuscany – Expand the World of Viticulture
271324,It's a Wonderful World
299220,It's a Wonderful World: Empire Cards Side C
334767,It's a Wonderful World: Leisure & Decadence
301519,It's a Wonderful World: Stretch Goals #1
298752,It's a Wonderful World: War or Peace
13,Catan
926,Catan: Cities & Knights
143884,Machi Koro
158624,Machi Koro: Gaming Mega Store
143789,Machi Koro: Harbor
160154,Machi Koro: Millionaire's Row
63888,Innovation
185796,Innovation: Artifacts of History
150669,Innovation: Cities of Destiny
92898,Innovation: Echoes of the Past
122323,Innovation: Figures in the Sand
107529,Kingdom Builder
109141,Kingdom Builder: Capitol
132377,Kingdom Builder: Caves
137396,Kingdom Builder: Crossroads
117793,Kingdom Builder: Nomads
36218,Dominion
66098,Dominion: Alchemy
66690,Dominion: Prosperity
15158,Carcassonne: Expansion 3 – The Princess & The Dragon
31784,Carcassonne: Expansion 5 – Abbey & Mayor
66646,"Carcassonne: Expansion 8 – Bridges, Castles and Bazaars"
104020,Vanuatu
121215,Vanuatu: The Governor
121025,Vanuatu: The Rising Waters
21385,Carcassonne: Expansion 4 – The Tower
152241,Ultimate Werewolf
226008,Ultimate Werewolf: Hunting Party
152244,Ultimate Werewolf: Wolfpack
162944,Ultimate Werewolf: Deluxe Edition For Kickstarter
164723,Boss Monster: Bom-Boy Factory Promo Card
164746,"Boss Monster: Killa, Man Eating Gorilla Promo"
150999,Valley of the Kings
175223,Valley of the Kings: Afterlife
197065,Valley of the Kings: Last Rites
161614,Stockpile
195034,Stockpile: Continuing Corruption
269167,Stockpile: Illicit Investments
287313,Stockpile: Investment Strategy Card Promo Pack
200165,Stockpile: Investor Card Promo Pack #1 – Opulent Oprah and Royal Robins
198808,Stockpile: Investor Card Promo Pack #2 – Moneymaker Mitt and Socialist Sanders
287312,Stockpile: Investor Card Promo Pack #3
165461,Neuroshima Hex! 3.0: Smart
164171,Neuroshima Hex! 3.0: Vegas
215463,Tokyo Highway
234365,Tokyo Highway: Expansion
209418,Dominion (Second Edition)
209419,Dominion: Intrigue (Second Edition)
30583,Black Ice
198548,Color Wheel
198549,Give or Take
14634,Homeworlds
93001,IceDice
9386,IceTowers
109017,Launchpad 23
133903,Lunar Invaders
19803,Martian Chess
25423,Martian Coasters
198551,Petal Battle
218534,Petri Dish
88521,Pharaoh
132452,Pink Hijinks
116142,Pyramid Shambo
21955,Treehouse
31711,Twin Win
198574,Verticality
13084,Volcano
39565,World War 5
35003,Zark City
9220,Saboteur
91072,Saboteur 2 (expansion-only editions)
144733,Russian Railroads
206944,Russian Railroads: American Railroads
181693,Russian Railroads: German Railroads
234335,Russian Railroads: Juri Dreigleisky
325037,Russian Railroads: Manufactory Train
166410,Russian Railroads: Mini-Expansion
264982,Coloma
244536,Tiny Epic Zombies
266132,Tiny Epic Zombies: Kickstarter Deluxe Promo Pack
195267,Kingdom Builder: Harvest
179622,Kingdom Builder: Marshlands
156102,Kingdom Builder: The Island
1107,Nyet!
155,Was sticht?
2176,Willi
218479,Cerebria: The Inside World
259988,Cerebria: The Inside World – Forces of Balance
120677,Terra Mystica
161317,Terra Mystica: Fire & Ice
184895,Terra Mystica: Mini expansion
292912,Puerto Rico: Buccaneer
291423,Puerto Rico: Festival en Puerto Rico
151022,Baseball Highlights: 2045
174301,Baseball Highlights: 2045 – Coaches Expansion
174304,Baseball Highlights: 2045 – Cyborg Pitchers Expansion
174306,Baseball Highlights: 2045 – Naturals & Magna Glove Expansion
174302,Baseball Highlights: 2045 – Rally Cap Expansion
174303,Baseball Highlights: 2045 – Robot Hitters Expansion
98778,Hanabi
189932,Tyrants of the Underdark
213437,Tyrants of the Underdark: Expansion Decks – Aberrations & Undead
181213,Baseball Highlights: 2045 – Big Fly! Expansion
181214,Baseball Highlights: 2045 – Errors! Expansion
325161,Fleet: The Dice Game – Captain & Trophy Expansion
20551,Shogun
74823,Shogun: Tenno's Court
96913,Lancaster
132150,Lancaster: Henry V – The Power of the King
132431,Lancaster: Reward Tiles
107863,Lancaster: The New Laws
8257,&Cetera
875,Roads & Boats
270109,Iwari
339464,Iwari: Floating Lands + The Glaciers
131357,Coup
148931,Coup: Reformation
158616,Escape: The Curse of the Temple – Expansion 3: Traps
186466,Escape: The Curse of the Temple – Queenie 10: Totem Chamber
188155,Escape: The Curse of the Temple – Queenie 11: The Cursed Gems
167909,Escape: The Curse of the Temple – Queenie 5: Quest Chambers
167911,Escape: The Curse of the Temple – Queenie 6: The Maze
167910,Escape: The Curse of the Temple – Queenie 7: New Characters
158932,Escape: The Curse of the Temple – Queenie 8: The Maya Calendar
186481,Escape: The Curse of the Temple – Queenie 9: Exchange Chamber and Teleporter Chamber
38150,All My Diamonds
19254,Blue and Gray
25314,Bowling Solitaire
217547,Can't Stop Express
21682,Card Baseball
38351,Change Change
38234,Color Gin
21845,Crossings
19916,Cups
38347,Cutting Corners
789,Focus
17529,Haggle
19913,Hekaton
38346,Hold that Line
26341,Knight Chase
19917,LAP
38349,Last Word
3406,Lines of Action
19253,Mate
35465,Network
38352,The No Game
17967,Origins of World War I
38148,Osmosis
26355,Paks
38348,Paper Boxing
38149,Patterns
17864,Patterns II
19262,Plank
37684,Poke
38350,Property
37922,Skedoodle
27587,SLAM!
38322,Suit Yourself
38345,Take it Away
21861,Three Musketeers
43220,Triad
19257,Le Truc
2232,Wu Hsing
19912,Zetema
127024,Room 25
156407,Room 25: Season 2
109064,Ascension: Chronicle of the Godslayer – Control Room Promo
96361,Ascension: Chronicle of the Godslayer – Deep Drone Promo
103260,Ascension: Chronicle of the Godslayer – Journeyman Sage Promo
103574,Ascension: Chronicle of the Godslayer – Nethersnare Promo
92090,Ascension: Chronicle of the Godslayer – Pathwarden Promo
88487,"Ascension: Chronicle of the Godslayer – Vedah, Sage of Swords Promo"
104410,Ascension: Chronicle of the Godslayer – Void Mesmer Promo
113387,Ascension: Chronicle of the Godslayer – Vortex Promo
69789,Ascension: Deckbuilding Game
95064,Ascension: Return of the Fallen
101513,"Ascension: Return of the Fallen – Kythis, the Gatekeeper Promo"
103262,Ascension: Theme Pack – Leprechaun
86663,Ascension: Theme Pack – Rat King
125922,Ascension: Theme Pack – Rat Queen
135160,Ascension: Theme Pack – Samael Claus
245050,Ascension: Ultimate Collector's Edition
33458,"Carcassonne: Expansion 6 – Count, King & Robber"
12903,Carcassonne: The Count of Carcassonne
38431,Carcassonne: The Cult
18836,Carcassonne: The River II
30020,La Belle Alliance: The Battle of Waterloo
30023,Ligny: Incomplete Victory
30022,Quatre Bras: Stalemate on the Brussels Road
30021,Wavre: The Lost Opportunity
58099,Granada
40692,Small World
149066,Small World: 6 Player Board
81618,Small World: Be Not Afraid...
57072,Small World: Cursed!
57070,Small World: Grand Dames of Small World
144171,Small World: Royal Bonus
48726,Alien Frontiers
161118,Alien Frontiers: Expansion Pack #1
161120,Alien Frontiers: Expansion Pack #2
161121,Alien Frontiers: Expansion Pack #3
161122,Alien Frontiers: Expansion Pack #4
161123,Alien Frontiers: Expansion Pack #5
161124,Alien Frontiers: Expansion Pack #6
171857,Alien Frontiers: Expansion Pack #7
107407,Alien Frontiers: Faction Pack #1
142647,Alien Frontiers: Faction Pack #2
142648,Alien Frontiers: Faction Pack #3
142649,Alien Frontiers: Faction Pack #4
93193,Alien Frontiers: Factions
70647,Alien Frontiers: Outer Belt
88282,Alien Frontiers: The Mind Control Helmet
315767,Cartographers Heroes
319272,Cartographers Map Pack 1: Nebblis – Plane of Flame
319273,Cartographers Map Pack 2: Affril – Plane of Knowledge
319274,Cartographers Map Pack 3: Undercity – Depths of Sabek
319315,Cartographers: Skills Mini Expansion 2
2807,Catan: 5-6 Player Extension
291508,Tiny Epic Dinosaurs
297175,Tiny Epic Dinosaurs: Laboratory Mini Expansion
432,6 nimmt!
205885,X nimmt!
228504,Cat Lady
156266,Apex Theropod Deck-Building Game
200174,Apex Theropod Deck-Building Game: Exotic Predators Expansion Deck
197200,Apex Theropod Deck-Building Game: Megalodon Expansion Deck
197553,Apex Theropod Deck-Building Game: Promethean Wars Expansion Deck
197106,Apex Theropod Deck-Building Game: Saurophaganax Expansion Deck
197104,Apex Theropod Deck-Building Game: Stomping Grounds Expansion Deck
197187,Apex Theropod Deck-Building Game: Suchomimus Expansion Deck
202307,Apex Theropod Deck-Building Game: The Stomping Dead Expansion Deck
197183,Apex Theropod Deck-Building Game: Therizinosaurus Expansion Deck
158340,Lost Legacy: Flying Garden
158339,Lost Legacy: The Starship
25821,The Werewolves of Miller's Hollow
132780,The Werewolves of Miller's Hollow: Characters
21713,The Werewolves of Miller's Hollow: New Moon
56885,The Werewolves of Miller's Hollow: The Village
915,Mystery of the Abbey
20196,Mystery of the Abbey: The Pilgrims' Chronicles
250458,Gùgōng
264115,Gùgōng: Bonus Travel Tokens
285560,Gùgōng: Pànjūn
40628,Finca
70463,Finca: El Razul
180040,Villages of Valeria
217172,Villages of Valeria: Bard Promo Card
194471,Villages of Valeria: Events
194474,Villages of Valeria: Guild Halls
194698,Villages of Valeria: Monuments
196104,Helionox: Mercury Protocol
176980,Helionox: The Last Sunset
278,Catan Card Game
21817,Catan Card Game: Artisans & Benefactors
300084,Middara: Unintentional Malum – 1.1 Rulebook
309430,Tiny Epic Pirates
334890,Tiny Epic Pirates: Crimson Silver mini expansion
181614,Heckmeck Extrawurm
15818,Pickomino
185308,Greenland: Sea Sámi
118173,"Die Fürsten von Catan: Sonderkarte 2011 – Carol, die Spieleerklärerin"
168216,"Die Fürsten von Catan: Sonderkarte 2014 – Arnd, der Fischer"
131707,Die Fürsten von Catan: Sonderkarte Frühjahr 2012 – Catan Mobil
66056,Rivals for Catan
133042,"The Rivals for Catan: Alexander and Sebastian, the Bookkeepers"
88610,The Rivals for Catan: Axel the Innovator
149833,The Rivals for Catan: Gavin the Polyglot
186788,The Rivals for Catan: Heiko the Master Swimmer
111255,The Rivals for Catan: Johannes the Advocate
186789,The Rivals for Catan: Ron the Well-Travelled Man
251412,On Tour
300075,On Tour: European Expansion
253743,Fuji Koro
204472,Sub Terra
215944,Sub Terra: Annihilation
215943,Sub Terra: Extraction
215942,Sub Terra: Investigation
143510,Town Center: Manhattan
38749,Catan Geographies: Germany
131362,Catan Geographies: Mallorca
131958,Catan Scenarios: Frenemies
86669,Catan Scenarios: Helpers of Catan
203993,Lorenzo il Magnifico
229123,Lorenzo il Magnifico: Houses of Renaissance
211904,Lorenzo il Magnifico: New Leaders
238890,Lorenzo il Magnifico: New Leaders #2
329520,Lorenzo il Magnifico: The Pazzi Conspiracy
122294,Ascension: Immortal Heroes
129389,Ascension: Immortal Heroes – Arha Sanctuary Promo Card
108784,Ascension: Storm of Souls
117836,Ascension: Storm of Souls – Askara of Fortune Promo
125923,Ascension: Storm of Souls – Assimilation Plant Promo
123077,"Ascension: Storm of Souls – Cetra, Guide of Ogo Promo"
128913,"Ascension: Storm of Souls – Cobra, the Sordid Promo"
123502,Ascension: Storm of Souls – Ender of Days Promo
122874,Ascension: Storm of Souls – Hedron Flare Promo
119437,Ascension: Storm of Souls – Ring of Life Promo
114448,Ascension: Storm of Souls – Soul Collector Promo
228328,Rurik: Dawn of Kiev
287901,Rurik: Dawn of Kiev – Intrigue Cards 1
188547,Maximum Apocalypse
244841,Maximum Apocalypse: Gothic Horrors
249137,Maximum Apocalypse: Jurassic Perils
244838,Maximum Apocalypse: Kaiju Rising
333486,Sanctuary: The Keepers Era – Lands of Dawn
333487,Sanctuary: The Keepers Era – Lands of Dusk
173090,The Game
186155,The Game on Fire
62871,Zombie Dice
110279,Zombie Dice 2: Double Feature
155148,Zombie Dice 3: School Bus
91536,Quarriors!
133565,Quarriors! Key Master Lord of the Quarry Promo Card
155702,Quarriors! Light vs. Dark
115098,Quarriors! Quarmageddon
126004,Quarriors! Quarmageddon: Multiplying Mischievous Imp Promo Card
137496,Quarriors! Quartifacts
103610,Quarriors! Quaxos Promo Cards
128709,Quarriors! Quest of the Qladiator
106895,Quarriors! Rise of the Demons
115912,Quarriors! X-Mas Promo Cards
255984,Sleeping Gods
287670,Sleeping Gods: Dungeons
9198,Attila: Scourge of Rome
9192,Justinian
71671,Yggdrasil
127216,Yggdrasil: Asgard
260180,Project L
331787,Tiny Epic Dungeons
356827,Tiny Epic Dungeons: Potions & Perils Mini Expansion
86918,Last Night on Earth 'All Hallows Eve II: The Ritual' Scenario
56775,Last Night on Earth 'All Hallows Eve' Scenario
134116,Last Night on Earth 'Darkest Night' Scenario
61538,Last Night on Earth 'Run For It!' Scenario
56776,Last Night on Earth 'We've Got To Go Back!' Scenario
244521,The Quacks of Quedlinburg
269259,The Quacks of Quedlinburg: The Herb Witches
264019,The Quacks of Quedlinburg: Wolfgang's Exchange Office
291592,The Fantasy Trip: Death Test and Death Test 2
3464,Melee
3463,Wizard
154386,Medieval Academy
167819,Medieval Academy: Expansion «Gallantry» and «Magic»
211238,Anachrony: Doomsday Enhancement Pack
316287,Quest
164789,Florenza: Captains of Fortune
224991,Florenza: La Musa
229491,Edge of Darkness
141254,Ascension: Chronicle of the Godslayer – Big Bad Bunny Promo Card
149559,Ascension: Chronicle of the Godslayer – Constricting Horror Promo Card
148347,Ascension: Chronicle of the Godslayer – Eye of the Serpent Promo Card
141256,Ascension: Chronicle of the Godslayer – Shuffletron 2K13 Promo Card
144864,Ascension: Darkness Unleashed
164090,Ascension: Eternal Tormentor Promo Card
165511,Ascension: Explosive Swarm Promo
138233,Ascension: Rise of Vigil
141045,Ascension: Rise of Vigil – Lotus Siren Promo Card
142625,Ascension: Rise of Vigil – Mudfin Angler Promo Card
142624,Ascension: Rise of Vigil – Raving Prophet Promo Card
143812,Ascension: Rise of Vigil – Tinkering Monk Promo Card
128912,Ascension: Storm of Souls – Moon Staff Promo
164089,Ascension: Temporal Excavator Promo Card
7707,Carcassonne: King & Scout
121996,Hanabi: Avalanche de couleurs
323999,Hanabi: Black Powder Expansion
147020,Star Realms
166702,Star Realms: Crisis – Bases & Battleships
166707,Star Realms: Crisis – Events
166704,Star Realms: Crisis – Fleets & Fortresses
166708,Star Realms: Crisis – Heroes
158957,Star Realms: Gambit Set
252420,Alhambra: Designers' Expansion – Alhambra Zoo / Buildings of Power / Travelling Craftsmen
269139,Alhambra: Designers' Expansion – Bathhouses / Wishing Well / Palace Designers
252424,Alhambra: Designers' Expansion – Extensions / The New Building Ground
252422,Alhambra: Designers' Expansion – Handymen / Gates Without End / Fresh Color
269138,Alhambra: Designers' Expansion – Orchard / Major Construction Projects
252423,Alhambra: Designers' Expansion – Palace Staff
109139,Alhambra: Queenie 1 – The Magical Buildings
162741,Alhambra: Queenie 2 – Medina
142420,Alhambra: The Falconers
230933,Merlin
261247,Merlin: Arthur Expansion
280699,Merlin: Knights of the Round Table
303014,Merlin: Morgana Expansion
237155,Merlin: Queenie 1 – Treasures of the Environs
239997,Merlin: Queenie 2 – The King's Decree
140863,Council of Verona
147827,Council of Verona: Poison Expansion
141467,Goro-Goro Dōbutsu Shōgi
56796,Let's Catch the Lion!
289057,Everdell: Bellfaire
332397,Everdell: Mistwood
332390,Everdell: Newleaf
319420,Everdell: Pearlbrook – Collector's Edition
319419,Everdell: Spirecrest – Collector's Edition
183833,Hanabi: Master Artisan Expansion
256,Mississippi Queen
1565,Mississippi Queen: The Black Rose
162007,Steampunk Rally
298229,Steampunk Rally Fusion
272409,Tiny Epic Tactics
283925,Tiny Epic Tactics: Lanterns Mini Expansion
261283,Who Goes There: Blair and Clark Character Expansion Pack
261284,Who Goes There: Van Wall and Norris Character Expansion Pack
230769,Who Goes There?
185589,Islebound
200629,Islebound: Metropolis Expansion
6360,"Antietam: The Bloodiest Day, 17 September 1862"
13921,"Cemetery Hill: The Battle of Gettysburg, 1-3 July, 1863"
13920,"Chickamauga: The Last Victory, 20 September 1863"
13919,"Shiloh: The Battle for Tennessee, 6-7 April, 1862"
274533,Throw Throw Burrito
297562,Kemet: Blood and Sand
313479,Kemet: Blood and Sand – 10 Obelisks and Divine Intervention cards
313481,Kemet: Blood and Sand – Sacred Bull
313480,Kemet: Blood and Sand – Sand Worm
336851,Meeples & Monsters
333144,Stronghold: Undead (Second Edition)
161108,Fleet Commander: 1 – Ignition
180171,Fleet Commander: 2 – Beyond the Gate
254386,Raccoon Tycoon
279770,Raccoon Tycoon: The Fat Cat Expansion
9629,Gnostica
225,Icehouse
19802,Martian Backgammon
20269,Pikemen
15193,RAMbots
21209,Thin Ice
21210,Zagami
6830,Zendo
179448,Monikers: Shmonikers
195709,Monikers: Something Something
221248,Monikers: The Shut Up & Sit Down Nonsense Box
156009,Port Royal
184025,Port Royal: Gambler Promo Card
181899,Port Royal: Just One More Contract...
219265,Port Royal: The Adventure Begins...
193265,Port Royal: Unterwegs!
138745,Survive: Escape from Atlantis! Dolphins & Dive Dice Mini Expansion
220095,City of Spies: Double Agent
169318,City of Spies: Estoril 1942
195779,City of Spies: Promo Cards
163839,Feudum
213524,Feudum: Alter Ego
227107,Feudum: Kickstarter Promotional Cards
213523,Feudum: Seals & Sirens
216043,Feudum: Squirrels & Conifers
213306,Feudum: Windmills & Catapults
431,Alhambra: The Card Game
25491,Alhambra: The Dice Game
963,The Gardens of the Alhambra
291866,Blitzkrieg!: Nippon Expansion
258210,Blitzkrieg!: World War Two in 20 Minutes
8098,Jungle Speed
10680,Jungle Speed: The Extreme Expansion
280032,Fossilis
341532,Fossilis: Kickstarter Edition Expansions
7731,Africa Aflame
7730,Asia Aflame
7733,Mech In Flames
7724,Planes in Flames
7725,Ships in Flames
1499,World in Flames
187377,Vikings Gone Wild
201251,Vikings Gone Wild: 5th Viking
201249,Vikings Gone Wild: Guild Wars
201250,Vikings Gone Wild: It's a Kind of Magic
215760,Vikings Gone Wild: Sif Promo Card
267271,Egizia: Shifting Sands
174428,Pandánte: Light & Dark
158263,Ascension: Chronicle of the Godslayer – N.I.N.E. Promo Card
148345,Ascension: Chronicle of the Godslayer – Ogo Tracker Promo Card
148346,Ascension: Chronicle of the Godslayer – The Looking Glass Promo Card
158262,Ascension: Chronicle of the Godslayer – Vault of the Askara Promo Card
147173,Ascension: Darkness Unleashed – Covetous Kraken Promo Card
150428,Ascension: Darkness Unleashed – Tower of Ascendancy
149633,"Ascension: David, Prophetic Guide Promo Card"
172155,Ascension: Dawn of Champions
143991,"Ascension: Miles, Golden Prodigy Promo Card"
157026,Ascension: Realms Unraveled
146607,Ascension: Rise of Vigil – Ethereal Huntress Promo
149080,Ascension: Rise of Vigil – Mistress of Blades Promo Card
980,Al Cabohne
26946,Ladybohn: Manche mögen's heiss!
176334,Guns & Steel
197269,Guns & Steel: Renaissance
230778,Alphabetickell
267750,Categorickell
233395,Coupell
230775,Faybell
230774,Grabbell
255818,Mickell
227819,Phrasell
291696,Puzzell
227790,Wibbell
341830,Biddabbell
341786,Invizibell
256590,Trucking Hell
12900,"War In The East: The Russo-German Conflict, 1941-45 (Second Edition)"
17102,"War in the West: WWII in Western Europe, 1939-1945"
2397,Backgammon
12694,Brax
2083,Checkers
4386,Fanorona
10213,Fox and Geese
188,Go
38950,Halma
13716,Hasami Shogi
4112,Hex
39944,Hoppers
2448,Kalah
3886,Nine Men's Morris
13714,Qubic
13713,Solitaire
13715,Surakarta
109125,Wallenstein (Second Edition)
171686,Wallenstein: Military Leaders – Expansion Module 3
206023,Wallenstein: Office – Expansion Module 4
299121,Machina Arcana (Second/Third Edition)
266423,Machina Arcana: Geometry of the Void
266422,Machina Arcana: Recurrence
240567,Chocolate Factory
313902,Chocolate Factory: Master Chocolatier Mini-Expansion
304051,Creature Comforts
359207,Creature Comforts: Dreams Come True Micro-Expansion
359206,Creature Comforts: Talents Micro-Expansion
204286,Big Trouble in Little China: The Game
264659,Big Trouble in Little China: The Game – Legacy of Lo Pan
233970,Big Trouble in Little China: The Game – Six Demons
150376,Dead of Winter: A Crossroads Game
174152,Dead of Winter: Felicia Day
150482,Dead of Winter: Kodiak Colby
204505,Museum
243994,Swordcrafters
334213,Swordcrafters: Expanded Expansion
73761,K2
105059,K2: Broad Peak
257817,K2: Lhotse
120600,K2: The Avalanche
34585,Keltis
40845,"Keltis: Neue Wege, Neue Ziele"
128445,Darkest Night
140666,Darkest Night: Nymph Promo
149257,Darkest Night: On Shifting Winds
145056,Darkest Night: With an Inner Light
308621,Twisted Fables
320461,Twisted Fables: Dark Machinations
320460,Twisted Fables: Flood and Flame
132372,Guildhall
169987,Maximum Throwdown: Overload
135116,Rent a Hero
121408,Trains
200456,Ascension X: War of Shadows
203110,Ascension X: War of Shadows – Chaos Rider
185123,Ascension: Dreamscape
207462,"Ascension: Dreamscape – Nova, Born of Chaos Promo Card"
282171,Trial by Trolley
295540,Trial by Trolley: Derailed Bonus Pack
295539,Trial by Trolley: Kickstarter Expansion
300848,Trial by Trolley: Thank You Exclusive Pack
243759,Hellboy: The Board Game
331110,Hellboy: The Board Game – BPRD Archives Expansion
344606,Hellboy: The Board Game – Conqueror Worm Expansion
69697,Octagons
75547,Shipwrights of the North Sea
176617,Shipwrights of the North Sea: The Townsfolk Expansion
144325,Munchkin Legends
155169,Munchkin Legends 2: Faun and Games
250779,Sherlock: Death on the 4th of July
250780,Sherlock: Last Call
247436,Sherlock: The Tomb of the Archaeologist
243633,Escape Room: The Game – Secret Agent
221701,Escape Room: The Game – Space Station
243634,Escape Room: The Game – The Dentist
5205,G.E.V.
5206,Ogre
67161,Ultimate Werewolf: Classic Movie Monsters
102746,Ultimate Werewolf: Night Terrors
136171,Ultimate Werewolf: Urban Legends
168274,Mistfall
188310,Mistfall: Encounter Pack 1
188311,Mistfall: Enemy Pack 1
188313,Mistfall: Quest & Nightmare Time Cards
43443,Castle Panic
250913,Castle Panic: All For One Promo Card
140681,Castle Panic: Any Color Hero Promo
133814,Castle Panic: Crossbow promo
204542,Castle Panic: Engines of War
216189,Castle Panic: Engines of War – Jury-Rig Promo
106158,Castle Panic: Feather Promo
230811,Castle Panic: Fickle Fortune Promo
169784,Castle Panic: The Dark Titan
175904,Castle Panic: The Dark Titan – Level 6 Agranok Promo
104590,Castle Panic: The Wizard's Tower
177069,Castle Panic: Tower Promo 2015 Tabletop Day
199154,Castle Panic: Tower Promo 2016 Tabletop Day
223114,Castle Panic: Tower Promo 2017 Tabletop Day
249579,Castle Panic: Tower Promo 2018 Tabletop Day
281981,Castle Panic: Tower Promo 2019 Tabletop Day
50750,Belfort
126995,Belfort: Guild Promo Pack #1
141320,Belfort: The Expansion Expansion
7751,The 1916 Brusilov Offensive / Gorlice-Tarnow Breakthrough
7749,Serbia the Defiant / Romania: Transylvanian Gambit
7750,Tannenberg: Eagles in the East / Galicia: The Forgotten Cauldron
338745,Adeptus Titanicus: The Horus Heresy – Rulebook
210396,Magic: The Gathering – Duel Decks: Divine vs. Demonic
210390,Magic: The Gathering – Duel Decks: Elves vs. Goblins
210397,Magic: The Gathering – Duel Decks: Garruk vs. Liliana
210395,Magic: The Gathering – Duel Decks: Jace vs. Chandra
316597,The Quacks of Quedlinburg: The Alchemists
187869,600
322832,Criss-Cross
11508,Katego
170390,España 20: Volume 1
204659,España 20: Volume 2
41105,Dominion: Black Market Promo Card
90850,Dominion: Cornucopia
39707,Dominion: Envoy Promo Card
66682,Dominion: Stash Promo Card
101665,Dominion: Walled Village Promo Card
201921,Tiny Epic Quest
225982,Tiny Epic Quest: Quest for the Golden Mushrooms
2557,Castle Risk
181,Risk
198138,Enchanters
299153,Enchanters: East Quest
300800,Enchanters: Mythic Deck
283029,Enchanters: Odyssey
252688,Enchanters: Overlords
277823,Enchanters: Wounds Deck
253185,Chai
102745,Ultimate Werewolf: Artifacts
38159,Ultimate Werewolf: Ultimate Edition
198474,Magic: The Gathering – Planechase: Chaos Reigns
198476,Magic: The Gathering – Planechase: Night of the Ninja
193917,Magic: The Gathering – Planechase: Primordial Hunger
198477,Magic: The Gathering – Planechase: Savage Auras
2778,Gondor
2779,Sauron
2228,War of the Ring
10301,"The Battle of Nations: The Encirclement at Leipzig, 16-19 October 1813"
255,Jena-Auerstadt: The Battle for Prussia
13881,"Marengo: Napoleon in Italy, 14 June 1800"
239,"Wagram: The Peace of Vienna, 5-6 July 1809"
275974,Margraves of Valeria
274037,Solar Storm
315945,Solar Storm: Alternative Rooms Mini Expansion
315947,Solar Storm: Damage Control Mini Expansion
290236,Canvas
309705,Canvas: Kickstarter Mini Expansion
25669,Qwirkle
147561,Qwirkle: Expansion Boards
186904,The Champion of the Wild
315185,Escape Room: The Game – Another Dimension
286651,Escape Room: The Game – Dawn of the Zombies
286652,Escape Room: The Game – Panic on the Titanic
230191,The Island of El Dorado
278182,The Island of El Dorado: The Revenge of El Dorado
254960,The Island of El Dorado: The Thieves of El Dorado
30026,"The Brusilov Offensive: Imperial Russia's Last Campaign, 1916"
30025,"Caporetto, 1917: Catastrophe for Italy"
30028,"Serbia/Galicia: Austria-Hungary at War, 1914"
30027,"Von Hindenburg in Poland: The Warsaw-Lodz Campaign, 1914"
95,Igel Ärgern
454,Tante Tarantel
194607,Mystic Vale
229980,Mystic Vale: Mana Storm
207591,Mystic Vale: Vale of Magic
220502,Mystic Vale: Vale of the Wild
42296,Soviet Dawn: Expansion Kit
40107,"Soviet Dawn: The Russian Civil War, 1918-1921"
210274,Petrichor
317575,Petrichor Collector's Pack
317578,Petrichor: Anthill Promo Tile
317580,Petrichor: Cactus Promo Tile
247711,"Petrichor: Cactus, Lake & Fertilizer"
312216,Petrichor: Cows
225581,Petrichor: Flowers
256208,Petrichor: Honeybee
266574,Petrichor: Honeybee – The Swarming Promo Card
317579,Petrichor: Lake Promo Tile
347088,Given Up for Dead
347087,Utmost Savagery
97842,Last Will
143063,Last Will: Getting Sacked
13915,"Bastogne: The Desperate Defense, December 1944"
5677,A Bridge Too Far: Arnhem
13917,"Hurtgen Forest: Approach to the Roer, November 1944"
13918,"Remagen: Bridgehead on the Rhine, March 1945"
292012,Fresco: Expansion Box
227,Knightmare Chess
1677,Knightmare Chess 2
2867,The Baton Races of Yaz
2916,File 13
2193,Food Fight
2932,Hnefatafl
2933,Ringside
2919,Search for the Emperor's Treasure
132481,Catan: New York
27760,Catan: Traders & Barbarians
167573,Mayfair Games' Limited Edition Promo Expansion Set #17
70323,King of Tokyo
147183,King of Tokyo: Halloween
127067,King of Tokyo: Power Up!
98833,King of Tokyo: Promo Cards
159473,Quartermaster General
172561,Quartermaster General: Air Marshal
17682,"Kiev: The Battle of Encirclement, 1941"
17683,"Korsun: The German Pocket on the Dniepr, 1944"
17684,"Operation Star: The Soviet Winter Offensive, 1943"
9189,"Rostov: The First Soviet Counter-Attack, 1941"
25479,"Battle of the Wilderness: Gaining the Initiative, May 5-6, 1864"
25478,Chattanooga: Gateway to Victory
25477,"Fredericksburg: The Union Repulsed, Dec. 13, 1862"
25476,Hooker and Lee: The Battle of Chancellorsville
34747,Jena 20
144556,Freiburg
144803,Lützen
144802,Nordlingen: 6 September 1634 – Triumph of the Imperialists
25820,Rocroi: 19 May 1643 – The End of Spanish Ascendancy
178742,Splendor: Nobles Promo Tiles
17452,"The Black Prince: The Battle of Navarette, 1367"
5484,King Arthur: The Battle of Stonehenge 536
11510,"Robert at Bannockburn: The Battle of Bannockburn, 1314"
11855,"Tamburlaine the Great: The Battle of Angorra, 1402"
179259,Garbage Day!
200867,Garbage Day: Smelly Expansion
39699,Einfach Genial: Das Kartenspiel
117987,Einfach Genial: Das Würfelspiel
36745,Simply Ingenious
124668,The Dwarves
147712,The Dwarves: Combined Might
207320,The Dwarves: New Heroes Expansion
178046,The Dwarves: The Saga Expansion
322403,The Dwarves: The Triumph of the Dwarves
132581,Die Zwerge: Albae Expansion
201027,Saboteur: Selfish Dwarf
158882,Elevenses for One
329098,Crimes in History: H. H. Holmes' Murder Castle
172287,Champions of Midgard
255259,Champions of Midgard: Mercenaries Land Journey Promo Card
255261,Champions of Midgard: Merchant Ship Promo Cards
219787,Champions of Midgard: The Dark Mountains
219788,Champions of Midgard: Valhalla
30539,Get Bit!
106621,Get Bit! Sharkspansion
150925,Hold Your Breath!
35505,Walk the Plank!
18723,"Aye, Dark Overlord! The Red Box"
27033,"Sì, Oscuro Signore! 2: L'alba degli eroi"
137166,Dominion: Guilds
21790,Thurn and Taxis
33261,Thurn and Taxis: All Roads Lead to Rome
27690,Thurn and Taxis: Power and Glory
123448,One Day International
127178,Test Match Replay
159508,AquaSphere
287664,AquaSphere: Erweiterung
134009,The Hobbit: An Unexpected Journey Strategy Battle Game
216459,The Lost Expedition
229646,The Lost Expedition: The Cursed Idol – Solo Promo
248181,The Lost Expedition: The Fountain of Youth & Other Adventures
230226,The Lost Expedition: The Lost World – Cooperative Promo
24480,The Pillars of the Earth
31753,The Pillars of the Earth: Expansion Set
33559,The Pillars of the Earth: New Craftsmen
27710,Catan Dice Game
12230,"Acre: Richard Lionheart's Siege, 1191"
12218,"Lille: The Classic Vauban Siege, 1708"
11846,"Sevastopol: The First Modern Siege, 1854-55"
12219,"Tyre: Alexander's Siege and Assault, 322 BC"
35188,Legends of the Three Kingdoms
88415,San Guo Sha: Battle
88416,San Guo Sha: Fire
88414,San Guo Sha: Wind
133405,Island Siege
139689,Island Siege: Coquina Expansion
142370,Island Siege: Rampart Expansion
140125,Fallen
8747,Chinese Farm: Egyptian-Israeli Combat in the '73 War
8748,Golan: Syrian-Israeli Combat in the '73 War
8749,Mukden: Sino-Soviet Combat in the '70's
8751,Wurzburg: Soviet-American Combat in the '70's
32660,Supermarina I: The First Part of the Mediterranean War – Scenarios and Statistics for Command at Sea
233961,Claim
267315,Claim: Ghosts
161681,Lift Off! Get me off this Planet!
149809,Escape: Zombie City
173587,Escape: Zombie City – Expansion 1: The Survivor Chronicles
172396,Escape: Zombie City – Queenie 1
172405,Escape: Zombie City – Queenie 2
172406,Escape: Zombie City – Queenie 3
1927,Munchkin
3943,Munchkin 2: Unnatural Axe
6282,Azhanti High Lightning
2388,Dark Nebula
3600,Fifth Frontier War
3661,Imperium: Empires in Conflict – Worlds in the Balance
6919,Invasion: Earth
4317,Mayday
3965,Snapshot
7774,Striker
184700,In the Name of Odin
193483,Dwar7s Fall
213792,Dwar7s Fall: Empires Expansion
216407,Dwar7s Fall: Royal Decrees
158899,Colt Express
181158,Colt Express: Horses & Stagecoach
191865,Colt Express: Marshal & Prisoners
355030,Colt Express: Silk Bandit
180852,Tiny Epic Western
211691,Tiny Epic Western: Kickstarter Deluxe Promo Pack
217776,Import / Export
218703,Import / Export: Capital Expansion
239107,Import / Export: Captain Edition Cards
234680,Import / Export: Jutaku Expansion
234679,Import / Export: Kickstarter Expansion
218702,Import / Export: Tokyo Expansion
13760,Ad Elta Stelpur
11464,Alquerque
25988,Asalto
13765,Bizingo
171,Chess
2386,Chinese Checkers
5432,Chutes and Ladders
60707,Conspirateurs
13755,Cows and Leopards
10815,Craps
13777,Dablot Prejjesne
33690,Duodecim Scriptorum
164251,Faro
13656,Fighting Serpents
22625,Gala
17520,The Game of Crown and Anchor
2785,Game of Goose
13721,The Hare and the Tortoise
2912,Hounds and Jackals: Game of the Pharaohs
13726,Hyena
8122,Konane
157575,Lau Kati Kata
13657,Mu Torere
2136,Pachisi
11691,Patolli
45,Perudo
28815,Pope Joan
13745,Puluc
5168,Queen's Guard
13757,Rebels
38358,Ringo
17118,Rithmomachy
11347,Seega
2399,Senet
9851,Shut the Box
13762,Siege of Paris
13756,Sixteen Soldiers
20478,Snail
13761,Sugoroku
13727,Tablan
6121,Tablut
13759,Up To Klondyke
2393,Xiangqi
13654,Yut Nori
3583,Zon Ahl
163,Balderdash
1544,Beyond Balderdash
257283,Tiny Epic Mechs
285979,Tiny Epic Mechs: Kickstarter Deluxe Promo Pack
143666,The Majority
144429,The Majority 2
279204,The North
176575,デザインタウン: 再利用 (Design Town: Reuse)
168679,Flip City
187617,Nemo's War (Second Edition)
266950,Nemo's War (Second Edition): Bold and Caring Expansion Pack #2
266953,Nemo's War (Second Edition): Dramatis Personae Expansion Pack #3
285771,Nemo's War (Second Edition): Holidays on the High Seas
325375,Nemo's War (Second Edition): Journey's End Expansion
241122,Nemo's War (Second Edition): Nautilus Upgrades Expansion Pack
253368,Kingswood
313959,Kingswood: Kickstarter Promos
32604,Duel in the Dark: 3-5 Player Variant
32556,Duel in the Dark: Acoustic Mirror
32607,Duel in the Dark: British 3.7in QF Anti-Aircraft Gun
32605,Duel in the Dark: British Searchlight
32554,Duel in the Dark: Ju88 Night Fighter
32558,Duel in the Dark: Quad Flak
32555,Duel in the Dark: Railroad Flak
32560,Duel in the Dark: Skilled Gun Crew
41805,Duel in the Dark: The Complete Edition – Expansion
32562,Duel in the Dark: The Walls Have Ears
239082,MAUW
262209,MAUW: Reactions
161757,New Salem
239946,New Salem: The Constable
9973,"Cauldron: Battle of Gazala, May 1942"
9736,"Crusader: Battle for Tobruk, November 1941"
25460,"Kasserine: Baptism of Fire, February 1943"
20429,"Supercharge: Battle of El Alamein, October 1942"
80012,We Didn't Playtest This At All: Blue Deck
63595,We Didn't Playtest This at All: Dice are Fun
42448,We Didn't Playtest This Either
238135,Catan: Hawaii (Szenario für Seefahrer)
325,Catan: Seafarers
167836,Die Siedler von Catan: Hispania Edition
10611,The Battle for Jerusalem 1967
7795,"Bundeswehr: Northern Germany, late 1970's"
11055,"DMZ: The Battle for South Korea, late 1970s"
10610,"Yugoslavia: The Battles for Zagreb, 1979"
345941,Corps Command: Dawn's Early Light – High Noon at Gerzenburg Expansion
60953,Heavy Gear Blitz! Hammers of Faith
126423,Heavy Gear Blitz! Shields of Freedom
60955,Heavy Gear Blitz! Swords of Pride
11499,"Chariot: Tactical Warfare in the ""Biblical"" Age, 3000-500 BC"
8036,"Legion: Tactical Warfare in the Roman Age, 100BC-700AD"
11500,"Spartan: Tactical Warfare in the Hellenistic Age, 500-100BC"
8509,"Viking: Tactical Warfare in the Dark Ages, 700-1300"
7723,"Yeoman: Tactical Warfare in the Renaissance Age, 1250-1550"
2364,Black Monday
21698,Buried Treasure
21731,Card Football
18121,Casino
2398,Cribbage
40665,Divide and Conquer
20240,Écarté
11646,Piquet
15889,Scopa
8746,"Bloody Ridge: Turning Point on Guadalcanal, September 1942"
8745,"Leyte: Return to the Philippines, October 1944"
8744,"Okinawa: The Last Battle, April 1945"
8743,"Saipan: Conquest of the Marianas, June 1944"
38845,Les Colons de Catane: Le jeu de dés
14235,Kassala
188225,RONE
212251,RONE: Awakening
226920,RONE: New Forces
140831,La Guerre des Moutons 2
3243,Wooly Wars
117185,Auction
40219,Babel
105030,Construction
5217,Eleusis
3144,High Hand
3983,Sabotage
25343,Ultima
238656,Tiny Epic Defenders (Second Edition)
258585,Tiny Epic Defenders (Second Edition): Kickstarter Deluxe Promo Pack
148473,Hitler Turns East
266444,Sherlock: 13 Hostages
284195,Sherlock: Don's Legacy
266445,Sherlock: Propagation
152948,Pixel Tactics: Argent University
152523,Pixel Tactics: Seven Sisters
152524,Pixel Tactics: The Price Of Victory
342388,Bonanza
340252,East-West
227175,Nugget
341393,Oregon
341511,Portland
182756,Sacramento
282227,One Small Step
163413,Murano
168029,Murano: Promo Cards
171267,Murano: The Christmas Tree
179025,Star Realms: Cosmic Gambit Set
203074,Star Realms: Promo Pack I
215,Tichu
206088,Tichu Booster
216381,Hand of Fate: Ordeals
277776,Legends Untold: The Alchemist Novice Booster
277810,Legends Untold: The Druid Novice Booster
277811,Legends Untold: Treasure Novice Booster
277976,Legends Untold: UKGE 2017 Promo Adventure
198832,Legends Untold: Weeping Caves Novice Set
4505,Tarot
19835,Caribbean Star
18662,Colossus
19263,Dead & Breakfast
36315,Dork Wanderings
10713,Fight the Power
18910,Graveyard Shift
163124,Herman's Castle
3270,Lamarckian Poker
26377,Nickie's Castle
21701,Putwoody's Castle
12907,Queensland
122825,Seven-Handed Poker
249275,The Silver River
6896,MechWar 2: Red Star / White Star Modern Mechanized Combat in Europe
17237,MechWar 2: Suez to Golan
15738,MidEvil
22016,Midevil II: Castle Chaos
32971,MidEvil III:  Subterranean Homesick Blues!
253215,Jetpack Joyride
313861,Jetpack Joyride: Collector Box
347163,Betrayal!
347162,The Seeds of Disaster
347159,Springtime for Hitler
335735,Strange Victory
150485,Cat Tower
160617,Cat Tower Lite
160591,Cat Tower Plus
31016,We Didn't Playtest This At All
37974,We Didn't Playtest This At All: Chaos Pack
30765,Miro
30691,Mondrian
30503,Springer
325414,Happy Little Dinosaurs
325451,Happy Little Dinosaurs: 5-6 Player Expansion Pack
167574,Starlight Stage
189636,Starlight Stage: Expansion Card Set 1
285229,Card Hunt
7476,Complica
322853,Dilemma
290,Gold Digger
6955,Reiner Knizia's Decathlon
322840,Swap
1977,Tor
296985,Sherlock: El mayordomo
296986,Sherlock: Entre tumbas
296987,Sherlock: ¿Quién es Vincent Leblanc?
224272,Hellapagos
279093,Hellapagos: They're No Longer Alone
7254,The Battle of Shiloh
219575,Escape Room: The Game – Casino
185709,Beasts of Balance
231443,Beasts of Balance: Battle Cards
215340,Beasts of Balance: The Omnibeast
2861,Aquitaine: Strategy and the Medieval War Ride
2966,Craonne
2939,Fjord
2976,Men Against Fire
325853,L.A.M.A. Dice
313473,L.A.M.A. Party Edition
324213,L.A.M.A.: Drama
266083,L.L.A.M.A.
21363,Following Suit
24788,Galaxy
20717,"Hey, Bartender!"
16324,Spots
25066,Stumpy the Cave Boy
5636,Tishai
3024,Realm
3699,Killer Bunnies and the Quest for the Magic Carrot
90198,Killer Bunnies and the Quest for the Magic Carrot: Chocolate Booster
10911,Killer Bunnies and the Quest for the Magic Carrot: GREEN Booster
23741,Killer Bunnies and the Quest for the Magic Carrot: Ominous Onyx Booster
10674,Killer Bunnies and the Quest for the Magic Carrot: ORANGE Booster
21785,Killer Bunnies and the Quest for the Magic Carrot: Perfectly PINK Booster
6248,Killer Bunnies and the Quest for the Magic Carrot: RED Booster
14443,Killer Bunnies and the Quest for the Magic Carrot: Stainless STEEL Booster
14442,Killer Bunnies and the Quest for the Magic Carrot: Twilight WHITE Booster
6673,Killer Bunnies and the Quest for the Magic Carrot: VIOLET Booster
20621,Killer Bunnies and the Quest for the Magic Carrot: Wacky KHAKI Booster
23215,Killer Bunnies Bunny Blanks #1
23213,Killer Bunnies Bunny Blanks #2
553,Chez Geek
2797,Chez Geek 2: Slack Attack
2741,Chez Geek 3: Block Party
42702,Jackal
119729,Jackal: Treasure Island
144632,City Council
166641,City Council: The Disaster Deck
12194,Munchkin Bites!
18898,Munchkin Bites! 2: Pants Macabre
18307,Catch 6
5509,Diangle
18305,Grand Poobah
18308,Keep On Rolling
18306,Perfecto
11820,Two out of Three
43894,Munchkin: Waiting For Santa
95527,Madeira
266122,Madeira: Expansion
157327,Madeira: The Ambassadors
152388,Madeira: The Harvester
140865,Agent Hunter
188968,Bacon Wars
145928,Empire Engine
175307,Love Letter: Adventure Time
172557,Pretense
161429,Who Stole the Cookie?
34583,Set Cubed
168446,Doggy GO!
171913,Doggy Go! Plus
2957,Trivial Pursuit: The 1980's
74098,Trivial Pursuit: The 90s
24155,Trivial Pursuit: ToGO! Pop Culture 2
67792,The Barbarian
159818,Survival!
15393,Jacks
5650,Pass-out
11901,Tic-Tac-Toe
1730,Trap the Cap
1410,Trouble
354933,King's: Cards & Creations
42107,Afro-Celt Mancala System
42004,Arthurian Ghost Knights
42002,Auction Blocks
42003,Chariots of Stonehenge
41997,The High Druid
41998,Magic of Stonehenge
22094,A Book of Sandhurst Wargames
183474,Tressette
30988,Away Across
38682,High Finance
31064,Invasion
31050,Run for President
31051,Target Number
38550,Travels
311862,Pizza Wars & Pizza Wars Imperium
153759,Angel Chess
26635,Spicy Dice
1528,Chief Herman's Holiday Fun Pack
87098,Wit
147757,Financier
43144,The Great Races
147755,Oil Strike!
330775,Pay Off
137591,Spy!
123417,Bagatelle
76600,Bl'nd P'g without any Eyes
19873,The Blue Bird
63092,The Comic Game of the Great Exhibition of 1851
13718,The Cottage of Content
68839,The Day's Doings of a Little Mouse: An Amusing Game for Learning French
19077,An Eccentric Excursion to the Chinese Empire
29760,Flip-O-Hoy
31271,French Military Game
76548,The Game Of Footer
156375,Harlekin Game
76552,The Invasion of Europe: The Great War Game
24944,Jerome Park Steeplechase Game
24286,Jeu de la Révolution Française
29554,Mount Everest
22067,The New Game of Busy Bees
19871,The New Game of Human Life
19874,The New Game of Virtue Rewarded and Vice Punished
33231,Quartette
76556,Roarem Castle: A Game
60171,The Royal Pastime of Cupid or Entertaining Game of the Snake
29574,Russia versus Turkey
27901,Scouting
76550,Sinnet
19875,The Tailless Donkey
19872,Wallis's New Game of Universal History and Chronology
29591,Whirlpool
4132,Across the Continent
11693,The Amusing Game of Innocence Abroad
14219,The Amusing Game of Kilkenny Cats
14241,Bing Crosby's Game: Call Me Lucky
14223,The Bonzo Chase
14242,Cash: Honesty is the Best Policy
14224,Cat and Mice
117864,Chivalry
17333,Eddie Cantor's Game: Tell It to the Judge
14248,Flying Squad
14239,Game of Baseball
14245,The Game of District Messenger Boy
171658,Game of Goosey Gander
14243,The Game of Playing Department Store
19867,The Game of the North Pole
14221,The Good Old Aunt!
14251,Hendrik Van Loon's Wide World Game
14226,Hopalong Cassidy Game
14246,Little Shoppers
14225,The Lone Ranger Game
14238,The Lucky Race Game
11481,The Man in the Moon
14247,The Mansion of Happiness
25006,Mickey Mouse Coming Home Game
19868,The Motor Carriage Game
14244,Office Boy
14249,Pank-A-Squith
12426,Peter Rabbit's Race Game
27963,The Popular Game of Broadway
19870,The Race for the Cup
11722,Radio Game
11652,Round the World with Nellie Bly
14227,Sky Raiders
14237,The Strand War Game
14250,The Susceptibles
19869,A Trip With Phoebe Snow
19775,A Voyage Through the Clouds
14220,Winnie the Pooh
14240,The Yale-Harvard Game
106126,Advanced Fighter Combat
12752,Basic Fighter Combat Manual
7877,Alphabet Soup
7904,Fuzzy Math
7873,Early Years
311528,Psychos & Slashers: Deluxe Set
8761,The Russo-Japanese War
8760,Port Arthur
8759,Tsushima
221109,Olympia 1988
11733,Briscola
16755,Target: Damascus
32363,Gibraltar
29660,Glückshaus
7786,Complete Fighter Combat System
297830,Solitaire WW2 Wargames: Three Strategy Card Games
40131,Sportmagazin
193449,ChineseChek
193450,Dam-it!
147756,NineTacToe
193451,Vegas 13
28972,Wordplay
18531,The Complete Book of Wargames
801,Crimean War Battles
351060,Micro Game Madness
351093,Squash
4148,Mehen
1602,The Royal Game of Ur
11036,No Middle Ground
341397,Prehistoric Settlement
38511,Black Path Game
42891,Hackenbush
11753,Nim
7378,Sprouts
7450,Stop-Gate
66341,Toads and Frogs
17183,1001
13123,500
6887,Hearts
31255,Knaves
154537,Minnesota Whist
6688,Ninety-Nine
63082,Ombre
4583,Pinochle
15878,Rummy
6819,Skat
2780,Tarock
317354,Gott würfelt nicht
308343,Wargames Rules for All-Arms Land Warfare from Platoon to Battalion Level: 1925-1950 and 1950-2000
10502,Poker Dice
192079,States Game
9319,The Train Game
31824,So spielt die Welt
8383,Thirty Years War
21324,Abande
9060,Accasta
24785,Alva
24525,Attangle
27723,Attract
26952,International Checkers
32510,Sammlung Schöner Spiele
13360,5 Pad & Pencil Games People Love to Play
8070,The Great War in the East: Four World War 1 Battles
12379,The Great War in the East: 1914-1918 (Second Edition)
3937,Games of Art
3939,Calculate!
25249,Go-nin-Kan
26941,Vier Länder Tour
315,Bagh Chal
7204,China Moon
5242,The Game of Y
5136,Piraten-Abenteuer
19915,Three Men's Morris
25189,Autorennen
26091,"Bunte Trikots, Blitzende Räder"
30288,Fußball-Spiel
113786,Motorrad-Rennen
12889,Steeplechase
12998,Put and Take Dice
4519,Yum
172282,Admin Test Item 2
20436,Stonehenge: An Anthology Board Game
6089,The 6 Pack of Paper & Pencil Games
315163,Classic 3 Game Naval Set
114275,Invasion of Germany: A Panzer Grenadier Scenario Book
143883,Ultimate Warriors Death Battle Game
3042,Survival / The Barbarian
10904,New Rules for Classic Games
331152,"Death Ride Kursk: Sud-Front, Russland Staff Limited Edition"
339748,Die kleine Hexe / Neues vom Räuber Hotzenplotz
128716,PARSEC Deluxe
168485,Blocks
5855,Wit / Farkel Double Game Pack
2762,Alpha Playing Cards
301204,Jackson's Valley Campaign: March to June 1862
156446,Dicey Curves: Deluxe Edition
158661,"Wissens-Quiz für Kinder: Tiere, Technik, Natur"
153927,Simulation Games for Beginner #2
42093,Chaos Isle: Fresh Meat Expansion Set 1
42975,Chaos Isle: Reinforcements Expansion Set 2
83741,Chaos Isle: Rise of The Creator
44893,Chaos Isle: The Lunatics Expansion Set 3
35017,Chaos Isle: Zombi Deck
146333,La Bataille de Leipzig 1813
15238,International Cricket
199149,Double Play
147859,Order and Chaos
147857,Quink
85021,PARSEC
94937,Parsec Expansion Kit 1: Moons and Monsters
119981,Parsec Expansion Kit 2: Nebulas and Nanotechs
174040,Dystopian Legions: Codename Iron Scorpion
1549,Password
21076,Password Junior
1917,Stratego
13766,Awithlaknannai
33692,Brandubh
42777,Daldøs
28302,Oware
36555,Pulijudam
138594,Family Charades In A Box Compendium
308718,Peltast and Pila: Rules for Ancient Wargaming 300 B.C. to 500 A.D.
137687,Charades In-A-Box: 70s
137686,Charades In-A-Box: 80s
137690,Charades In-A-Box: Family
137693,Charades In-A-Box: Hollywood
137691,Charades In-A-Box: Party Animal
139561,Álmok e Cartas Assombradas Edição de Colecionador
139558,Álmok
139559,Cartas Assombradas
158758,KiCKeT!: ARENA
24264,Button Soccer
11017,Crazy Eights
7682,Go Fish
7688,Memory
18663,Abandon Ship!
128337,Barcelona
122823,Boneyard
5873,Brain Baseball
22302,Last Man Standing
18380,The Lost Pueblo of Doctor Green
22876,Penniless and Insane
122826,Willow
283841,TKG ARENA: The Arcane Scribes
1881,Atmosfear: The Harbingers
12490,Atmosfear: The Soul Rangers
225566,FlipFlop + FlipFour
56838,USMK (Ultimate Street-Fight Mortality Kombat)
39264,Munchkin Bobblehead
148685,Skirmish! The Scrambles plus expansions pack
3663,"Outreach: The Conquest of the Galaxy, 3000AD"
2524,StarForce 'Alpha Centauri': Interstellar Conflict in the 25th Century
6215,StarSoldier: Tactical Warfare in the 25th Century
140680,La Bataille de Dölitz 1813
135321,La Bataille de Lindenau 1813
123275,La Bataille de Möckern 1813
131129,La Bataille de Wiederitzsch 1813
3224,Sherlock Holmes Consulting Detective: The Mansion Murders
3225,Sherlock Holmes Consulting Detective: The Queen's Park Affair
22568,Bang! Zoom!
19769,Hooey
4068,Rats!
22572,Royal Fluster
22571,Spit!
22574,Three Throws
10799,Old Maid
16398,War
43332,Austerlitz 20
320,Scrabble
2243,Yahtzee
166518,Carcassonne: Die Belagerer
301213,1862: Peninsula Campaign – March to July 1862
126108,Flying Colors
92140,Four Roads to Moscow
146030,Skirmish! The Scrambles
147753,Skirmish! The Scrambles: Expansion #1 Antimagic
147754,Skirmish! The Scrambles: Expansion #2 Breakthrough
147794,Chase
11929,Go-Moku
80833,Michigan Rummy
147793,Nine Holes
34317,Shatranj Diwana Shah
34313,Sixe-Ace
36250,Spanish Checkers
34244,Tourne-case
26920,Turkish Checkers
143515,Coal Baron
39413,Macho Women with Guns: The Final Chapter (Part One)
18968,Barbacan
2389,Othello
31821,Goita
57201,Greedy Kingdoms
63974,Greedy Kingdoms Expansion Set: Treasure
64127,Greedy Kingdoms Promo Card: General Dealer
64128,Greedy Kingdoms Promo Card: Scholar
129622,Love Letter
358044,Love Letter to Lady Luck
171909,Marionette Kingdom
164364,Trilogía El señor de los anillos
4656,The Classified Encyclopedia of Chess Variants
122713,Clash in the South Pacific
122692,Decisive Battle of the Combined Fleet
119496,F-16 Fighting Falcon
154583,Crimson Sun
154582,Lords of the Sand
154551,Rise of the First Dynasty
154545,The Nile Ran Red
18803,Black Stories
20750,Black Stories 2
38386,A Castle for All Seasons
39179,A Castle for All Seasons: Winter Cards
6504,Ace of Aces: Wingleader
119366,Going to Market
140,Pit
6644,Spite & Malice
103461,Dicey Curves
119985,Dicey Curves: DANGER! Expansion
24424,Challenge Sudoku
23616,Kakuro Challenge
301208,Northern Virginia Campaign: July to September 1862
158898,"Cars 2: Spy, Detour, Wrenches, & Red Light Green Light"
110290,Wissens-Quiz für Kinder: Natur
110291,Wissens-Quiz für Kinder: Technik
110292,Wissens-Quiz für Kinder: Tiere
140469,KiCKeT!
63268,Spot it!
117995,"Spot it! 1,2,3"
158579,Cars 2: Spy & Red Light Green Light
1294,Clue
88417,San Guo Sha: Forest
105985,San Guo Sha: Mountain
17184,Blankety Blank
4902,The Price Is Right
1475,Careers
155704,Das Millionenspiel
1377,Danger
2317,Mückenstich
1802,Zwickern
66351,Wali
9385,Yoté
2407,Sorry!
2102,Project CIA: The Secret Formula
2103,Project KGB: The Double Agent
15791,Alerta Roja
10293,En busca del Imperio Cobra
22354,Dagon contra el Hechicero de los Reinos Negros
34444,Misterio
163980,The 10 Die Trilogy
161755,The Abyss of the Lurid Cove
161753,The House of George Walter Michaels
161754,The Tomb of the Damned Pharaoh
69827,The Twilight Saga: Eclipse – The Movie Board Game
63379,The Twilight Saga: New Moon – The Movie Board Game
41068,Twilight: The Board Game
164945,Bowling
164953,Dodgeball
164947,Football
164948,Horse Racing
165528,Marbles
164954,Morph Chess
164934,Save The Princess
164950,Tennis
164946,Trapped
164944,TwentyOne
153531,El Señor de los Anillos: Las Dos Torres
164250,5Pax
182820,Die Box
247790,Starlight Stage
86275,Kwintie
169737,12+1 games for the Mystique Deck
141291,The Mystique Deck
135270,Shibumi
169736,Shibumi Rule Book
33767,Yavalath
169738,Yavalath & Co.
6475,3 SPOT game
6474,L-Game
149949,Castle
144875,Deep Space Prospector
25969,Divide and Conquer
120655,Mapple
190289,Minoqaur
111685,Pebble Rebel
152428,Pip•Pip
190290,Skullduggery
170803,Sumo Dice
98978,Take-Back-Toe
20065,El Dorado
11215,Numeri
222589,Marvel Comics Super Heroes Game Book
179998,Kosmoteka 3+1
188982,Akvateka 3+1
129364,Dystopian Legions
182216,Comrades and Patriots
49,Mamma Mia!
125864,Mamma Mia: Double Ingredients
147427,King's Ransom
177575,Idol Conclave + Million Hit Chart
177573,Idol Conclave
177574,Million Hit Chart
179931,Flying Saucers
173428,Star Trails
176301,Svemirska patrola
174177,Most Glorious Comrade
25071,Munchkin Cthulhu
29568,Munchkin Cthulhu 2: Call of Cowthulhu
31847,Munchkin Cthulhu 3: The Unspeakable Vault
2705,Blazing Aces!: A Fistful of Family Card Games
167310,Pluff
184931,Advanced Transmogrification
185071,Epic Transmogrification
184536,Transmogrification
3396,Chiamo!
135732,Beyond the Gates of Antares
193590,Have you ever Paint with...Cards!
192739,Primordial 10
190825,Primordial Dungeon
42436,Munchkin Fairy Dust
182983,Total Transmogrification
6251,Arnhem: Defiant Stand
12054,Oosterbeek Perimeter
4853,Tripoley
189001,Afzakker Probeerspel
183139,Catan: 999 Games 25 jaar Expansion
174238,Delfinarium
173859,Svet tišine
188334,999 Games trakteert!
144567,For the Crown (Second Edition)
140663,For the Crown (Second Edition): Expansion #1 – Shock & Awe
177937,For the Crown (Second Edition): Expansion #3 – Between Heaven and Earth
189883,For the Crown: Vanguard Promo Pack
157053,Pocket Odyssey
6607,Munchkin Fu
14087,Munchkin Fu 2: Monky Business
184011,Duelo Primigenio: The Rainbow Shoushiling Cards Project
16090,Paulus 6th Army
7142,Zitadelle: Duel for Kursk
90567,Munchkin 7: Cheat With Both Hands
104232,"Munchkin 8: Half Horse, Will Travel"
165683,Munchkin Legenden 2: Fauntastische Spiele
112869,Munchkin Apocalypse
153494,Munchkin Apocalypse 2: Sheep Impact
2425,Battleship
17106,Boxes
11821,Jotto
194872,Capere
163031,Cartography
182915,ILIOS
145183,Journey Stones
191779,Brettspiel Easter Basket 2016
172386,Mombasa
147030,World of Tanks: Rush
185935,World of Tanks: Rush 3 – Last Stand
166639,World of Tanks: Rush – Promo Pack
160352,World of Tanks: Rush – Второй фронт
218575,Magic: The Gathering – Planechase Anthology
187405,Deck zu!
17580,Koffer packen
86772,Where shall we go?
124156,Word Wars I.II.III
169102,Slaughterville
199598,Slaughterville: Jack the Ripper Expansion
199596,Slaughterville: The Headless Horseman Expansion
199594,Slaughterville: The House on Haunted Hill Expansion
199597,Slaughterville: Walker's Carnival Expansion
18812,"Ship, Captain, and Crew"
5463,Mind Maze
154515,Vampir Mau Mau
97377,Hail Caesar: Battles with Model Soldiers in the Ancient Era
173752,The Cookie
147168,Guerra De Mitos II
158752,Guerra de Mitos IV
177210,Eight Epics
113066,RR
140795,Say Bye to the Villains
5770,Orchard
59309,Orchard: Memo Game
125145,Colonial Space Wars
170923,Colonial Space Wars: Flesh and Steel
140995,Colonial Space Wars: New Horizons
25471,Five Field Kono
183750,Magic: The Gathering – Duel Decks Anthology
231854,Twin Stars: Adventure Series I
358382,Castle von Loghan: Deluxe Edition
244805,Cheaters' Chili
216877,Coffee Break
244798,Salt and Pepper
217097,Sugar Cubes
10996,Zarcana
225064,Berd strategy game
205491,Guildhall: Legend of the Five Rings
1887,Legend of the Five Rings
200830,Lost Legacy: Legend of the Five Rings
30380,Cuba
40794,Cuba: El Presidente
214026,Spicy Games
262239,Special Ops Issue #8
34004,Big Points
34166,Finito!
63975,Level X
60316,Numeri
8789,Fußball
198275,Segeln
4431,Chess Race
573,Grand Prix
22892,Huckepack
2311,Wild Life
167874,Galaxy of Trian: Expand the Galaxy
167161,Galaxy of Trian: Wealth of the Ancients
174655,Galaxy of Trian: Wormholes
171366,The Amazing Spider-Man
172167,The Avengers
172116,Fantastic Four
172171,The Incredible Hulk
172163,Wolverine
172150,X-Men
214576,Berd
143391,FlipFlop
219759,FlipFour
324629,The Big Roar
226080,Green
226081,Greener
226586,Greenest
2471,Zombies!!!
125394,Zombies!!! 11: Death Inc.
143408,Zombies!!! 12: Zombie Zoo
153802,Zombies!!! 13: DEFCON Z
189414,Zombies!!! 14: Space Bites!
224400,Zombies!!! 15: Another One Bites the Dust
3651,Zombies!!! 2: Zombie Corps(e)
7810,Zombies!!! 3.5:  Not Dead Yet
6113,Zombies!!! 3:  Mall Walkers
10167,Zombies!!! 4: The End...
20494,Zombies!!! 5: School's Out Forever
31774,Zombies!!! 6.66: Fill in the _______!!!
28734,Zombies!!! 6: Six Feet Under
34132,Zombies!!! 7: Send in the Clowns
40674,Zombies!!! 8: Jailbreak
66942,Zombies!!! 9: Ashes to Ashes
151033,Zombies!!! Deadtime Stories
99407,Zombies!!! X: Feeding the Addiction
180845,ELL deck
234010,Ars Combinatoria
6873,Letra-Mix
29951,Letra-Mix: Spiel mit Sätzen
205475,Tark Laps Taskus
159865,Tark Mees Taskus
179457,Tark Mees Taskus 2
229870,再会の約束 (Saikai no Yakusoku)
229871,幸せな時間 (Shiawase na Jikan)
229217,時の祭壇 (Toki no Saidan)
231064,秘密のサイン (Himitsu no Sain)
231066,運命の人 (Unmei no Hito)
236868,Stadt Land Spielt! Sonderdrucke 2017
149787,Perdition's Mouth: Abyssal Rift
220657,Perdition's Mouth: Abyssal Rift – Hero Trait Deck
206924,Perdition's Mouth: Abyssal Rift – The Hideout
238081,Perdition's Mouth: Abyssal Rift – Witch's Grotto
225651,First Class: Teatime
235296,Geistesblitz: Gratis Demo-Spiel
234743,NMBR 9: Starting Tiles
235257,Piraten kapern: Sonderkarten
235322,Top Trumps Star Wars: Tseebo Promo Card
1406,Monopoly
4792,Tiddledy Winks
11988,Australian Railways
378,Lancashire Railways
836,New England Railways
118410,Dirty Pig
191685,Drecksau: Sauschön
248967,PORN: The Game! – CENSORED
158564,Billionaire Banshee
223453,Billionaire Banshee: Sexy Foil Pack
260764,Agros
260760,Assyrians
259807,Dark Death
260758,Dream Lands
263216,Floodwaters
260763,Inuit
260754,Kush
260759,Melos
21488,Petteia
263219,Rays
255548,Silk Roads
263214,Stella
262374,Summons
260762,Tekel
260756,Tholos
260761,Ziggurats
247120,PORN: The Game!
248966,PORN: The Game! – The Extreme Drunkard Expansion
142558,Rory's Story Cubes: Prehistoria
93401,Rivals for Catan: Age of Darkness
127437,Rivals for Catan: Age of Enlightenment
29715,Die Siedler von Catan: Kartenspiel – Handel & Wandel
29716,Die Siedler von Catan: Kartenspiel – Politik & Intrige
255950,The Barmaid's Tale
255955,The Damsel's Tale
255957,The Trader's Tale
204892,You Gotta Be Kitten Me!
244258,The Red Dragon Inn 7: The Tavern Crew
233892,The Red Dragon Inn: Ozrik's Powerale
233889,The Red Dragon Inn: Wizgille's Phenomenale
7739,America in Flames
8679,Days of Decision III
35757,Factories in Flames
138202,Khaki in Flames
2875,Patton in Flames
7734,Politics in Flames
65314,World in Flames Millennium Annual
44576,World in Flames: 2008 Annual
208256,Munchkin Grimm Tidings
230647,Munchkin Lite
229640,Munchkin Spell Skool
16933,Super Munchkin
22894,Super Munchkin 2: The Narrow S Cape
30166,"The Good, the Bad, and the Munchkin"
103847,"The Good, the Bad, and the Munchkin 2: Beating a Dead Horse"
25001,Fleet 1715
31603,Fleet 1715: Expansion
126942,Summoner Wars: Bellor's Retribution Reinforcement Pack
136448,Summoner Wars: Cave Goblins – Second Summoner
90316,Summoner Wars: Cloaks Faction Deck
152858,Summoner Wars: Cloaks – Second Summoner
82423,Summoner Wars: Fallen Kingdom Faction Deck
145687,Summoner Wars: Fallen Kingdom – Second Summoner
92869,Summoner Wars: Goodwin's Blade Reinforcement Pack
82429,Summoner Wars: Grungor's Charge Reinforcement Pack
136447,Summoner Wars: Guild Dwarves – Second Summoner
92870,Summoner Wars: Hawk's Strike Reinforcement Pack
90317,Summoner Wars: Jungle Elves Faction Deck
152859,Summoner Wars: Jungle Elves – Second Summoner
113227,Summoner Wars: Mercenaries Faction Deck
136445,Summoner Wars: Phoenix Elves – Second Summoner
113224,Summoner Wars: Piclo's Magic Reinforcement Pack
82428,Summoner Wars: Rukar's Power Reinforcement Pack
126943,Summoner Wars: Saella's Precision Reinforcement Pack
113228,Summoner Wars: Taliya's Spirit Reinforcement Pack
113225,Summoner Wars: The Filth Faction Deck
136446,Summoner Wars: Tundra Orcs – Second Summoner
82422,Summoner Wars: Vanguards Faction Deck
145536,Summoner Wars: Vanguards – Second Summoner
171537,Wer war's?: Das Kartenspiel
33643,Whoowasit?
260941,Kingdomino for 2 players
168390,Set Schnupperspiel
260999,Silhouette gratis Demo-Spiel
260998,Sleeping Queens Mini
29678,Munchkin Quest
38538,Munchkin Quest 2: Looking for Trouble
74210,Munchkin Quest: Portal Kombat
1931,Anti-Monopoly
1932,Anti-Monopoly II
1930,Anti-Monopoly III: Washington-Moskau
309941,Universal Rule: Attack! Attack!
309940,Universal Rule: Duplicity
309942,Universal Rule: Magnitude
18666,Victory: The Blocks of War – Logistics Set
257590,Deutscher Spielepreis 2018 Goodie Box
195373,BOO
195455,BOX
197178,DIG
192824,GYM
192830,ORC
192827,RUM
192829,SOW
195456,SPY
232403,Haunt the House
264661,Haunt the House: Darker Corners
264662,Haunt the House: Graveyard
164159,BUS
158918,FLY
158915,GEM
159143,HUE
161383,LIE
164158,SHH
158916,TAJ
158917,TKO
237991,Munchkin Starfinder
318086,Munchkin Starfinder 2: Far Out
191301,The Walking Dead: All Out War
265841,"The Walking Dead: All Out War – Dale, Prison Advisor Booster"
237549,The Walking Dead: All Out War – Equipment Booster
245461,The Walking Dead: All Out War – Lee & Clementine
223864,The Walking Dead: All Out War – Prelude to Woodbury Solo Starter Set
238428,The Walking Dead: All Out War – Roamer Booster
177590,13 Days: The Cuban Missile Crisis
203828,"13 Minutes: The Cuban Missile Crisis, 1962"
8133,30 Second Mysteries
268159,Warhammer: The Game of Fantasy Battles (6th Edition)
117959,Las Vegas
149975,Las Vegas Boulevard
235838,BAM! Ihr habt es so gewollt!
146496,Bam!: Das unanständig gute Wortspiel
181906,Bam!: Extrahart
296042,Blitzkrieg 1939: Guderian
41034,Munchkin Promo Cards
12043,Stadt - Land - Fluss
178900,Codenames
182952,Rory's Story Cubes: Animalia
234614,Rory's Story Cubes: Explore
22480,"This Accursed Civil War: The Battle of Cheriton, 1644"
275802,Carnival Zombie: 2nd Edition
66214,Samarkand: Routes to Riches
109106,Samarkand: Routes to Riches – Family Connection
30989,Animal Rummy
37889,Crossword Letter Game
322844,Domino Cards
11670,The Game of Authors
110575,Game of Flags of the United Nations
124286,Sky Trails
18905,Slap Jack
168659,Black Stories Junior: Purple Stories
43171,Black Stories Junior: White Stories
95690,Battles by Gaslight
7071,Gaslight
28709,To Be Continued... by Gaslight
252877,Wreck Raiders
277081,Wreck Raiders: The Giant Clam
277108,Wreck Raiders: The Relic Hunter
277082,Wreck Raiders: The Shark
258853,Expedition: The Future
232990,Expedition: The Horror
194298,Expedition: The Roleplaying Card Game
95607,Killer Bunnies and the Conquest of the Magic Carrot
118637,Killer Bunnies and the Conquest of the Magic Carrot: Red Booster Deck
121091,Killer Bunnies and the Conquest of the Magic Carrot: Violet Booster Deck
297432,Panzer Digest #14
96345,Black Stories: Funny Death Edition
57052,Black Stories: Real Crime Edition
226616,Argoat
245876,Miraris
267822,Miraris: Fallen Soul
187590,Pralaya
163343,TKG ARENA: General Disorder
166075,TKG ARENA: Oracle Rumble
162689,TKG ARENA: Rise of the Magi
142965,TKG ARENA: The Elemental Kings
273699,Weird Alchemy
220517,The Shipwreck Arcana
237954,The Shipwreck Arcana: Promo Pack
270376,The Shipwreck Arcana: Stars Below
314063,D-Day Quad Deluxe
231876,Race for the Chinese Zodiac
268630,Race for the Chinese Zodiac: Cat
314385,The Shivers (Deluxe Edition)
344934,Scharz: Part I
344935,Scharz: Part II
344939,Scharz: Part III
218007,Napoleon's Quagmire
288662,6 nimmt! 25 Jahre Schnupperspiel
125048,Dobble: Free Demo Version
291134,Mumbai Estate
288661,Spaß an Zahlen
285064,UNDO: Drowned Hopes
288939,The King's Storm Challenge
182225,Drinking Quest
256944,Drinking Quest 2: Yeddy Vedder's Yeti Adventure
256945,Drinking Quest 3: Nectar of the Gods
288773,The King's Challenge
303246,Nineveh: No Mercy
303247,Nineveh: Tug-of-War
296198,Celestial Stories
295012,Coral Relief
296188,Dust and Void
296193,Flowers Over Towers
296186,Icy Dice
296196,Islands of Atlantis
295011,Little Island Gift Shops
296201,Lost at Sea
296187,PenSylvania
295010,Scrapyard Rollbot
225908,Light Hunters: Battalion of Darkness
284194,Light Hunters: Battalion of Darkness – Rise of the East & Dawn of Amazonia
286364,Light Hunters: Wind of the Dunes & Tide of Atlantis
291693,PANDOS: The Family History Game Deluxe
271228,Rory's Story Cubes: Disaster
165521,Rory's Story Cubes: Medic
192323,Rory's Story Cubes: Rescue
285114,RONE: Last stand
6885,Rebels & Redcoats: Volume I
17644,Rebels & Redcoats: Volume II
19304,Rebels & Redcoats: Volume III
291683,PANDO: Embarassment Pack
291161,Pando: The Family History Game
103649,The City
291697,The City: Eco expansion
270603,The City: The Expanded City
15009,Humm Bug
116482,Tall Tales
277458,Kluster
356207,SINS: Collector
329215,SINS: Spheres of Torment – Trilogy Box
289801,Dice & Ink: A Roll & Write Anthology
188188,Complots
204803,Complots 2
188189,Complots: Saint Barthélemy
295824,Monopoly Speed
272408,Wizna 1939
282869,Battle over Europe
282870,North Cape
282868,Viking Fury
30082,Penal Battalion
12854,Sniper Attack
23961,Stringbags! Wargames Rules for Aerial Combat 1915 - 1918
9577,"Across Suez: The Battle of the Chinese Farm October 15, 1973"
4252,The Big Red One: The Game of the First Infantry Division at the Battle of the Bulge
4085,Leningrad
5291,Hedgerow Hell: ASL Deluxe Module 2
5292,Streets of Fire: ASL Deluxe Module 1
315192,Escape Room: The Game – The Break In
315191,Escape Room: The Game – Wild West Express
348102,King of the West
98210,Cross Keys: June 8th 1862
98103,First Kernstown: March 23rd 1862
98105,First Winchester: May 25th 1862
98102,Front Royal: May 23rd 1862
99010,Port Republic: June 9th 1862
157667,Cedar Mountain: August 9th 1862
301207,Chantilly: September 1st 1862
301206,Second Manassas: August 29th to August 30th 1862
157669,Beaver Dam Creek: June 26th 1862
301212,Gaines's Mill: June 27th 1862
147830,Glendale: June 30th 1862
147822,Malvern Hill: July 1st 1862
157666,Retreat to Harrison's Landing: June 30th to July 1st 1862
157670,Savage's Station: June 29th 1862
301210,Seven Pines: May 31st 1862
157668,Williamsburg: May 5th 1862
329497,SINS: Spawn of Minions – Trilogy Box
289190,Nineveh Card Deck System
1446,Cheater
31503,Slide 5
306336,Godzilla Rampage: Attack of the MUTO Supplement
176561,Godzilla Rampage: Invasion of Gamera Supplement
8533,Quintillions
13191,Super Quintillions
5012,Snit Smashing
710,Snit's Revenge!
21083,War Game Rules 1925-1950: Wargames Rules for All Arms Land Warfare From Platoon to Battalion Level
26365,Wargames Rules 1950-2000: Wargames Rules for All Arms Land Warfare From Platoon to Battalion Level
138169,Tony Bath's Ancient Wargaming
163154,Falling Sky: The Gallic Revolt Against Caesar
209343,Falling Sky: The Gallic Revolt Against Caesar – Ariovistus
297816,The Perfect Moment: A Job Interview Gone Wrong
295022,The Perfect Moment: A Little Espionage Gone Wrong
301209,The Perfect Moment: An Escape Plan Gone Wrong
182116,Dingo's Dreams
323145,First Strike!
323143,Iron and Fire
323146,Under Ten Flags: Hunting the Raider Atlantis 1939-1941
323148,XXI: The Naval Wonder Weapon 1943-1945
31219,Kamp Killjoy
8669,Suburban Slasher
215409,Escape Room: The Game – Murder Mystery
216961,Escape Room: The Game – Welcome to Funland
307719,Pizza Wars
4180,Pizza Wars Imperium
257096,Run Fight or Die: Reloaded
312503,Run Fight or Die: Reloaded – Solo Campaign Deck
176458,Rights
223770,Startups
262042,Gardens of Babylon
313781,Jetpack Joyride: Party Expansion
232405,Western Legends
244936,Western Legends: Fistful of Extras
244935,"Western Legends: The Good, the Bad, and the Handsome"
284180,D-Day Gold and Juno Beaches: Across the Orne
284178,D-Day Omaha Beach: Beach to Bocage
284179,D-Day Sword Beach: On to Caen
284177,D-Day Utah Beach: Landing & Linkup
287411,The Shivers
148951,Tiny Epic Kingdoms
155530,Tiny Epic Kingdoms: Deluxe Promo Pack
196832,Tiny Epic Kingdoms 2nd Edition: Deluxe Promo Pack
6710,Luck Plus
7803,O'NO 99
1961,5 Alive
2223,UNO
133975,Emden vs. Sydney
99969,Great War Salvo!: Solitaire Tactical World War I Naval Game
43558,"Monitor vs Merrimack: Battle of Hampton Roads, 1862"
175324,Fog of Love
241209,Fog of Love: Country Fair
262292,Fog of Love: It Will Never Last
262293,Fog of Love: Paranormal Romance
262295,Fog of Love: Trouble with the In-Laws
241208,Fog of Love: What Should We Go To?
229543,Sakura
238768,Sakura Extra
1258,Phase 10
2578,Phase 10 Dice
334349,Dungeon Fighter: Collector's Edition
233206,Werebeasts
6045,I Am Spartacus!
11294,"Pyrrhic Victory: Legion vs. Phalanx, 280-275 B.C."
4227,Successors: Clash of the Generals 323 - 310 BC
4231,Xenophon – March of the Ten Thousand 401 - 400 BC
213661,Food Truck Champion
239241,Food Truck Champion: Helpers Mini Expansion
125050,Pay Dirt
157922,"Pay Dirt: Old Timer, 1899er Mini-Expansion"
157921,Pay Dirt: Spectral Mini-Expansion
157814,Pay Dirt: The Last Frontier Mini Expansion
155708,Tiny Epic Defenders
162225,Tiny Epic Defenders: Kickstarter Mini-Expansion
19996,Nacht der Magier
12346,Spooky Stairs
259061,Skytear
291242,Skytear: Kurumo
291243,Skytear: Liothan
291244,Skytear: Nupten
291245,Skytear: Taulot
40946,Hakahana
22240,Jenaer Turm
40074,Ombagassische Würfelmagie
22239,Parade
22381,PotzKlotz
56576,Sofort
20072,Ultimus
317609,Be Humble
123123,BattleCON: Devastation of Indines
182608,BattleCON: Eliza Promo
242306,BattleCON: Jin the Dark King
204728,BattleCON: Trials of Indines
174400,BattleCON: Wanderers of Indines
34171,Potion-Making: Guild Of Alchemists
34169,Potion-Making: Practice
34170,Potion-Making: University Course
296736,Schnapp die Möpse
317195,Schnapp die Möpse: Beyond
300133,Schnapp die Möpse: Chaos Erweiterung
297317,Schnapp die Möpse: Rainbow Wars Erweiterung
70919,Takenoko
174095,Takenoko: Chibis
226631,War of the Worlds: The New Wave
275980,War of the Worlds: The New Wave – The Irish Sea
320681,Mythic Americas: Aztec & Tribal Nations Starter Set
320680,Mythic Americas: Warlords of Erehwon Rulebook
322203,Kraft Heinz Variety Game Pack
155821,Inis
255588,Inis: Seasons of Inis
320956,HEINZ Ketchup Dice Game
320953,JELL-O Jiggler Slap Game
320955,KRAFT Macaroni & Cheese Game
236301,Living Planet
242228,Living Planet: Industria
7229,Allerley Spielerey
310894,Sea Monsters!
7843,Caesar: Conquest of Gaul
5833,CAESAR: The Great Battles of Julius Caesar – The Civil Wars 48-45 B.C.
1380,Jockey
227120,Lion's Den: Western India Edition Board Game
198855,GearSeed
198778,SYNOD
262770,Twin Stars: Adventure Series II
181687,The Pursuit of Happiness
223456,The Pursuit of Happiness: Community
241728,The Pursuit of Happiness: Community KS Promos 2
271732,The Pursuit of Happiness: Experiences
297405,The Pursuit of Happiness: Experiences KS Promos 3
205483,The Pursuit of Happiness: KS Promos
323848,The Pursuit of Happiness: Nostalgia
128667,Samurai Sword
156042,Samurai Sword: Rising Sun
110483,Kuku
154252,Sergeant Major
15832,Cheat
43162,Pan
58452,DBR Army Lists Book 1
58456,DBR Army Lists Book 2
58457,DBR Army Lists Book 3
328323,Zombie Circus Goats 3000: The Everything Box
328322,Zombie Circus Goats: The Family Box
328293,Zombie Circus Goats
328296,Zombie Circus Goats: +2 Players Expansion Pack
328299,Zombie Circus Goats: RWC 1 – Real World Consequences Expansion Pack
328300,Zombie Circus Goats: Warning – There are Goblins Expansion Pack
328301,Zombie Circus Goats: Zombies Invade the Moon Expansion Pack
328297,Zombie Circus Goats: NSFW 1 – The Offendening Expansion Pack
328298,"Zombie Circus Goats: NSFW 2 – Fine, I'm Leaving Expansion Pack"
322289,Darwin's Journey
280430,Crimes in History: H. H. Holmes' Murder Castle
204880,Fallen Land: A Journey into Darkness
258100,Fallen Land: Outriders Trading Post
145478,HeartSwitch
1465,Wizard
302301,SINS: Gloom of Greed – Battle Pack
302302,SINS: Ooze of Gluttony – Battle Pack
294727,SINS: Rise of Wrath – Battle Pack
182380,Robogem
211948,Robogem: lisäkortit
302304,SINS: Era of Sloth – Battle Pack
302306,SINS: Eyes of Envy – Battle Pack
302303,SINS: Mark of Lust – Battle Pack
310611,Sherlock Far West: Disparos al amanecer
310610,Sherlock Far West: La Mina Maldita
310612,Sherlock Far West: Pacto con el diablo
221298,NewSpeak
282292,NewSpeak: Rated
282293,NewSpeak: Sabotage
559,Metro
330621,Metro: City Edition – Deluxe Big Box
230889,Aristeia!
325427,Aristeia!: Prime Time
220520,Caverna: Cave vs Cave
258647,Caverna: Cave vs Cave – Era II
294275,Way of the Samurai
317393,Way of the Samurai: Blood and Bushido
97114,Death Ride Kursk: 11th Panzer
95369,Death Ride Kursk: 3rd Panzer
172065,Death Ride Kursk: Das Reich
74136,Death Ride Kursk: Gross Deutschland
263282,Death Ride Kursk: III Panzer Korps
172066,Death Ride Kursk: IISS Enhancement
276043,Death Ride Kursk: Korps Raus
163921,Death Ride Kursk: Leibstandarte
154353,Death Ride Kursk: Totenkopf
262725,Death Ride Kursk: XLVIII Enhancement
331960,Campaign Trail (Second Edition)
331872,Campaign Trail: Timed Releases Promo Pack
331852,Campaign Trail (Second Edition with Green Party Expansion)
331962,Campaign Trail (Second Edition): Green Party Expansion
331755,Campaign Trail (Second Edition): Kickstarter Edition
169436,Speedy Words
195421,Near and Far
236667,Near and Far: Amber Mines
207830,5-Minute Dungeon
253170,5-Minute Dungeon: Curses! Foiled Again!
206437,Drinking Quest: Journey into Draught
263317,Drinking Quest: Liquor Before Honor
313964,Drinking Quest: Old Habits
37036,Lifeboat Expansion #1: Cannibalism
85927,Lifeboat Expansion #2: Liquid Courage
105046,Lifeboat Expansion #3: Weather Deck
299733,Sanctuary: The Keepers Era
275783,Turbulences
321047,Dungeon Fighter in the Castle of Frightening Frosts
321044,Dungeon Fighter in the Catacombs of Gloomy Ghosts
315976,Dungeon Fighter in the Chambers of Malevolent Magma
315975,Dungeon Fighter in the Labyrinth of Sinister Storms
216199,Smash Up: Big in Japan
177802,Smash Up: It's Your Fault!
121921,Robinson Crusoe: Adventures on the Cursed Island
157040,"Robinson Crusoe: Adventures on the Cursed Island – ""King Kong"" Scenario"
170907,"Robinson Crusoe: Adventures on the Cursed Island – ""Treasure Island"" Junior Scenario"
336348,Robinson Crusoe: Collector's Edition Upgrade Pack
265017,Tortuga 2199
333489,Tortuga 2199: Shipwreck Bay
275589,Pocket Detective
314395,Pocket Detective №2
322148,Pocket Detective: Die Bombe tickt
188784,Four Roads to Paris
249814,Crimson Company
309546,Crimson Company: Ragnarok
292086,Crimson Company: The Other Side
115105,Kittens in a Blender
177567,More Kittens in a Blender
39363,Aseb
31382,Monkey Business
8222,Spank the Monkey
220199,Snappy Dressers
229315,Escape Room: The Game – Virtual Reality
3078,Knockabout
3057,Warp 6
320136,Naruto: Ninja Arena
320981,Naruto: Ninja Arena – Genin Pack Expansion
259134,Adeptus Titanicus: The Horus Heresy Rules Set
158973,Albion's Legacy
198487,Smash Up: Cease and Desist
216658,Smash Up: What Were We Thinking?
338980,Eastern Empires
285983,Eastern Empires: The Special Buildings Expansion
267304,Western Empires
285327,Western Empires: The Special Buildings Expansion
84727,Die kleine Hexe: nach dem Buch von Ottfried Preußler
113462,Neues vom Räuber Hotzenplotz
288798,Kings of War (Third Edition)
323371,Kings of War: Halpi's Rift / Clash of Kings 2021 Updates
33595,9tka
301687,Quartieri
293101,SQU
318702,Tumbleweed
270700,Sword & Sorcery: Ancient Chronicles – Alternate Hero Set
338705,Sword & Sorcery: Ancient Chronicles – Challenge Set
266013,Sword & Sorcery: Ancient Chronicles – Chaotic Familiars
338702,Sword & Sorcery: Ancient Chronicles – Genryu/Shakiko Hero Pack
338793,Sword & Sorcery: Ancient Chronicles – Ghost Soul Form Heroes
338706,Sword & Sorcery: Ancient Chronicles – Kickstarter Set
266014,Sword & Sorcery: Ancient Chronicles – Lawful Familiars
338704,Sword & Sorcery: Ancient Chronicles – Nemeses
338701,Sword & Sorcery: Ancient Chronicles – Sigrid/Sigurd Hero Pack
338648,Sword & Sorcery: Ancient Chronicles – Spawn Gates and Gods' Altars
285036,Shadow Kingdoms of Valeria
337461,Shadow Kingdoms of Valeria: Rise of Titans
84503,The Battle for Normandy: Expansion
17294,Prehistoric Settlement
241387,The Valley of Alchemists: Ghost Expansion
215616,Ascension: Gift of the Elements
230273,Ascension: Valley of the Ancients
355997,Thunder Road: Vendetta – Maximum Chrome
342544,Sunder
342418,Omny
353667,Detecteam Family: 3 in 1
134253,Hostage Negotiator
172637,Hostage Negotiator: Abductor Pack 1
172638,Hostage Negotiator: Abductor Pack 2
182398,Hostage Negotiator: Abductor Pack 3
182399,Hostage Negotiator: Abductor Pack 4
205050,Hostage Negotiator: Abductor Pack 5
205051,Hostage Negotiator: Abductor Pack 6
205052,Hostage Negotiator: Abductor Pack 7
226443,Hostage Negotiator: Abductor Pack 8
198707,Hostage Negotiator: Crime Wave
312267,Star Wars: Unlock!
123260,Suburbia
145196,Suburbia Inc
152,Mü & More
1973,Outburst Junior
8998,Taboo Junior
287893,Scharz
286735,Muffin Time
313909,Muffin Time: Pie Flavour Pack
313908,Muffin Time: Rainbow Pack
2921,The Game of Life
1797,Pay Day
230505,BANG! Armed & Dangerous
107794,BANG! Gold Rush
130046,BANG! The Valley of Shadows
66508,BANG! Wild West Show
289940,Village Pillage: Surf
329436,Village Pillage: Surf & Turf
289941,Village Pillage: Turf
104769,Jungle Speed: Electronique
321306,Crime Zoom: A Deadly Writer
321305,Crime Zoom: Bird of Ill Omen
294235,Crime Zoom: His Last Card
321307,Crime Zoom: No Furs
145549,Islands of the Damned: Wake Island and Peleliu
342894,Mythic Mischief
347745,Mythic Mischief: Ghosts Expansion
347744,Mythic Mischief: Trolls Expansion
347743,Mythic Mischief: Witches Expansion
335845,King of the West: The Banished
335844,King of the West: The Mavericks
299069,King of the West: The Vigilant
317720,Impendium
308566,Nova Lux
2821,UNO Stacko
148180,Fox and Hounds
241852,Museum: The Archaeologists
242410,Museum: The Black Market
241857,Museum: The Cthulhu Relics
295378,Museum: The Historians
242411,Museum: The People's Choice
241855,Museum: The World's Fair
15959,Baby Boomer
19185,Cosmic Wow
19235,Drive By
19234,Escape from Westerville State
19166,Geriatric Wars
350943,The Hunt for Bread in October
350949,The Viral Vegetable Wars
350959,War on High
350968,Bug Squash
350966,Giant Japanese Monster Squash
350964,Mec Squash
16640,Monster Squash
350965,Mutant Squash
179222,Panzer Squash
350967,People Squash
193953,Mistfall: Heart of the Mists
7779,Heart of Oak: Naval Miniatures Rules for the Age of Fighting Sail
230265,Chronicles of Frost
244711,Newton
286287,Newton: Great Discoveries Expansion
265290,Newton: Robert Hooke Promo Card
265291,Newton: Stephen Hawking Promo Card
154880,Voodoo
191182,Vudù: Double Trouble
287501,Vudù: Mostri vs Alieni
169800,Vudù: Ninjas vs Pygmies
213873,Vudù: Zombi vs Barbari
137794,Jarmo
40573,Ming Mang
28128,Pah Tum
108939,Rimau
39614,Sz'Kwa
43034,Tonkin
342736,Detecteam Family: A Pie Gone Missing
352181,Detecteam Family: Cheating Champions
342730,Detecteam Family: One Egg Too Many
8081,The Cat in the Hat Game
23416,Dr. Seuss's ABC
8106,One Fish Two Fish Red Fish Go Fish! Card Game
306311,Eternal Palace
342070,Thunder Road: Vendetta
347977,Thunder Road: Vendetta – Big Rig and the Final Five
347978,Thunder Road: Vendetta – Carnage at Devil's Run
347976,Thunder Road: Vendetta – Choppe Shoppe
355996,Thunder Road: Vendetta – Extra Ammo Mini-Expansion Pack
349169,Terra Mystica: Automa Solo Box
280885,Terra Mystica: Merchants of the Seas
154298,Alchemy!
181559,"Alchemy!: Famous Alchemists, Amazing Potions, & Remarkable Places"
300298,PARKS Memories: Coast to Coast
300296,PARKS Memories: Mountaineer
300076,PARKS Memories: Plains Walker
305954,Eclipse: Second Dawn for the Galaxy – Galactic Events
305950,Eclipse: Second Dawn for the Galaxy – Minor Species
305955,Eclipse: Second Dawn for the Galaxy – Rift Cannon
350921,Eclipse: Second Dawn for the Galaxy – Turn Order Variant
5077,Chaos
6862,Laska
192458,51st State: Master Set
264003,51st State: Master Set – Allies
314563,51st State: Master Set – Moloch
357723,51st State: Master Set – No Man's Land
210696,51st State: Master Set – Scavengers
127981,Dungeon Heroes
135612,Dungeon Heroes: Expansion Pack
213790,Castle Von Loghan
320718,Hidden Leaders
359520,Hidden Leaders: Queens & Friend
325681,Sherlock: Asesinato en el Sind Mail
325678,Sherlock: Ensayos Fabianos
325679,Sherlock: La copia
140045,Viticulture: Kickstarter Promotional Cards
48791,"Pandemie: Uitbreiding ""De Generalist"""
245664,Spirit Island: Champions of the Dahan Token Pack
270439,Race for the Galaxy: Expansion and Brinkmanship
265081,Terraforming Mars: Atmo Collectors Promo Card
265083,Terraforming Mars: Jovian Lanterns Promo Card
265084,Terraforming Mars: Lunar Exports Promo Card
225704,Great Western Trail: Promo Station Master Tiles
238620,Great Western Trail: The Eleventh Building Tile
160095,Каркассон: Предместья и обитатели
245646,Champions of Midgard: Jarl Edition
344719,Чемпионы Мидгарда. Вальхалла и Тёмные горы
200200,Xia: Print and Play Mini Expansion
175844,Orléans: Weinberge
85450,Arkham Horror: The Dunwich Horror (Herald)
30746,Ticket to Ride: Switzerland
130655,Viticulture: Arboriculture Expansion
172592,Dominion: Alchemisten & Reiche Ernte – Mixbox
177903,Dominion: Guilds & Cornucopia
301401,Rovers van de Noordzee: Helden uit het Noorden
75259,Hoogspanning: Uitbreiding Benelux
358526,파워그리드 재충전 확장: 지도 모음집 (Power Grid Recharged – Map Collection)
83445,7 Wonders: Manneken Pis
241991,Small World: Power Pack 1
102696,Hoogspanning: Het Verre Oosten
332410,Suburbia Expansions (second edition)
241989,Small World: Power Pack 2
106645,Ticket to Ride Map Collection: Volume 2 – India & Switzerland
217947,Catan: Seefahrer – 20 Jahre Jubiläums-Edition
155127,Sid Meier's Civilization: The Board Game – die Griechen Promo Card
292800,Spirit Island: Seele des Flächenbrands
275756,Spirit Island: Unter der Insel schlummernde Schlange
356510,Spirit Island: Feather & Flame
224479,Rising Sun: Kami Unbound
224653,Rising Sun: Monster Pack
308603,"Rising Sun: Promo 1 – Sacred Warrior, Phoenix, and Nure-Onna"
217278,Sentinels of the Multiverse: Shattered Timelines & Wrath of the Cosmos
186293,Mysterium: Promo Cards
312514,The 7th Continent: A Prison of Clouds
312515,The 7th Continent: Forgotten Passages
311177,The 7th Continent: The Crystal's Song
312513,The 7th Continent: The Veins of the Earth
270125,Puerto Rico: Expansions 1&2 – The New Buildings & The Nobles
40688,Treasure Chest
167897,King of New York: 55 Central Park West
153527,Sentinels of the Multiverse: Rook City & Infernal Relics
352237,Звёздные империи: Гамбит (Star Realms: Gambit)
181336,Machi Koro: Großstadt-Erweiterung
280191,Machi Koro: The Harbor & Millionaire's Row Expansions
316175,Tiny Epic Galaxies: Beyond the Black – Deluxe Edition
85449,Arkham Horror: The Dark Pharaoh (Herald)
38876,Stone Age: The New Huts
20857,"Shadows over Camelot: Sir Bedivere, the 8th Knight"
24506,Carcassonne: Kreivi ja Kuningas
160096,Каркассон: Дворяне и Башни
224654,Rising Sun: Daimyo Box
209358,Dominion: Intrigue – Update Pack
353580,Abyss: Kraken & Leviathan
164015,Seasons: Igramul the Banisher
274115,Quarriors!: Quarmageddon e Quest of the Qladiator
195556,Onitama: Phoenix and Turtle Promo Cards
280180,Onitama: Sensei's Path et Way of the Wind
20038,Catan: Event Cards
42147,Der Hafenmeister
19343,The Settlers of Catan: The Fishermen of Catan
20247,The Settlers of Catan: The Great River
26079,Die Siedler von Catan: Die große Karawane
258319,Alien Frontiers Factions: Definitive Edition
318691,"Hero Realms: 5 Personaggi – Chierico, Guerriero, Ladro, Mago, Ranger"
343834,Deception: Undercover Allies – Kickstarter Edition
220266,Smash Up: All Stars
187740,Dominion: Fan-Edition I
147918,BANG! Dodge City with High Noon expansion
133967,Eclipse: Rise of the Ancients – The Tractor Beam
177156,Survive: Dolphins & Squids & 5-6 Players...Oh My!
317189,Meeple BR Jogos Promo Pack #1
156755,Star Realms: BGG Store Promo Set One
160970,Star Realms: Promo Set Two
109632,Small World: Tunnels
21367,Sankt Petersburg: Das Bankett
346618,Spirit Island: Finder unsichtbarer Wege
219102,Mystic Vale: Das Tal der Magie & Das Tal der Wildnis
260837,Summoner Wars: Alliances Master Set Big Box
123726,Sentinels of the Multiverse: Infernal Relics
110242,Sentinels of the Multiverse: Rook City
149890,Terra Mystica: 4 Town Tiles
150740,Terra Mystica: Shipping Value promo card
169521,Commands & Colors: Ancients Expansions #2 and #3 – Rome vs the Barbarians; The Roman Civil Wars
29718,Die Siedler von Catan: Kartenspiel – Ritter & Händler
29717,Die Siedler von Catan: Kartenspiel – Wissenschaft & Fortschritt
29714,Die Siedler von Catan: Kartenspiel – Zauberer & Drachen
318351,Nemesis: Aftermath
313790,Nemesis: Void Seeders
312736,Nemesis: Aftermath & Void Seeders & Medic
302242,Colt Express: Promo Cards
284466,Obsession: Promotional Cards
350961,Blood Rage: Mountain Giant
310026,Blood Rage: Mystic Troll
305650,Trismegistus: The Ultimate Formula – Teotihuacan: Shadow of Xitle Promo Tile
289056,Everdell: Spirecrest
334946,Everdell: Spirecrest – Trailblazers Pack
179205,Stadt Land Spielt Limitierter Sonderdruck Tag des Gesellschaftsspiels
328657,Anachrony: Infinity Upgrade Pack Box
151648,Neuroshima Hex! 3.0: Neojungle
152069,Neuroshima Hex! 3.0: New York
59158,Agricola CZ-Deck
38733,Agricola X-Deck
39090,Agricola: L-Deck
39256,Agricola: Ö-Deck
96323,Survive: Escape from Atlantis! 5-6 Player Mini Expansion
85990,Survive: Escape from Atlantis! The Giant Squid Mini Expansion
55090,Dice Town: The Indians
133993,7 Wonders: Wonder Pack
240963,This War of Mine: Farmers
240961,This War of Mine: Incidents
240965,This War of Mine: Sewers
226690,Arkham Horror: The Card Game – Marie Lambeau Promo Cards
255258,Champions of Midgard: Gullinkambi Public Boat Promo
255260,Champions of Midgard: Shipwreck Journey Promo Cards
163322,The Resistance: Hidden Agenda & Hostile Intent
161978,Spartacus: A Game of Blood & Treachery – House Calavius
290975,Trickerion: Collector's Upgrade Pack
14337,Munchkin 2/3: L'Ascia o Raddoppia
235837,Boss Monster: Totale Zerstörung!
311901,Blood Rage: Fenrir
193898,Blood Rage: Hili – The Even-Handed
193282,Munchkin 3+4
228386,Dominion: Erweiterung – Basisspiel & Die Intrige
214019,Cards Against Humanity: Red Box
315048,Survive: Escape from Atlantis!
266156,Arkham Horror (Third Edition): Arkham Nights 2018 Promotional Character Card Set
146565,Mascarade: The Damned
144984,Mascarade: Usurper
183275,BANG! Expansion Pack
161953,BANG! High Noon/A Fistful of Cards
184685,Jambo: Nieuwe avonturen en ontmoetingen
329718,Nidavellir: Jarika The Rogue Promo Card
356849,DC Deck-Building Game: Crisis Collection 1
195223,Flash Point: Fire Rescue – Fire Prevention Specialist
259996,Everdell: Pearlbrook
359427,Marvel United: Kickstarter Promos Box (X-Men Edition)
211659,Каркассон: Наука и магия
256986,Cthulhu: Death May Die – Unspeakable Box
294149,The North Sea Runesaga: Fifth Player Expansion
109012,Agricola: De Lage Landen
186885,Stadt Land Spielt Limitierte Sonderdrucke 2015
331478,Spielbox-Almanach 25 Jahre Hans im Glück Beilage
107576,Stone Age: The Expansion
348794,Arcadia Quest: Poison Dragon
339751,Звёздные империи: Альянс
38997,Power Grid: Flux Generator
111144,Power Grid: Theme Park
55201,Power Grid: Transformer Station
84462,Power Grid: Warehouse
88491,Power Grid: BGG Promo Card Set
583,The El Grande Expansions
233591,Onitama: Goat and Sheep Promo Cards
324882,Catan: Das Duell – Finstere & Goldene Zeiten
147541,Stone Age: Casino
256985,Cthulhu: Death May Die – Yog–Sothoth
351326,Thunderstone Quest: To the Barricades
162890,The Resistance: Hidden Agenda
162889,The Resistance: Hostile Intent
162856,The Resistance: Rogue Agent and Sergeant Modules
193283,Munchkin 5+6
139051,"Munchkin 5, 6 e 7: Tutti i Mostri Fatti a Fette"
160481,Ghost Stories: Band of Brothers
166161,Ghost Stories: Guard Tower
38188,Neuroshima Hex! Babel13
198025,Star Realms: Battle Barge Promo Card
255243,Star Realms: Battle Screecher Promo Card
198027,Star Realms: Breeding Site Promo Card
255245,Star Realms: Fortress Oblivion Promo Card
255242,Star Realms: Megahauler Promo Card
172403,Star Realms: Mercenary Garrison Promo Card
195557,Star Realms: Security Craft Promo Card
255244,Star Realms: Starbase Omega Promo Card
164343,Star Realms: Starmarket Promo Card
182075,Star Realms: The Ark Promo Card
176331,Firefly: The Game – Card Pack
165351,Louis XIV: The Favourite
165358,The Princes of Florence: The Muse and the Princess
165355,San Juan: The New Buildings & The Events
165354,Witch's Brew: The 6th Player & The Amulets & The Magical Abilities
276229,Scythe: Bonus Promo Pack – 6 Promo Encounter Cards numbers 37-42
252896,Arkham Horror: The Card Game – The Eternal Slumber: Scenario Pack
252897,Arkham Horror: The Card Game – The Night's Usurper: Scenario Pack
2915,Catan Card Game: Expansion Set
154961,Die Siedler von Catan: Kartenspiel – Magier & Forscher
168032,Robinson Crusoe: Adventures on the Cursed Island – Promo Pack
270101,Robinson Crusoe: Adventures on the Cursed Island – Ready for Anything 2
304337,Robinson Crusoe: Adventures on the Cursed Island – Treasure Chest
185797,Robinson Crusoe: Schatzkiste
192661,Mysterium: Hidden Signs
214021,Cards Against Humanity: Blue Box
13300,Carcassonne: Die Katharer
155354,Die Siedler von Catan: Kartenspiel – Kämpfer & Kaufleute
358808,Smash Up: 10th Anniversary
342515,Welcome To...: Dry Erase Expansions
283991,Welcome To...: Halloween & Christmas Lights Thematic Neighborhoods
179417,Orléans: Neue Ortskarten N°1
128152,Among the Stars: Ambassadorial Shuttle
125841,Among the Stars: Indiegogo Promos
142599,Among the Stars: Pre-order Promo Cards
149903,Among the Stars: Section Seal
157934,Pośród Gwiazd: Zestaw 7 dodatkowych kart
230345,Zombicide: Green Horde – Fatty Bursters
147542,Elfenland: Back to the Roads
122213,Elfenland: Der Elfen-Zauberer
316179,Tiny Epic Defenders: The Dark War – Deluxe Edition
265375,Welcome To...: Doomsday Thematic Neighborhood
276944,Welcome To...: Solo Mode
278207,Welcome To...: Spring Thematic Neighborhood
155192,Knightmare Chess (Third Edition)
30966,Tempête sur l'Échiquier
297107,Munchkin 6: Double Dungeons
188571,Sentinels of the Multiverse: 2015 Holiday Promo Pack
134394,Sentinels of the Multiverse: America's Greatest Legacy Promo Card
191287,Sentinels of the Multiverse: Chrono-Ranger – The Best of Times Promo Card
335633,Sentinels of the Multiverse: Completionist Guise Promo Card
134391,Sentinels of the Multiverse: Dark Visionary Promo Card
151555,Sentinels of the Multiverse: Dark Watch Promo Pack
207879,Sentinels of the Multiverse: Dice Tower Kickstarter Promo Pack 2016
134392,Sentinels of the Multiverse: Freedom Six Promo Pack
146417,Sentinels of the Multiverse: G.I. Bunker Promo Card
165194,Sentinels of the Multiverse: KNYFE Rogue Agent Promo Card
169968,Sentinels of the Multiverse: Kvothe Six-String Argent Adept Promo Card
124138,"Sentinels of the Multiverse: Ra, Horus of Two Horizons Promo Card"
124773,Sentinels of the Multiverse: Redeemer Fanatic Promo Card
111340,Sentinels of the Multiverse: Rook City – The Wraith Promo Card
191286,Sentinels of the Multiverse: Scholar of the Infinite Promo Card
191290,Sentinels of the Multiverse: The Adamant Sentinels Promo Pack
134393,Sentinels of the Multiverse: The Eternal Haka Promo Card
191289,Sentinels of the Multiverse: The Hunted Naturalist Promo Card
163659,Sentinels of the Multiverse: The Prime Wardens Promo Pack
164439,Sentinels of the Multiverse: The Super Scientific Tachyon Promo Card
109968,Sentinels of the Multiverse: Young Legacy Promo Card
190049,Orléans: Fan-Kit
285826,Ultra-Tiny Epic Galaxies
232298,Deutscher Spielepreis 2017 Goodie Box
191361,Splendor: AsmOPlay Kit
315961,Blue Moon City: Hospital & Meeting Hall Promo Tiles
315962,Blue Moon City: Theater & Golden Shrine Promo Tiles
297787,Gùgōng: The Stairs of the Palace
274795,Tainted Grail: Age of Legends & Last Knight Campaigns
43262,Neuroshima Hex! Duel
221033,Scythe: Promo Pack #11 – Encounter Card 39
232176,Scythe: Promo Pack #12 – Encounter Card 40
232087,Scythe: Promo Pack #13 – Encounter Card 41
237663,Scythe: Promo Pack #14 – Encounter Card 42
212879,Scythe: Promo Pack #6 – Encounter Card 37
204984,Scythe: Promo Pack #7 – Encounter Card 38
328395,Anachrony: Promo Pack
232977,Massive Darkness: A Quest of Crystal & Lava
227976,Zombicide: Black Plague – Abominarat and Dr. Stormcrow
311069,Zombicide: Black Plague – Grin and Scowl
186236,Orléans: Die Reise nach Tours
296100,Rococo: Deluxe Edition
227689,Zombicide: Black Plague – Bob and Montalban
333096,Zombicide: Black Plague – Gilbert & Mortimer
228658,Zombicide: Black Plague – Troy and Evil Troy
122316,Small World: Realms
319080,Cartographers: New Discoveries
353949,"Mini expansion set for Sprawlopolis, Circle the Wagons, Stew and Tussie Mussie"
256377,Nemesis: Aftermath & Void Seeders
2459,Planes & Trains
195621,Tiny Epic Kingdoms: Heroes' Call – Deluxe Edition
186955,Exodus: Edge of Extinction – Kickstarter Edition
134674,Sherlock Holmes Détective Conseil: La Piste Tordue
146392,En studie i brott
245744,Great Western Trail: Rails to the North
240964,This War of Mine: Orphans
35666,"Carcassonne: Cult, Siege & Creativity"
165458,Small World: A Spider's Web
302961,The Resistance: Avalon X
35704,Shadows over Camelot: Merlin's Company
234158,Rajas of the Ganges: Mango Village
264018,Rajas of the Ganges: Snake Expansion
264233,Rajas of the Ganges: Tiger Expansion
275077,Valeria: Reinos de Cartas – Refuerzos
149433,Firefly: The Game – Big Damn Heroes Promo Cards
149495,Firefly: The Game – Mal's Pretty Floral Bonnet Promo Card
149796,Firefly: The Game – Wash's Lucky Dinosaurs Promo Card
73833,Agricola: The Goodies Expansion
174089,Dixit: Anniversary Pack
359421,The Lord of the Rings: The Card Game – Angmar Awakened Campaign Expansion
359420,The Lord of the Rings: The Card Game – Angmar Awakened Hero Expansion
311539,Escape Room: The Game
341942,Escape Room: The Game – Exp 1
24089,Commands & Colors: Ancients Expansion Pack #2 – Rome vs the Barbarians
29853,Commands & Colors: Ancients Expansion Pack #3 – The Roman Civil Wars
193285,Munchkin 7+8
174239,Bohnanza: Bohnaparte & High Bohn
327573,Vikings Gone Wild: Saga Mega Expansión
183316,Agricola: Glon­na­cker
186273,Werwölfe Vollmondnacht: Der Prinz
287145,One Night Ultimate: Bonus Roles
130818,Zooloretto: Goodie-Box
40822,Zooloretto: Rio Grande Games Expansion Pack #1
308124,Hostage Negotiator: Expansións #1 and #2
265376,Welcome To...: Outbreak Thematic Neighborhood
278208,Welcome To...: Summer Thematic Neighborhood
272183,Valeria: Card Kingdoms – Shadowvale: Kickstarter Edition
212379,Boss Monster: Reactor Core
298535,Deluxe Advanced Squad Leader
225880,Stadt Land Spielt Limitierte Sonderdrucke 2013
215341,Thunderstone Quest
217761,Destination Fun Combo Pack
269742,"Robinson Crusoe: Adventures on the Cursed Island – ""Adventure in Neverland"" Junior Scenario"
210429,"Robinson Crusoe: Adventures on the Cursed Island – ""Poachers"" Scenario"
264179,"Robinson Crusoe: Adventures on the Cursed Island – ""Time Travel"" Scenario"
162959,"Robinson Crusoe: Adventures on the Cursed Island – ""Tracing Doctor Livingstone"" Scenario"
149350,Robinson Crusoe: Adventures on the Cursed Island – Additional Beast Cards
189832,Robinson Crusoe: Adventures on the Cursed Island – Crewmen Deck I
179658,Robinson Crusoe: Adventures on the Cursed Island – Discovery Tokens
286649,Robinson Crusoe: Adventures on the Cursed Island – Discovery Tokens Set II
220964,Robinson Crusoe: Adventures on the Cursed Island – Event Cards
168588,Robinson Crusoe: Adventures on the Cursed Island – Gamer Character
239151,Robinson Crusoe: Adventures on the Cursed Island – Herb Garden and Pen
263875,Robinson Crusoe: Adventures on the Cursed Island – Hunting Adventures
175182,Robinson Crusoe: Adventures on the Cursed Island – Hunting Dog
256211,Robinson Crusoe: Adventures on the Cursed Island – Mystery Cards I
156823,Robinson Crusoe: Adventures on the Cursed Island – Sailor Character
156413,Robinson Crusoe: Adventures on the Cursed Island – Searching the Beach
180550,Robinson Crusoe: Adventures on the Cursed Island – Secret Trait Cards
258682,Robinson Crusoe: Adventures on the Cursed Island – Shelter Upgrades
162604,Robinson Crusoe: Adventures on the Cursed Island – Spyglass of Illusory Hope
132445,Robinson Crusoe: Adventures on the Cursed Island – Trait Cards I
150194,Robinson Crusoe: Adventures on the Cursed Island – Trait Cards II
272644,Robinson Crusoe: Przygoda na przeklętej wyspie – Kafel Wulkanu
339496,Robinson Crusoe: Przygoda na Przeklętej Wyspie – Szklane Pomysły
271874,Welcome To...: Easter Egg Hunt & Doomsday Thematic Neighborhoods
179178,Peloponnes Box
303600,Marvel United: Enter the Spider-Verse
232394,Spirit Island: Promo Pack 1
94614,Yggdrasil: Frigg Promo
110897,Yggdrasil: Vidar Promo
234672,Massive Darkness: Lightbringer Pack
153805,Fief: France 1429 – Crusades Expansion
169149,Fief: France 1429 – Politics
169148,Fief: France 1429 – Tactics
153242,Fief: France 1429 – Templars Expansion
153648,Fief: France 1429 – Teutonic Knights Expansion
321773,Marvel United: Enter the Spider-Verse – Kickstarter Edition
158292,Sons of Anarchy: Men of Mayhem – Grim Bastards
331669,Rovers van de Noordzee: Promodeck
327613,Räuber der Nordsee: Held Mico
327614,Räuber der Nordsee: Steinmetz & Wachmann
205611,Deutscher Spielepreis 2016 Goodie Box
302670,Marvel United: Guardians of the Galaxy Remix
265377,Welcome To...: Halloween Thematic Neighborhood
265374,Welcome To...: Winter Wonderland Thematic Neighborhood
124558,Super Dungeon Explore: Fireflow Denizens
124556,Super Dungeon Explore: Rock Top Gang
206057,Vast: The Crystal Caverns – Silver Gauntlet Promo Card
206056,Vast: The Crystal Caverns – Treasure Trove Promo Card
358425,Escape Room: Spillet 2
195338,Sentinels of the Multiverse: Complete Hero Variant Collection
240977,Unstable Unicorns: Apocalypse Expansion Pack
281323,Unstable Unicorns: Rainbow Sprinkles Expansion Pack
161805,Munchkin Fatine e Folletti
138960,Munchkin Game Changers
165684,Munchkin Turbobooster 1
326728,Munchkin: Dragones Molones
92502,Runebound Essential Collection
163274,Vinhos: The Advertisers
339951,Vinhos Deluxe Edition: Expansion Bundle
302668,Marvel United: Tales of Asgard
345153,Evolution: Expansion – Time To Fly and Continents
169092,Ewolucja: Pochodzenie gatunków – Rozszerzenie
351928,Roll Player: 3 Card Promo Pack
132959,Sentinels of the Multiverse: Shattered Timelines
154828,Sentinels of the Multiverse: Wrath of the Cosmos
248506,Talisman (Revised 4th Edition): The Lost Realms
285827,Notre Dame: The New Persons (Set 1 & 2)
185242,Ghost Stories: Promo Pack
236206,"The 7th Continent: What Goes Up, Must Come Down"
132834,Legends of Andor: Liberating the Mine
141018,Legends of Andor: The King's Escort
132422,Legends of Andor: Wolf Warrior
204573,Brettspiel Adventskalender 2016
308365,Hostage Negotiator: Expansions #3 and #4
231506,Brettspiel Adventskalender 2017
272257,Welcome To...: Ice Cream Truck & Outbreak Thematic Neighborhoods
146690,Eclipse: Ship Pack One
215186,Santa's Renegades
333145,骇浪求生大盒版 (Lifeboat Big Box)
268798,Imperial Settlers: Fette Beute
165685,Munchkin Turbobooster 2
312905,Munchkinomicon
352696,Cartographers: Packs de parchemins
341699,Der Kartograph & Die Kartographin: Unbekannte Lande
279903,Dark Tales: Snow White and Little Red Riding Hood
309115,Nusfjord: Solo Challenge
286383,Rajas of the Ganges: Goodie Box 1
278814,Rajas of the Ganges: Blessings of Kedarnath
158489,Snowdonia: Erweiterung
29549,Saint Petersburg: New Society & Banquet Expansion
234042,Sword & Sorcery: Onamor and Volkor
255681,Terraforming Mars: Colonies
183682,Orléans: Invasion
32311,Zooloretto: Building Sites
32332,Zooloretto: Polar Bear
29779,Zooloretto: The Petting Zoo
30139,Zooloretto: Three Additional Buildings
29652,Zooloretto: Three Extra Enclosures
240267,Evolution: Claws
195586,Evolution: Scenario Cards
257925,Menara: The Golden Columns of Menara
230511,Boss Monster: Malakill Promo Card
203888,51st State: Master Set – Pre-Order Promos
357813,51st State: Ultimate Edition – Gamefound expansions
142850,Francis Drake: Montezuma's Legacy Expansion
142391,Francis Drake: Spain's Revenge Expansion
349595,Smash Up: Tournoi TITANS Saison 1
349594,Smash Up: Tournoi TITANS Saison 2
157427,Smash Up: The Big Geeky Box
247898,Smash Up: The Bigger Geekier Box
356854,DC Deck-Building Game: Crossover Collection 1
84870,Munchkin Sammlerkoffer
321775,Marvel United: Guardians of the Galaxy Remix – Kickstarter Edition
331233,Hero Realms: Kickstarter Promo Pack
256951,Brettspiel Adventskalender 2018
47156,Ystari Box
289400,Orlean: Zagroda
189623,Orléans: Christmas Market
210145,Orléans: Prairie
277668,Between Two Castles of Mad King Ludwig: Bonus Card Promo Pack #1
279357,Between Two Castles of Mad King Ludwig: Dice Tower Room Promo Tile
279359,Between Two Castles of Mad King Ludwig: Saxophone Room Promo Tile
245846,Nemesis: Medic Character Expansion
234953,Cthulhu Wars: 6-8 Player Map Pack
270340,Raccoon Tycoon: Jack Rabbit Railroad
290720,Raccoon Tycoon: New Town Promo Cards
153284,Munchkin Triple Play: Set 2
188593,Thunderstone: Promokarte Wächter der Stärke
337330,Canvas: Reflections – Deluxe Edition
283282,Level Up Loot: One
321774,Marvel United: Tales of Asgard – Kickstarter Edition
161796,Munchkin Draghetto o Scherzetto
256565,Hellboy: The Board Game – Darkness Calls
256566,Hellboy: The Board Game – In Mexico
228673,Die Legenden von Andor: Die Bonus-Box
248155,Baseball Highlights: 2045 – Grand Slam Expansion Pack
242424,"""The Naturalist"" Scenario (fan expansion for Robinson Crusoe: Adventures on the Cursed Island)"
154029,Es war einmal: Magische Märchen & Ritterliche Romanzen
282822,Sheriff of Nottingham: 2018 Promo Pack
170393,Sentinels of the Multiverse: Gloomweaver – Skinwalker Promo Card
213119,Sentinels of the Multiverse: Spite Agent of Gloom Promo Card
319311,King's Forge: Queen's Jubilee
260000,Escape Room: The Game (Escape Rooms II)
296948,Escape Room: The Game 2
178656,Brettspiel Adventskalender 2015
210164,Raiders of the North Sea: Fields of Fame
210163,Raiders of the North Sea: Hall of Heroes
249301,Raiders of the North Sea: Solo Variant
333617,Altar Quest: Call of the Lunarin
316190,Maracaibo: Flying Dutchman Promo Tile
313600,Maracaibo: Own Monument Promo Card
279067,"Obsession: Upstairs, Downstairs"
150635,Amyitis: The Palace
150637,Caylus Magna Carta: The Favors
150634,Metropolys: Extension Cards
30762,Mykerinos: The Nile
150638,Sylla: Caveant Consules
149959,Yspahan: The Souks
291421,Isle of Skye: Peças Promocionais
133572,Munchkin Holiday Surprise
327389,Munchkin: Destruye la Navidad
154417,The Lord of the Rings: The Card Game – Game Night Kit 2013 Season One
356147,Glass Road: Upgrade Promo Pack
224686,Twilight Struggle: Turn Zero and Promo Packs
173,Formula Dé
301254,Teotihuacan: City of Gods – Promo Bundle
147247,Zombicide: Set #2 – Survivors & Zombivors
327390,Dice Hospital: Community Care (Kickstarter Edition)
172942,Argent:  Promo Pack #1
161802,Munchkin La Rivincita del Babbo
265679,Doctor Who Fluxx: Coin & Doctors
152424,Looney Labs Mammoth Fun Pack
153283,Munchkin Triple Play: Set 1
231942,Last Night on Earth: The Zombie Game – 10 Year Anniversary Edition
219326,Onitama: Sensei's Path
274654,Feudum: Rudders & Ramparts – Kickstarter Edition
250534,Zombicide: Green Horde – Horde Box
206184,Cacao: Big Market
206185,Cacao: Golden Temple
302884,Cartographers: Ambush Mini Expansion
356120,Architecten van het Westelijk Koninkrijk: Promodeck
265125,Garphill Games 5-Year Anniversary Promo Pack
336649,Root: The Marauder Expansion (Kickstarter Edition)
309707,Sagrada: 2020 Promo Pack
188079,Taluva: Deluxe Game Board
188081,Taluva: The 5th Player Expansion
174738,Tiny Epic Kingdoms: Heroes' Call
196830,Tiny Epic Kingdoms: Heroes' Call – Deluxe Promo Pack and Mini Expansion
294308,Valeria: Card Kingdoms – Crimson Seas: Kickstarter Edition
280476,Zombicide: Invader – Survivors of the Galaxy
163107,Mascarade: Expansion
241380,Blood Bowl (2016 edition): The Inaugural Blood Bowl Almanac
267327,Dark Tales: The Little Mermaid  and Cinderella
119740,Thunderstone: Vicious Promo Pack
134232,Exodus: Supplies bonus card
336939,Cards Against Humanity: Hidden Gems
339534,Tussie Mussie: Greenery
339533,Tussie Mussie: Orange Flowers
339535,Tussie Mussie: Ribbons
171865,Sons of Anarchy: Men of Mayhem – Grim Bastards Club Expansion
337166,1822 Scotland Medium Regional and North Regional scenario board set
309267,Carcassonne: Halb so Wild
182609,BattleCON: Anath Adrasteia Promo
118963,BattleCON: Claus & Wyndhal Promo
182610,BattleCON: Evil Hikaru Promo
182616,BattleCON: Lucius Promo
182617,BattleCON: Takeshi Kamikaze Promo
255240,Star Realms: Federal Transport
255241,Star Realms: Stellar Ray
202174,Viticulture: Tuscany Essential Edition
351667,Cards Against Humanity: Nerd Bundle
243566,Unstable Unicorns: Rainbow Apocalypse Expansion Pack
326846,Noch mal!: Zusatzblockset
318010,Barrage: Executive Officers Pack A
252899,Arkham Horror: The Card Game – Guardians of the Abyss: Scenario Pack
161794,Munchkin Rompi le Uova
207485,Sheriff of Nottingham: Arcane Scrolls
343786,Aeon's End: Promo Pack 1
95633,51st State: Wrak Transportera Promo Card
170245,Spartacus: Champions of House Batiatus Card Set
172154,Fief: France 1429 – Expansions Pack
264153,Teotihuacan: Brettspiel Adventskalender 2018 Promo
283302,Teotihuacan: City of Gods – Decoration Tiles
279161,Teotihuacan: City of Gods – Man vs Meeple Promo
262936,Teotihuacan: Dice Settlers Promo
190581,Twilight Struggle: Promo Deck
163247,Twilight Struggle: Turn Zero
231964,Orléans: 5th Player Box
302699,Aventuria: Ship of Stone
25031,Power Grid: Benelux/Central Europe
29416,Power Grid: The New Power Plants – Set 1
182343,Catacombs: Shadowlithe Fist promo
202457,Catacombs: Teleport
39428,Ghost Stories: The Guardhouse Expansion
307822,Orléans: Estátua
234593,Orléans: Opera
309312,Orléans: Собор
130102,Spartacus: Acerbitas Promo Card
129490,Spartacus: Dolor Promo Card
132553,Spartacus: Hadrianus Promo Card
130101,Spartacus: Magnetius Promo Card
132554,Spartacus: Zephyros Promo Card
207816,Vinhos Deluxe Edition: Experts Expansion Pack
335320,Nemesis: Lockdown – Untold Stories #3
323071,Hostage Negotiator: Expansiones #5 y #6
312304,Killer Bunnies and the Quest for the Magic Carrot: After Darkness Promo Card
312310,Killer Bunnies and the Quest for the Magic Carrot: Bunnies the Gathering Promo Card
312313,Killer Bunnies and the Quest for the Magic Carrot: Bunny Eye For The Carrot Guy Promo Card
312307,Killer Bunnies and the Quest for the Magic Carrot: Dr. Xavi-Hare Promo Card
312306,Killer Bunnies and the Quest for the Magic Carrot: Hitchbunny's Guide Promo Card
312309,Killer Bunnies and the Quest for the Magic Carrot: Horton Hates A Who Promo Card
312311,Killer Bunnies and the Quest for the Magic Carrot: Indiana Clones Promo Card
312308,Killer Bunnies and the Quest for the Magic Carrot: Meteor Rocks Promo Card
312312,Killer Bunnies and the Quest for the Magic Carrot: Psi Corps Promo Card
312305,Killer Bunnies and the Quest for the Magic Carrot: Pucker Up Promo Card
312329,Killer Bunnies and the Quest for the Magic Carrot: Red October Promo Card
312303,Killer Bunnies and the Quest for the Magic Carrot: Shazbot Promo Card
63306,Killer Bunnies and the Quest for the Magic Carrot: Spider Bunny Promo Card
128034,Munchkin Naughty & Nice
103291,Munchkin Reindeer Games
76466,Munchkin Santa's Revenge
147475,Munchkin Gets Promoted
105060,Munchkin Fairy Dust Dice
90566,Munchkin Monster Enhancers
80571,Munchkin Reloaded!
87658,Munchkinomicon
329106,Fallen Land: A Post Apocalyptic Board Game – 2nd Edition
353431,Valeria: Card Kingdoms – Darksworn: Kickstarter Edition
40825,Zooloretto: Rio Grande Games Expansion Pack #2
286883,Blood Rage: Promos Box
323081,Hostage Negotiator: Expansiones #7 y #8
148166,Seasons: Path of Destiny
151067,"Zombicide Gaming Night #1: Cars, Food or Guns"
332065,Steampunk Rally: Complete Promo Pack 2020
356743,Eclipse: Neue Gefahren
303298,Eclipse: Second Dawn for the Galaxy – Worlds Afar Collection
187867,Fleet: Mini Expansion Pack
168425,Bohnanza: Princes & Pirates
153137,Among the Stars: Expanding the Alliance
240266,Evolution: Last Stand
164956,Cards Against Humanity: Fifth Expansion
151107,Cards Against Humanity: Fourth Expansion
175145,Cards Against Humanity: Sixth Expansion
274418,Architects of the West Kingdom: Garphill Games 5-Year Anniversary Promo Cards
274240,Raiders of the North Sea: Garphill Games 5-Year Anniversary Promo Cards
274417,Shipwrights of the North Sea: Garphill Games 5-Year Anniversary Promos
269214,Pixel Tactics: Legends
294546,Eclipse: Second Dawn for the Galaxy – Supernova
237167,Orléans: Promo Ortskarten N°1
314494,Lewis & Clark: Promo Cards
258398,Fleet: Captain's Club & Research Vessel
217972,BANG! Bloody Mary
257601,The Duke: Lord's Legacy
147274,Peloponnes: Antioche
86079,Peloponnes: Athens-Mini Expansion
54773,Peloponnes: Expansion
126278,Peloponnes: Goat Expansion
72064,Peloponnes: Hellas Expansion
152790,Peloponnes: Sacrum Expansion
135467,Peloponnes: Trade Expansion
185923,Peloponnes: Victoria Expansion
190074,Cacao: Big Market & Golden Temple
111861,Cards Against Humanity: First Expansion
127354,Cards Against Humanity: Second Expansion
140361,Cards Against Humanity: Third Expansion
196028,Mare Nostrum: Empires – Theseus Promo Card
241535,D-Day Dice (Second Edition): Atlantikwall
244236,Aeon's End: Thieving Spirit
183969,Spyfall: The Box Is Not Enough
236144,Catacombs: Resurrection Pack 2
192953,Super Dungeon Explore: Boo Booty Box
234191,Camel Up: The Referee Camel & Istanbul – Caravan Leader Mini Expansion
170813,Francis Drake: The Expansions
104394,Thunderstone: Werewolf Promo Pack
136521,Zombicide Survivor: Kyoko
269294,Feudum: Rudders & Ramparts
274233,Feudum: Rudders & Ramparts – Lone Isle Promotional Card
219105,51st State: Master Set – Texas and Hegemony Factions
219104,51st State: Master Set – Three Cities Mini Expansion
185279,Minivilles: 5-6 Extension
330268,Chip Theory Games: Promo Pack 2019
237317,Catacombs: Resurrection Pack 1
131403,Agricola: Belgium Deck
103182,Agricola: NL-Deck
38641,Agricola: Through the Seasons
249879,Santorini: Promo Pack
40264,Aquaretto: The Trains
40533,Aquaretto: Three Coworker Tiles
34853,Zooloretto: Job Boards
39106,Zooloretto: The Gorilla
39176,Zooloretto: The Savings Book
245335,Valeria: Card Kingdoms – Expansion Pack #06: Relics
244367,Valeria: Card Kingdoms – Shadowvale
310048,Valeria: Card Kingdoms – Undead Samurai Rider
145538,Krosmaster: Arena – Amalia Promo
142236,Krosmaster: Arena – Evangelyne Promo
145541,Krosmaster: Arena – Nox Promo
145540,Krosmaster: Arena – Percedal Promo
145539,Krosmaster: Arena – Ruel Stroud Promo
145465,Krosmaster: Arena – Yugo Promo
238884,13 Chefs
259555,Hellboy: The Board Game – Box Full of Evil
307008,Orléans: Promo Ortskarten N°3
278241,On Mars: Alien Invasion
256422,Warhammer Age of Sigmar (Second Edition) Core Rules
341336,"The Battle for Normandy, Deluxe Edition"
262641,Imperial Settlers: Common Village Cards
275955,Villages of Valeria: Architects
275954,Villages of Valeria: Landmarks
136520,Zombicide Survivor: Cardboard Tube Samurai
136518,Zombicide Survivor: Chaz
136519,Zombicide Survivor: Troy
94471,Dice Town: Wild West
188821,Crabs Adjust Humidity: Omniclaw Edition (fan expansion for Cards Against Humanity)
167899,Among the Stars: Intelligence Agency
247665,This War of Mine: Tales from the Ruined City
162616,Flash Point: Fire Rescue – Honor & Duty
232247,Flash Point: Fire Rescue – Tragic Events
21059,Arkham Horror: Dunwich Horror Expansion
124322,Super Dungeon Explore: Caverns of Roxor
72648,Duel in the Dark: Window / Wilde Sau
263778,Spirit Island: Promo Pack 2
189662,Abyss: Key Monster Tokens
189272,Bohnanza: Bean Market
190551,Carcassonne: Winter-Edition – Corn Circles
189097,Catan Scenarios:  Easter Bunny
189189,Colt Express: North Pole Station
189403,Doctor Panic: Klaus Santa
189137,Fields of Arle: Advent Calendar Expansion
190550,El Gaucho: Fodder for the Cattle
189653,Die Glasstraße: Die Adventskalendererweiterung
186067,Isle of Skye: From Chieftain to King – Brettspiel Adventskalender 2015 Promo Tiles
189199,Las Vegas: The Slot Machine
189376,Loony Quest: Bonusplättchen Skier
190181,Marvel Dice Masters: Avengers vs. X-Men - Hawkeye: Avengers Disassembled
190505,Power Grid: High-Voltage DC Transmission Passage C
190036,Splendor: Special Noble Patron Promo
189661,Targi: The Action Tokens
189903,VivaJava: The Coffee Game: The Dice Game: Al Gusto – Promotableau NR. 1
189897,Wizard: The Christmas Wizards
190180,ZhanGuo: Brettspiel Adventskalender 2015 Promo
189540,Zooloretto: Skunk
144287,The Lord of the Rings: The Card Game – Game Night Kit 2013 Season Two
209365,Frostgrave: Arcane Locations
199412,Frostgrave: Dark Alchemy
199411,Frostgrave: Sellsword
199410,Frostgrave: The Hunt for the Golem
59967,Ghost Stories: B-Rice Lee
54833,Ghost Stories: Chuck No-Rice
123920,Ghost Stories: Crazy Shaman
69467,Ghost Stories: Jean-Claude Van Rice
110882,Ghost Stories: Steven Qi-Gal
188826,Darkest Night: From Distant Lands
286540,Zombicide: Invader – Civilian Extras
288176,Epic Card Game: Necromancer Apprentice Promo Card
288175,Epic Card Game: New Dawn Promo Card
286275,Sagrada: Horizontal Symmetry
225269,Sagrada: Promo 1 – Vitraux/Balboa Bay Window Pattern Card
233638,Sagrada: Promo 2 – Alpenglow/Komorebi Window Pattern Card
252099,Sagrada: Promo 3 – International Tabletop Day Window Pattern Card
236940,Sagrada: Promo 4 – BoardGameGeek Window Pattern Card
270329,Sagrada: Promo 5 – Watch It Played Window Pattern Card
250293,Sagrada: Promo 6 – Man Vs Meeple Window Pattern Card
250292,Sagrada: Promo 7 – Game Boy Geek Window Pattern Card
347022,Sagrada: Promo 8 – Apollo/Godfather Window Pattern Card
335172,Canvas: Reflections
213275,Steampunk Rally: Dr. Braun
223973,Steampunk Rally: Ignacy Lukasiewicz
300535,Steampunk Rally: Lizzie Magie
258227,Steampunk Rally: Red Green
184146,Steampunk Rally: Rube Goldberg
258231,Steampunk Rally: Spoiler
258218,Steampunk Rally: Zhuge Liang & Lady Huang
38383,Primosole Bridge: ASL Journal 6 Historical Module
127192,D-Day Dice: Commission Pack
145131,Steam: City Growth Special Contracts
172827,Steam: Demanding Suppliers
130463,Steam: Five Way Town
28873,Runebound: Beasts and Bandits
28870,Runebound: Rituals and Runes
28874,Runebound: The Cataclysm
28875,Runebound: The Seven Scions
28872,Runebound: Traps and Terrors
28871,Runebound: Weapons of Legend
290834,Level Up Loot 2
252999,Onitama: Way of the Wind
111827,D-Day Dice: Badges
288901,This War of Mine: Days of the Siege
303677,Dixit AsmoPlay Ingenuity Promos
278357,World At War 85: Storming the Gap – Storm and Steel Second Wave
277139,World At War 85: Storming the Gap – The Defense of Frankfurt
277137,World At War 85: Storming the Gap – The Drive On Giessen
331646,Rising Sun: CMON Comics – Vol. 1 Promos
209510,Neuroshima Hex! 3.0: Promo Tiles Set 1
239586,Carcassonne: Amazonas – Mini Expansion
258320,Alien Frontiers: Mercury's Angels Faction
218518,Alien Frontiers: Promo Pack 2017
274228,Valeria: Card Kingdoms – Crimson Seas Retail Edition
274099,Valeria: Card Kingdoms – Expansion Pack #07: Ward Towers
309701,Arena: The Contest – Legendary Box
234892,Dominion: Höflinge Promo Card
209357,Dominion: Update Pack
174997,A Guerra dos Tronos: Card Game – O Tempo para Corvos: Parte 2/2 do Ciclo
287915,Aeon's End: The New Age – Promo Pack
314324,Boss Monster: Overboss Bonus Pack Promo Cards
129501,Agents of SMERSH: The Director's Watchful Eye Promo Card
179814,Agents of SMERSH: All the Kickstarter Promos
276836,Alhambra: Designers' Expansion – The Personal Building Markets / Caliph's Guidlines / Treasures
68641,ASL: Journal – Issue Six
187868,Fleet: Arctic Bounty – 54 Card Expansion Pack
213221,Robinson Crusoe: Adventures on the Cursed Island – Runch Mini Expansion
209701,Mare Nostrum: Empires Kickstarter Exclusives
200628,Warhammer Quest: Silver Tower – Lord of Plagues
230221,Rum & Bones: Second Tide – Captains Promos Set
230218,Rum & Bones: Second Tide – Mercenaries Promos Set #3
230219,Rum & Bones: Second Tide – Mercenaries Promos Set #4
200751,Zombicide: Black Plague – Knight Pack
46530,The Red Dragon Inn: Gambling? I'm In!
22172,Arkham Horror: Curse of the Dark Pharaoh Expansion
95683,Arkham Horror: The Curse of the Dark Pharaoh Expansion (Revised Edition)
193280,Werwölfe Unterwegs
156864,Krosmaster: Arena – Brotherhood of Tofu
233952,Santorini: Castor & Pollux Promo Card
239580,Santorini: Eris Promo Card
239582,Santorini: Maenads Promo Card
233953,Santorini: Proteus Promo Card
218853,Santorini: Scylla Promo Card
214322,Santorini: Tyche Promo Card
238218,Africa/Asia Aflame Update Kit
306739,Sheriff of Nottingham: King's Decree Promo Card
249535,Robinson Crusoe: Adventures on the Cursed Island – In-Store Event Kit
169254,Talisman (Revised 4th Edition): The Deep Realms Expansion
152319,Talisman (Revised 4th Edition): The Nether Realm Expansion
174388,Blood Rage: Kickstarter Exclusives
148062,The Lord of the Rings: The Card Game – Game Night Kit 2013 Season Three
342178,Raiders of the North Sea: The Old Heroes
6606,Munchkin 3: Clerical Errors
175289,Ghostbusters: The Board Game – Kickstarter exclusives
37397,Power Grid: China/Korea
78727,Power Grid: Russia & Japan
287521,Barrage: Kickstarter exclusive box
153975,Zombicide Survivor: Thiago
187049,Munchkin Hidden Treasures
171007,Suburbia 5★
176806,Suburbia: Con Tiles
128386,Suburbia: Essen SPIEL Expansion
12543,Catan Card Game: Barbarians & Traders Upgrade Kit
326972,10-Minute Games: Expansions
338013,Maracaibo: The Uprising
200750,Zombicide: Black Plague – Huntsman Pack
5960,Strike Force One: The Cold War Heats Up – 1975
289416,Unfair: ABDW Kickstarter Sneak Peek Cards
200544,Tiny Epic Galaxies: Beyond the Black
209730,Tiny Epic Galaxies: Beyond the Black – Drones Mini Expansion
281786,Necromunda: Underhive – Gangs of The Underhive
234628,The Red Dragon Inn: Amber Ale
233888,The Red Dragon Inn: Brewmaster's Top Shelf Ale
233885,The Red Dragon Inn: Chieftain's Ice Beer
212661,The Red Dragon Inn: Gizmo-Grade Oil
234627,The Red Dragon Inn: Goblinade
234626,The Red Dragon Inn: Gold Dragon Gin
234625,The Red Dragon Inn: Mimic
197087,The Red Dragon Inn: Seriously Strong Spirits
233886,The Red Dragon Inn: Witchdoctor Brew
233887,The Red Dragon Inn: Wizard's Mystic Martini
6264,Bohnaparte
12677,High Bohn Plus
169779,A Guerra dos Tronos: Card Game – O Tempo para Corvos: Parte 1/2 do Ciclo
240522,A Feast for Odin: New Special Tiles
245034,First Class: Call for Tenders
238665,Word Slam: DSP-Edition
206072,Evolution: Promo Pack III
159532,Agents of SMERSH: Swagman's Hope Kickstarter Extras
155829,Fleet: Charter Boat Cards
155825,Fleet: First Mate
155828,Fleet: House Boat
155824,Fleet: Salmon License
155826,Fleet: Trophy Cards
144391,Zombicide: Set #1 – Survivors & Zombivors
307207,Circle the Wagons: Wildest West and More Lone Cowboy
213294,Codenames: Authors & Games
211945,Isle of Skye: From Chieftain to King – Adjacency Scrolls
213293,Mombasa: Cooked Books Mini Expansion
213295,T.I.M.E Stories: Special Reward promo
67055,Carcassonne: Die Kornkreise
358148,AuZtralia Big Z Box
325568,Maximum Apocalypse: Redhead
153978,Zombicide Gaming Night #3: Zombie Trap
144851,Mayfair Game Variants & Mini-Expansions Set #1
142993,Mayfair Game Variants & Mini-Expansions Set #2
169757,Mayfair Games' Limited Edition Promo Expansion Set #13
232187,Argent: Festival of Masks
292652,Tanto Cuore: Sora Nakachi
153625,Han
249576,Orléans: Promo Ortskarten N°2
36779,Aquaretto: The Training Camp
321302,Atlantis Rising: Monstrosities
184038,PAX & Pergamemnon Expansions
158188,Catacombs: Chicks in a Catacomb
158183,Catacombs: Zombie Horde
291105,Escape Room: The Game 2
327107,Escape Room: The Game 3
47410,Catan Dice Game Deluxe Edition
168401,Star Realms: Game Day Pack (Season 2)
264014,Fields of Green: Camels
180588,Catacombs: Crypt of Shaurath
312543,Villagers: Playmat & Promo Cards
160866,Agents of SMERSH:  Secret Mission Cards
344936,Get Bit! Feeding Frenzy: The Sharkspansion
279899,Cthulhu Wars: Investigators
211176,Arcadia Quest: Healing Fountain
213288,Arkwright: Noblesse Oblige
213219,Bohemian Villages: Special Action Tiles
211173,Broom Service: Christmastime
213213,Cacao: Chocolatl – New Huts
213282,Camel Up Cards: Catch Up Trophies
213224,Crisis: The Game Designers
213216,Gold West: Trading Post Promo
211174,Guilds of London: New Guilds – Cheese- and Papermakers
213218,Imhotep: The Private Ships – Mini Expansion
213217,Istanbul: Pegasus Depot Mini Expansion
213220,Karuba: The Volcano
213223,Mysterium: Brettspiel Adventskalender 2016 Promo
213211,The Oracle of Delphi: Seafarer Expansion
213222,Panic Lab: Shower
213291,Portal of Heroes: Diamonds
213290,Saboteur: Brettspiel Adventskalender 2016 Promo
213289,Tallinn: The Supporters
213283,West of Africa: Wineries
90182,Zooloretto: Christmas Gift
109361,The New Era: Spiel 2011 Promo Pack
153977,Zombicide Gaming Night #2: Black Friday
227537,Cthulhu Wars: Six to Eight Player Dreamlands Map
145039,Cthulhu Wars: Six to Eight Player Earth Map
227535,Cthulhu Wars: Six to Eight Player Library at Celaeno Map
227536,Cthulhu Wars: Six to Eight Player Primeval Earth Map
227538,Cthulhu Wars: Six to Eight Player Yuggoth Map
168701,Krosmaster: Arena – Hypergames Warriors
290321,New York Slice: Dipping Sauce
234126,New York Slice: Extra Cheese
303822,New York Slice: Favorite Topping
238048,New York Slice: King Size Meal
278370,New York Slice: Lick a Slice
271418,New York Slice: You're Full
237943,Baseball Highlights: 2045 – Ballparks Expansion
237942,Baseball Highlights: 2045 – Double Trouble Expansion
237941,Baseball Highlights: 2045 – Home Cookin' Expansion
202680,Rum & Bones: Second Tide – KS exclusives
352936,Magic: The Gathering – Chronicles
330276,Chip Theory Games: Promo Pack 2020
140164,Duel in the Dark (Second Edition)
130196,Evolution: Continents
97277,Evolution: Time to Fly
187537,B-Sieged: Heroes Set 2
253332,"B-Sieged: Sons of the Abyss – Promo Heroes: Dahlia the Peasant, Viggo the Captain, and Astrid the Princess"
253331,"B-Sieged: Sons of the Abyss – Promo Heroes: Eivor the Knoble, Thorlak the Barbarian, and Donatto the Cook"
251646,Villages of Valeria: Landmarks & Architects
167549,Star Realms: Game Day Pack (May – July)
121863,Fleet: Inuit Fisherman
123363,Fleet: Nunavut Weather Authority
121669,Fleet: Salty Captains
131886,Fleet: Wharfside Casino
223998,Vast: The Crystal Caverns – Bonus Cards
154552,Police Precinct: The Kit
173307,Ghostbusters: The Board Game – Mass Hysteria exclusives
175309,Ghost Stories: White Moon – Scenarios
41726,World in Flames: 94/95 Annual
351668,Cards Against Humanity: Nasty Bundle
171044,Machi Koro: Fabrique de jouets du Père Noël
211559,Among the Stars: Consulting Firm
236422,Sword & Sorcery: Hero Pack – Onamor the Necromancer/Summoner
306920,Rajas of the Ganges: Goodie Box 2
213298,Blood Bowl (2016 edition): Death Zone – Season One
227336,Blood Bowl (2016 edition): Death Zone – Season Two
224255,Blood Bowl (2016 edition): Special Ball Rules
164557,Lewis & Clark: Bauza & Cathala
155402,Lewis & Clark: Benjamin Bord
164554,Lewis & Clark: Cédrick Chaboussit
164556,Lewis & Clark: Martin Wallace
164555,Lewis & Clark: Uwe Rosenberg
190255,Peloponnes: Sikyon
340217,Euthia: Torment of Resurrection – Elemental Pack
222381,Qwirkle: Connect
269224,Fields of Green: Grand Fair – Kickstarter Promo Cards
264222,Agra: Mini Expansion 1
264042,Alubari: A Nice Cup of Tea – Hookah Promo Card
264146,Carson City: Father Christmas Promo
264156,Carthago: Merchants & Guilds – Support of the Guilds
264158,Crisis: Renewable Energy Modules
263998,"Dixit: ""Pink Bunny"" Promo Card"
264237,Elfenland: Favor of the Towns
264228,Great Western Trail: At the Poker Table
264149,Ground Floor (Second Edition): Architect's Office & Telecommunications Floor
264045,Keyflower: Delivery Man
264041,Lowlands: Brettspiel Adventskalender 2018 Promo
263975,Luxor: The Gift of Luxor
264985,Menara: The Chameleon
263898,Mercado: The Cutpurse
243965,Outlive: Leader – Greg & Emmy
264160,Penny Papers Adventures: The Temple of Apikhabou – Santa's Secret Lair
264214,Santo Domingo: Silver Train
264636,Spring Meadow: Brettspiel Adventskalender 2018 Promo
264043,War of the Buttons: The Flower Meadow & Little Sister
264044,Wildlands: The Thorns & the Roses
235057,Carcassonne: Die Märkte zu Leipzig
209291,"Dixit: ""The Werewolves of Miller's Hollow: The Pact"" Promo Card Pack"
153979,Zombicide Survivor: Bill
330260,Chip Theory Games: Promo Pack 2018
161068,The Lord of the Rings: The Card Game – Game Night Kit 2014 Fall Season
293473,Teotihuacan: Shadow of Xitle
310234,Escape: Queenie Box
274203,Lorenzo il Magnifico: The Pazzi Conspiracy Kickstarter Edition
262754,Arkham Horror: The Card Game – The Circle Undone: Expansion
154452,The Lord of the Rings: The Card Game – Game Night Kit 2014 Season One
164625,Zombicide Gaming Night #4: Tric & Trac
262722,Spirit Island: Jagged Earth
229450,Zooloretto Würfelspiel XXL
194023,Zooloretto Würfelspiel: Affenstall
183435,Zooloretto Würfelspiel: Baby Boom
102198,D-Day Dice: Distinguished Service Pack
114185,D-Day Dice: K-Pack
176614,Dark Tales: Little Red Riding Hood
166159,Dark Tales: Snow White
264015,Altiplano: Alpaca Rider Role Tile
264017,Azul: Special Factories Promo
264016,Black Stories: Spiel 2018 Edition
286086,Deutscher Spielepreis Classic Goodie Box
31419,Bohnröschen
453,La Isla Bohnitâ
308036,Magic Maze: Technische Anlagen
340747,Magic Maze: Tile C
348675,Magic Maze: Zwischengeschosse
166052,Carcassonne: Halb so wild I
169392,Carcassonne: Halb so wild II
75313,"Dixit 2: ""The American"" Promo Card"
151552,"Dixit: ""The Inheritors"" Promo Card Pack"
170169,"Dixit: ""Werewolves"" Promo Card Pack"
99134,"Dixit: Odyssey – ""Bunny"" Promo Card"
179060,Dixit: Spielbox 03/15 Promo Card
176329,Dixit: Tabletop Day 2015 Promo Pack
134189,Zooloretto: Familiarisation Area
178739,King of New York: Promo Cards
37501,Munchkin 7: More Good Cards
183172,Crabs Adjust Humidity: Volume Five (fan expansion for Cards Against Humanity)
169503,Crabs Adjust Humidity: Volume Four (fan expansion for Cards Against Humanity)
145418,Crabs Adjust Humidity: Volume One (fan expansion for Cards Against Humanity)
159045,Crabs Adjust Humidity: Volume Three (fan expansion for Cards Against Humanity)
149109,Crabs Adjust Humidity: Volume Two (fan expansion for Cards Against Humanity)
132981,Omen: A Reign of War – Relics of Olympus
40849,Pandemic: On the Brink
147552,Agents of SMERSH: Kickstarter Extras
171957,Darkest Night: Enchanter Promo
181278,Darkest Night: Mercenary Promo
185312,Darkest Night: Tinker Promo
123999,Ghost Stories: White Moon – Green Roots
123998,Ghost Stories: White Moon – The Cursed Children
193890,B-Sieged: Sons of the Abyss – Defender Level Kickstarter Rewards
217758,Epic Resort: Villain's Vacation with Upgrade Kit
306740,Sheriff of Nottingham: Royal Pardon Promo Card
222079,Galaxy of Trian: New Order
250775,Sea of Clouds: Petit Chat Promo Card
166192,Among the Stars: Stretch Rewards
295412,Go Nuts for Donuts: Diet Free Deck
174973,Boss Monster 2: The Next Level
163975,Dungeon Dice: Thief Die
260773,Railways of the World: Mini Expansions
293637,Zombie 15': Potwory w Tokio Promo Cards
74680,Baltimore & Ohio: Maine Lumber Expansion
102157,Baltimore & Ohio: Norfolk & Western Railroad Expansion
102153,Baltimore & Ohio: Robber Barons Expansion
102154,Baltimore & Ohio: Technology Level Seven Expansion
151040,Salmon Run: Fishermen Expansion
281210,Dice Hospital: Community Care
284045,Dice Hospital: Kickstarter Pack
275997,Imperial Settlers: Armorer & Barracks
216863,Imperial Settlers: Aztecs – Common cards
179657,Imperial Settlers: Expedition Tokens
214313,Imperial Settlers: Man vs Animals
261437,Imperial Settlers: Marketplace
230850,Imperial Settlers: Ruins
189485,Imperial Settlers: Storage Tiles
208103,Imperial Settlers: The Dice Tower Inn
186857,Imperial Settlers: The Watchers Guild
164649,Collection (fan expansion for 7 Wonders)
202246,Dark Tales: Cinderella
230502,Dark Tales: The Little Mermaid
164648,Ruins (fan expansion for 7 Wonders)
164647,Sailors (fan expansion for 7 Wonders)
154662,Krosmaster: Arena – Joris Promo
153046,Krosmaster: Arena – Lou Promo
154661,Krosmaster: Arena – Old Kerubim Promo
154664,Krosmaster: Arena – Young Kerubim Promo
159626,Dungeon Dice: Five-Player Booster Pack
207119,Good Cop Bad Cop: Undercover – Smuggler Promo Card
200630,The Resistance: The Plot Thickens
151123,Mayfair Games' Limited Edition Promo Expansion Set #7
244374,Convoys in Flames/Cruisers in Flames
172562,Krosmaster: Arena – Kerub's Bazaar
228935,Tiny Epic Defenders: The Dark War
258586,Tiny Epic Defenders: The Dark War – Kickstarter Deluxe Promo Pack
321251,BattleCON: Unleashed
199329,Xia: Embers of a Forsaken Star
159442,San Guo Sha: The Return of Legend
199743,Cool Mini Or Not Promo Pack 2016
83368,1825 Development Kit D1: Additional Tiles
216975,Apotheca: Tima the Red Promo Card
206565,Clank!: Dire Wolf
216977,Covert: Kane Klenko Character Card
216976,Dicey Goblins: Festive Choice Token
216978,FUSE: Wild Die
217513,Lanterns: The Harvest Festival – Snowflake Promo Tile
216980,Snow Tails: Polar Plunge Track
173363,King of New York: Hibernation
167896,King of New York: Improvised Weapons
174147,King of New York: New York City Defender
173362,King of New York: St. George Theater
174150,King of New York: U.N. Head Quarters
206997,Boss Monster: Final Form! Promo Card
228178,Boss Monster: Get Over Here! Promo Card
189704,Exoplanets: Gravity
189702,Exoplanets: Space
189703,Exoplanets: Stars
88665,Exclusive Warehouse 23 Munchkin Booster
194488,Munchkin Knights
243077,Villages of Valeria: King's Herald Promo Card
214746,Villages of Valeria: Rahdo the Guild Master Promo Card
338153,Tussie Mussie: Expansion Collection
151708,The Red Dragon Inn: Kickstarter Drink Cards
20660,Munchkin 4: The Need for Steed
167903,20 Jahre Darmstadt Spielt
164571,Sheriff of Nottingham: Dice Tower Promo Pack
280452,Splendor: Nobles Promo Tiles
28327,Munchkin 5: De-Ranged
33493,Munchkin 6: Demented Dungeons
68942,Munchkin Marked For Death
263666,Victory: World War II – Second Edition
331480,Carcassonne: Safari – Spiel Doch! Expansion
331479,Carcassonne: Spiel Doch! Expansion
174852,Pandánte (Second Edition)
181362,Super Dungeon Explore: Brave-Mode Candy
181601,Super Dungeon Explore: Kunoichi Candy
171712,Super Dungeon Explore: Mistmourn Coast Warband
181572,Super Dungeon Explore: Shadow-Mode Candy
181599,Super Dungeon Explore: Wandering Minstrel
121018,Ca$h 'n Gun$: Size Doesn't Matter
126221,Baltimore & Ohio Expansion Set
180251,Mayfair Games' Limited Edition Promo Expansion Set #19
158,Elfengold
213673,Exoplanets: The Great Expanse
158270,The Agents: Sites
171567,The Agents: The Commanders
234106,51st State: Master Set – Arena Promo
234128,Alexandria: Board Game Shelf Promo
234129,Cacao: Diamante – New Huts
234130,Chimera Station: Interactive Modules Promo
234131,Clank!: Wishing Wall
234127,A Column of Fire: New Advantage Tiles
234133,Cottage Garden: The Easter Bunny
234135,Flamme Rouge: Brettspiel Adventskalender 2017 Promo
234136,Flick 'em Up!: Blacksmith
234150,Glüx: Extra Chips
234151,Guilds of London: Guild of Snowmen
234153,Iquazú: Brettspiel Adventskalender 2017 Promo
234164,The King's Will: Magyar Expansion
234165,The Lost Expedition: The Creature – Competitive Promo
234154,Magic Maze: Brettspiel Adventskalender 2017 Promo
234155,Mistfall: Winter's Hold
234156,Mysterium: Brettspiel Adventskalender 2017 Promo
234157,Nomads: Gift Promo Tiles
234159,Riga: The Grand Masters
234160,Schöne Sch#!?e: Stroke of Luck
234162,Splendor: Brettspiel Adventskalender 2017 Promo
191942,Spyfall: Gaming Convention promo cards
172193,Spyfall: Ice Hockey Stadium promo cards
275849,Musket & Pike Dual Pack
168633,One Night Ultimate Werewolf: Bonus Pack 1
184075,One Night Ultimate Werewolf: Bonus Pack 2
228578,One Night Ultimate Werewolf: Bonus Pack 3
277134,One Night Ultimate: Bonus Pack 4
149904,Shadows over the Empire: Azarias
24733,Munchkin Promotional Bookmarks
29252,Star Fleet Battles: Omega Master Rulebook
219916,Dark Darker Darkest: Kickstarter Special
150181,Shadows over the Empire: Promo Pack
138296,Once Upon a Time: Enchanting Tales
152630,Once Upon a Time: Knightly Tales
195749,Antarctica: Penguin Expansion
195753,Dream Islands: Package Trip Promo
195750,Haus der Sonne: Lava Tiles Mini Expansion
195748,Imperial Settlers: Council Promo
195751,My Village: Vagrants Expansion
195752,T.I.M.E Stories: Beacon Promo
195747,WH1CH GAM3
186370,Camel Up: The Referee Camel
136914,Munchkin Bookmark Collection
166113,Cartoona: Expansions – includes Heads on Tails and Long Necks
110831,Dominion: Governor Promo Card
160943,Dominion: Prince Promo Card
175971,California: New Bonus Cards
19322,Star Fleet Battles: Module Omega 1 – The Omega Sector
19323,Star Fleet Battles: Module Omega 2 – Omega Reinforcements
19324,Star Fleet Battles: Module Omega 3 – The Omega Wars
19325,Star Fleet Battles: Module Omega 4 – The Omega Rebellion
30106,Star Fleet Battles: Module Omega 5 – Omega Flotillas
149717,ASL Comp: Fire and Ice
11428,Supermarina I: Command at Sea Volume II
239092,Classic Battletech: Blake Ascending
59152,Panzer Grenadier: Waltzing Matilda
150508,Walker Wars
163868,Mayfair Games' Limited Edition Promo Expansion Set #9
218505,The Very Best of March Madness (Vol. 1)
37361,Commandoes in Flames
348543,Battletech: Technical Readout – Jihad
327071,De Bellis Renationis version 2.0
36617,Panzer Grenadier: Secret Weapons
39786,Heavy Gear Blitz!  Locked & Loaded
150835,Spurt að leikslokum: Fjölskyldupakkinn
32646,Duel in the Dark: Baby Blitz
17466,1825 Extension Kit K1: Supplementary Tiles
17470,1825 Extension Kit K6: Advanced Tiles
247494,Rivals for Catan: Deluxe – Promo Card Pack
94033,Assault on Rotterdam
37875,Iwo Jima: Rage Against the Marines
37921,Singling Campaign
35457,Burnside Takes Command
35458,Rebels in the White House
45307,Panzer Grenadier: Aachen 1944 – Germany Invaded
40641,Panzer Grenadier: North of Elsenborn
48562,Panzer Grenadier: Roer River Battles – Germany Under Siege
58968,"Panzer Grenadier: Siegfried Line – America on the Attack, 1944"
55325,Panzer Grenadier: West Wall
134154,Bangkok Klongs: Dragon Boat expansion
134156,Key West: Mafiosi expansion
134155,Siberia: Warehouse expansion
104351,Raphia
104353,Savage Streets
54300,Bravery in the Sand
58885,Monty's Gamble: Market Garden – Fortress Holland: 1940
57579,PanzerBlitz: Carentan
80044,Fury in the East
86999,Hell's Corner
77577,Starvation Island
81208,Warriors of God: War by Proxy
35378,Ca$h 'n Gun$: Silver Saw-off
146649,Gunship: Arsenal!
128895,Neuroshima Tactics: Heroes – Assasin
128822,Neuroshima Tactics: The Outpost – Lieutenant
128759,Neuroshima Tactics: Hegemony – Gangers
128756,Neuroshima Tactics: Hegemony – Scar
128887,Neuroshima Tactics: Heroes – Preacher
128827,Neuroshima Tactics: Borgo Mutants – Brick
128829,Neuroshima Tactics: Borgo Mutants – Muttis
128890,Neuroshima Tactics: Heroes – Hired Gun
128762,Neuroshima Tactics: Moloch – Brain
128761,Neuroshima Tactics: Moloch – Defenders
128764,Neuroshima Tactics: Moloch – Hunter
128422,Neuroshima Tactics: Hegemony
128424,Neuroshima Tactics: Moloch
128420,Neuroshima Tactics: The Outpost
128423,Neuroshima Tactics: Borgo Mutants
86445,"A Victory Complete: The Battle of Tannenberg, 1914"
173650,Steam: Map Expansion #5
178904,Mayfair Games' Limited Edition Promo Expansion Set #18
174125,Omen: A Reign of War – Omega Edition extras
174201,Hemloch: Midnight Edition Extras
115636,Siberia / Key West / Bangkok Klongs Expansion
211963,Exodus: Event Horizon
219257,Kingdom Death: Monster – False Messengers Promo
151120,Mayfair Games Limited Edition Promo Expansion Set #3
160031,Town Center: Lower Manhattan / Paris La Cité – St. Louis
151121,Mayfair Games Limited Edition Promo Expansion Set #4
109832,Atlantis: Ikarus Expansion
130843,Giza: Distant Quarry
130466,Lords of Vegas: Skybridge / Building Boom / Card Sharp
60401,"Monuments: Heroes, Traders, and Science"
130906,Nuns on the Run: The Monk
225517,Flying Tigers
237964,Pixel Tactics Promo Pack
160669,Town Center (Fourth Edition)
154424,The Lord of the Rings: The Card Game – Nightmare Deck: A Journey to Rhosgobel
154423,The Lord of the Rings: The Card Game – Nightmare Deck: Conflict at the Carrock
154419,The Lord of the Rings: The Card Game – Nightmare Deck: The Hunt for Gollum
130405,Aeroplanes: Charters
60130,Atlantis: Boat Expansion
130465,Giza: Fast Sleds
130464,Nuns on the Run: The Anchorite
130945,Rocket Jockey: Space Port
130944,Urbania: Subsidy Contracts
130462,Whitewater: Cranky Beavers
151124,Mayfair Games Limited Edition Promo Expansion Set #5
26736,Ukraine '44
235089,Killer Bunnies and the Quest for the Magic Carrot: Fantastic Booster
121531,Gunship: Asteroids!
121532,Gunship: Crewmates!
121529,Gunship: First Strike! X-perimental Weapons
154757,Gunship: Green and White Carriers
154427,The Lord of the Rings: The Card Game – Nightmare Deck: Return to Mirkwood
154426,The Lord of the Rings: The Card Game – Nightmare Deck: The Dead Marshes
154425,The Lord of the Rings: The Card Game – Nightmare Deck: The Hills of Emyn Muil
42783,What Price Glory?
29690,"Finland at War, v. I: Jatkosota"
29560,Jatkosota: Finland's Continuation War for ASL
71368,Spurt að leikslokum: Fyrir 7-12 ára
71370,Spurt að leikslokum: HM í fótbolta
71371,Spurt að leikslokum: Popp – dægurmál – afþreying
71374,Spurt að leikslokum: Úr ýmsum áttum
132900,Salmon Run: The 5th Player Expansion
132891,Salmon Run: The Fisherman Board
132893,Salmon Run: The Fork/Cataract Falls Board
132888,Salmon Run: The Grizzly Bear
142456,Bacchus' Banquet: Bad Gas
142452,Family Business: Blood Brothers and The Moll Expansions
138698,Zen Garden: Tea House and Tools
142458,Ablaze!: Feel the Heat!
142465,Elk Fest: Log Jam! Expansion
142457,Road Rally USA: Dead Man's Curve Expansion
171216,Automobile: Chicken – 2 Player Variant
166046,Global Mogul: Entrepreneur
166047,Urbania: Catty Corner
148569,Asgard's Chosen: Artifacts
148571,The Downfall of Pompeii: The Dancing Flames
148572,Lords of Vegas: Mob Rules & Union of the Shakes
145311,"Alchemist: All for One, Two for All"
145291,Five Points: Gangs of New York – Flophouse
305323,Choose One!: Fluxx or Looney Pyramids
187254,Chrononauts: Live Woolly Mammoth
44489,Fluxx Promo Cards
195566,Fluxx: The Board Game – Scramble Colors
294766,Camp Grizzly: Camp Grounds
76355,Munchkin Booty: Fish & Ships
110583,Munchkin Skullkickers
136239,Munchkin Easter Eggs
125386,Munchkin Penny Arcade
80570,Star Munchkin: Space Ships
154416,The Lord of the Rings: The Card Game – Nightmare Deck: Escape from Dol Guldur
154414,The Lord of the Rings: The Card Game – Nightmare Deck: Journey Along the Anduin
135064,The Lord of the Rings: The Card Game – Nightmare Deck: Passage Through Mirkwood
163672,The Lord of the Rings: The Card Game – Nightmare Decks: Over Hill and Under Hill
136392,Police Precinct: Mad Men Deck Promo
149696,Police Precinct: Rioting Gangs
149243,Police Precinct: The Heat
108415,Sid Meier's Civilization: The Board Game – Fame and Fortune
158285,Mad City: The Capitol
158284,Station Master: Flags & Whistles
158283,Zen Garden: Raked Sand
180722,Biblios Dice: Power Die
158402,The Agents: Break the Rules
157196,Mayfair Games' Limited Edition Promo Expansion Set #8
141989,Town Center: Expansion n°1
141990,Town Center: Expansion n°2
161069,The Lord of the Rings: The Card Game – Nightmare Decks: On the Doorstep
141823,Munchkin Dragons
144088,Munchkin Tricky Treats
164270,Spartacus: The Shadow of Death
336662,Panzerschiff: Expansion Set & Cruiser Module
230557,Cubist: Cards Expansion Pack
163962,Hot Tin Roof: Deluxe Catwalks
39630,Patrician: The Messengers (part 1)
164365,Machine of Death: The Game of Creative Assassination – Side Effects
164301,Machine of Death: The Game of Creative Assassination – Death
164302,Machine of Death: The Game of Creative Assassination – Death by Genre
164303,Machine of Death: The Game of Creative Assassination – Intel
164337,Machine of Death: The Game of Creative Assassination – Webcomics Pals/Chums
148340,Zombicide Survivor: Mr. Phal
311464,Florenza: X Anniversary Edition
165120,Bedpans & Broomsticks: Crazy Closets
165122,Whitewater: Jutting Jetties
165115,Mayfair Games' Limited Edition Promo Expansion Set #10
159512,Munchkin Legends 3: Myth Prints
155170,Munchkin Journal Pack 1
155171,Munchkin Journal Pack 2
151122,Mayfair Games' Limited Edition Promo Expansion Set #6
123251,Cartoona: Heads on Tails Expansion
121755,Cartoona: Long Necks Expansion
164187,The Battle of Bushy Run
167900,New Dawn: U-Cannon
167877,New Dawn: Bonus Game Material
168121,Carcassonne: Darmstadt
168260,Hugo das Schlossgespenst: Gruselplättchen
167841,Die Siedler von Catan: Hochzeitsturm
168122,Village Port: Schatzkiste
167251,Zooloretto: Langer Ludwig
187953,Clinic Expansion: Medical Dossier 3
145762,Krosmaster: Arena – Argon Gass Exclusive Figure
166926,Krosmaster: Arena – Arthur Bine Promo
145763,Krosmaster: Arena – Count Frigost exclusive figure
145542,Krosmaster: Arena – Goultard the Barbarian Exclusive Figure
276203,Rivet Wars: Blitzkrieg Box
169688,Villainy: Turf War
40919,A Game of Thrones: The Card Game – A Change of Seasons
40786,A Game of Thrones: The Card Game – A Song of Summer
40788,A Game of Thrones: The Card Game – The Winds of Winter
305324,Choose One!: Fruitcake or Egg Nog
187253,Early American Chrononauts: Martha Washington's Great Cake
213074,Loonacy: Fruitcake Fun Pack Expansion
41047,Admin Test Item
172624,Bacchus' Banquet: New Years Celebration
172625,Mad City: General Contractor
172623,Mayfair Games' Limited Edition Promo Expansion Set #14
172826,Asgard's Chosen: Little Ice Age
172825,Mayfair Games' Limited Edition Promo Expansion Set #15
193791,"But Wait, There's More!: Geek Expansion"
132983,Hemloch: The Long Shadow
40921,A Game of Thrones: The Card Game – Refugees of War
40922,A Game of Thrones: The Card Game – Scattered Armies
40920,A Game of Thrones: The Card Game – The Raven's Song
251308,Police Precinct: Game Boy Geek Promo Card
175560,Hot Tin Roof: Home Turf
175561,Road Rally USA: Mud Boggin'
175478,Mayfair Games' Limited Edition Promo Expansion Set #16
24714,Die California Extrakarte
42395,California: Bonuskarten Katalogedition 7
306272,Godzilla Rampage: Kaiju Unleashed
303949,Age of Steam Deluxe Expansion: Detroit Bankruptcy & Heavy Cardboard Maps
179137,Flea Market: Three for the Road
165943,Helios: Riese und Ballonfahrerin Erweiterung
165938,Limes: Der Leuchtturm
180252,Extra! Extra! Funny Pages
158116,Scripts and Scribes: The Dice Game – Mini Expansion
233291,The Red Dragon Inn: Lucky Rabbit's Foot Ale
233890,The Red Dragon Inn: Wizard's Wine
58625,Storm Over Normandy
224159,Catacombs: Wyverns of Wylemuir
213898,Dust Tactics: Sisters of Demolition
166187,Caverna: Mini Expansion
229451,Zooloretto Würfelspiel Trio
130559,PAX: Nocturnus
130560,Pergamemnon: Antebellum
29510,Jambo Expansion
46127,Jambo Expansion 2
266447,Greenland (Third Edition)
184028,Abluxxen: Königskarten
184281,Coloretto: +3-Karte
203709,Fliegen Klatschen: Rote Fliegenklatsche promo cards
184213,Mamma Mia: Joker-Zutat
206283,"Solo Sonderkarten: Geschenk, Schutz und Spielrichtung"
184030,Speed Snacks: The Difficult Customer Promo Card
184215,Tutto: Sechsling-Karte
170855,Exodus: Edge of Extinction
189970,Exodus: Edge of Extinction – Kickstarter Limited Action Cards
189972,Exodus: Edge of Extinction – Kickstarter Limited Combat Cards
186858,Exodus: Edge of Extinction – Kickstarter Limited Components
189971,Exodus: Edge of Extinction – Kickstarter Limited Political Cards
169840,Fruitcake Fun Pack
168432,Clinic Expansion: ICU free bonus tile
235255,Taluva Extension
100222,Thunderstone: Promo Pack #2
189102,Among Nobles: Promo Character Cards
251161,Kings of War: Clash of Kings – 2018 Edition
161484,VivaJava: The Coffee Game: The Dice Game: Game of the Year Expansion
253832,Marvel Dice Masters: Uncanny X-men – Promo Cards
225230,Peloponnes: Heroes and Colonies
193528,Munchkin 6.5: Terrible Tombs
207829,Tanto Cuore: Oktoberfest – Gina Kersten Promo Card
292651,Tanto Cuore: Serena Lavaux
193720,Zombicide: Gaming Night #5 – Bluehand Protocol
193719,Zombicide Survivor: Azaghal
193718,Zombicide: Survivor Jovem Nerd
174122,"But Wait, There's More!: Fantasy RPG Mini-Expansion"
174123,"But Wait, There's More!: Superhero Mini-Expansion"
174121,"But Wait, There's More!: Video Game Mini-Expansion"
222317,Frostgrave: The Frostgrave Folio
199741,Arcadia Quest: Steady Slingshot Promo Pack
199742,B-Sieged: Sons of the Abyss – Promo Pack 2016
199740,XenoShyft: Oathkeeper Promo Card
199739,Zombicide: Black Plague – Ice Blast Promo Card
199738,Zombicide: M134 Gatling Promo Card
302705,Apex Theropod Deck-Building Game: Exotic Predators Expansion Deck
209235,Warhammer Quest: Silver Tower – Hero Cards
335577,Aventuria: Promo-Pack 1
235028,Police Precinct: Michelle Schroeder Character Board
228670,Police Precinct: Richard Austria Character Board
204774,A.D.A.P.T.: 5-in-1 Expansion Pack
204761,A.D.A.P.T.: Bio-Mech Expansion Pack
204756,A.D.A.P.T.: Cephalopod Expansion Pack
204758,A.D.A.P.T.: Fantasy Expansion Pack
204760,A.D.A.P.T.: Guppy Expansion Pack
204757,A.D.A.P.T.: Reptile & Amphibian Expansion Pack
312798,Hostage Negotiator: The Defender and Ana Langston Promo Cards
187141,Boss Monster: Hidden Secrets
197158,Good Cop Bad Cop: Equipment Pack #3 – Tower
332720,Tanto Cuore: International Promo Set
193713,Tanto Cuore: Promo Card Set #4
154228,Neuroshima Hex! 3.0: Assassin
176355,Neuroshima Hex! 3.0: Generator Pola
174091,Neuroshima Hex! 3.0: Night Hunter
164473,Neuroshima Hex! 3.0: Transport Hub
33514,Neuroshima Hex! Mad Bomber
206195,Leo: The Brush
212873,Level 8: Das Kartenspiel
186182,Among the Stars: Revival – Kickstarter Stretch Goals
256714,Starlight Stage: Shining Star
202831,Boss Monster: Crash Landing
211790,Guilds of London: Solo Rules
182563,Dust Tactics: Taskforce Tanya
217764,Epic Resort: Upgrade Kit
194044,Epic Resort: Villain's Vacation
213980,Automobiles: Racing Season
218378,Planes: Round Trip
218377,Trains: Coastal Tides
241729,The Red Dragon Inn: Golden Stout
241727,The Red Dragon Inn: Prognosticating Punch
241730,The Red Dragon Inn: Timewarp Tonic
223171,Catan: Seafarers Scenario – Legend of the Sea Robbers
141917,ASL March Madness Double-Blind Pack
42302,March Madness 2009 Partisan Pack
69081,March Madness 2010 Irregular Forces Pack
96646,March Madness 2011 Texel Pack
135973,Kingdom Death: Monster – Messenger of Courage Challenge Scenario
136133,Kingdom Death: Monster – Messenger of Humanity Challenge Scenario
136104,Kingdom Death: Monster – Messenger of The First Story Promo Miniature
136017,Kingdom Death: Monster – Messenger of the Spiral Path Promo Miniature
150133,Dark Darker Darkest: Heli Escape Expansion
149186,Dark Darker Darkest: Radioactive Expansion
150132,Dark Darker Darkest: Victims Mini Expansion
150131,Dark Darker Darkest: Zombie Expansion
223102,Villains and Vigilantes Card Game: Crusaders and Criminals
223100,Villains and Vigilantes Card Game: Destroyers and Daredevils
223101,"Villains and Vigilantes Card Game: Mentalists, Masterminds, and Marvels"
223099,Villains and Vigilantes Card Game: Extreme Expansion
143054,Battle over Britain: Solitaire Module
147543,Zooloretto: Tapir
263340,Boss Monster: Game Night #2 Season One Event Kit
203707,Police Precinct: Dice Tower Exclusive Character Set
225319,Boss Monster: Implements of Destruction
163427,Cubist: Additional Installation Cards
163426,Cubist: Museum Expansion Pack
163425,Cubist: The Attic
327973,Gruff: Twist Gaming Promo Pack
181681,The Red Dragon Inn: 2014 SlugCrew Minor Reward
267330,Wasteland Express Delivery Service: Rocker
232299,New York Slice: 2017 Specials
146466,Killer Bunnies and the Quest for the Magic Carrot: Fan Deck
232139,Autumn For Barbarossa
253834,Marvel Dice Masters: Age of Ultron Promo Cards
133772,Boss Monster: Tools of Hero-Kind
242641,Mega Man Pixel Tactics: Kickstarter Promo Set
152528,Pixel Tactics: Apprentice / Verona
152529,Pixel Tactics: Collector / Arcus
152531,Pixel Tactics: Game Artist / Fábio Fontes
180848,Pixel Tactics: Game Caster / Eric Summerer & Army of One / Sam Healey
152530,Pixel Tactics: Game Designer / D. Brad Talton Jr.
164977,Pixel Tactics: Game Geek / Ernie the Geek
206598,Pixel Tactics: Game Informant / Ryan Metzler
175823,Pixel Tactics: Game Instructor / Rodney Smith
179753,"Pixel Tactics: Game Prodigy / ""Lucky"" Luke"
206599,Pixel Tactics: Game Pundit / Zee Garcia
143356,Pixel Tactics: Game Reviewer/Tom Vasel
152525,Pixel Tactics: Game Show Host/Roy
191090,Pixel Tactics: Princess / Princess Annette
152526,Pixel Tactics: Reporter / Marion
164979,Pixel Tactics: Robot / Mark.PT0
191089,Pixel Tactics: Smasher / Paul Peterson
179754,Pixel Tactics: Sound Guy / Chaz Charlton
179755,Pixel Tactics: Video Guy / Diego Melo
36416,Classic Battletech: Dawn of the Jihad
122304,Classic Battletech: Jihad Hot Spots – 3070
335578,Aventuria: Promo-Pack 2
335579,Aventuria: Promo-Pack 3
181592,Evolution: Promo Pack II
241210,Fog of Love: Promo Card Set
341451,The Valley of Alchemists: Kickstarter Edition
217818,The Red Dragon Inn: 2016 SlugCrew Minor Reward
237781,Mega Man Pixel Tactics: Frost Man Promo Cards
316169,The Order of Vampire Hunters: Hunter Freebies
7732,Convoys in Flames
7728,Cruisers in Flames
248736,Shadows over Normandie: Cthulhu Mythos Call #3
263709,Muse: Dice Tower 2018 Kickstarter Promo Pack
330394,Munchkin: Misch oder stirb!
245451,Heroes of Normandie: FFI – La Cellule de Guesclin
318174,The Medieval Expansion (fan expansion for Carcassonne)
202530,"Sea of Clouds: Kitty, Unicorn, Love Ray"
237078,Kings of War 2nd Edition: Edge of the Abyss – Summer Campaign Book
189518,Kings of War: Destiny of Kings
175470,Police Precinct: Crooked Lawyers
252660,Virus!: Ladrón de Corazones
252661,Virus!: Médico de Guardia
252429,Alhambra: Designers' Expansions Box
344658,그라울: 최후의 밤 - 확장 (GROWL: Expansions)
252147,Virus!: Especial Festivos
235756,Marvel Dice Masters: Thanos Imperative Promo Cards
202862,Star Realms: Year Two Promo Cards
331456,Millennium Blades: Crossovers 2 Mini-Expansion
211724,Starlight Stage: Expansion Card Set 2
234467,Starlight Stage: Expansion Card Set 3
286655,Menara: Rituals & Ruins
266429,Whistle Stop: PAX Promo Pack
266825,Fleet: The Dice Game – Deluxe Extras
264750,A Thief's Fortune: Kickstarter Promos
137536,Railways of the World: Mines
137537,Railways of the World: Switch Tracks
266341,Blood Bowl (2016 edition): 2018 Blood Bowl Almanac
261528,Tower of Madness: Gen Con Promo Set
261344,Tower of Madness: Dr. Jin Wu Promo Card
217868,Avenge Pearl Harbor
247252,Muse: Factory Promo Card
264177,Kitchen Rush: Piece of Cake – Kickstarter Promos
264167,Kitchen Rush: Sauerbraten Beef
353781,The Pursuit of Happiness: KS Promos 4
283936,Artipia Games: The Promo Pack
264751,A Thief's Fortune: Common Danger Mini Expansion
259820,A Thief's Fortune: Gossipmonger
272394,Dinosaur Island:  Dice Tower – Mandi and Suzanne Promo Card
272395,Dinosaur Island:  Dice Tower – Sam and Zee Promo Card
272396,Dinosaur Island:  Dice Tower – Tom and Eric Promo Card
274721,The Red Raven Fan Box #1
354510,Seize the Bean: Extra Founders Expansion Pack
340039,Sword & Sorcery: Ancient Chronicles – Treasure Chest
304286,Arkham Horror (Third Edition): Under Dark Waves
260795,Blood Bowl (2016 Edition): Spike! Journal #1
260797,Blood Bowl (2016 Edition): Spike! Journal #2
260798,Blood Bowl (2016 Edition): Spike! Journal #3
258854,Whistle Stop: Extra Reserve Promo Tile
262007,Whistle Stop: King Me! Promo Tile
262006,Whistle Stop: Poison Pill Promo Tile
258095,Whistle Stop: Surveyor Crew Promo Tile
267896,Whistle Stop: VS Promo Tile
233866,Wasteland Express Delivery Service: Promo Pack 1
40210,Race for the Galaxy: Rebel vs Imperium
66121,Race for the Galaxy: The Brink of War
34499,Race for the Galaxy: The Gathering Storm
318481,The City: Expansion
328472,Battlestar Galactica: Starship Battles – Starbuck Promo
265086,Dinosaur Island: Dice Tower Promo Cards
293397,Blood Bowl (2016 edition): 2019 Blood Bowl Almanac
275731,Above and Below: Mystic's Hut Promo Card
265666,Eight-Minute Empire: Legends – Goal Cards
265664,Empires of the Void II: General Event Cards
265665,Haven: Ancient Relics
181870,Valeria: Card Kingdoms – Expansion Pack #01: King's Guard
181875,Valeria: Card Kingdoms – Expansion Pack #02: Undead Samurai
211589,Valeria: Card Kingdoms – Expansion Pack #03: Agents
216717,Valeria: Card Kingdoms – Expansion Pack #04: Peasants & Knights
216716,Valeria: Card Kingdoms – Expansion Pack #05: Monster Reinforcements
267367,Suburbia: Collector's Edition
212278,Rivet Wars: Atomic Robo
175190,Rivet Wars: Baby Girl
175191,Rivet Wars: Man in Charge
212277,Rivet Wars: R-100
169650,Rivet Wars: Rosie the Riveter
212279,Rivet Wars: The Veteran
283424,World At War 85: Storming the Gap – The Expansion Pack
336872,Between Two Castles of Mad King Ludwig: Secrets & Soirees Expansion
278431,On Mars: Beacon Promo Card
240258,Cthulhu Wars: Onslaught 3 Stretch Goal Box
279798,Splendor: Diane de Poitiers Promo Noble
261439,Splendor: Guillaume Budé Promo Noble
256783,Splendor: Jacques Cartier Promo Noble
261074,Splendor: Thomas More Promo Noble
238550,Necromunda: Underhive – Gang War
247429,Necromunda: Underhive – Gang War II
254128,Necromunda: Underhive – Gang War III
258181,Necromunda: Underhive – Gang War IV
288495,Necromunda: Underhive – Gangs of House Delaque
195504,Sheriff of Nottingham: 2016 Dice Tower Kickstarter Promo Pack
233817,Sheriff of Nottingham: 2017 Dice Tower Indiegogo Promo Pack
266420,Sheriff of Nottingham: Master Smuggler
166409,Sheriff of Nottingham: Prince John's Sword Promo Card
237362,Sheriff of Nottingham: Prince of Thieves
163683,Sheriff of Nottingham: Royal Summons Promo Card
248378,Altiplano: Sunny Days
283292,Clank!: Trailblazer
283287,FUSE: Tool Box Promo Pack
283288,Gunkimono: Double Army Tiles
283285,Lotus: Loves Me Not Tokens
264048,Reykholt: Startup Financing Promo Pack
286835,Pathfinder Adventure Card Game: May 2019 Promo Pack
265284,Among the Stars: Lost and Found Promo Card
264746,Fields of Green: Stolen Property Promo Card
283760,Kitchen Rush: Upgraded Security
283761,The Pursuit of Happiness: Run Fair Booth
283759,A Thief's Fortune: Prevent Robbery
283938,Whoosh: Bounty Hunters – Kickstarter Promo Card
292884,ICECOOL: Walrus Expansion
292888,Imhotep: The Duel – Tomb C & D
292887,Imhotep: The Sun Ship Tiles – Mini Expansion
292745,Just One: Deutscher Spielepreis Classic Goodie Box Promo Cards
292911,Leo: The Snake
286212,Pathfinder Adventure Card Game: Core Set – Corpse Plate promo card
283557,Pathfinder Adventure Card Game: Embiggen
185249,Epic Card Game: Kickstarter expansion
241214,Epic Card Game: Pantheon – Gareth vs Lashnok
241212,Epic Card Game: Pantheon – Helena vs Zaltessa
232350,Unfair: Gen Con Promo Card
214321,Unfair: Time Traveller
345792,Village Pillage: À L'Abordage
322398,Run Fight or Die: Reloaded Promo Pack 2
294309,Clank! In! Space!: Cruel Doctor Promo Card
293821,Gates of Delirium: Sacrificial Fire Mini Expansion
293822,Junk Orbit: Tours Mini Expansion
294312,Lanterns Dice: The Legendary Lakes
293647,West Kingdom Mini Card Set
205159,Isle of Skye: From Chieftain to King – Kennerspiel des Jahres Promo Tile
291528,Hostage Negotiator: Career – Negotiator Cards
291526,Hostage Negotiator: Career – Stretch Goal Pack
238026,Greater East Asia Co-Prosperity Sphere: War in Asia and the Pacific
97804,Tanto Cuore: Promo Card Set #1
343991,Critical Mass: 5 card Promo Pack
273939,Blood Bowl (2016 Edition): Spike! Journal #4
279979,Blood Bowl (2016 Edition): Spike! Journal #5
284076,Blood Bowl (2016 edition): Spike! Journal #6
293010,Blood Bowl (2016 edition): Spike! Journal #7
163374,Zombie 15': Promo Cards
294526,Dwar7s: The Legendary Conversion Pack
227514,Explorers of the North Sea: Rocks of Ruin
293675,Dwar7s Winter: The Legendary Expansion
152572,Camp Grizzly: Expansion #1 – Spin the Bottle
153808,Camp Grizzly: Expansion #2 – Keep Your Distance
171634,Camp Grizzly: Expansion #3 – Behind the Bear
171635,Camp Grizzly: Expansion #4 – Jump the Bear
171636,Camp Grizzly: Expansion #5 – Rated R
309030,The Second Most Perfect Moment
232434,Go Nuts for Donuts: Apple Fritter
229506,Go Nuts for Donuts: Bacon
316671,Go Nuts for Donuts: Expansion Pack
232433,Go Nuts for Donuts: Zombie
323180,Banned Books: Old Major
323182,Banned Books: Tango
336650,Robinson Crusoe: Adventures on the Cursed Island – The Book of Adventures (Gamefound Edition)
323947,Middara: Unintentional Malum – Act 1 Version 1.1
199943,Aventuria: Forest of No Return
204406,Aventuria: Ship of Lost Souls
132195,The Resistance: Avalon Promo Cards
340895,Paupers' Ladder: The Moon Towers
277021,Age of Steam Expansion: Detroit Bankruptcy
177580,Heavy Cardboard (fan expansion for Age of Steam)
328524,Endangered: Center for Biological Diversity
231405,Orléans: Drawbridge
286020,Orléans: Gaming Room
247797,Orléans: L'évêché de Tours
292897,Circle the Wagons: Lone Cowboy Rides Again
335392,Circle the Wagons: Wildest West
238664,Magic Maze: 9 new tiles
321074,Nusfjord: Salmon Deck
309139,Batman: Gotham City Chronicles – Portable Batcomputer Promo
309138,Compendium: The Overlord – Tome IV (fan expansion to Batman)
265834,Arena: The Contest – Harun the Shapeshifter
264901,Arena: The Contest – Heroes & Dungeons
293768,"Arena: The Contest – Hydra, Ascaran the Archangel & Vanarus the Demon"
293001,Arena: The Contest – Imperial Box
297636,Arena: The Contest – The Elder Dragon
263053,Universal Rule: Second Wave
229079,Escape: The Curse of the Temple – Queenie 12: Slide
256413,Escape: The Curse of the Temple – Queenie 13: Map
233279,Escape: The Curse of the Temple – Queenie 14: Wishing Well
282778,Escape: The Curse of the Temple – Queenie 15: New Quest Chambers
282779,Escape: The Curse of the Temple – Queenie 16: New Traps
292414,Villagers: Promo Pack 1
234645,Hostage Negotiator: Ana Langston
206597,Hostage Negotiator: The Defender
313459,Overboss: A Boss Monster Adventure – Limited Edition Bonus Pack
298596,Escape Room: Das Spiel 2
316028,Vindication: World Box Odyssey Bundle
26189,Blue Moon City: Expansion Tile Sets 1 & 2
315941,Vindication: Odyssey
315939,Vindication: Promo Pack 2020
244355,The Order of Vampire Hunters: Eten Expansion
244411,The Order of Vampire Hunters: Grelrok Expansion
245253,The Order of Vampire Hunters: Injury and Infection Deck Expansion.
245229,The Order of Vampire Hunters: Lord Kurivan Expansion
245225,The Order of Vampire Hunters: Lord Marku Expansion
247454,The Order of Vampire Hunters: Swarms Expansion
177253,Dead Men Tell No Tales: Camille E.N. Promo Card
283739,Mombasa: Nomeie Sua Companhia
230241,Terraforming Mars: Penguins Promo Card
202825,Terraforming Mars: Small Asteroid Promo Card
226297,Terraforming Mars: Snow Algae Promo Card
248814,The Gallows (fan expansion for Carcassonne)
248808,In the Stocks (fan expansion for Carcassonne)
248809,Jousting Tournament (fan expansion for Carcassonne)
248817,The Orders of Chivalry (fan expansion for Carcassonne)
202103,Hero Realms: Character Pack – Cleric
202104,Hero Realms: Character Pack – Fighter
202105,Hero Realms: Character Pack – Ranger
202106,Hero Realms: Character Pack – Thief
202107,Hero Realms: Character Pack – Wizard
213621,King's Forge: Glassworks Plus Pack
147420,King's Forge: Queen's Jubilee
320676,"1565, St. Elmo's Pay: Promo Pack"
356571,Thunderstone Quest: Enemies Among Us
320066,1066: Tears to Many Mothers – 2 promo cards
295017,Atlantis Rising (Second Edition): Extended Difficulty Mini-Expansion
307302,Atlantis Rising: Medusa Unleashed
289949,Run Fight or Die: Reloaded – Zombie Cosplayer Promo Card
295838,Banned Books: Animals
328326,Fleet: The Dice Game (Second Edition)
325439,The Walking Dead: All Out War – The Whisperers Booster
325437,The Walking Dead: All Out War – The Whisperers Faction Set
347082,The Walking Dead: All Out War – Saviors Cards Pack
320464,The Few and Cursed: Deluxe Expansion
334719,Not Alone: Sanctuary – Minerva-MK18
158233,Munchkin Princesses
178048,Munchkin: Dragon's Trike
232901,Noch mal!: Zusatzblock I
239154,Noch mal!: Zusatzblock II
239155,Noch mal!: Zusatzblock III
350350,The Magnificent: Promo-pack
327018,GPS: Expansion Pack
326964,Mountain Goats: Expansion Pack
326971,Sequoia: Expansion Pack
231220,Vikings Gone Wild: Masters of Elements
205738,Vikings Gone Wild: Ragnarok!
236824,Raiders of the North Sea: The Mico Promo
327844,Shadows of Brimstone: Black Fang Hatchet
327845,Shadows of Brimstone: Cartwright's Trusty Pistol
327846,Shadows of Brimstone: Harvesters Otherworld Threat Cards
327847,Shadows of Brimstone: Trederran Raiders Otherworld Threat Cards
327848,Shadows of Brimstone: Undead Outlaws and Undead Gunslinger Deluxe Enemy Pack – The Lost Marshals Enemy Record Sheet
327841,Flying Frog DiceFest 2020 Goody Box
231407,Gruff: Mulch promo card
283833,Anachrony: The Board Game Spotlight Promos
283832,Anachrony: The Secret Cabal 2019 Promo Cards
266237,Anachrony: The Sentry Post
271428,Battlestar Galactica: Starship Battles – Starbuck: Captured Raider
306338,Endangered: Tantrum House Promo Cards
326984,Nidavellir: Thingvellir
330261,Hoplomachus: Dungeon Master Crowd Favor Gladiator
257999,Too Many Bones: Drakkenbright Duo
286241,"Cloudspire: Timothy III, Esq."
330275,Too Many Bones: Bloodthirsty Gila Goblin
330281,Cloudspire: Claus Spire
329156,Cloudspire: Cloud Spider
299653,Too Many Bones: Chinese Edition Baddies
247846,Munchkin Cheats
295106,Munchkin Cthulhu: Sanity Check
292101,Munchkin Zombies: Grave Mistakes
295105,Star Munchkin: Landing Party
203982,Hero Realms: 5 Magic Item Treasure Cards
202865,Hero Realms: Bloodfang Promo Card
203075,Hero Realms: Centurion Promo & 4 Legionnaire Cards
204140,"Hero Realms: Droga, Guild Enforcer Promo Card"
204114,"Hero Realms: Galok, the Vile Promo Card"
202868,"Hero Realms: Gorg, Orc Shaman Promo Card"
202867,Hero Realms: Necromancer Promo & 4 Zombie Cards
202866,"Hero Realms: Ren, Bounty Hunter Promo Card"
203499,"Hero Realms: Tibus, Guild Lord Promo Cards"
203887,"Hero Realms: Valius, Fire Dragon Promo Card"
202099,Hero Realms: Year One Promo Cards
255890,Millennium Blades: Doomtown Reloaded Promo Pack
260589,Carcassonne: Spiel Doch Mini Expansion
313314,Rising Sun: Comic Book Extras – Province and Clan Cards
274087,Rising Sun: Tower Season Cards Set
190798,The North Sea Runesaga
319750,Campaign Trail: Green Party Expansion
207589,Tanto Cuore: Private Maid – Aino Svensen
213972,Tanto Cuore: Private Maid – Pierra Allegrini
211025,Tanto Cuore: Private Maid – Ursula Fassbender
324631,Altar Quest: Stretch Goals
326077,Not Alone: Sanctuary – The Promo Cards
321742,Nemesis: Lockdown – Stretch Goals
200863,Aventuria Abenteuerspiel-Box: Verlockender Köder Promo Card
213302,Aventuria: Orkfamilie Promo Card
239439,"Aventuria: Promokarte ""Schwitzkasten"""
204798,Aventuria: Schwarzes Auge Promokarte
239440,"Aventuria: Promokarte ""Improvisierte Waffe"""
239441,"Aventuria: Promokarte ""Rahjasutra"""
239442,"Aventuria: Promokarte ""Schlösser knacken"""
239443,"Aventuria: Promokarte ""Zechgelage"""
239512,"Aventuria: Promokarte ""Drachenjunges"""
239446,"Aventuria: Promokarte ""Liebestrank"""
239445,"Aventuria: Promokarte ""Nachahmung"""
239444,"Aventuria: Promokarte ""Schlagring"""
334485,Root: Riverfolk Hirelings
334486,Root: The Landmarks Pack
330149,Root: The Marauder Expansion
299441,Robinson Crusoe: Adventures on the Cursed Island – The Book of Adventures
162008,Panzerschiff: Expansion Set
234403,Cards Against Humanity: College Pack
254480,Cards Against Humanity: Dad Pack
188496,Cards Against Humanity: Food Pack
241785,Cards Against Humanity: Non-denominational Seasons Greetings Pack
255369,Cards Against Humanity: Pride Pack
168292,Cards Against Humanity: Science Pack
277759,1822: Medium Regional Scenario
332629,Castle Panic: Crowns and Quests
337662,Harry Potter: House Cup Competition – Draught of Living Death Promo
337663,Harry Potter: House Cup Competition – Locomotion Charm Promo
266010,Sword & Sorcery: Hero Pack – Sigrid Thane/Skald
266009,Sword & Sorcery: Hero Pack – Sigurd Thane/Skald
266012,Sword & Sorcery: Hero Pack – Genryu White/Black Monk
266011,Sword & Sorcery: Hero Pack – Shakiko White/Black Monk
208503,Star Realms: United – Assault
208501,Star Realms: United – Command
202247,Star Realms: United – Heroes
208502,Star Realms: United – Missions
207812,Vinhos Deluxe Edition: Connoisseur Expansion Pack
207818,Vinhos Deluxe Edition: Islands Expansion Pack
207820,Vinhos Deluxe Edition: Tasting Room Expansion Pack
340223,Euthia: Torment of Resurrection – Legendary Collection
350461,Loot Box #1
303500,Paupers' Ladder: The Moonlighters
350376,Die Abenteuer des Robin Hood: Die erste Abenteuer-Erweiterung
247806,Raiders of the North Sea: Ceedee Promo Card
234362,Raiders of the North Sea: Rod & Pep Watch It Played Promo
247805,Raiders of the North Sea: The Meeple Men Promo Card
312951,Alien Puppies
278956,Aeon's End: War Eternal – Promo Pack
227748,Deception: Undercover Allies
254315,"Deception: Undercover Allies – Kickstarter Exclusive ""Sorry Pack"" Promo Cards"
253961,Deception: Undercover Allies – Kickstarter Pack
344791,The Walking Dead: All Out War – The Kingdom Guard Booster Pack
292826,Critical Mass: Plasma Drill promo card
343735,Critical Mass: Power Transceiver promo card
343737,Critical Mass: Reinforce promo card
252621,Growl: 7 Sins + Undead
274825,Growl: Curses + Spells
343907,The Walking Dead: All Out War – The Kingdom Faction Pack
157254,Corps Command: Dawn's Early Light – Red Hammer
325469,The Walking Dead: All Out War – Saviors Faction Pack
59205,BattleTech: Technical Readout 3058 Upgrade
59204,BattleTech: Technical Readout 3067
59203,BattleTech: Technical Readout – 3055 Upgrade
59200,Classic Battletech: Technical Readout 3060
67410,Classic BattleTech: Technical Readout 3075
87920,Classic BattleTech: Technical Readout 3085
58119,Classic Battletech: Technical Readout – 3050 Upgrade
61359,Classic Battletech: Technical Readout – Project Phoenix
188339,Arcadia Quest: Inferno – Kickstarter Exclusives
349396,Skulls of Sedlec: Expansion Collection
354862,Tinners' Trail: Expansions Box
349269,Skulls of Sedlec: Champions
349268,Skulls of Sedlec: Merchants
349267,Skulls of Sedlec: Zealots
255207,Smash Up: Titans
350998,Car Wars (Sixth Edition): Playmat Bundle
355196,The Magnificent: Dice Tower 2021 Promo Cards
326883,The Magnificent: Master Tiles
341506,Die Abenteuer des Robin Hood: Der Gesandte der Königsmutter
349425,Die Abenteuer des Robin Hood: Die Intrige
341505,Die Abenteuer des Robin Hood: Die Tochter des Ketzers
350466,"Origins: First Builders – Ophiuchus, the 13th sign of the Zodiac promo card"
350467,Origins: First Builders – The Voice
350465,Tawantinsuyu: Book of Challenges
350463,Tekhenu: Book of Challenges
350464,Tekhenu: Noble Buildings
340392,Teotihuacan: Expert Challenges – Book 1
341949,Teotihuacan: Expert Challenges – Book 2
350462,Teotihuacan: Expert Challenges – Book 3
350471,Zapotec: Quick Start
350075,Car Wars (Sixth Edition): Playmat #1
256610,Thunderstone Quest: Barricades Mode
281458,Thunderstone Quest: Frozen in Time
256611,Thunderstone Quest: What Lies Beneath
188497,Cards Against Humanity: Fantasy Pack
199399,Cards Against Humanity: Geek Pack
215445,Cards Against Humanity: Sci-Fi Pack
188498,Cards Against Humanity: World Wide Web Pack
293880,Cards Against Humanity: Ass Pack
231347,Cards Against Humanity: Period Pack
344348,Cards Against Humanity: Picture Card Pack 1
344349,Cards Against Humanity: Picture Card Pack 2
243098,Cards Against Humanity: Saves America Pack
231346,Cards Against Humanity: Weed Pack
287567,Roll Player: Cartographer Backstory Promo Card
214327,Roll Player: Cursed Ring
313054,Roll Player: Ring of Charity Promo Card
352840,Borderlands: Mister Torgue's Arena of Badassery – Loot-Splosion Campaign Supplement
352665,Borderlands: Mister Torgue's Arena of Badassery – Robot Revolution
352395,Borderlands: Mister Torgue's Arena of Badassery – Skags at the Gates
352575,Borderlands: Mister Torgue's Arena of Badassery – Steve the Psycho
352414,Borderlands: Mister Torgue's Arena of Badassery – The Ravenous Wattle Gobbler
218388,Magic: The Gathering – Antiquities
218386,Magic: The Gathering – Arabian Nights
238614,Magic: The Gathering – Legends
203309,Magic: The Gathering – The Dark
328765,Valeria: Card Kingdoms – Darksworn
354791,Valeria: Card Kingdoms – Fire Temple Monsters
354792,Valeria: Card Kingdoms – Kaharian Monsters
354793,Valeria: Card Kingdoms – Shade Events
180341,Abyss: Kraken
232197,Abyss: Leviathan
331900,The Pursuit of Happiness: Camping Activity Promo Card
304363,The Pursuit of Happiness: Experiences – Maui
304215,The Pursuit of Happiness: Order From Artipia
264674,The Pursuit of Happiness: Perform Magic Promo Card
232835,Circle the Wagons: Lone Cowboy
276862,Sprawlopolis: Beaches
262045,Sprawlopolis: Construction Zones
314089,Sprawlopolis: Interstate
262044,Sprawlopolis: Points of Interest
262043,Sprawlopolis: Wrecktar
256545,Stew: Fungus Among Us
291182,Tussie Mussie: Flower Shoppe
265996,Seize the Bean: 5-6 Player Expansion
349276,Tinners' Trail: The Arsenic Expansion
349277,Tinners' Trail: The Emigration Expansion
289464,Architects of the West Kingdom: King's Table Top
286548,Architects of the West Kingdom: Promo Paradise Card Set
295038,Architects of the West Kingdom: Racketeer
190602,Die Glasstraße: Harlekin
167567,Die Glasstraße: Oktoberfest
320379,Thunderstone Quest: Darkness Rising
322781,Thunderstone Quest: Miricelle's Return
155428,DC Comics Deck-Building Game: Crisis Expansion Pack 1
171033,DC Comics Deck-Building Game: Crisis Expansion Pack 2
194542,DC Comics Deck-Building Game: Crossover Pack 5 – The Rogues
194543,DC Comics Deck-Building Game: Crossover Pack 6 – Birds of Prey
239106,DC Comics Deck-Building Game: Crossover Pack 7 – New Gods
244302,51st State: Master Set – Border Tiles Promo
205165,51st State: Master Set – FLGS Promo
280332,51st State: Master Set – Mississippi & University Factions
219108,51st State: Master Set – Promo Set 1
357878,Auztralia: Promo Packet 1
313047,AuZtralia: Revenge of the Old Ones
320110,AuZtralia: TaZmania
19319,Power Grid: France/Italy
285448,Power Grid: Middle East/South Africa
131184,Power Grid: Northern Europe/United Kingdom & Ireland
131458,Power Grid: Oracle & Industrial Espionage
108668,Power Grid: Supply Contract
147932,Power Grid: Taxes
358741,Terraforming Mars: Ares Expedition – Discovery · Foundations · Crisis
358738,Terraforming Mars: Ares Expedition – Crisis
358739,Terraforming Mars: Ares Expedition – Discovery
358740,Terraforming Mars: Ares Expedition – Foundations
220188,Smash Up: Sheep
359501,ROVE: Expansion Collection
176058,The Lord of the Rings: The Card Game – Across the Ettenmoors
174565,The Lord of the Rings: The Card Game – Escape from Mount Gram
178862,The Lord of the Rings: The Card Game – The Battle of Carn Dûm
180695,The Lord of the Rings: The Card Game – The Dread Realm
164313,The Lord of the Rings: The Card Game – The Lost Realm
177608,The Lord of the Rings: The Card Game – The Treachery of Rhudaur
172680,The Lord of the Rings: The Card Game – The Wastes of Eriador
321772,Marvel United: Adam Warlock
321731,Marvel United: Kickstarter Promos Box
321771,Marvel United: Yondu
359418,ROVE: Alien Activities
359417,ROVE: Cosmic Crisis
359416,ROVE: Icy Incidents
