bg_id,id
84876,271320
120677,181289
120677,356238
164928,171905
199792,319422
96848,248562
3076,108687
3076,318985
3076,165332
185343,232900
185343,278292
244521,326869
244521,349955
121921,334931
121921,270716
93,301201
93,171908
93,147170
172386,195850
203993,338476
144733,329591
155821,321563
178900,272910
36218,142131
36218,142132
36218,149083
172287,314550
163068,255668
255984,331259
147020,298628
147020,355199
147020,216123
34635,260678
271324,295260
43015,286749
14996,329841
148949,251219
9609,60153
150376,176601
123260,343588
195421,332032
189932,336847
188,35863
188,7159
188,2883
215,313051
822,142057
822,141008
822,141007
822,140711
822,164127
822,230914
822,161729
822,154094
822,147782
822,89952
822,329954
822,301201
822,160094
822,316344
9209,160069
209418,216849
209418,275626
31481,140068
20551,176103
128621,156455
232405,313924
2655,154597
48726,174610
187617,325941
163967,186659
40692,140135
45315,161617
129622,209167
129622,202937
129622,152961
70919,319765
119890,255262
192458,357726
25554,213984
250458,319196
24480,309109
31594,214000
244271,266967
244271,266966
244271,266964
244271,266965
244271,268191
63888,185257
70323,336755
244711,351735
161614,282391
66188,139991
66188,290829
215341,247113
215341,247114
96913,170815
194607,308762
158899,341504
171,195274
171,169776
171,7159
171,149072
171,96628
171,157432
171,188909
98778,70918
98778,272743
98778,290357
95527,289843
123123,317637
13,17419
13,298278
13,305668
13,338697
13,182880
13,191710
13,269980
13,265030
13,152959
875,276502
21790,151377
156009,331265
97842,201856
6249,45358
6249,326355
6249,140709
6249,251830
151022,174458
151022,186567
297562,336849
159508,289223
39938,177352
258210,347521
117959,269476
290236,337329
131357,306656
131357,158408
119432,255924
121408,169814
50750,255524
107529,139993
107529,229130
107529,257180
266121,332229
266121,332230
266121,341008
260180,319031
30380,216727
113294,157820
113294,232894
432,246912
123540,155731
123540,186375
163839,259586
162007,331992
73761,307621
69789,261588
69789,158976
2398,12541
143515,149707
220520,330021
40628,261720
181687,325293
177590,267317
45,7159
45,157432
217780,249703
204472,215946
220517,283887
279613,327913
279613,331952
279613,331953
1465,329131
216459,303961
218479,236781
108784,180616
201921,316183
207830,332312
254386,319375
25669,197614
25669,134824
95064,158976
228328,288316
150999,274466
66056,250619
66056,203219
185589,187926
163154,308967
228504,281073
6830,13454
315767,322045
91536,259571
159473,194778
71671,147190
291508,315953
230933,302189
216092,213460
104020,193927
278,22766
278,250661
187377,349177
187377,219774
143884,175239
143884,185817
175324,315366
173090,182453
244536,266219
38159,144464
154386,181327
177802,334627
43443,278693
43443,337394
251412,300129
134253,343013
25821,168680
132372,169814
233961,314349
188547,275564
243759,334310
9220,143147
9220,294508
180040,216725
216091,213460
163413,315252
63268,158850
63268,163499
127024,212956
223770,312763
264982,277448
175223,274466
204505,349943
204505,241853
9446,147154
229491,286326
109125,206236
15818,245200
2397,7159
2397,2883
2397,186430
2397,149072
2397,96628
2397,12499
3955,128666
3955,345203
3955,30933
3955,153967
152,344176
122294,180616
245354,239307
41933,174226
5206,173270
148951,314759
148951,314758
312267,343383
312267,343384
312267,343385
1499,255484
1499,150446
915,153912
230889,329996
1544,15471
230303,228867
8098,345793
8098,39103
8098,149726
175307,188818
138233,213788
2393,7159
198487,339244
230305,228867
38386,155246
270109,314530
1887,215506
240567,329434
180852,316180
267271,308388
1107,32928
210274,334479
157026,241203
266966,268191
266966,244271
49,176068
128667,326844
266083,336936
238656,316182
169318,288378
140,155986
34585,209872
163,15471
298229,331992
66214,276202
6887,18272
320,160001
320,147369
320,237073
559,329946
158339,142039
257283,313163
144864,213788
252877,278398
6819,18272
245352,239307
266965,268191
266965,244271
198138,337796
216094,213460
266967,268191
266967,244271
215463,261901
309430,310203
204286,257089
45748,164127
45748,160500
266964,268191
266964,244271
103649,291752
62871,224035
299121,299122
158340,142039
256,260927
185123,261588
216658,339244
216199,334627
331787,334889
128445,153703
280032,327242
224272,347802
168679,207370
191301,265840
259061,317191
197065,274466
168274,181209
149809,211514
217776,245952
35505,159517
198707,343013
272409,285998
245353,239307
250780,282673
253185,328636
124668,302882
230769,263178
322289,328413
30539,159517
4583,18272
274533,288010
1917,130775
172155,241203
96749,38361
96749,39815
96749,34334
5205,173270
200456,261588
19996,316975
155708,316181
221248,283151
2932,5811
2932,349795
185709,275259
2389,150620
226631,319800
216381,316217
25071,182561
33643,260897
247436,282673
56885,168680
12346,316975
285036,340913
140125,173259
252688,337796
156266,299104
156266,175707
140863,165469
304051,327890
75547,249889
193953,351487
274037,314019
265017,335239
155,32928
135116,169814
135116,215506
275974,310779
31503,305055
149787,235473
204728,317637
277458,291833
203828,267317
2228,144845
258412,254226
179448,283151
258411,254226
3464,256885
38749,191710
249814,336292
257096,312728
4505,202821
215616,341554
205885,246912
230191,279643
253215,313791
125050,316177
15889,12541
15889,9587
112869,193288
18803,154727
18803,283119
3243,192814
3243,159908
6688,18272
3406,4385
431,163105
14634,13454
14634,187988
95,60056
313473,336936
322561,291794
320527,291794
40107,321537
58099,163105
58099,140709
4112,2883
4112,231266
4112,14369
34004,218471
258413,254226
6955,2704
3661,17728
13123,18272
282171,299815
250779,282673
2448,2883
2448,96628
198832,277980
3463,256885
184700,205960
154880,352060
195709,283151
257601,134311
56796,148641
155702,259571
176334,211323
267304,339526
789,4385
5770,209223
188188,295021
144325,193286
144325,171199
308621,321720
236301,322394
253743,277405
193483,323104
193483,283198
322563,291794
225,13454
225,347606
25491,163105
963,163105
266445,315044
10167,227650
7843,323529
20750,154727
20750,283119
322562,291794
118410,244919
153625,23417
153625,94017
230304,228867
266444,315044
30166,272710
30166,260206
13084,13454
13084,187988
144566,62143
144566,68190
117995,158850
117995,163499
275589,335436
5833,323529
186904,295503
197178,264719
12194,193254
140795,209167
159143,264897
144567,189882
83325,54859
83325,34403
164158,264897
125048,288663
213661,316171
253368,313965
244258,257645
230265,351638
193265,331265
1927,190553
1927,145534
1927,184513
1927,145535
182116,310602
1549,129442
26946,168421
63975,218471
5677,9151
161681,318852
320718,359527
284195,315044
192830,264719
230273,341554
256422,255211
34166,218471
164159,264897
133405,299971
152241,152242
33767,169776
33767,340033
34169,318657
5217,20741
217547,4385
229315,338370
161757,260126
980,168421
25314,200430
25314,4385
161108,192663
316287,317030
142557,217428
142557,249036
176980,222988
18723,154883
11733,9587
34747,175619
34747,147200
296986,315046
28302,352837
28302,133641
294275,330499
142558,249036
142558,273007
16933,260205
158915,264897
29678,261221
262042,312789
6607,190530
232403,264866
243994,254138
34334,96749
1475,159985
194298,282041
296985,315046
8222,337153
19803,214162
19803,13454
19803,187988
197269,211323
4085,298529
2780,18272
142556,249036
142556,273005
294235,346339
174400,317637
179259,203835
158564,247451
282227,320045
31821,152961
192827,264719
2919,5811
1380,324559
232139,235453
15878,18272
286735,345027
158973,339004
229543,315572
161383,264897
127981,358224
188225,256122
188225,291509
296987,315046
9386,214162
9386,13454
9386,187988
27710,269980
279204,317418
2471,227650
249275,306799
144632,183049
26952,26854
165522,291440
18121,12541
325853,336936
710,307783
11929,149072
42448,306714
42448,159500
310610,329498
268159,268308
96345,283118
6251,185753
310612,329498
332230,266121
192824,264719
310611,329498
147030,197996
58625,182016
2524,146115
314395,335436
3600,17728
145478,329131
217428,142557
217428,192324
217428,182954
4386,35863
4386,352837
4386,7159
4386,2883
9629,13454
3663,146115
158882,200430
231854,212097
231854,212098
231854,212971
231854,224505
231854,229275
231854,235441
5242,35863
836,240663
1602,35863
1602,352837
1602,16717
1602,133641
1602,337075
238026,291643
93001,300578
93001,187988
26736,145315
6504,155664
378,240663
325414,324941
208256,259556
37875,94035
21955,187988
150485,192467
553,193337
62143,144566
54300,119835
97377,204793
195373,264719
245876,283468
21324,26854
182953,273005
165521,291381
204803,295021
2778,144845
300296,356624
182954,217428
86445,130215
187590,283468
275783,333667
2388,17728
192829,264719
177210,209167
13920,4564
135270,169776
182952,273007
6644,155986
1881,143136
25423,187988
2399,352837
2399,16717
2399,7159
2399,317608
2399,328628
2399,337075
145928,188818
7204,35863
6121,352837
6121,7159
6121,317608
288798,339775
341008,266121
60316,218471
42783,148367
801,14394
801,25436
801,25435
801,25437
169436,331910
3057,338556
158916,264897
338980,339526
6282,17728
134009,134420
1294,159081
1294,160001
1294,332581
3078,338556
218007,288474
20269,13454
46530,273240
8679,258379
38361,96749
35188,140065
35188,159438
35188,159440
57201,152961
7774,17728
321305,346339
262770,324775
7750,135193
24264,140512
140865,188818
333144,206593
39565,187988
231876,284576
239,12947
3965,17728
165523,291380
115105,336497
6045,316170
300076,356624
290,2704
300298,356624
43332,147200
327913,279613
169102,199593
147168,206968
325679,359667
331953,279613
325678,359667
141467,148641
34403,83325
35003,187988
7739,258379
325681,359667
2875,258379
176458,312763
195456,264719
8751,16185
331952,279613
34444,160733
135732,183968
30022,4230
454,60056
35457,99987
12054,185753
9577,298529
7749,135193
11988,240663
158752,206968
7779,351614
192355,291380
181906,270505
192324,217428
8509,69843
170390,225836
8036,69843
315,35863
308566,348280
30023,4230
80044,119843
24525,26854
11646,12541
321306,346339
12900,2802
6215,146115
6862,357210
226616,283468
573,324559
573,221344
153802,227650
11821,194924
39699,71099
10301,12947
332229,266121
3270,8706
3270,141567
239082,287671
11500,69843
9192,1883
33595,340033
15193,13454
19257,4385
4252,298529
31711,300578
31711,187988
226081,227145
225908,290853
5136,35863
198548,187988
255955,251855
2232,4385
273005,142556
273005,182953
273005,234616
10996,214162
3024,5096
13881,12947
336851,331190
19253,4385
147427,195274
147427,248362
147427,176548
7142,192846
342894,347747
7071,277974
17529,4385
229640,259556
11499,69843
30020,4230
4317,17728
104353,119834
57052,283118
140995,210016
157053,190520
234616,273005
234615,291440
6919,17728
6360,4564
6360,178633
13919,4564
234614,273007
8533,307522
7723,69843
8743,21411
132452,187988
13915,9151
192323,291381
17684,22509
322148,335436
6885,291588
8747,16185
318702,340033
33692,133641
95607,282074
206437,333031
2762,92678
19304,291588
104769,345793
10611,16186
7378,18096
182225,333031
182225,288874
182915,195274
182915,248362
17644,291588
306311,355129
12218,3935
8122,7159
8122,349795
8749,16185
13715,35863
13715,352837
13715,7159
13715,2883
13715,317608
13715,133641
198778,324668
172557,188818
113066,209167
9973,11054
2779,144845
17967,4385
11855,3694
296736,318740
30021,4230
17183,18272
7254,14590
163031,195274
163031,248362
59309,209223
159865,232001
220199,337824
4853,186430
291440,271225
291440,165522
291440,234615
204892,254578
8748,16185
6896,8436
11510,3694
9736,11054
161429,188818
154515,202937
20240,12541
173752,205789
7795,16186
273699,283843
8744,21411
143666,165492
291380,271227
291380,192355
291380,165523
10610,16186
9189,22509
25477,4848
233206,316069
8746,21411
80833,149072
221298,329509
237991,265047
104351,119834
164187,167239
25476,4848
21488,248362
168446,214903
30583,187988
255,12947
2317,159999
13654,7159
13654,133641
21861,4385
98978,170804
26920,349795
26920,149072
11464,210064
11464,352837
11464,7159
11464,317608
35017,120323
235838,270505
2176,32928
9319,24120
13745,352837
13745,7159
13745,133641
8745,21411
19802,13454
109017,187988
25001,260337
3983,20741
198574,187988
320136,338573
2364,12541
25479,4848
9385,352837
9385,160000
3144,20741
13921,4564
13921,178633
5463,202937
25988,7159
11508,10973
11508,2704
36250,149072
238884,239118
5077,357210
88521,187988
11215,170832
19916,4385
11347,210064
11347,195274
11347,248362
11347,7159
11347,133641
2103,160696
20429,11054
2867,5811
2933,5811
74098,33023
42702,215545
5012,307783
18968,150620
168390,260940
4431,221344
312951,342368
15738,42627
13917,9151
198855,324668
117987,71099
15009,291806
13716,352837
13716,2883
1977,2704
6475,170096
150925,159517
198549,187988
23616,156570
22571,146934
188968,188818
2102,160696
21209,13454
12043,272748
8998,344844
6710,314832
17580,198628
154298,356356
2193,5811
146496,270505
1961,314892
4519,40249
25471,210064
1973,344844
182380,329330
2821,349555
13714,2883
18812,200539
6873,230675
15791,160733
2311,221344
1802,159999
22354,160733
38950,35863
38950,7159
38950,2883
38950,349795
38950,96628
38950,7157
31271,7157
13918,9151
2916,5811
212873,210658
275802,276001
13657,7159
13657,317608
158918,264897
17520,7159
17520,7157
10293,160733
169987,169814
195455,264719
8081,354330
6474,170096
34583,160441
2557,154432
7803,314832
8133,268192
123417,7157
181,154432
181,159985
19915,35863
19915,202937
2957,33023
285064,288663
4902,159982
4068,146934
11753,18096
63379,164043
43171,277084
41068,164043
36745,71099
1377,159999
5960,18341
15832,326906
31016,157723
158917,264897
10815,7159
10815,145503
17106,194924
2578,315730
3886,35863
3886,7159
3886,2883
3886,317608
3886,96628
3886,59092
3886,7157
3886,133641
3886,12499
3886,130775
10213,352837
10213,7159
10213,2883
10213,143590
10213,149072
10213,7158
10502,24120
1730,96628
3699,137827
2243,160001
2243,147369
2243,200539
5650,96628
11670,277050
1446,305055
1932,261955
2223,314892
2223,337824
2223,349555
9851,7159
18905,277050
15393,96628
2386,7159
2386,317608
2386,96628
1258,315730
1258,337824
4792,238250
11017,140673
11017,326906
11017,147066
13713,35863
13713,7159
13713,2883
1797,345085
7688,140673
1931,261955
2083,35863
2083,195274
2083,169776
2083,7159
2083,2883
2083,143590
2083,186430
2083,149072
2083,7158
2083,96628
2083,157432
2083,12499
2083,130775
2785,7159
2785,96628
2785,7157
2785,14170
2425,194924
2136,7159
2136,159081
2136,317608
2136,149072
2136,7158
2136,96628
2136,7157
2136,12499
2136,272748
2136,242290
2407,160001
2407,332581
10799,224452
10799,147066
10799,277050
7682,224452
7682,140673
7682,147066
2921,345085
1410,96628
1406,237073
16398,326905
16398,147066
5432,7159
5432,151353
5432,202937
5432,96628
5432,7157
11901,149072
11901,96628
248562,96848
248562,277519
248562,144763
248562,176130
248562,130704
271320,84876
271320,264104
271320,132477
271320,150083
271320,166589
271320,190225
271320,214005
271320,234163
108687,3076
108687,12382
108687,159761
160069,9209
160069,24439
154597,2655
154597,70704
154597,30323
171908,93
171908,597
171908,3146
171908,370
171908,5754
171908,27759
140068,31481
140068,97845
140068,40484
140068,132435
140068,33963
140068,38378
286749,43015
286749,335926
286749,162179
286749,83404
286749,213292
267367,275850
267367,277302
267367,277303
230914,822
230914,120686
230914,2993
230914,5405
230914,118618
230914,118614
230914,118615
230914,118617
230914,118619
230914,2591
230914,118616
255668,244358
255668,172659
255668,255743
255668,163068
251219,148949
251219,207573
251219,192779
251219,172505
296100,176990
296100,149054
296100,189476
213460,216092
213460,216091
213460,216094
45358,6249
45358,39109
45358,13287
45358,16494
45358,22279
45358,9687
171905,164928
171905,166842
291794,322561
291794,322562
291794,322563
291794,320527
177352,39938
177352,83538
177352,129508
177352,177353
177352,61965
177352,204252
329841,53383
329841,14996
329841,185306
260678,34635
255924,119432
255924,139849
255924,144612
255924,239697
255924,179023
255924,132425
255924,137917
255924,138072
255924,212664
255924,171426
255924,228591
255924,229206
255924,197500
255924,264372
255924,229209
255924,211713
255924,147695
255924,213316
255924,162394
255924,234161
255924,234686
255924,182173
255924,261981
255924,287323
255924,195755
278292,185343
278292,297528
278292,218791
278292,272077
278292,286574
60153,9609
60153,18034
228867,230303
228867,230304
228867,230305
164127,822
164127,2993
164127,5405
164127,153773
164127,2591
164127,45748
173,39956
239307,245352
239307,245354
239307,245353
319422,199792
319422,297973
319422,297972
319422,261142
319422,332398
213984,214005
213984,25554
213984,165350
30933,3955
30933,20237
30933,63490
30933,9653
30933,8269
30933,57885
30933,60381
249703,217780
249703,234138
89952,822
89952,123905
139991,66188
139991,86048
139991,85925
139991,148289
139991,109140
174226,41933
174226,42950
174226,42951
214000,31594
214000,165348
157820,113294
157820,128236
157820,137405
157820,122115
157820,132128
157820,149503
161617,45315
161617,161730
161617,126839
161617,130084
161617,120963
186659,163967
186659,171661
147154,9446
147154,22097
147154,64133
147154,19742
147154,19743
147154,64134
147154,64136
147154,19738
147154,19736
147154,19737
147154,19739
147154,19741
147154,19740
147154,64132
147154,64135
147170,93
147170,597
147170,3146
147170,370
147170,5754
147170,27759
155731,123540
155731,144384
155731,149772
155731,171503
155731,132479
254226,258411
254226,258412
254226,258413
255262,119890
255262,145355
255262,130752
255262,173558
156455,128621
156455,147101
140711,822
140711,120686
140711,2993
140711,5405
140711,118618
140711,118614
140711,118615
140711,118617
140711,118619
140711,118616
295260,271324
295260,299220
295260,334767
295260,301519
295260,298752
17419,13
17419,926
175239,143884
175239,158624
175239,143789
175239,160154
185257,63888
185257,185796
185257,150669
185257,92898
185257,122323
329954,822
329954,2591
139993,107529
139993,109141
139993,132377
139993,137396
139993,117793
142131,36218
142131,66098
142131,66690
141007,822
141007,2993
141007,5405
141007,15158
141007,31784
141007,66646
193927,104020
193927,121215
193927,121025
142057,822
142057,2993
142057,5405
142057,15158
142057,21385
142057,2591
186375,123540
186375,144384
152242,152241
152242,226008
152242,152244
152242,162944
174973,164723
174973,164746
274466,150999
274466,175223
274466,197065
282391,161614
282391,195034
282391,269167
282391,287313
282391,200165
282391,198808
282391,287312
43262,165461
43262,164171
261901,215463
261901,234365
216849,209418
216849,209419
187988,30583
187988,198548
187988,198549
187988,14634
187988,93001
187988,9386
187988,109017
187988,133903
187988,19803
187988,25423
187988,198551
187988,218534
187988,88521
187988,132452
187988,116142
187988,21955
187988,31711
187988,198574
187988,13084
187988,39565
187988,35003
143147,9220
143147,91072
285826,171661
329591,144733
329591,206944
329591,181693
329591,234335
329591,325037
329591,166410
277448,264982
266219,244536
266219,266132
229130,107529
229130,109141
229130,132377
229130,137396
229130,195267
229130,179622
229130,117793
229130,156102
32928,1107
32928,155
32928,2176
236781,218479
236781,259988
181289,120677
181289,161317
181289,184895
318985,3076
318985,292912
318985,12382
318985,159761
318985,291423
174458,151022
174458,174301
174458,174304
174458,174306
174458,174302
174458,174303
174458,186567
70918,98778
336847,189932
336847,213437
186567,151022
186567,181213
186567,174301
186567,174304
186567,174458
186567,181214
186567,174306
186567,174302
186567,174303
328326,325161
176103,20551
176103,74823
170815,96913
170815,132150
170815,132431
170815,107863
276502,8257
276502,875
314530,270109
314530,339464
158408,131357
158408,148931
232894,113294
232894,128236
232894,137405
232894,158616
232894,186466
232894,188155
232894,122115
232894,132128
232894,149503
232894,167909
232894,167911
232894,167910
232894,158932
232894,186481
4385,38150
4385,19254
4385,25314
4385,217547
4385,21682
4385,38351
4385,38234
4385,21845
4385,19916
4385,38347
4385,789
4385,17529
4385,19913
4385,38346
4385,26341
4385,19917
4385,38349
4385,3406
4385,19253
4385,35465
4385,38352
4385,17967
4385,38148
4385,26355
4385,38348
4385,38149
4385,17864
4385,19262
4385,37684
4385,38350
4385,37922
4385,27587
4385,38322
4385,38345
4385,21861
4385,43220
4385,19257
4385,2232
4385,19912
212956,127024
212956,156407
158976,109064
158976,96361
158976,103260
158976,103574
158976,92090
158976,88487
158976,104410
158976,113387
158976,69789
158976,95064
158976,101513
158976,103262
158976,86663
158976,125922
158976,135160
158976,245050
141008,822
141008,2993
141008,5405
141008,15158
141008,31784
141008,33458
141008,12903
141008,38431
141008,18836
4230,30020
4230,30023
4230,30022
4230,30021
140709,6249
140709,9687
140709,58099
140135,40692
140135,149066
140135,81618
140135,57072
140135,57070
140135,144171
174610,48726
174610,161118
174610,161120
174610,161121
174610,161122
174610,161123
174610,161124
174610,171857
174610,107407
174610,142647
174610,142648
174610,142649
174610,93193
174610,70647
174610,88282
322045,315767
322045,319272
322045,319273
322045,319274
322045,319315
152959,13
152959,2807
315953,291508
315953,297175
246912,432
246912,205885
281073,228504
299104,156266
299104,200174
299104,197200
299104,197553
299104,197106
299104,197104
299104,197187
299104,202307
299104,197183
142039,158340
142039,158339
142039,188818
168680,25821
168680,132780
168680,21713
168680,56885
153912,915
153912,20196
319196,250458
319196,264115
319196,285560
261720,40628
261720,70463
216725,180040
216725,217172
216725,194471
216725,194474
216725,194698
222988,196104
222988,176980
22766,278
22766,21817
323947,300084
310203,309430
310203,334890
245200,181614
245200,15818
266447,185308
203219,118173
203219,168216
203219,131707
203219,66056
203219,133042
203219,88610
203219,149833
203219,186788
203219,111255
203219,186789
300129,251412
300129,300075
277405,253743
215946,204472
215946,215944
215946,215943
215946,215942
160669,143510
191710,13
191710,38749
191710,131362
191710,131958
191710,86669
191710,2807
268191,244271
268191,266967
268191,266966
268191,266964
268191,266965
338476,203993
338476,229123
338476,211904
338476,238890
338476,329520
180616,122294
180616,129389
180616,108784
180616,117836
180616,125923
180616,123077
180616,128913
180616,123502
180616,122874
180616,119437
180616,114448
180616,245050
288316,228328
288316,287901
275564,188547
275564,244841
275564,249137
275564,244838
299733,333486
299733,333487
182453,173090
182453,186155
224035,62871
224035,110279
224035,155148
259571,91536
259571,133565
259571,155702
259571,115098
259571,126004
259571,137496
259571,103610
259571,128709
259571,106895
259571,115912
331259,255984
331259,287670
1883,9198
1883,9192
147190,71671
147190,127216
319031,260180
334889,331787
334889,356827
231942,86918
231942,56775
231942,134116
231942,61538
231942,56776
326869,244521
326869,269259
326869,264019
256885,291592
256885,3464
256885,3463
181327,154386
181327,167819
232900,185343
232900,211238
232900,218791
317030,316287
311464,164789
311464,224991
128666,3955
286326,229491
213788,141254
213788,149559
213788,148347
213788,141256
213788,144864
213788,164090
213788,165511
213788,138233
213788,141045
213788,142625
213788,142624
213788,143812
213788,128912
213788,164089
160094,822
160094,2993
160094,5405
160094,31784
160094,7707
290357,98778
290357,121996
290357,323999
216123,147020
216123,166702
216123,166707
216123,166704
216123,166708
216123,158957
251830,6249
251830,252420
251830,269139
251830,252424
251830,252422
251830,269138
251830,252423
251830,39109
251830,109139
251830,162741
251830,13287
251830,142420
251830,16494
251830,22279
251830,9687
302189,230933
302189,261247
302189,280699
302189,303014
302189,237155
302189,239997
165469,140863
165469,147827
148641,141467
148641,56796
332398,289057
332398,319422
332398,332397
332398,332390
332398,319420
332398,319419
272743,98778
272743,183833
260927,256
260927,1565
331992,162007
331992,298229
285998,272409
285998,283925
263178,261283
263178,261284
263178,230769
187926,185589
187926,200629
4564,6360
4564,13921
4564,13920
4564,13919
288010,274533
336849,297562
336849,313479
336849,313481
336849,313480
331190,336851
305668,13
305668,86669
305668,2807
206593,333144
192663,161108
192663,180171
319375,254386
319375,279770
13454,9629
13454,14634
13454,225
13454,9386
13454,19802
13454,19803
13454,20269
13454,15193
13454,21209
13454,13084
13454,21210
13454,6830
283151,179448
283151,195709
283151,221248
331265,156009
331265,184025
331265,181899
331265,219265
331265,193265
315048,138745
288378,220095
288378,169318
288378,195779
259586,163839
259586,213524
259586,227107
259586,213523
259586,216043
259586,213306
163105,431
163105,25491
163105,963
163105,58099
347521,291866
347521,258210
39103,8098
39103,10680
327242,280032
327242,341532
150446,7731
150446,7730
150446,7733
150446,7724
150446,7725
150446,1499
219774,187377
219774,201251
219774,201249
219774,201250
219774,215760
308388,267271
174852,174428
241203,158263
241203,148345
241203,148346
241203,158262
241203,147173
241203,150428
241203,149633
241203,172155
241203,143991
241203,157026
241203,146607
241203,149080
168421,980
168421,26946
211323,176334
211323,197269
180845,230778
180845,267750
180845,233395
180845,230775
180845,230774
180845,255818
180845,227819
180845,291696
180845,227790
180845,341830
180845,341786
180845,256590
2802,12900
2802,17102
2883,2397
2883,19254
2883,12694
2883,2083
2883,4386
2883,10213
2883,188
2883,38950
2883,13716
2883,4112
2883,39944
2883,2448
2883,3886
2883,13714
2883,13713
2883,13715
175707,156266
206236,109125
206236,171686
206236,206023
299122,299121
299122,266423
299122,266422
329434,240567
329434,313902
327890,304051
327890,359207
327890,359206
257089,204286
257089,264659
257089,233970
176601,150376
176601,174152
176601,150482
241853,204505
254138,243994
254138,334213
307621,73761
307621,105059
307621,257817
307621,120600
255484,7724
255484,7725
255484,1499
255484,258379
209872,34585
209872,40845
153703,128445
153703,140666
153703,149257
153703,145056
321720,308621
321720,320461
321720,320460
169814,132372
169814,169987
169814,135116
169814,121408
165332,3076
165332,12382
261588,200456
261588,203110
261588,69789
261588,185123
261588,207462
299815,282171
299815,295540
299815,295539
299815,300848
338697,13
185817,143884
185817,143789
334310,243759
334310,331110
334310,344606
10904,69697
249889,75547
249889,176617
171199,144325
171199,155169
282673,250779
282673,250780
282673,247436
260000,243633
260000,221701
260000,243634
173270,5205
173270,5206
162944,67161
162944,152242
162944,102746
162944,136171
162944,152244
181209,168274
181209,188310
181209,188311
181209,188313
278693,43443
278693,250913
278693,140681
278693,133814
278693,204542
278693,216189
278693,106158
278693,230811
278693,169784
278693,175904
278693,104590
278693,177069
278693,199154
278693,223114
278693,249579
278693,281981
255524,50750
255524,126995
255524,141320
135193,7751
135193,7749
135193,7750
259134,338745
183750,210396
183750,210390
183750,210397
183750,210395
349955,244521
349955,316597
349955,269259
10973,187869
10973,322832
10973,11508
225836,170390
225836,204659
142132,36218
142132,41105
142132,90850
142132,39707
142132,66682
142132,101665
316183,201921
316183,225982
154432,2557
154432,181
337796,198138
337796,299153
337796,300800
337796,283029
337796,252688
337796,277823
328636,253185
144464,102745
144464,67161
144464,102746
144464,38159
218575,198474
218575,198476
218575,193917
218575,198477
144845,2778
144845,2779
144845,2228
12947,10301
12947,255
12947,13881
12947,239
310779,275974
314019,274037
314019,315945
314019,315947
337329,290236
337329,309705
134824,25669
134824,147561
295503,186904
291105,315185
291105,286651
291105,286652
279643,230191
279643,278182
279643,254960
8070,30026
8070,30025
8070,30028
8070,30027
60056,95
60056,454
308762,194607
308762,229980
308762,207591
308762,220502
321537,42296
321537,40107
334479,210274
334479,317575
334479,317578
334479,317580
334479,247711
334479,312216
334479,225581
334479,256208
334479,266574
334479,317579
145549,347088
145549,347087
201856,97842
201856,143063
9151,13915
9151,5677
9151,13917
9151,13918
290829,66188
290829,292012
290829,86048
290829,85925
290829,148289
290829,109140
30966,227
30966,1677
326355,6249
326355,39109
326355,109139
326355,162741
326355,13287
326355,142420
326355,16494
326355,22279
326355,9687
5811,2867
5811,2916
5811,2193
5811,2932
5811,2933
5811,2919
182880,13
182880,131362
182880,86669
182880,132481
182880,27760
182880,167573
336755,70323
336755,147183
336755,127067
336755,98833
194778,159473
194778,172561
22509,17682
22509,17683
22509,17684
22509,9189
154094,822
154094,2993
154094,5405
154094,2591
4848,25479
4848,25478
4848,25477
4848,25476
175619,34747
8383,144556
8383,144803
8383,144802
8383,25820
191361,178742
3694,17452
3694,5484
3694,11510
3694,11855
203835,179259
203835,200867
71099,39699
71099,117987
71099,36745
302882,124668
302882,147712
302882,207320
302882,178046
302882,322403
302882,132581
294508,9220
294508,91072
294508,201027
200430,25314
200430,158882
280430,329098
314550,172287
314550,255259
314550,255261
314550,219787
314550,219788
159517,30539
159517,106621
159517,150925
159517,35505
154883,18723
154883,27033
275626,209418
275626,66098
275626,41105
275626,90850
275626,137166
275626,66682
275626,101665
151377,21790
151377,33261
151377,27690
149083,36218
149083,41105
15238,123448
15238,127178
289223,159508
289223,287664
134420,134009
303961,216459
303961,229646
303961,248181
303961,230226
309109,24480
309109,31753
309109,33559
269980,13
269980,27710
269980,131362
269980,131958
269980,86669
269980,2807
269980,132481
3935,12230
3935,12218
3935,11846
3935,12219
140065,35188
140065,88415
140065,88416
140065,88414
299971,133405
299971,139689
299971,142370
173259,140125
16185,8747
16185,8748
16185,8749
16185,8751
11428,32660
314349,233961
314349,267315
318852,161681
211514,149809
211514,173587
211514,172396
211514,172405
211514,172406
190553,1927
190553,3943
17728,6282
17728,2388
17728,3600
17728,3661
17728,6919
17728,4317
17728,3965
17728,7774
205960,184700
283198,193483
283198,213792
283198,216407
341504,158899
341504,181158
341504,191865
341504,355030
316180,180852
316180,211691
245952,217776
245952,218703
245952,239107
245952,234680
245952,234679
245952,218702
7159,13760
7159,11464
7159,25988
7159,2397
7159,13765
7159,2083
7159,171
7159,2386
7159,5432
7159,60707
7159,13755
7159,10815
7159,13777
7159,33690
7159,4386
7159,164251
7159,13656
7159,10213
7159,22625
7159,17520
7159,2785
7159,188
7159,38950
7159,13721
7159,2912
7159,13726
7159,8122
7159,157575
7159,13657
7159,3886
7159,2136
7159,11691
7159,45
7159,28815
7159,13745
7159,5168
7159,13757
7159,38358
7159,17118
7159,11347
7159,2399
7159,9851
7159,13762
7159,13756
7159,20478
7159,13713
7159,13761
7159,13715
7159,13727
7159,6121
7159,13759
7159,2393
7159,13654
7159,3583
15471,163
15471,1544
313163,257283
313163,285979
165492,143666
165492,144429
317418,279204
207370,176575
207370,168679
325941,187617
325941,266950
325941,266953
325941,285771
325941,325375
325941,241122
313965,253368
313965,313959
140164,32604
140164,32556
140164,32607
140164,32605
140164,32554
140164,32558
140164,32555
140164,32560
140164,41805
140164,32562
306656,131357
306656,148931
287671,239082
287671,262209
257180,107529
257180,109141
257180,132377
257180,117793
260126,161757
260126,239946
11054,9973
11054,9736
11054,25460
11054,20429
159500,80012
159500,63595
159500,42448
298278,13
298278,238135
298278,325
298278,167836
16186,10611
16186,7795
16186,11055
16186,10610
157254,345941
39786,60953
39786,126423
39786,60955
69843,11499
69843,8036
69843,11500
69843,8509
69843,7723
12541,2364
12541,21698
12541,21731
12541,18121
12541,2398
12541,40665
12541,20240
12541,11646
12541,15889
21411,8746
21411,8745
21411,8744
21411,8743
47410,38845
18531,14235
256122,188225
256122,212251
256122,226920
192814,140831
192814,3243
20741,117185
20741,40219
20741,105030
20741,5217
20741,3144
20741,3983
20741,25343
316182,238656
316182,258585
92140,148473
315044,266444
315044,284195
315044,266445
269214,152948
269214,152523
269214,152524
2705,342388
2705,340252
2705,227175
2705,341393
2705,341511
2705,182756
320045,282227
315252,163413
315252,168029
315252,171267
298628,147020
298628,179025
298628,166702
298628,166707
298628,166704
298628,166708
298628,158957
298628,203074
313051,215
313051,206088
316217,216381
277980,277776
277980,277810
277980,277811
277980,277976
277980,198832
161729,822
161729,5405
153967,3955
153967,20237
153967,9653
153967,8269
202821,4505
8706,19835
8706,18662
8706,19263
8706,36315
8706,10713
8706,18910
8706,163124
8706,3270
8706,26377
8706,21701
8706,12907
8706,122825
306799,249275
327107,286651
327107,286652
8436,6896
8436,17237
42627,15738
42627,22016
42627,32971
313791,253215
313791,313861
188784,347163
188784,347162
188784,347159
188784,335735
192467,150485
192467,160617
192467,160591
157723,31016
157723,37974
3937,30765
3937,30691
3937,30503
324941,325414
324941,325451
247790,167574
247790,189636
2704,187869
2704,285229
2704,7476
2704,322853
2704,290
2704,11508
2704,6955
2704,322840
2704,1977
315046,296985
315046,296986
315046,296987
347802,224272
347802,279093
14590,7254
296948,219575
296948,243633
296948,221701
296948,243634
275259,185709
275259,231443
275259,215340
22094,2861
22094,2966
22094,2939
22094,2976
336936,325853
336936,313473
336936,324213
336936,266083
1528,21363
1528,24788
1528,20717
1528,16324
1528,25066
1528,5636
159908,140831
159908,3243
5096,3024
137827,3699
137827,90198
137827,10911
137827,23741
137827,10674
137827,21785
137827,6248
137827,14443
137827,14442
137827,6673
137827,20621
137827,23215
137827,23213
193337,553
193337,2797
193337,2741
215545,42702
215545,119729
183049,144632
183049,166641
193254,12194
193254,18898
26635,18307
26635,5509
26635,18305
26635,18308
26635,18306
26635,11820
145535,1927
145535,43894
289843,95527
289843,266122
289843,157327
289843,152388
188818,140865
188818,188968
188818,145928
188818,142039
188818,175307
188818,172557
188818,161429
160441,34583
214903,168446
214903,171913
33023,2957
33023,74098
33023,24155
3042,67792
3042,159818
96628,2397
96628,2083
96628,171
96628,2386
96628,5432
96628,2785
96628,38950
96628,15393
96628,2448
96628,3886
96628,2136
96628,5650
96628,11901
96628,1730
96628,1410
96628,354933
20436,42107
20436,42004
20436,42002
20436,42003
20436,41997
20436,41998
1930,261955
2861,22094
2912,16717
2912,7159
2939,22094
2966,22094
2976,22094
3396,183474
3583,7159
3939,30988
3939,38682
3939,31064
3939,31050
3939,31051
3939,38550
4132,7158
4148,16717
4180,311862
4656,153759
5168,352837
5168,7159
5484,3694
5509,26635
5636,1528
5855,87098
5873,141567
6089,147757
6089,43144
6089,147755
6089,330775
6089,137591
7157,123417
7157,76600
7157,19873
7157,5432
7157,63092
7157,13718
7157,68839
7157,19077
7157,29760
7157,31271
7157,17520
7157,76548
7157,2785
7157,38950
7157,156375
7157,76552
7157,24944
7157,24286
7157,29554
7157,22067
7157,19871
7157,19874
7157,3886
7157,2136
7157,33231
7157,76556
7157,60171
7157,29574
7157,27901
7157,13762
7157,76550
7157,19875
7157,19872
7157,29591
7158,4132
7158,11693
7158,14219
7158,14241
7158,14223
7158,14242
7158,14224
7158,2083
7158,117864
7158,17333
7158,14248
7158,10213
7158,14239
7158,14245
7158,171658
7158,14243
7158,19867
7158,14221
7158,14251
7158,14226
7158,14246
7158,14225
7158,14238
7158,11481
7158,14247
7158,25006
7158,19868
7158,14244
7158,2136
7158,14249
7158,12426
7158,27963
7158,19870
7158,11722
7158,11652
7158,14227
7158,14237
7158,14250
7158,19869
7158,19775
7158,14220
7158,14240
7229,322840
7450,18096
7476,2704
7786,106126
7786,12752
7873,7877
7873,7904
7877,7873
7904,7873
8106,354330
8669,311528
8759,8761
8760,8761
8761,8760
8761,8759
8789,221109
9060,26854
9587,11733
9587,15889
10713,8706
11036,16755
11055,16186
11481,7158
11652,7158
11691,352837
11691,7159
11693,7158
11722,7158
11820,26635
11846,3935
12219,3935
12230,3935
12379,30026
12379,30028
12426,7158
12499,2397
12499,2083
12499,32363
12499,29660
12499,3886
12499,2136
12694,2883
12752,7786
12854,297830
12889,40131
12907,8706
12998,40249
13360,193449
13360,193450
13360,147756
13360,193451
13360,28972
13656,7159
13718,7157
13721,7159
13726,7159
13726,133641
13727,7159
13727,328628
13755,7159
13756,7159
13757,7159
13759,7159
13760,7159
13761,7159
13762,7159
13762,7157
13765,352837
13765,7159
13766,133641
13777,7159
14170,2785
14219,7158
14220,7158
14221,7158
14223,7158
14224,7158
14225,7158
14226,7158
14227,7158
14235,18531
14237,7158
14238,7158
14239,7158
14240,7158
14241,7158
14242,7158
14243,7158
14244,7158
14245,7158
14246,7158
14247,7158
14248,7158
14249,7158
14250,7158
14251,7158
14369,4112
14394,801
15959,351060
16090,192846
16324,1528
16324,141567
16640,351093
16717,2912
16717,4148
16717,1602
16717,2399
16755,11036
17102,2802
17118,7159
17184,159982
17237,8436
17294,341397
17333,7158
17452,3694
17682,22509
17683,22509
17864,4385
18096,38511
18096,42891
18096,11753
18096,7378
18096,7450
18096,66341
18272,17183
18272,13123
18272,6887
18272,31255
18272,154537
18272,6688
18272,63082
18272,4583
18272,15878
18272,6819
18272,2780
18272,19912
18305,26635
18306,26635
18307,26635
18308,26635
18380,141567
18662,8706
18663,141567
18910,8706
19077,7157
19166,351060
19185,351060
19234,351060
19235,351060
19254,2883
19254,4385
19262,4385
19263,8706
19769,146934
19775,7158
19835,8706
19835,141567
19867,7158
19868,7158
19869,7158
19870,7158
19871,7157
19872,7157
19873,7157
19874,7157
19875,7157
19912,4385
19912,18272
19913,4385
19917,4385
20065,170832
20072,317354
20478,7159
20717,1528
20717,141567
21076,129442
21083,308343
21210,13454
21363,1528
21363,141567
21682,4385
21698,12541
21701,8706
21731,12541
21845,4385
22067,7157
22239,317354
22240,317354
22302,141567
22381,317354
22568,146934
22572,146934
22574,146934
22625,7159
22876,141567
22892,221344
23416,354330
23961,297830
24120,10502
24120,192079
24120,9319
24155,33023
24286,7157
24424,156570
24785,26854
24788,1528
24944,7157
25006,7158
25066,1528
25189,40131
25249,31824
25343,20741
25435,801
25436,801
25437,801
25460,11054
25478,4848
25820,8383
25969,170804
26091,40131
26341,4385
26355,4385
26365,308343
26377,8706
26854,21324
26854,9060
26854,24785
26854,24525
26854,27723
26854,26952
26941,32510
27587,4385
27723,26854
27901,7157
27963,7158
28128,352837
28709,277974
28815,7159
28972,13360
29554,7157
29574,7157
29591,7157
29660,12499
29760,7157
29951,230675
30025,8070
30026,12379
30026,8070
30027,8070
30028,12379
30028,8070
30082,297830
30288,40131
30503,3937
30691,3937
30765,3937
30988,3939
30989,277050
31050,3939
31051,3939
31064,3939
31219,311528
31255,18272
31824,25249
32363,12499
32510,26941
33231,7157
33690,7159
34244,149072
34313,149072
34317,149072
35465,4385
35863,315
35863,2083
35863,7204
35863,60707
35863,4386
35863,5242
35863,188
35863,38950
35863,3886
35863,5136
35863,1602
35863,13713
35863,13715
35863,19915
36315,8706
36555,133641
37684,4385
37889,277050
37922,4385
38148,4385
38149,4385
38150,4385
38234,4385
38322,4385
38345,4385
38346,4385
38347,4385
38348,4385
38349,4385
38350,4385
38351,4385
38352,4385
38358,352837
38358,7159
38511,18096
38550,3939
38682,3939
39363,337075
39614,352837
39944,2883
40074,317354
40131,25189
40131,26091
40131,30288
40131,113786
40131,12889
40219,20741
40249,12998
40249,4519
40573,352837
40665,12541
40946,317354
41047,172282
41997,20436
41998,20436
42002,20436
42003,20436
42004,20436
42107,20436
42777,133641
42891,18096
43034,352837
43144,6089
43162,326906
43220,4385
43558,315163
45307,114275
54859,83325
56576,317354
56838,143883
59092,3886
60171,7157
60707,35863
60707,7159
63082,18272
63092,7157
66341,18096
66351,160000
67792,3042
68839,7157
69697,10904
69827,164043
74136,331152
76548,7157
76550,7157
76552,7157
76556,7157
76600,7157
77577,119843
84727,339748
85021,128716
86275,168485
86772,198628
87098,5855
92678,2762
98102,301204
98103,301204
98105,301204
98210,301204
99010,301204
99969,315163
103461,156446
105030,20741
108939,352837
110290,158661
110291,158661
110292,158661
110483,326905
110575,277050
111685,170804
113462,339748
113786,40131
116142,187988
116482,291806
117185,20741
117864,7158
119366,155986
119496,153927
120323,42093
120323,42975
120323,83741
120323,44893
120323,35017
120655,170804
122692,153927
122713,153927
122823,141567
122825,8706
122825,141567
122826,141567
123275,146333
123448,15238
124156,199149
124286,277050
125145,210016
126108,147859
126108,147857
128337,141567
128716,85021
128716,94937
128716,119981
129364,174040
129442,1549
129442,21076
130775,2083
130775,3886
130775,1917
131129,146333
133641,13766
133641,33692
133641,42777
133641,13726
133641,3886
133641,28302
133641,36555
133641,13745
133641,1602
133641,11347
133641,13715
133641,13654
133903,187988
133975,315163
135321,146333
137591,6089
137686,138594
137687,138594
137690,138594
137691,138594
137693,138594
137794,352837
138169,308718
138594,137687
138594,137686
138594,137690
138594,137693
138594,137691
139558,139561
139559,139561
139561,139558
139561,139559
140469,158758
140512,24264
140673,11017
140673,7682
140673,7688
140680,146333
141291,169776
141567,18663
141567,128337
141567,122823
141567,5873
141567,19835
141567,21363
141567,20717
141567,3270
141567,22302
141567,18380
141567,22876
141567,122825
141567,16324
141567,122826
142965,283841
143136,1881
143136,12490
143391,225566
143590,2083
143590,10213
143883,56838
144429,165492
144556,8383
144802,8383
144803,8383
144875,170804
145183,195274
145183,248362
145503,10815
145534,1927
145534,39264
146030,148685
146115,3663
146115,2524
146115,6215
146333,140680
146333,135321
146333,123275
146333,131129
146392,3224
146392,3225
146934,22568
146934,19769
146934,4068
146934,22572
146934,22571
146934,22574
147066,11017
147066,7682
147066,10799
147066,16398
147200,43332
147200,34747
147369,320
147369,2243
147755,6089
147756,13360
147757,6089
147782,822
147782,166518
147782,7707
147782,12903
147782,38431
147782,18836
147793,149072
147794,149072
147822,301213
147830,301213
147857,126108
147859,126108
148180,349795
148473,92140
148685,146030
148685,147753
148685,147754
149072,2397
149072,147794
149072,2083
149072,171
149072,10213
149072,11929
149072,80833
149072,147793
149072,2136
149072,34317
149072,34313
149072,36250
149072,11901
149072,34244
149072,26920
149707,143515
149726,8098
149726,10680
149949,170804
150508,39413
150620,18968
150620,2389
151353,5432
152428,170804
152961,31821
152961,57201
152961,63974
152961,64127
152961,64128
152961,129622
152961,358044
152961,171909
153531,164364
153759,4656
153927,122713
153927,122692
153927,119496
154252,326905
154353,331152
154537,18272
154545,154583
154545,154582
154545,154551
154551,154545
154582,154545
154583,154545
154727,18803
154727,20750
155246,38386
155246,39179
155664,6504
155704,159985
155986,119366
155986,140
155986,6644
156375,7157
156446,103461
156446,119985
156570,24424
156570,23616
157432,2083
157432,171
157432,45
157575,7159
157666,301213
157667,301208
157668,301213
157669,301213
157670,301213
158579,158898
158661,110290
158661,110291
158661,110292
158758,140469
158850,63268
158850,117995
158898,158579
159081,1294
159081,2136
159438,35188
159438,88415
159438,88416
159438,88417
159438,105985
159438,88414
159440,35188
159440,88415
159440,88416
159440,88417
159440,105985
159440,88414
159818,3042
159982,17184
159982,4902
159985,1475
159985,155704
159985,181
159999,1377
159999,2317
159999,1802
160000,66351
160000,9385
160001,1294
160001,320
160001,2407
160001,2243
160500,66646
160500,45748
160591,192467
160617,192467
160696,2102
160696,2103
160733,15791
160733,10293
160733,22354
160733,34444
161753,163980
163124,8706
163343,283841
163499,63268
163499,117995
163980,161755
163980,161753
163980,161754
164043,69827
164043,63379
164043,41068
164250,164945
164250,164953
164250,164947
164250,164948
164250,165528
164250,164954
164250,164934
164250,164950
164250,164946
164250,164944
164251,7159
164364,153531
164934,164250
164944,164250
164945,164250
164946,164250
164947,164250
164948,164250
164950,164250
164953,164250
164954,164250
165528,164250
167310,182820
167574,247790
168485,86275
168659,277084
169736,169776
169737,169776
169738,169776
169776,169737
169776,2083
169776,171
169776,141291
169776,135270
169776,169736
169776,33767
169776,169738
170096,6475
170096,6474
170803,170804
170804,149949
170804,144875
170804,25969
170804,120655
170804,190289
170804,111685
170804,152428
170804,190290
170804,170803
170804,98978
170832,20065
170832,11215
171366,222589
171537,260897
171658,7158
171909,152961
172116,222589
172150,222589
172163,222589
172167,222589
172171,222589
173428,179998
173859,188982
174040,129364
174177,182216
174238,188982
176068,49
176068,125864
176301,179998
176548,147427
177573,177575
177574,177575
177575,177573
177575,177574
178633,6360
178633,13921
179222,351093
179457,232001
179931,179998
179998,179931
179998,173428
179998,176301
182216,174177
182561,25071
182561,29568
182561,31847
182756,2705
182820,167310
182983,184931
182983,185071
182983,184536
183474,3396
183968,135732
184011,193590
184011,192739
184011,190825
184513,1927
184513,42436
184536,182983
185753,6251
185753,12054
186430,2397
186430,2083
186430,4853
187405,198628
187869,10973
187869,2704
188334,189001
188334,183139
188909,171
188982,174238
188982,173859
189001,188334
189882,144567
189882,140663
189882,177937
189882,189883
190289,170804
190290,170804
190520,157053
190530,6607
190530,14087
190825,184011
192079,24120
192739,184011
192846,16090
192846,7142
193280,136171
193285,90567
193285,104232
193286,165683
193286,144325
193288,112869
193288,153494
193449,13360
193450,13360
193451,13360
193590,184011
194872,195274
194872,248362
194924,2425
194924,17106
194924,11821
195274,194872
195274,163031
195274,2083
195274,171
195274,182915
195274,145183
195274,147427
195274,11347
195747,191779
195850,172386
196104,222988
197614,25669
197614,147561
197996,147030
197996,185935
197996,166639
197996,160352
198275,221109
198474,218575
198476,218575
198477,218575
198551,187988
198628,187405
198628,17580
198628,86772
199149,124156
199593,169102
199593,199598
199593,199596
199593,199594
199593,199597
200539,18812
200539,2243
200830,215506
202937,5432
202937,129622
202937,5463
202937,19915
202937,154515
204659,225836
204793,97377
205475,232001
205491,215506
205789,173752
206968,147168
206968,158752
209167,177210
209167,129622
209167,113066
209167,140795
209223,5770
209223,59309
210016,125145
210016,170923
210016,140995
210064,11464
210064,25471
210064,11347
210390,183750
210395,183750
210396,183750
210397,183750
212097,231854
212098,231854
212971,231854
213790,358382
214026,244805
214026,216877
214026,244798
214026,217097
214162,9386
214162,19803
214162,10996
214576,225064
215506,205491
215506,1887
215506,200830
215506,135116
216727,30380
216727,40794
216877,214026
217097,214026
217868,262239
218471,34004
218471,34166
218471,63975
218471,60316
218534,187988
219759,225566
221109,8789
221109,198275
221344,4431
221344,573
221344,22892
221344,2311
222079,167874
222079,167161
222079,174655
222589,171366
222589,172167
222589,172116
222589,172171
222589,172163
222589,172150
224452,7682
224452,10799
224505,231854
225064,214576
225566,143391
225566,219759
226080,227145
226586,227145
227120,324629
227145,226080
227145,226081
227145,226586
227175,2705
227650,2471
227650,125394
227650,143408
227650,153802
227650,189414
227650,224400
227650,3651
227650,7810
227650,6113
227650,10167
227650,20494
227650,31774
227650,28734
227650,34132
227650,40674
227650,66942
227650,151033
227650,99407
227790,180845
227819,180845
229217,234010
229275,231854
229870,234010
229871,234010
230647,259556
230675,6873
230675,29951
230774,180845
230775,180845
230778,180845
231064,234010
231066,234010
231266,4112
232001,205475
232001,159865
232001,179457
233395,180845
234010,229870
234010,229871
234010,229217
234010,231064
234010,231066
235296,236868
235441,231854
235473,149787
235473,220657
235473,206924
235473,238081
236868,225651
236868,235296
236868,234743
236868,235257
236868,234335
236868,235322
237073,1406
237073,320
238218,7731
238218,7730
238250,4792
240663,11988
240663,378
240663,836
242290,2136
244798,214026
244805,214026
244919,118410
244919,191685
245050,158976
245050,180616
247120,248967
247451,158564
247451,223453
248362,260764
248362,260760
248362,194872
248362,163031
248362,259807
248362,260758
248362,263216
248362,182915
248362,260763
248362,145183
248362,147427
248362,260754
248362,260759
248362,21488
248362,263219
248362,11347
248362,255548
248362,263214
248362,262374
248362,260762
248362,260756
248362,260761
248967,247120
248967,248966
249036,142556
249036,142557
249036,142558
250619,66056
250619,93401
250619,127437
250661,278
250661,29715
250661,29716
251855,255950
251855,255955
251855,255957
254578,204892
255548,248362
255818,180845
255950,251855
255957,251855
256590,180845
256944,333031
256944,288874
256945,333031
256945,288874
257645,244258
257645,233892
257645,233889
258379,7739
258379,8679
258379,35757
258379,138202
258379,2875
258379,7724
258379,7734
258379,7725
258379,255484
258379,65314
258379,44576
259556,208256
259556,230647
259556,229640
259807,248362
260205,16933
260205,22894
260206,30166
260206,103847
260337,25001
260337,31603
260754,248362
260756,248362
260758,248362
260759,248362
260760,248362
260761,248362
260762,248362
260763,248362
260764,248362
260837,126942
260837,136448
260837,90316
260837,152858
260837,82423
260837,145687
260837,92869
260837,82429
260837,136447
260837,92870
260837,90317
260837,152859
260837,113227
260837,136445
260837,113224
260837,82428
260837,126943
260837,113228
260837,113225
260837,136446
260837,82422
260837,145536
260897,171537
260897,33643
260940,260941
260940,168390
260940,260999
260940,260998
260941,260940
260998,260940
260999,260940
261221,29678
261221,38538
261221,74210
261955,1931
261955,1932
261955,1930
262374,248362
263053,309941
263053,309940
263053,309942
263214,248362
263216,248362
263219,248362
263282,331152
263317,333031
263666,18666
264016,257590
264719,195373
264719,195455
264719,197178
264719,192824
264719,192830
264719,192827
264719,192829
264719,195456
264866,232403
264866,264661
264866,264662
264897,164159
264897,158918
264897,158915
264897,159143
264897,161383
264897,164158
264897,158916
264897,158917
265030,13
265030,131958
265030,86669
265030,2807
265047,237991
265047,318086
265840,191301
265840,265841
265840,237549
265840,245461
265840,223864
265840,238428
267317,177590
267317,203828
267750,180845
268192,8133
268308,268159
269476,117959
269476,149975
270505,235838
270505,146496
270505,181906
271225,291440
271227,291380
271228,291381
272408,296042
272710,30166
272710,103847
272710,41034
272748,2136
272748,12043
272910,178900
273007,182952
273007,234614
273007,142558
275849,22480
276001,275802
276202,66214
276202,109106
277050,30989
277050,37889
277050,322844
277050,11670
277050,110575
277050,10799
277050,124286
277050,18905
277084,168659
277084,43171
277974,95690
277974,7071
277974,28709
278398,252877
278398,277081
278398,277108
278398,277082
282041,258853
282041,232990
282041,194298
282074,95607
282074,118637
282074,121091
282868,297432
282869,297432
283118,96345
283118,57052
283119,18803
283119,20750
283468,226616
283468,245876
283468,267822
283468,187590
283841,163343
283841,166075
283841,162689
283841,142965
283843,273699
283887,220517
283887,237954
283887,270376
284177,314063
284178,314063
284179,314063
284180,314063
284576,231876
284576,268630
285229,2704
287411,314385
287893,344934
287893,344935
287893,344939
288474,218007
288661,288663
288662,288663
288663,288662
288663,125048
288663,291134
288663,288661
288663,285064
288773,288939
288874,182225
288874,256944
288874,256945
288939,288773
289190,303246
289190,303247
289801,296198
289801,295012
289801,296188
289801,296193
289801,296186
289801,296196
289801,295011
289801,296201
289801,296187
289801,295010
290853,225908
290853,284194
290853,286364
291134,288663
291161,291693
291381,271228
291381,165521
291381,192323
291509,188225
291509,212251
291509,285114
291509,226920
291588,6885
291588,17644
291588,19304
291693,291683
291693,291161
291696,180845
291752,103649
291752,291697
291752,270603
291806,15009
291806,116482
291833,277458
293101,340033
294727,356207
294727,329215
295010,289801
295011,289801
295012,289801
295021,188188
295021,204803
295021,188189
295824,295824
296042,272408
296186,289801
296187,289801
296188,289801
296193,289801
296196,289801
296198,289801
296201,289801
297432,282869
297432,282870
297432,282868
297830,30082
297830,12854
297830,23961
298529,9577
298529,4252
298529,4085
298535,5291
298535,5292
298596,315185
298596,315192
298596,315191
299069,348102
300578,93001
300578,31711
301201,822
301201,93
301204,98210
301204,98103
301204,98105
301204,98102
301204,99010
301206,301208
301207,301208
301208,157667
301208,301207
301208,301206
301210,301213
301212,301213
301213,157669
301213,301212
301213,147830
301213,147822
301213,157666
301213,157670
301213,301210
301213,157668
301687,340033
302301,356207
302301,329215
302302,356207
302302,329215
302303,329497
302304,329497
302306,329497
303246,289190
303247,289190
305055,1446
305055,31503
306272,306336
306272,176561
306714,80012
306714,42448
307522,8533
307522,13191
307719,311862
307783,5012
307783,710
308343,21083
308343,26365
308718,138169
308967,163154
308967,209343
309030,297816
309030,295022
309030,301209
310602,182116
310894,323145
310894,323143
310894,323146
310894,323148
311528,31219
311528,8669
311539,215409
311539,216961
311862,307719
311862,4180
312728,257096
312728,312503
312763,176458
312763,223770
312789,262042
313861,313791
313861,313781
313924,232405
313924,244936
313924,244935
313964,333031
314063,284180
314063,284178
314063,284179
314063,284177
314385,287411
314758,148951
314758,155530
314759,148951
314759,196832
314832,6710
314832,7803
314892,1961
314892,2223
315163,133975
315163,99969
315163,43558
315366,175324
315366,241209
315366,262292
315366,262293
315366,262295
315366,241208
315572,229543
315572,238768
315730,1258
315730,2578
315975,334349
315976,334349
316069,233206
316170,6045
316170,11294
316170,4227
316170,4231
316171,213661
316171,239241
316177,125050
316177,157922
316177,157921
316177,157814
316181,155708
316181,162225
316344,822
316344,15158
316344,33458
316344,66646
316344,2591
316975,19996
316975,12346
317191,259061
317191,291242
317191,291243
317191,291244
317191,291245
317354,40946
317354,22240
317354,40074
317354,22239
317354,22381
317354,56576
317354,20072
317608,11464
317608,317609
317608,2386
317608,13657
317608,3886
317608,2136
317608,2399
317608,13715
317608,6121
317609,317608
317637,123123
317637,182608
317637,242306
317637,204728
317637,174400
317720,348280
318657,34171
318657,34169
318657,34170
318740,296736
318740,317195
318740,300133
318740,297317
319765,70919
319765,174095
319800,226631
319800,275980
320680,320681
320681,320680
320953,322203
320955,322203
320956,322203
321044,334349
321047,334349
321307,346339
321563,155821
321563,255588
322203,320956
322203,320953
322203,320955
322394,236301
322394,242228
322832,10973
322840,7229
322840,2704
322844,277050
322853,2704
323104,193483
323143,310894
323145,310894
323146,310894
323148,310894
323529,7843
323529,5833
324559,573
324559,1380
324629,227120
324668,198855
324668,198778
324775,262770
325293,181687
325293,223456
325293,241728
325293,271732
325293,297405
325293,205483
325293,323848
326844,128667
326844,156042
326905,110483
326905,154252
326905,16398
326906,15832
326906,11017
326906,43162
327071,58452
327071,58456
327071,58457
328293,328323
328293,328322
328322,328293
328322,328296
328322,328299
328322,328300
328322,328301
328323,328293
328323,328296
328323,328297
328323,328298
328323,328299
328323,328300
328323,328301
328413,322289
328628,2399
328628,13727
329098,280430
329106,204880
329106,258100
329131,145478
329131,1465
329215,302301
329215,302302
329215,294727
329330,182380
329330,211948
329497,302304
329497,302306
329497,302303
329498,310611
329498,310610
329498,310612
329509,221298
329509,282292
329509,282293
329946,559
329946,330621
329996,230889
329996,325427
330021,220520
330021,258647
330499,294275
330499,317393
330621,329946
330775,6089
331152,97114
331152,95369
331152,172065
331152,74136
331152,263282
331152,172066
331152,276043
331152,163921
331152,154353
331152,262725
331755,331960
331755,331872
331755,331852
331852,331962
331852,331755
331852,331872
331910,169436
331960,331755
332032,195421
332032,236667
332312,207830
332312,253170
332581,1294
332581,2407
333031,182225
333031,256944
333031,256945
333031,206437
333031,263317
333031,313964
333145,37036
333145,85927
333145,105046
333486,299733
333487,299733
333667,275783
334349,321047
334349,321044
334349,315976
334349,315975
334627,216199
334627,177802
334931,121921
334931,157040
334931,170907
334931,336348
335239,265017
335239,333489
335436,275589
335436,314395
335436,322148
335735,188784
335844,348102
335845,348102
336292,249814
336292,309546
336292,292086
336497,115105
336497,177567
337075,39363
337075,1602
337075,2399
337153,31382
337153,8222
337824,1258
337824,220199
337824,2223
338370,229315
338556,3078
338556,3057
338573,320136
338573,320981
338745,259134
339004,158973
339244,198487
339244,216658
339526,338980
339526,285983
339526,267304
339526,285327
339748,84727
339748,113462
339775,288798
339775,323371
340033,33595
340033,301687
340033,293101
340033,318702
340033,33767
340039,270700
340039,338705
340039,266013
340039,338702
340039,338793
340039,338706
340039,266014
340039,338704
340039,338701
340039,338648
340252,2705
340913,285036
340913,337461
341336,84503
341393,2705
341397,17294
341451,241387
341511,2705
341554,215616
341554,230273
341786,180845
341830,180845
341942,215409
341942,216961
342070,355997
342388,2705
342418,342544
342544,342418
342730,353667
342736,353667
343013,134253
343013,172637
343013,172638
343013,182398
343013,182399
343013,205050
343013,205051
343013,205052
343013,226443
343013,198707
343383,312267
343384,312267
343385,312267
343588,123260
343588,145196
344176,152
344844,1973
344844,8998
344934,287893
344935,287893
344939,287893
345027,286735
345027,313909
345027,313908
345085,2921
345085,1797
345203,3955
345203,20237
345203,230505
345203,9653
345203,107794
345203,8269
345203,130046
345203,66508
345792,289940
345792,329436
345792,289941
345793,8098
345793,104769
346339,321306
346339,321305
346339,294235
346339,321307
347087,145549
347088,145549
347159,188784
347162,188784
347163,188784
347606,225
347747,342894
347747,347745
347747,347744
347747,347743
348102,335845
348102,335844
348102,299069
348280,317720
348280,308566
349177,187377
349177,201251
349555,2223
349555,2821
349795,148180
349795,38950
349795,2932
349795,8122
349795,26920
349943,204505
349943,241852
349943,242410
349943,241857
349943,295378
349943,242411
349943,241855
350943,351060
350949,351060
350959,351060
350964,351093
350965,351093
350966,351093
350967,351093
350968,351093
351060,15959
351060,19185
351060,19235
351060,19234
351060,19166
351060,350943
351060,350949
351060,350959
351093,350968
351093,350966
351093,350964
351093,16640
351093,350965
351093,179222
351093,350967
351487,193953
351614,7779
351638,230265
351735,244711
351735,286287
351735,265290
351735,265291
352060,154880
352060,191182
352060,287501
352060,169800
352060,213873
352181,353667
352837,11464
352837,13765
352837,4386
352837,10213
352837,13716
352837,137794
352837,40573
352837,28302
352837,28128
352837,11691
352837,13745
352837,5168
352837,108939
352837,38358
352837,1602
352837,2399
352837,13715
352837,39614
352837,6121
352837,43034
352837,9385
353667,342736
353667,352181
353667,342730
354330,8081
354330,23416
354330,8106
354933,96628
355129,306311
355199,147020
355199,158957
355997,342070
355997,347977
355997,347978
355997,347976
355997,355996
356207,302301
356207,302302
356207,294727
356238,120677
356238,349169
356238,161317
356238,280885
356356,154298
356356,181559
356624,300298
356624,300296
356624,300076
356743,305954
356743,305950
356743,305955
356743,350921
357210,5077
357210,6862
357726,192458
357726,264003
357726,314563
357726,357723
357726,210696
358044,152961
358224,127981
358224,135612
358382,213790
358425,215409
358425,243633
358425,221701
358425,243634
359527,320718
359527,359520
359667,325681
359667,325678
359667,325679
202174,140045
66690,142131
40849,48791
130704,248562
262722,245664
34499,270439
24439,160069
161317,181289
161317,356238
255681,265081
255681,265083
255681,265084
245744,225704
245744,238620
2993,142057
2993,141008
2993,141007
2993,140711
2993,164127
2993,230914
2993,154094
2993,160094
2993,160095
219788,314550
219788,245646
219788,344719
5405,142057
5405,141008
5405,141007
5405,140711
5405,164127
5405,230914
5405,161729
5405,154094
5405,160094
5405,160095
40210,270439
269259,326869
269259,349955
127067,336755
199329,200200
183682,166842
183682,175844
21059,85450
106645,30746
147101,130655
147101,140045
147101,156455
926,17419
90850,142132
90850,275626
90850,172592
90850,177903
210163,301401
25031,75259
25031,358526
38378,40484
38378,33963
38378,140068
53383,329841
133993,83445
81618,140135
81618,241991
37397,102696
37397,358526
19319,358526
29416,75259
172505,251219
145196,343588
145196,332410
66121,270439
57072,140135
57072,241989
289056,319419
137166,275626
137166,177903
30746,106645
57070,140135
57070,241989
325,298278
325,217947
181693,329591
219787,314550
219787,245646
219787,344719
108415,155127
210164,301401
289057,332398
232394,292800
232394,275756
232394,356510
224654,224479
224654,224653
224654,308603
218791,232900
218791,297528
218791,278292
132959,217278
192661,186293
174095,319765
259996,319420
236206,312514
236206,312515
236206,311177
236206,312513
30323,154597
148931,306656
148931,158408
104590,278693
104590,337394
2591,142057
2591,164127
2591,230914
2591,154094
2591,329954
2591,316344
31753,33559
31753,309109
12382,108687
12382,318985
12382,165332
12382,270125
12382,40688
144763,248562
147183,167897
147183,336755
2807,305668
2807,191710
2807,269980
2807,265030
2807,152959
123726,153527
166702,298628
166702,216123
166702,352237
143789,175239
143789,181336
143789,280191
143789,185817
200544,316175
70704,154597
22172,85449
107576,38876
110242,153527
35704,20857
18836,141008
18836,147782
18836,33458
18836,24506
18836,160096
229123,338476
31784,141008
31784,141007
31784,160094
31784,160095
166704,298628
166704,216123
166704,352237
66098,142131
66098,275626
66098,172592
224653,224654
130752,255262
130752,173558
18034,60153
78727,102696
144384,155731
144384,186375
181158,341504
39707,142132
209419,209358
209419,216849
181899,331265
41105,142132
41105,275626
41105,149083
180341,353580
148166,164015
224479,224654
92898,185257
115098,259571
115098,274115
117793,139993
117793,229130
117793,257180
15158,142057
15158,141008
15158,141007
15158,160096
15158,316344
219326,195556
219326,280180
91072,143147
91072,294508
27760,20038
27760,42147
27760,19343
27760,20247
27760,26079
27760,182880
93193,258319
93193,174610
97845,140068
202105,318691
202104,318691
202107,318691
202106,318691
192779,251219
202103,318691
227748,343834
172659,255668
157427,220266
154828,217278
66682,142132
66682,275626
110831,187740
110831,210658
9653,147918
9653,345203
9653,30933
9653,153967
176130,248562
146690,133967
27690,151377
96323,177156
230241,317189
158957,156755
158957,158957
158957,160970
158957,298628
158957,355199
158957,216123
158957,352237
122316,109632
29549,21367
95683,85449
263778,346618
263778,356510
236667,332032
207591,219102
207591,308762
131184,358526
149890,184895
101665,142132
101665,275626
82423,260837
83404,286749
316597,349955
166707,298628
166707,216123
166707,352237
153527,123726
153527,110242
232197,353580
66646,141007
66646,160500
66646,316344
202825,317189
137396,139993
137396,229130
153773,164127
280885,356238
184895,149890
184895,150740
184895,181289
24089,169521
144171,140135
144171,241989
220502,219102
220502,308762
255588,321563
40794,216727
226297,317189
2915,29715
2915,29716
2915,29718
2915,29717
2915,29714
145355,255262
145355,173558
166708,298628
166708,216123
166708,352237
195034,282391
256377,318351
256377,313790
256377,312736
165458,241991
90317,260837
206944,329591
21385,142057
21385,160096
191865,302242
191865,341504
82422,260837
98833,336755
85990,177156
150083,271320
213437,336847
279067,284466
7707,147782
7707,33458
7707,160094
7707,160095
132477,271320
113225,260837
174388,350961
174388,310026
128236,157820
128236,232894
156407,212956
90316,260837
293473,305650
319419,289056
319419,334946
319419,332398
166589,271320
166589,179205
272077,278292
272077,328657
143063,201856
38188,151648
38188,152069
29853,169521
73833,59158
73833,38733
73833,39090
73833,39256
137496,259571
177156,96323
177156,138745
177156,85990
149975,269476
244936,313924
94471,55090
160154,158624
160154,175239
160154,181336
160154,280191
162179,286749
105059,307621
83445,133993
247665,240963
247665,240961
247665,240965
262754,226690
126839,120963
126839,161617
128709,259571
128709,274115
229980,308762
245646,255258
245646,255259
245646,255261
245646,255260
245646,219787
245646,219788
33458,7707
33458,12903
33458,38431
33458,18836
33458,141008
33458,316344
162890,163322
9687,45358
9687,326355
9687,140709
9687,251830
164270,161978
106895,259571
244358,255668
244358,290975
3943,190553
3943,14337
150740,184895
110279,224035
133772,235837
297973,319422
113227,260837
137405,157820
137405,232894
286883,311901
286883,193898
286883,310026
244935,313924
13287,45358
13287,326355
13287,251830
6606,14337
6606,193282
245846,312736
297972,319422
209357,228386
169784,278693
169784,337394
10680,39103
10680,149726
111861,214019
298752,295260
20660,193282
138745,177156
138745,315048
304286,266156
163107,146565
163107,144984
8269,147918
8269,345203
8269,183275
8269,161953
8269,30933
8269,153967
253170,332312
29510,184685
19343,27760
171503,155731
127354,214019
326984,329718
155428,356849
179025,298628
181336,143789
181336,160154
249301,301401
162616,195223
19737,147154
319420,259996
319420,332398
321731,359427
118617,140711
118617,230914
118617,211659
19739,147154
256985,256986
19736,147154
227514,294149
38641,109012
248181,303961
85925,139991
85925,290829
160943,187740
160943,186885
160943,210658
40845,209872
38876,331478
38876,107576
150482,176601
122323,185257
188339,348794
208503,339751
214005,271320
214005,213984
140361,214019
19738,147154
208501,339751
88491,38997
88491,111144
88491,55201
88491,84462
19740,147154
38997,88491
38997,358526
370,171908
370,147170
370,583
209358,228386
209358,209419
252999,233591
252999,280180
232247,195223
93401,324882
93401,250619
166410,147541
166410,329591
118614,140711
118614,230914
118614,211659
256986,256985
256610,351326
19741,147154
163322,162890
163322,162889
163322,162856
28327,193283
28327,139051
177903,90850
177903,137166
39428,160481
39428,166161
583,3146
583,370
583,5754
152069,38188
203074,198025
203074,255243
203074,198027
203074,255245
203074,255242
203074,172403
203074,195557
203074,255244
203074,164343
203074,182075
203074,298628
149433,176331
40688,165348
40688,165351
40688,165350
40688,165358
40688,12382
40688,159761
40688,165355
40688,165354
127437,324882
127437,250619
118615,140711
118615,230914
118615,211659
55201,88491
55201,358526
46127,184685
155148,224035
204984,276229
252899,252896
252899,252897
212879,276229
107407,258319
107407,174610
29715,2915
29715,250661
29715,154961
149350,168032
149350,270101
149350,304337
149350,185797
186293,192661
21713,168680
118618,140711
118618,230914
118618,211659
232087,276229
151107,214021
35666,13300
35666,38431
29716,2915
29716,250661
29716,155354
20237,345203
20237,183275
20237,161953
20237,30933
20237,153967
82428,260837
16494,45358
16494,326355
16494,251830
220188,358808
265374,342515
265374,283991
22279,45358
22279,326355
22279,251830
92869,260837
29717,2915
29717,154961
190049,179417
190049,175844
153137,128152
153137,125841
153137,142599
153137,149903
153137,157934
250534,230345
221033,276229
70647,174610
210696,357726
1565,260927
82429,260837
92870,260837
171007,332410
109139,326355
109139,251830
232176,276229
171033,356849
107863,170815
237663,276229
158,147542
158,122213
228935,316179
141320,255524
271874,265375
271874,276944
271874,278207
202247,339751
227,155192
227,30966
33493,193283
33493,139051
33493,297107
66508,345203
66508,183275
208502,339751
195338,188571
195338,134394
195338,191287
195338,335633
195338,134391
195338,151555
195338,207879
195338,134392
195338,146417
195338,165194
195338,169968
195338,124138
195338,124773
195338,111340
195338,191286
195338,191290
195338,134393
195338,191289
195338,163659
195338,164439
195338,109968
179417,190049
171661,186659
171661,285826
240522,232298
178742,191361
26189,315961
26189,315962
29718,2915
29718,155354
285560,297787
285560,319196
223456,325293
29568,182561
181614,245200
86663,158976
274795,274795
136445,260837
165461,43262
276229,221033
276229,232176
276229,232087
276229,237663
276229,212879
276229,204984
258647,330021
211238,232900
211238,297528
211238,328395
261247,302189
151648,38188
234672,232977
264003,357726
200751,227976
200751,311069
156042,326844
231964,186236
179622,229130
145687,260837
176990,296100
162889,163322
241989,57072
241989,57070
241989,144171
122115,157820
122115,232894
200750,227689
200750,333096
200750,228658
136447,260837
109632,122316
302884,319080
255743,255668
255743,290975
276862,353949
107794,345203
109141,139993
109141,229130
109141,257180
265377,342515
265377,283991
313790,256377
313790,312736
3146,171908
3146,147170
3146,583
8257,2459
8257,276502
149066,140135
164956,214021
174738,195621
129508,61965
129508,177352
88282,258319
88282,174610
170855,186955
145536,260837
3224,134674
3224,146392
225704,245744
159761,108687
159761,318985
159761,270125
159761,40688
288901,240964
13300,35666
29714,2915
29714,154961
113228,260837
113224,260837
241991,165458
241991,81618
136446,260837
132195,302961
241122,325941
20857,35704
286383,234158
286383,264018
286383,264233
20038,27760
219265,331265
136448,260837
181870,275077
118619,140711
118619,230914
118619,211659
172561,194778
132150,170815
176331,149433
176331,149495
176331,149796
172403,203074
39256,73833
99134,174089
164313,359421
164313,359420
216961,311539
216961,341942
169521,24089
169521,29853
104232,193285
6248,137827
12543,155354
12677,174239
1677,155192
1677,30966
156823,270716
156823,168032
156823,270101
156823,304337
156823,185797
231220,327573
86669,305668
86669,182880
86669,191710
86669,269980
86669,265030
166187,183316
181875,275077
168633,186273
168633,287145
29779,130818
29779,40822
157040,334931
157040,168032
157040,185797
176617,249889
31847,182561
172637,343013
172637,308124
272257,265376
272257,278208
74823,176103
126942,260837
244367,272183
202831,212379
202831,235837
152859,260837
33963,140068
33963,38378
103182,109012
126943,260837
149796,176331
5292,298535
132128,157820
132128,232894
318351,256377
318351,312736
164171,43262
162959,168032
162959,270101
162959,304337
162959,185797
22097,147154
126995,255524
126995,225880
33261,151377
247113,215341
213980,217761
130046,345203
130046,183275
12903,141008
12903,147782
12903,33458
12903,24506
12903,160096
84462,88491
84462,358526
304337,269742
304337,210429
304337,264179
304337,162959
304337,170907
304337,149350
304337,189832
304337,179658
304337,286649
304337,220964
304337,168588
304337,239151
304337,263875
304337,175182
304337,256211
304337,156823
304337,156413
304337,180550
304337,258682
304337,162604
304337,132445
304337,150194
304337,272644
304337,339496
19742,147154
265375,271874
204542,278693
204542,337394
244841,275564
103610,259571
33559,31753
33559,309109
54773,179178
90567,139051
90567,193285
261142,319422
7810,227650
149495,176331
38431,141008
38431,147782
38431,35666
38431,33458
38431,331478
38431,160096
2741,193337
6673,137827
321773,303600
19743,147154
286574,278292
286574,328657
275756,232394
10674,137827
127216,94614
127216,110897
127216,147190
259988,236781
6113,227650
286287,351735
111144,88491
111144,358526
262045,353949
232977,234672
21817,22766
216716,275077
145056,153703
172154,153805
172154,169149
172154,169148
172154,153242
172154,153648
152858,260837
156413,168032
156413,270101
156413,304337
156413,185797
303600,321773
171865,158292
205483,325293
174152,176601
190798,331669
262044,353949
211589,275077
266950,325941
236824,327613
236824,327614
213293,205611
2797,193337
215942,215946
321775,302670
247898,220266
5291,298535
283991,265377
283991,265374
124322,124558
124322,124556
270376,283887
3651,227650
172638,343013
172638,308124
223998,206057
223998,206056
132377,139993
132377,229130
132377,257180
321771,359427
215409,358425
215409,311539
215409,341942
134392,195338
38538,261221
262043,353949
292800,232394
132479,155731
287670,331259
132780,168680
61965,177352
61965,129508
243566,240977
243566,281323
42436,184513
42436,161805
42436,138960
42436,165684
42436,326728
28870,92502
207816,163274
207816,339951
70463,261720
321774,302668
184075,287145
216717,275077
97277,345153
97277,169092
238620,232298
238620,245744
123905,89952
214327,351928
207812,339951
270125,12382
270125,159761
39109,45358
39109,326355
39109,251830
266953,325941
175145,214021
225982,316183
217278,132959
217278,154828
32332,40822
152319,248506
195267,229130
321772,359427
165350,213984
165350,285827
165350,40688
18898,193254
54833,185242
311177,236206
147541,166410
147541,225880
228673,132834
228673,141018
228673,132422
120600,307621
213217,204573
182398,343013
182398,308365
109140,139991
109140,290829
234163,231506
234163,271320
118616,140711
118616,230914
118616,211659
215944,215946
134391,195338
278208,342515
278208,272257
133967,146690
206565,215186
86048,139991
86048,290829
237954,283887
3225,146392
37036,333145
274203,329520
207818,339951
278207,271874
179657,268798
87658,138960
87658,165685
87658,312905
10911,137827
319272,322045
319272,352696
319272,341699
28872,92502
132445,168032
132445,270101
132445,304337
132445,185797
166159,279903
28874,92502
321074,309115
234158,231506
234158,286383
597,171908
597,147170
163659,195338
163659,207879
176614,279903
306920,278814
149054,296100
149054,179205
140681,278693
140681,337394
155530,314758
108668,358526
29652,40822
137917,255924
137917,158489
200629,187926
21367,29549
207820,339951
236422,234042
265084,255681
182399,343013
182399,308365
134393,195338
166842,171905
166842,183682
109968,195338
124773,195338
59158,73833
291866,347521
218377,217761
131403,109012
134394,195338
40822,32311
40822,32332
40822,29779
40822,30139
40822,29652
14442,137827
128386,332410
206072,240267
206072,195586
286655,257925
179658,270101
179658,304337
179658,185797
225319,230511
225319,235837
20494,227650
225581,334479
264017,257590
247114,215341
215943,215946
211904,338476
219105,203888
219105,357813
170813,142850
170813,142391
194698,216725
265083,255681
265081,255681
287567,351928
255207,349595
255207,349594
28873,92502
220266,157427
220266,247898
271732,325293
291182,353949
165194,195338
165194,207879
244838,275564
205738,327573
130655,147101
194542,356854
37501,84870
28871,92502
213218,204573
302670,321775
147827,165469
174565,359421
174565,359420
202099,331233
264104,256951
264104,271320
30762,47156
124138,195338
237167,289400
237167,189623
237167,210145
336872,277668
336872,279357
336872,279359
312736,318351
312736,256377
312736,245846
312736,313790
280191,158624
280191,143789
280191,160154
145039,234953
94614,127216
28734,227650
319273,322045
319273,352696
319273,341699
279770,270340
279770,290720
279770,319375
80570,153284
80570,165684
100222,188593
335172,337330
111340,195338
248378,283282
302668,321774
141823,161796
141823,326728
176058,359421
176058,359420
259555,256565
259555,256566
132834,228673
237155,302189
256611,351326
158616,232894
38733,73833
120686,140711
120686,230914
120686,211659
174302,174458
174302,248155
174302,186567
185797,242424
185797,157040
185797,162959
185797,170907
185797,149350
185797,179658
185797,175182
185797,156823
185797,156413
185797,132445
185797,150194
174304,174458
174304,248155
174304,186567
85927,333145
148289,139991
148289,290829
174303,174458
174303,248155
174303,186567
14443,137827
174306,174458
174306,248155
174306,186567
165355,40688
157327,289843
157327,266122
14087,190530
149257,153703
265376,272257
138296,154029
169254,248506
194474,216725
163683,282822
132422,228673
185306,329841
151555,170393
151555,213119
151555,195338
172680,359421
172680,359420
147420,319311
221701,358425
221701,260000
221701,296948
209730,316175
190225,178656
190225,271320
164439,195338
297528,211238
297528,218791
297528,278292
213306,259586
161118,258319
161118,174610
184025,331265
184025,186885
301401,210164
301401,210163
301401,249301
20247,27760
72064,179178
324631,333617
338013,316190
338013,313600
30139,40822
177608,359421
177608,359420
285448,358526
216043,259586
279093,347802
22894,260205
59967,185242
283029,337796
21785,137827
284466,279067
211945,205611
156755,158957
102745,144464
103262,158976
181213,248155
181213,186567
47156,150635
47156,150637
47156,150634
47156,30762
47156,150638
47156,149959
205159,291421
147932,358526
43894,161805
43894,133572
43894,145535
43894,327389
238890,338476
180695,359421
180695,359420
92090,158976
135064,154417
88487,158976
194543,356854
203982,331233
167567,356147
309705,337329
211691,316180
269167,282391
319274,322045
319274,352696
319274,341699
149772,155731
83538,177352
146417,195338
232835,353949
165348,214000
165348,40688
189832,270101
189832,304337
28875,92502
132435,140068
150669,185257
209343,308967
142647,258319
142647,174610
161121,258319
161121,174610
161120,258319
161120,174610
131958,191710
131958,269980
131958,265030
163247,224686
142648,258319
142648,174610
39956,173
314563,357726
280332,357813
262936,301254
276944,271874
141018,228673
156102,229130
200630,162856
147247,147247
281210,327390
213524,259586
201250,219774
201250,327573
219102,207591
219102,220502
152388,289843
152388,266122
232187,172942
42951,174226
76466,133572
76466,161802
76466,327389
44489,265679
44489,152424
44489,186885
181214,248155
181214,186567
161122,258319
161122,174610
161123,258319
161123,174610
69467,185242
76355,153283
149503,157820
149503,232894
178862,359421
178862,359420
56776,231942
249137,275564
20621,137827
160970,158957
194471,216725
213523,259586
189137,178656
234743,236868
67055,160096
195556,219326
269294,274654
175844,190049
175844,183682
230345,250534
190074,206184
190074,206185
190074,178656
175182,304337
175182,185797
142649,258319
142649,174610
40674,227650
80571,138960
80571,165685
80571,312905
203499,331233
213220,204573
167909,232894
319080,302884
274418,356120
274418,265125
227107,259586
161124,258319
161124,174610
330149,336649
225269,309707
166409,282822
101513,158976
150194,168032
150194,270101
150194,304337
150194,185797
235255,188079
235255,188081
20196,153912
257817,307621
254960,279643
234131,231506
90566,139051
90566,138960
90566,165685
90566,312905
195621,174738
195621,196830
23741,137827
68942,139051
68942,165684
68942,312905
201249,219774
201249,327573
274228,294308
286540,280476
144984,163107
213298,241380
243634,358425
243634,260000
243634,296948
202246,267327
104394,119740
211963,134232
5754,171908
5754,147170
5754,583
34132,227650
245335,272183
245335,275077
203075,331233
210429,270716
210429,270101
210429,304337
168292,336939
169800,352060
110882,185242
56775,231942
314089,353949
338153,339534
338153,339533
338153,339535
202867,331233
162225,316181
158292,171865
262295,315366
277759,337166
280699,302189
147695,255924
290975,244358
290975,255743
166052,309267
220095,288378
219108,357813
220964,270101
220964,304337
321251,182609
321251,118963
321251,182608
321251,182610
321251,182616
321251,182617
202862,255240
202862,255241
96361,158976
131458,358526
123920,185242
140045,202174
140045,147101
188497,351667
40484,140068
40484,38378
223171,217947
172592,66098
172592,90850
239997,302189
142420,326355
142420,251830
262292,315366
240977,243566
186155,182453
66942,227650
74210,261221
126004,259571
232901,326846
287521,318010
199399,351667
266132,266219
300075,300129
252896,252899
319315,322045
167910,232894
136239,161794
136239,153284
182173,255924
174301,174458
174301,248155
174301,186567
186067,178656
186067,291421
61538,231942
164571,207485
164571,282822
278956,343786
109361,95633
130102,170245
274240,265125
274240,331669
169148,172154
204140,331233
242411,349943
236940,309707
158233,326728
103291,133572
103291,161802
103291,327389
301254,264153
301254,283302
301254,279161
301254,262936
241852,349943
203887,331233
224686,190581
224686,163247
186236,231964
213213,204573
132431,170815
190036,178656
153494,193288
262293,315366
241728,325293
170907,334931
170907,270101
170907,304337
170907,185797
297175,315953
199943,302699
75259,25031
75259,29416
167911,232894
281458,351326
171857,174610
229646,303961
301519,295260
299153,337796
224159,182343
224159,202457
166161,39428
147918,9653
147918,8269
249576,307822
249576,234593
249576,309312
213792,283198
170245,130102
170245,129490
170245,132553
170245,130101
170245,132554
239106,356854
204114,331233
128034,133572
128034,161794
128034,153283
128034,327389
230502,267327
163274,207816
216407,283198
125922,158976
321742,335320
104410,158976
152630,154029
162394,255924
103574,158976
202868,331233
205050,343013
205050,323071
39179,155246
90198,312304
90198,312310
90198,312313
90198,312307
90198,312306
90198,312309
90198,312311
90198,312308
90198,312312
90198,312305
90198,312329
90198,312303
90198,63306
90198,137827
155169,165683
155169,171199
133572,128034
133572,103291
133572,76466
133572,43894
42950,174226
169149,172154
243633,358425
243633,260000
243633,296948
41034,272710
41034,147475
41034,84870
41034,326728
138960,42436
138960,105060
138960,90566
138960,80571
138960,87658
176806,332410
132553,170245
204880,329106
328765,353431
34853,40825
193898,286883
110897,127216
299220,295260
205052,343013
205052,323081
164015,148166
283302,301254
7724,255484
7724,258379
7724,150446
202866,331233
136521,151067
184146,332065
305950,356743
305950,303298
255258,245646
121669,187867
144088,161796
103260,158976
213275,332065
177353,177352
453,168425
121863,187867
189199,178656
125841,142599
125841,153137
147475,41034
39106,40825
165358,40688
181592,240266
214021,164956
214021,151107
214021,175145
198808,282391
202865,331233
154414,154417
185796,185257
265125,274418
265125,274240
265125,274417
152523,269214
264018,257590
264018,286383
169968,195338
205051,343013
205051,323071
191289,195338
155192,227
155192,1677
303298,305954
303298,305950
303298,305955
303298,294546
303298,350921
7725,255484
7725,258379
7725,150446
213223,204573
161953,20237
161953,8269
128152,153137
128152,142599
191290,195338
182075,203074
210145,237167
164555,314494
266825,258398
266825,325161
230505,217972
230505,345203
191286,195338
239154,326846
132554,170245
120963,126839
120963,161617
152524,269214
264019,257590
264019,326869
134311,257601
216978,215186
200165,282391
179178,147274
179178,86079
179178,54773
179178,126278
179178,72064
179178,152790
179178,135467
179178,185923
158932,232894
206185,178656
206185,190074
239155,326846
214019,111861
214019,127354
214019,140361
114448,180616
213211,204573
183833,272743
209701,196028
178046,302882
111827,241535
287915,244236
305954,294546
305954,356743
305954,303298
313479,336849
256208,334479
32311,40822
153242,172154
164343,203074
204406,302699
9198,1883
191942,183969
180588,236144
171712,192953
233638,309707
305955,356743
305955,303298
67161,162944
67161,144464
169392,309267
189623,178656
189623,237167
186370,234191
142391,170813
186466,232894
119740,104394
277519,248562
151067,136521
189476,178656
189476,296100
153648,172154
193528,193283
193528,297107
6264,174239
191287,195338
168032,157040
168032,162959
168032,149350
168032,156823
168032,156413
168032,162604
168032,132445
168032,150194
103847,272710
103847,260206
274654,269294
274654,274233
188571,195338
219104,203888
219104,357813
203888,219105
203888,219104
203888,357813
166518,147782
230226,303961
129490,170245
158624,175239
158624,160154
158624,280191
158624,185279
158624,186885
286241,330268
180550,270101
180550,304337
264228,256951
109064,158976
158188,237317
105046,333145
109012,131403
109012,103182
109012,38641
110583,153283
170393,151555
241855,349943
153805,172154
189485,268798
149959,47156
206184,178656
206184,190074
218853,249879
152948,269214
264115,256951
264115,319196
102746,162944
102746,144464
40825,40264
40825,40533
40825,34853
40825,39106
40825,39176
272183,245335
272183,244367
272183,310048
142850,170813
156864,145538
156864,142236
156864,145541
156864,145540
156864,145539
156864,145465
239118,238884
256566,259555
264233,256951
264233,286383
231405,307008
278431,278241
264153,256951
264153,301254
126278,179178
255211,256422
75313,174089
121996,290357
84503,341336
197104,299104
252897,252899
216863,262641
216863,268798
167819,181327
356827,334889
251646,275955
251646,275954
207573,234191
207573,251219
164557,314494
144391,136520
144391,136518
144391,136519
86918,231942
55090,94471
130101,170245
164556,314494
215445,351667
154416,154417
145418,188821
286548,356120
162741,326355
162741,251830
166192,167899
147712,132581
147712,302882
213292,204573
213292,286749
312513,236206
240963,247665
195223,162616
195223,232247
160481,39428
247711,317580
247711,317579
247711,334479
85450,21059
226443,343013
226443,323081
225651,236868
188498,351667
124556,124322
292086,336292
256211,270101
256211,304337
32646,72648
346618,263778
213221,204573
213221,239151
132425,255924
178656,189662
178656,189272
178656,206184
178656,190074
178656,206185
178656,190551
178656,190225
178656,189097
178656,189189
178656,189403
178656,189137
178656,190550
178656,189653
178656,186067
178656,189199
178656,189376
178656,190181
178656,189623
178656,190505
178656,189476
178656,190036
178656,189661
178656,189903
178656,189897
178656,190180
178656,189540
154423,144287
231443,275259
190505,178656
253961,343834
234335,236868
234335,329591
154419,144287
222317,209365
222317,199412
222317,199411
222317,199410
146565,163107
185242,59967
185242,54833
185242,123920
185242,69467
185242,110882
140666,188826
140666,153703
130196,345153
130196,169092
161730,161617
280476,286540
177567,336497
173558,145355
173558,130752
173558,255262
185249,288176
185249,288175
309707,286275
309707,225269
309707,233638
309707,252099
309707,236940
309707,270329
309707,250293
309707,250292
309707,347022
312514,236206
337330,335172
332065,213275
332065,223973
332065,300535
332065,258227
332065,184146
332065,258231
332065,258218
68641,38383
198025,203074
189661,178656
125394,227650
164554,314494
102198,127192
117836,180616
230850,262641
230850,268798
313480,336849
158183,237317
186481,232894
173650,145131
173650,172827
173650,130463
92502,28873
92502,28870
92502,28874
92502,28875
92502,28872
92502,28871
197183,299104
293647,290834
114185,127192
233591,252999
241535,111827
242410,349943
312515,236206
34171,318657
167549,255243
167549,255242
197187,299104
240964,288901
179060,303677
179060,174089
255261,314550
255261,245646
189653,178656
189653,356147
167897,147183
160352,197996
266237,328395
99407,227650
159512,165683
234165,231506
197106,299104
289464,356120
283424,278357
283424,277139
283424,277137
27033,154883
274087,331646
178048,326728
31419,168425
206924,235473
217172,216725
234138,231506
234138,249703
255259,314550
255259,245646
33514,209510
106158,278693
106158,337394
240965,247665
334767,295260
255260,245646
235057,239586
234162,231506
258319,161118
258319,161120
258319,161121
258319,161122
258319,161123
258319,161124
258319,107407
258319,142647
258319,142648
258319,142649
258319,93193
258319,258320
258319,218518
258319,88282
274099,294308
294308,274228
294308,274099
37974,157723
125386,153284
195755,191779
195755,255924
313481,336849
135160,158976
264901,309701
228386,234892
228386,209358
228386,209357
40921,174997
245034,232298
244236,287915
267315,314349
297405,325293
211176,204573
313459,314324
124558,124322
258585,316182
147552,129501
147552,179814
252429,252420
252429,269139
252429,252424
252429,252422
252429,269138
252429,252423
252429,276836
38383,68641
155824,187868
191182,352060
150637,47156
190551,178656
237942,248155
239151,213221
239151,270101
239151,304337
264015,257590
264015,290834
252099,309707
265291,351735
196028,209701
214322,249879
256565,259555
285771,325941
177253,317189
150635,47156
189662,178656
188496,336939
195751,191779
223864,265840
149109,188821
209235,200628
202680,230221
202680,230218
202680,230219
227976,200751
173587,211514
273240,46530
34170,318657
85449,22172
85449,95683
131886,187867
144612,255924
144612,158489
241857,349943
240961,247665
136171,162944
136171,193280
145538,156864
149903,153137
249879,233952
249879,239580
249879,239582
249879,233953
249879,218853
249879,214322
7730,238218
7730,150446
122874,180616
195504,306739
195504,282822
264179,249535
264179,270101
264179,304337
218518,258319
293001,309701
291242,317191
248506,169254
248506,152319
310026,174388
310026,286883
234135,231506
291243,317191
198027,203074
295038,356120
228578,287145
39176,130818
39176,40825
154425,148062
237941,248155
234362,342178
105060,138960
265290,351735
247806,342178
162604,270716
162604,168032
162604,304337
123077,180616
154427,148062
294546,305954
294546,303298
154424,144287
14337,3943
14337,6606
196832,314759
258682,270101
258682,304337
264985,256951
173307,175289
102696,37397
102696,78727
318010,287521
153977,153975
88665,187049
207320,302882
142599,128152
142599,153137
142599,125841
332410,171007
332410,145196
332410,176806
332410,128386
155829,187868
219575,296948
155354,12543
155354,29716
155354,29718
326964,326972
316190,338013
228658,200750
313054,351928
123502,180616
18341,5960
233952,249879
264045,256951
195748,191779
133814,278693
133814,337394
195557,203074
283833,328395
232350,289416
316175,200544
316175,209730
190180,178656
285979,313163
130084,161617
238550,281786
151708,234628
151708,233888
151708,233885
151708,212661
151708,234627
151708,234626
151708,234625
151708,197087
151708,233886
151708,233887
174239,6264
174239,12677
223973,332065
168401,255245
168401,255244
86079,179178
263875,270101
263875,304337
154961,29715
154961,29717
154961,29714
215760,219774
233953,249879
261437,268798
40786,169779
232298,240522
232298,245034
232298,238620
232298,238665
7731,238218
7731,150446
168588,249535
168588,270101
168588,304337
275980,319800
123363,187867
195586,206072
234892,228386
160866,179814
160866,159532
291244,317191
177069,278693
177069,337394
291245,317191
155826,187868
270329,309707
283925,285998
150634,47156
263975,256951
187868,155829
187868,155825
187868,155828
187868,155824
187868,155826
211173,204573
136518,144391
292897,307207
292897,353949
154426,148062
234129,231506
205611,213294
205611,211945
205611,213293
205611,213295
160096,67055
160096,15158
160096,21385
160096,12903
160096,38431
160096,18836
181362,192953
115912,259571
189189,178656
215340,275259
320110,358148
239582,249879
133565,259571
278182,279643
320464,325568
341699,319272
341699,319273
341699,319274
283832,328395
153979,153978
40788,169779
201251,349177
201251,219774
277823,337796
130466,144851
130466,142993
130466,169757
143408,227650
172942,232187
274417,265125
97804,292652
189097,178656
213288,204573
313600,338013
94017,153625
234593,249576
155828,187868
234160,231506
40533,36779
40533,130818
40533,40825
145465,156864
264659,257089
165354,40688
295017,321302
130559,184038
42296,321537
234156,231506
237317,158188
237317,158183
155825,187868
286651,291105
286651,327107
136519,144391
38845,47410
293768,309701
134674,3224
213873,352060
217513,215186
255245,168401
255245,203074
269224,264014
145541,156864
60130,144851
125864,176068
196830,195621
159045,188821
37921,94035
236144,180588
150638,47156
244302,357813
292414,312543
188189,295021
159532,160866
159532,179814
258586,316179
106621,159517
106621,344936
240258,279899
186857,262641
186857,268798
204573,211176
204573,213288
204573,213219
204573,211173
204573,213213
204573,213282
204573,213224
204573,213216
204573,211174
204573,213292
204573,213218
204573,213217
204573,213220
204573,213223
204573,213211
204573,213222
204573,213291
204573,213221
204573,213290
204573,213289
204573,213283
204573,90182
95633,109361
169503,188821
172193,183969
153975,153977
237943,248155
190602,356147
234953,227537
234953,145039
234953,227535
234953,227536
234953,227538
145542,168701
239580,249879
113387,158976
232299,290321
232299,234126
232299,303822
232299,238048
232299,278370
232299,271418
248155,237943
248155,181213
248155,174301
248155,174304
248155,237942
248155,181214
248155,237941
248155,174306
248155,174302
248155,174303
230221,202680
218386,352936
299653,330276
161484,189903
40922,174997
41805,32604
41805,32556
41805,32607
41805,32605
41805,32554
41805,32558
41805,32555
41805,32560
41805,32562
41805,140164
195779,288378
31382,337153
169092,130196
169092,97277
234686,255924
211174,204573
227336,241380
193890,187537
193890,253332
193890,253331
275954,251646
181601,192953
255242,167549
255242,203074
187867,121863
187867,123363
187867,121669
187867,131886
194488,187049
206056,223998
197200,299104
136392,154552
160095,2993
160095,5405
160095,31784
160095,7707
27759,171908
27759,147170
270340,279770
143991,241203
175289,173307
60381,30933
274233,274654
337461,340913
123998,175309
213216,204573
142236,156864
7733,150446
7733,41726
128912,213788
231347,351668
185279,171044
185279,158624
186182,211559
234042,236422
278814,306920
241380,213298
241380,227336
241380,224255
57885,30933
314494,164557
314494,155402
314494,164554
314494,164556
314494,164555
225230,190255
340223,340217
213224,204573
145540,156864
175904,278693
175904,337394
147561,222381
147561,197614
147561,134824
181572,192953
7751,135193
214746,275955
238081,235473
152244,152242
152244,162944
264014,269224
256951,264222
256951,264042
256951,264146
256951,264156
256951,264104
256951,264158
256951,263998
256951,264237
256951,264228
256951,264149
256951,264115
256951,264045
256951,264041
256951,263975
256951,264985
256951,263898
256951,243965
256951,264160
256951,264233
256951,264214
256951,264636
256951,264153
256951,264043
256951,264044
145762,168701
239586,235057
230219,202680
134189,130818
206057,223998
40920,174997
176329,209291
176329,174089
153978,153979
227538,234953
119437,180616
257999,330260
258231,332065
190581,224686
218388,352936
145539,156864
170169,174089
161069,161068
258218,332065
40264,130818
40264,40825
40919,169779
258227,332065
132581,302882
132581,147712
230218,202680
145763,168701
32555,140164
32555,41805
140663,189882
125923,180616
283292,283282
202307,299104
241212,288176
227537,234953
305650,293473
32554,140164
32554,41805
171957,188826
229079,310234
297636,309701
329520,338476
329520,274203
181599,192953
220657,235473
226690,262754
250293,309707
265834,309701
129389,180616
163672,154452
123999,175309
148340,164625
152790,147274
152790,179178
245664,262722
136520,144391
261283,263178
234154,231506
229451,229450
229451,194023
229451,183435
127192,102198
127192,114185
279903,176614
279903,166159
257590,264015
257590,264017
257590,264016
257590,264019
257590,264018
303014,302189
184028,186885
311901,286883
313047,358148
292912,286086
292912,318985
286652,291105
286652,327107
64133,147154
168425,31419
168425,453
238664,308036
238664,340747
238664,348675
243965,256951
309267,166052
309267,169392
309546,336292
174089,75313
174089,303677
174089,151552
174089,209291
174089,170169
174089,99134
174089,179060
174089,176329
263998,256951
130818,40264
130818,40533
130818,134189
130818,29779
130818,39176
234106,357813
234106,231506
261284,263178
255369,336939
213294,205611
167896,178739
84870,37501
84870,41034
287312,282391
294309,290834
149243,154552
264222,256951
213119,151555
171426,255924
135467,179178
188821,183172
188821,169503
188821,145418
188821,159045
188821,149109
227689,200750
36779,40533
231346,351668
174125,132981
326971,326972
128913,180616
227536,234953
134116,231942
149696,154552
174147,178739
48791,40849
129501,179814
129501,147552
188826,171957
188826,181278
188826,140666
188826,185312
204252,177352
175309,123999
175309,123998
187537,193890
233279,310234
24506,12903
24506,18836
194044,217758
233817,306740
233817,282822
295539,299815
277776,277980
227535,234953
57579,119835
213291,204573
255243,167549
255243,203074
151033,227650
167874,222079
202530,250775
167899,166192
286649,304337
286275,309707
234127,231506
232433,295412
164746,174973
23417,153625
159626,163975
229506,295412
137536,260773
163374,293637
250292,309707
200867,203835
32562,140164
32562,41805
185935,197996
256413,310234
241214,288175
208103,268798
126221,74680
126221,102157
126221,102153
126221,102154
147274,179178
147274,152790
179814,160866
179814,147552
179814,159532
179814,129501
132891,151040
213290,204573
327390,281210
327390,284045
146607,241203
268798,275997
268798,216863
268798,179657
268798,214313
268798,261437
268798,230850
268798,189485
268798,208103
268798,186857
247805,342178
285327,339526
164647,164649
203309,352936
32558,140164
32558,41805
137537,260773
138072,255924
267327,202246
267327,230502
164649,164648
164649,164647
172562,154662
172562,153046
172562,154661
172562,154664
173362,178739
90182,204573
64132,147154
163975,159626
234679,245952
197158,207119
312216,334479
162856,163322
162856,200630
135612,358224
333489,335239
266422,299122
148571,151123
7728,244374
64134,147154
153046,172562
316179,228935
316179,258586
118963,321251
167161,222079
317393,330499
200200,199329
264048,283282
173363,178739
234133,231506
88415,140065
88415,159438
88415,159440
88415,159442
199741,199743
279161,301254
234150,231506
174655,222079
17466,83368
216980,215186
155402,314494
109832,142993
234403,336939
215186,216975
215186,206565
215186,216977
215186,216976
215186,216978
215186,217513
215186,216980
109106,276202
178739,173363
178739,167896
178739,174147
178739,173362
178739,174150
187141,206997
187141,228178
131362,182880
131362,191710
131362,269980
325451,324941
213673,189704
213673,189702
213673,189703
141254,213788
187049,88665
187049,194488
255244,168401
255244,203074
275955,243077
275955,214746
275955,251646
266423,299122
132481,182880
132481,269980
339533,338153
197087,151708
193282,6606
193282,20660
277810,277980
149559,213788
32556,140164
32556,41805
164648,164649
174150,178739
254480,336939
63490,30933
190550,178656
168122,167903
230811,278693
230811,337394
189272,178656
207485,282822
207485,164571
118637,282074
26079,27760
256783,280452
264041,256951
188155,310234
188155,232894
232990,282041
154228,209510
139051,28327
139051,33493
139051,90567
139051,68942
139051,90566
195752,191779
18666,263666
260589,331480
260589,331479
211790,213316
174428,174852
189540,178656
213295,205611
295540,299815
147543,225880
32605,140164
32605,41805
7732,244374
2459,8257
32607,140164
32607,41805
334890,310203
192953,181362
192953,181601
192953,171712
192953,181572
192953,181599
223114,278693
223114,337394
35378,121018
74680,126221
199739,199743
42093,120323
183172,188821
165351,40688
147173,241203
213222,204573
130405,144851
130405,180251
157922,316177
39090,73833
122213,158
168121,167903
32560,140164
32560,41805
189704,213673
158402,158270
158402,171567
212661,151708
206088,313051
44893,120323
231506,234106
231506,234128
231506,234129
231506,234163
231506,234130
231506,234131
231506,234127
231506,234133
231506,234135
231506,234136
231506,234138
231506,234150
231506,234151
231506,234153
231506,234164
231506,234165
231506,234154
231506,234155
231506,234156
231506,234157
231506,234158
231506,234159
231506,234160
231506,234161
231506,234162
42975,120323
183969,191942
183969,172193
22480,275849
235257,236868
213219,204573
287145,168633
287145,184075
287145,228578
287145,277134
32604,140164
32604,41805
174091,209510
119729,215545
189376,178656
22016,42627
264636,256951
150181,149904
141256,213788
164473,209510
189414,227650
157814,316177
189702,213673
136914,24733
19322,29252
80012,306714
80012,159500
234130,231506
157921,316177
141045,213788
264044,256951
213282,204573
149186,219916
149904,150181
143812,213788
183275,20237
183275,8269
183275,130046
183275,66508
300848,299815
88416,140065
88416,159438
88416,159440
88416,159442
88414,140065
88414,159438
88414,159440
88414,159442
23215,137827
83741,120323
191685,244919
243098,351668
105985,159438
105985,159440
105985,159442
140831,192814
140831,159908
88417,159438
88417,159440
88417,159442
32971,42627
150131,219916
327018,326972
154029,138296
154029,152630
191779,195749
191779,195753
191779,195750
191779,195748
191779,195751
191779,195755
191779,195752
191779,195747
234191,186370
234191,207573
39264,145534
171044,185279
171044,186885
23213,137827
121215,193927
63595,159500
24733,136914
123251,166113
12490,143136
31774,227650
121025,193927
187740,110831
187740,160943
4227,316170
4231,316170
7734,258379
7734,65314
11294,316170
13191,307522
17470,83368
19323,29252
19324,29252
19325,29252
24714,175971
29252,19322
29252,19323
29252,19324
29252,19325
29252,30106
29560,149717
29690,149717
30106,29252
31603,260337
32660,11428
35458,99987
35757,258379
35757,44576
36416,239092
36617,59152
37361,44576
39413,150508
39630,163868
39815,96749
40641,114275
41726,7733
42147,27760
42302,218505
42395,175971
44576,37361
44576,35757
44576,258379
48562,114275
55325,114275
58119,348543
58452,327071
58456,327071
58457,327071
58885,119835
58968,114275
59152,36617
59200,348543
59203,348543
59204,348543
59205,348543
60401,142993
60953,39786
60955,39786
61359,348543
63306,90198
63974,152961
64127,152961
64128,152961
64135,147154
64136,147154
65314,7734
65314,258379
67410,348543
68190,144566
69081,218505
71368,150835
71370,150835
71371,150835
71374,150835
72648,32646
81208,119843
83368,17466
83368,17470
86999,119843
87920,348543
88610,203219
88610,247494
94033,94035
94035,94033
94035,37875
94035,37921
94937,128716
95369,331152
95690,277974
96646,218505
97114,331152
99987,35457
99987,35458
102153,126221
102154,126221
102157,126221
106126,7786
111255,203219
111255,247494
114275,45307
114275,40641
114275,48562
114275,58968
114275,55325
115636,134154
115636,134156
115636,134155
118173,203219
118173,247494
119834,104351
119834,104353
119835,54300
119835,58885
119835,57579
119843,80044
119843,86999
119843,77577
119843,81208
119981,128716
119985,156446
121018,35378
121091,282074
121529,146649
121531,146649
121532,146649
121755,166113
122304,239092
126423,39786
127178,15238
128420,128895
128420,128822
128422,128759
128422,128756
128422,128887
128423,128827
128423,128829
128423,128890
128424,128762
128424,128761
128424,128764
128756,128422
128759,128422
128761,128424
128762,128424
128764,128424
128822,128420
128827,128423
128829,128423
128887,128422
128890,128423
128895,128420
130215,86445
130462,144851
130463,144851
130463,173650
130464,144851
130465,144851
130465,178904
130560,184038
130843,142993
130906,142993
130944,144851
130945,144851
131707,203219
131707,247494
132888,151040
132893,151040
132900,151040
132981,174125
132983,174201
133042,203219
133042,247494
134154,115636
134155,115636
134156,115636
134232,211963
135973,219257
136017,219257
136104,219257
136133,219257
138202,258379
138698,151120
139689,299971
139849,255924
139849,158489
141917,218505
141989,160031
141990,160031
142370,299971
142452,151120
142456,151120
142457,151121
142458,151121
142465,151121
142624,213788
142625,213788
142993,109832
142993,130843
142993,130466
142993,60401
142993,130906
143054,225517
143356,237964
143510,160669
144287,154424
144287,154423
144287,154419
144851,130405
144851,60130
144851,130465
144851,130466
144851,130464
144851,130945
144851,130463
144851,130944
144851,130462
145131,151124
145131,173650
145291,151124
145311,151124
145315,26736
146466,235089
146649,121531
146649,121532
146649,121529
146649,154757
147542,158
147542,225880
147753,148685
147754,148685
148062,154427
148062,154426
148062,154425
148345,241203
148346,241203
148347,213788
148367,42783
148569,151123
148572,151123
149080,241203
149633,241203
149717,29690
149717,29560
149833,203219
149833,247494
150132,219916
150133,219916
150428,241203
150835,71368
150835,71370
150835,71371
150835,71374
151040,132900
151040,132891
151040,132893
151040,132888
151120,142456
151120,142452
151120,138698
151121,142458
151121,142465
151121,142457
151122,171216
151122,166046
151122,166047
151123,148569
151123,148571
151123,148572
151124,145311
151124,145291
151124,145131
151552,174089
152424,305323
152424,187254
152424,44489
152424,195566
152525,237964
152526,237964
152528,237964
152529,237964
152530,237964
152531,237964
152572,294766
153283,76355
153283,128034
153283,110583
153284,136239
153284,125386
153284,80570
153808,294766
154417,154416
154417,154414
154417,135064
154452,163672
154552,136392
154552,149696
154552,149243
154661,172562
154662,172562
154664,172562
154757,146649
155127,108415
155170,165684
155171,165685
157196,158285
157196,158284
157196,158283
157934,153137
158116,180722
158262,241203
158263,241203
158270,158402
158283,157196
158284,157196
158285,157196
158489,139849
158489,144612
158489,137917
159442,88415
159442,88416
159442,88417
159442,105985
159442,88414
160031,141989
160031,141990
161068,161069
161754,163980
161755,163980
161794,136239
161794,128034
161796,141823
161796,144088
161802,103291
161802,76466
161805,42436
161805,43894
161978,164270
162008,336662
162689,283841
163425,230557
163426,230557
163427,230557
163868,163962
163868,39630
163921,331152
163962,163868
164089,213788
164090,213788
164301,164365
164302,164365
164303,164365
164337,164365
164365,164301
164365,164302
164365,164303
164365,164337
164625,148340
164723,174973
164789,311464
164977,237964
164979,237964
165115,165120
165115,165122
165120,165115
165122,165115
165511,213788
165683,155169
165683,159512
165683,193286
165684,42436
165684,155170
165684,68942
165684,80570
165685,155171
165685,90566
165685,80571
165685,87658
165938,179205
165943,179205
166046,151122
166047,151122
166075,283841
166113,123251
166113,121755
166639,197996
166641,183049
166926,168701
167239,164187
167251,167903
167573,182880
167836,298278
167841,167903
167877,167900
167900,167877
167903,168121
167903,168260
167903,167841
167903,168122
167903,167251
168029,315252
168216,203219
168216,247494
168260,167903
168432,187953
168701,145762
168701,166926
168701,145763
168701,145542
169650,276203
169688,169757
169757,130466
169757,169688
169779,40919
169779,40786
169779,40788
169840,305324
169840,187253
169840,213074
170923,210016
171216,151122
171267,315252
171567,158402
171634,294766
171635,294766
171636,294766
171686,206236
171913,214903
172065,331152
172066,331152
172282,41047
172396,211514
172405,211514
172406,211514
172623,172624
172623,172625
172624,172623
172625,172623
172825,172826
172825,172827
172826,172825
172827,172825
172827,173650
174121,193791
174122,193791
174123,193791
174201,132983
174997,40921
174997,40922
174997,40920
175190,276203
175191,276203
175470,251308
175478,175560
175478,175561
175560,175478
175561,175478
175823,237964
175971,24714
175971,42395
176355,209510
176561,306272
176575,207370
177580,303949
177937,189882
178904,179137
178904,130465
179023,255924
179137,178904
179205,166589
179205,165943
179205,165938
179205,149054
179753,237964
179754,237964
179755,237964
180171,192663
180251,130405
180251,180252
180252,180251
180722,158116
180848,237964
181278,188826
181559,356356
181681,233291
181681,233892
181681,233890
181681,233889
182016,58625
182343,224159
182563,213898
182608,317637
182608,321251
182609,321251
182610,321251
182616,321251
182617,321251
183139,188334
183316,166187
183435,229451
184030,186885
184038,130559
184038,130560
184213,186885
184215,186885
184281,186885
184685,29510
184685,46127
184931,182983
185071,182983
185308,266447
185312,188826
185923,179178
186273,168633
186788,203219
186788,247494
186789,203219
186789,247494
186858,186955
186885,184028
186885,184281
186885,160943
186885,203709
186885,44489
186885,171044
186885,158624
186885,184213
186885,184025
186885,206283
186885,184030
186885,184215
186955,170855
186955,189970
186955,189972
186955,186858
186955,189971
187253,169840
187254,152424
187953,168432
188079,235255
188081,235255
188310,181209
188311,181209
188313,181209
188593,100222
189102,189102
189403,178656
189518,251161
189636,247790
189703,213673
189883,189882
189897,178656
189903,178656
189903,161484
189970,186955
189971,186955
189972,186955
190181,178656
190181,253832
190255,225230
191089,237964
191090,237964
193283,28327
193283,193528
193283,33493
193283,297107
193713,207829
193713,292651
193718,193720
193719,193720
193720,193719
193720,193718
193791,174122
193791,174123
193791,174121
193917,218575
194023,229451
195566,152424
195749,191779
195750,191779
195753,191779
197500,255924
197553,299104
199154,278693
199154,337394
199410,222317
199411,222317
199412,222317
199594,199593
199596,199593
199597,199593
199598,199593
199738,199743
199740,199743
199742,199743
199743,199741
199743,199742
199743,199740
199743,199739
199743,199738
200174,299104
200174,302705
200628,209235
200863,335577
201027,294508
202457,224159
203110,261588
203707,235028
203707,228670
203709,186885
204756,204774
204757,204774
204758,204774
204760,204774
204761,204774
204774,204761
204774,204756
204774,204758
204774,204760
204774,204757
204798,335577
205165,357813
206023,206236
206195,210658
206283,186885
206597,312798
206598,237964
206599,237964
206997,187141
207119,197158
207462,261588
207589,332720
207829,193713
207879,165194
207879,163659
207879,195338
209291,174089
209291,176329
209365,222317
209510,154228
209510,176355
209510,174091
209510,164473
209510,33514
210658,110831
210658,160943
210658,206195
210658,212873
211025,332720
211559,186182
211659,120686
211659,118618
211659,118614
211659,118615
211659,118617
211659,118619
211659,118616
211713,255924
211724,256714
211948,329330
212251,256122
212251,291509
212277,276203
212278,276203
212279,276203
212379,202831
212664,255924
213074,169840
213283,204573
213289,204573
213302,335577
213316,211790
213316,255924
213621,319311
213898,182563
213972,332720
214313,262641
214313,268798
214321,289416
216189,278693
216189,337394
216975,215186
216976,215186
216977,215186
217758,217764
217758,194044
217761,213980
217761,218378
217761,218377
217764,217758
217818,241729
217818,241727
217818,241730
217947,325
217947,223171
217972,230505
218378,217761
218505,141917
218505,42302
218505,69081
218505,96646
218702,245952
218703,245952
219257,135973
219257,136133
219257,136104
219257,136017
219916,150133
219916,149186
219916,150132
219916,150131
222381,147561
223099,223102
223099,223100
223099,223101
223100,223099
223101,223099
223102,223099
223453,247451
224255,241380
224400,227650
224991,311464
225517,143054
225880,126995
225880,147542
225880,147541
225880,147543
226008,152242
226920,256122
226920,291509
228178,263340
228178,187141
228591,255924
228670,203707
229206,255924
229209,255924
229450,229451
230511,225319
230557,163427
230557,163426
230557,163425
231407,327973
232434,295412
233291,181681
233866,267330
233885,151708
233886,151708
233887,151708
233888,151708
233889,257645
233889,181681
233890,181681
233892,257645
233892,181681
233970,257089
234126,232299
234128,231506
234136,231506
234151,231506
234153,231506
234155,231506
234157,231506
234159,231506
234161,231506
234161,255924
234164,231506
234365,261901
234467,256714
234625,151708
234626,151708
234627,151708
234628,151708
234645,312798
234680,245952
235028,203707
235089,146466
235322,236868
235453,232139
235756,253834
235837,202831
235837,225319
235837,133772
237078,251161
237362,282822
237549,265840
237781,242641
237964,152528
237964,152529
237964,152531
237964,180848
237964,152530
237964,164977
237964,206598
237964,175823
237964,179753
237964,206599
237964,143356
237964,152525
237964,191090
237964,152526
237964,164979
237964,191089
237964,179754
237964,179755
238048,232299
238135,298278
238428,265840
238614,352936
238665,232298
238768,315572
239092,36416
239092,122304
239107,245952
239241,316171
239439,335577
239440,335578
239441,335578
239442,335578
239443,335578
239444,335579
239445,335579
239446,335579
239512,335579
239697,255924
239946,260126
240266,181592
240267,206072
241208,315366
241208,241210
241209,315366
241209,241210
241210,241209
241210,241208
241387,341451
241727,217818
241729,217818
241730,217818
241785,336939
242228,322394
242306,317637
242424,185797
242641,237781
243077,275955
244355,316169
244374,7732
244374,7728
244411,316169
245225,316169
245229,316169
245253,316169
245451,248736
245461,265840
247252,263709
247429,281786
247454,316169
247494,118173
247494,168216
247494,131707
247494,133042
247494,88610
247494,149833
247494,186788
247494,111255
247494,186789
247797,307008
247846,330394
248736,245451
248808,318174
248809,318174
248814,318174
248817,318174
248966,248967
249535,264179
249535,168588
249579,278693
249579,337394
250775,202530
250913,278693
251161,237078
251161,189518
251308,175470
252147,252660
252147,252661
252420,252429
252420,251830
252422,252429
252422,251830
252423,252429
252423,251830
252424,252429
252424,251830
252621,344658
252660,252147
252661,252147
253331,193890
253332,193890
253832,190181
253834,235756
254128,281786
254315,343834
255240,202862
255241,202862
255890,331456
256545,353949
256714,211724
256714,234467
257925,286655
258095,266429
258100,329106
258181,281786
258320,258319
258398,266825
258853,282041
258854,266429
259820,264750
260773,137536
260773,137537
260795,266341
260797,266341
260798,266341
261074,280452
261344,261528
261439,280452
261528,261344
261981,255924
262006,266429
262007,266429
262209,287671
262239,217868
262641,216863
262641,214313
262641,230850
262641,186857
262725,331152
263340,228178
263709,247252
263898,256951
264042,256951
264043,256951
264146,256951
264149,256951
264156,256951
264158,256951
264160,256951
264167,264177
264177,264167
264214,256951
264237,256951
264372,255924
264661,264866
264662,264866
264674,353781
264746,283936
264750,264751
264750,259820
264751,264750
265086,272394
265086,272395
265086,272396
265284,283936
265664,274721
265665,274721
265666,274721
265679,44489
265841,265840
265996,354510
266009,338701
266010,338701
266011,338702
266012,338702
266013,340039
266014,340039
266122,157327
266122,152388
266122,289843
266156,304286
266341,260795
266341,260797
266341,260798
266420,282822
266429,258854
266429,262007
266429,262006
266429,258095
266429,267896
266574,334479
267330,233866
267822,283468
267896,266429
268630,284576
269138,252429
269138,251830
269139,252429
269139,251830
269742,304337
270101,210429
270101,264179
270101,162959
270101,170907
270101,149350
270101,189832
270101,179658
270101,220964
270101,168588
270101,239151
270101,263875
270101,256211
270101,156823
270101,156413
270101,180550
270101,258682
270101,132445
270101,150194
270439,40210
270439,66121
270439,34499
270603,318481
270603,291752
270700,340039
270716,121921
270716,210429
270716,156823
270716,162604
271418,232299
271428,328472
272394,265086
272395,265086
272396,265086
272644,304337
273939,293397
274115,115098
274115,128709
274721,275731
274721,265666
274721,265664
274721,265665
274825,344658
275077,181870
275077,181875
275077,211589
275077,216717
275077,216716
275077,245335
275731,274721
275850,267367
275997,268798
276043,331152
276203,212278
276203,175190
276203,175191
276203,212277
276203,169650
276203,212279
276836,252429
277021,303949
277081,278398
277082,278398
277108,278398
277134,287145
277137,283424
277139,283424
277302,267367
277303,267367
277668,336872
277811,277980
277976,277980
278241,278431
278357,283424
278370,232299
279357,336872
279359,336872
279798,280452
279899,240258
279979,293397
280180,219326
280180,252999
280452,279798
280452,261439
280452,256783
280452,261074
281323,243566
281786,238550
281786,247429
281786,254128
281786,258181
281786,288495
281981,278693
281981,337394
282292,329509
282293,329509
282778,310234
282779,310234
282822,195504
282822,233817
282822,207485
282822,164571
282822,306739
282822,266420
282822,166409
282822,237362
282822,306740
282822,163683
282870,297432
283282,248378
283282,283292
283282,283287
283282,283288
283282,283285
283282,264048
283285,283282
283287,283282
283288,283282
283557,286835
283739,317189
283759,283936
283760,283936
283761,283936
283936,265284
283936,264746
283936,283760
283936,283761
283936,283759
283936,283938
283938,283936
284045,327390
284076,293397
284194,290853
285114,291509
285827,165350
285983,339526
286020,307008
286086,292884
286086,292888
286086,292887
286086,292745
286086,292911
286086,292912
286212,286835
286364,290853
286835,286212
286835,283557
287313,282391
287323,255924
287501,352060
287664,289223
287901,288316
288175,185249
288175,241214
288176,185249
288176,241212
288495,281786
289400,237167
289416,232350
289416,214321
289940,345792
289940,329436
289941,345792
289941,329436
289949,322398
290321,232299
290720,279770
290834,264015
290834,294309
290834,293821
290834,293822
290834,294312
290834,293647
291421,186067
291421,205159
291423,318985
291526,291528
291528,291526
291592,256885
291643,238026
291683,291693
291697,318481
291697,291752
292012,290829
292101,330394
292651,193713
292652,97804
292745,286086
292826,343991
292884,286086
292887,286086
292888,286086
292911,286086
293010,293397
293397,273939
293397,279979
293397,284076
293397,293010
293637,163374
293675,294526
293821,290834
293822,290834
293880,351668
294149,227514
294312,290834
294526,293675
294766,152572
294766,153808
294766,171634
294766,171635
294766,171636
295022,309030
295105,330394
295106,330394
295378,349943
295412,232434
295412,229506
295412,316671
295412,232433
295838,323180
295838,323182
297107,193528
297107,33493
297107,193283
297317,318740
297787,285560
297816,309030
299441,336650
300084,323947
300133,318740
300535,332065
300800,337796
301209,309030
302242,191865
302699,199943
302699,204406
302705,200174
302961,132195
303500,340895
303677,179060
303677,174089
303822,232299
303949,277021
303949,177580
304215,353781
304363,353781
305323,152424
305324,169840
306336,306272
306338,328524
306739,195504
306739,282822
306740,233817
306740,282822
307008,231405
307008,286020
307008,247797
307207,292897
307207,335392
307302,321302
307822,317189
307822,249576
308036,238664
308124,172637
308124,172638
308365,182398
308365,182399
308603,224654
309115,321074
309138,309139
309139,309138
309312,249576
309701,265834
309701,264901
309701,293768
309701,293001
309701,297636
309940,263053
309941,263053
309942,263053
310048,272183
310234,188155
310234,229079
310234,256413
310234,233279
310234,282778
310234,282779
311069,200751
312303,90198
312304,90198
312305,90198
312306,90198
312307,90198
312308,90198
312309,90198
312310,90198
312311,90198
312312,90198
312313,90198
312329,90198
312503,312728
312543,292414
312798,234645
312798,206597
312905,68942
312905,90566
312905,80571
312905,87658
313314,331646
313781,313861
313902,329434
313908,345027
313909,345027
313959,313965
314324,313459
315185,298596
315185,291105
315191,298596
315192,298596
315939,316028
315941,316028
315945,314019
315947,314019
315961,26189
315962,26189
316028,315941
316028,315939
316169,244355
316169,244411
316169,245253
316169,245229
316169,245225
316169,247454
316671,295412
317189,177253
317189,283739
317189,307822
317189,230241
317189,202825
317189,226297
317195,318740
317575,334479
317578,334479
317579,247711
317579,334479
317580,247711
317580,334479
318086,265047
318174,248814
318174,248808
318174,248809
318174,248817
318481,291697
318481,270603
318691,202103
318691,202104
318691,202105
318691,202106
318691,202107
319311,213621
319311,147420
319750,331872
320066,320676
320379,356571
320460,321720
320461,321720
320676,320066
320981,338573
321302,295017
321302,307302
322398,289949
322403,302882
322781,356571
323071,205050
323071,205051
323081,205052
323081,226443
323180,295838
323182,295838
323371,339775
323848,325293
323999,290357
324213,336936
324882,93401
324882,127437
325037,329591
325161,328326
325161,266825
325375,325941
325427,329996
325437,325439
325439,325437
325469,347082
325568,320464
326077,334719
326728,141823
326728,42436
326728,158233
326728,41034
326728,178048
326846,232901
326846,239154
326846,239155
326883,350350
326972,327018
326972,326964
326972,326971
327389,128034
327389,103291
327389,76466
327389,43894
327573,201249
327573,201250
327573,231220
327573,205738
327613,236824
327614,236824
327841,327844
327841,327845
327841,327846
327841,327847
327841,327848
327844,327841
327845,327841
327846,327841
327847,327841
327848,327841
327973,231407
328296,328323
328296,328322
328297,328323
328298,328323
328299,328323
328299,328322
328300,328323
328300,328322
328301,328323
328301,328322
328395,211238
328395,283833
328395,283832
328395,266237
328472,271428
328524,306338
328657,272077
328657,286574
329156,330276
329436,289940
329436,289941
329436,345792
329718,326984
330260,330261
330260,257999
330261,330260
330268,286241
330268,330275
330275,330268
330276,330281
330276,329156
330276,299653
330281,330276
330394,247846
330394,295106
330394,292101
330394,295105
331110,334310
331233,203982
331233,202865
331233,203075
331233,204140
331233,204114
331233,202868
331233,202867
331233,202866
331233,203499
331233,203887
331233,202099
331456,255890
331478,38431
331478,38876
331479,260589
331480,260589
331646,313314
331646,274087
331669,190798
331669,274240
331872,331852
331872,331755
331872,319750
331900,353781
331962,331852
332390,332398
332397,332398
332629,337394
332720,207589
332720,213972
332720,211025
333096,200750
333617,324631
334213,254138
334485,336649
334486,336649
334719,326077
334946,319419
335320,321742
335392,307207
335577,200863
335577,213302
335577,239439
335577,204798
335578,239440
335578,239441
335578,239442
335578,239443
335579,239512
335579,239446
335579,239445
335579,239444
335633,195338
335926,286749
336348,334931
336649,334485
336649,334486
336649,330149
336650,299441
336662,162008
336939,234403
336939,254480
336939,188496
336939,241785
336939,255369
336939,168292
337166,277759
337394,43443
337394,140681
337394,133814
337394,332629
337394,204542
337394,216189
337394,106158
337394,230811
337394,169784
337394,175904
337394,104590
337394,177069
337394,199154
337394,223114
337394,249579
337394,281981
337662,337662
337662,337663
337663,337662
338648,340039
338701,266010
338701,266009
338701,340039
338702,266012
338702,266011
338702,340039
338704,340039
338705,340039
338706,340039
338793,340039
339464,314530
339496,304337
339534,338153
339535,338153
339751,208503
339751,208501
339751,202247
339751,208502
339951,207812
339951,207816
339951,207818
339951,207820
340217,340223
340392,350461
340747,238664
340747,348675
340895,303500
341505,350376
341506,350376
341532,327242
341949,350461
342178,247806
342178,234362
342178,247805
342368,312951
342515,265377
342515,278208
342515,265374
343735,343991
343737,343991
343786,278956
343834,227748
343834,254315
343834,253961
343907,344791
343991,292826
343991,343735
343991,343737
344348,351668
344349,351668
344606,334310
344658,252621
344658,274825
344719,219787
344719,219788
344791,343907
344936,106621
345153,130196
345153,97277
345941,157254
347022,309707
347082,325469
347743,347747
347744,347747
347745,347747
347976,355997
347977,355997
347978,355997
348543,59205
348543,59204
348543,59203
348543,59200
348543,67410
348543,87920
348543,58119
348543,61359
348675,340747
348675,238664
348794,188339
349169,356238
349267,349396
349268,349396
349269,349396
349276,354862
349277,354862
349396,349269
349396,349268
349396,349267
349425,350376
349594,255207
349595,255207
350075,350998
350350,355196
350350,326883
350376,341506
350376,349425
350376,341505
350461,350466
350461,350467
350461,350465
350461,350463
350461,350464
350461,340392
350461,341949
350461,350462
350461,350471
350462,350461
350463,350461
350464,350461
350465,350461
350466,350461
350467,350461
350471,350461
350921,356743
350921,303298
350961,174388
350998,350075
351326,256610
351326,281458
351326,256611
351667,188497
351667,199399
351667,215445
351667,188498
351668,293880
351668,231347
351668,344348
351668,344349
351668,243098
351668,231346
351928,287567
351928,214327
351928,313054
352237,166702
352237,166707
352237,166704
352237,166708
352237,158957
352395,352840
352414,352840
352575,352840
352665,352840
352696,319272
352696,319273
352696,319274
352840,352665
352840,352395
352840,352575
352840,352414
352936,218388
352936,218386
352936,238614
352936,203309
353431,328765
353431,354791
353431,354792
353431,354793
353580,180341
353580,232197
353781,331900
353781,304363
353781,304215
353781,264674
353949,232835
353949,292897
353949,276862
353949,262045
353949,314089
353949,262044
353949,262043
353949,256545
353949,291182
354510,265996
354791,353431
354792,353431
354793,353431
354862,349276
354862,349277
355030,341504
355196,350350
355996,355997
356120,274418
356120,289464
356120,286548
356120,295038
356147,189653
356147,190602
356147,167567
356510,232394
356510,263778
356571,320379
356571,322781
356849,155428
356849,171033
356854,194542
356854,194543
356854,239106
357723,357726
357813,234106
357813,244302
357813,205165
357813,280332
357813,203888
357813,219108
357813,219105
357813,219104
357878,358148
358148,357878
358148,313047
358148,320110
358526,25031
358526,37397
358526,38997
358526,19319
358526,285448
358526,131184
358526,131458
358526,108668
358526,147932
358526,111144
358526,55201
358526,84462
358738,358741
358739,358741
358740,358741
358741,358738
358741,358739
358741,358740
358808,220188
359206,327890
359207,327890
359416,359501
359417,359501
359418,359501
359420,176058
359420,174565
359420,178862
359420,180695
359420,164313
359420,177608
359420,172680
359421,176058
359421,174565
359421,178862
359421,180695
359421,164313
359421,177608
359421,172680
359427,321772
359427,321731
359427,321771
359501,359418
359501,359417
359501,359416
359520,359527
