id,name
59218,Category: Dungeon Crawler
25158,Components: Miniatures
65191,Components: Multi-Use Cards
66335,Components: Standees
68438,Creatures: Demons
7005,Creatures: Dragons
5615,Creatures: Monsters
8374,Crowdfunding: Kickstarter
73596,Digital Implementations: TableTop Simulator Mod (TTS)
45610,Game: Gloomhaven
24281,Mechanism: Campaign Games
25404,Mechanism: Legacy
75241,Misc: Forteller Audio Narration
72224,Misc: Limited replayability
5666,Players: Games with Solitaire Rules
64952,Components: Map (Global Scale)
3430,Game: Pandemic
61854,Medical: Diseases
63526,Occupation: Dispatcher
63524,Occupation: Medic / Doctor / Nurses
63525,Occupation: Researcher / Scientist
62881,Region: The World
66167,Theme: Science
62899,Versions & Editions: Legacy Versions of Non-Legacy Games
17519,Cities: Birmingham (England)
14759,Country: England
22135,Crowdfunding: Spieleschmiede
70948,Digital Implementations: Tabletopia
26397,Food & Drink: Beer
57499,Game: Brass
50152,History: Industrial Revolution
4705,Organizations: The Game Artisans of Canada
66445,Theme: Canals
46915,Game: Terraforming Mars
27646,Mechanism: Tableau Building
49694,Setting: Future Timeline (Fryxgames)
19298,Space: Earth's Solar System
10169,Space: Mars
62475,Components: Book as Board
67874,Components: Hexagonal Tiles
64949,Components: Map (Interplanetary or Interstellar scale)
29,Game: Twilight Imperium
12210,Mechanism: 4X
26432,Category: Combinatorial
66553,Components: Control Boards
70360,Digital Implementations: Board Game Arena
72487,Organizations: Automa Factory
61206,Category: Two players fighting games
5602,Movies: Star Wars
64960,Components: Map (Continental / National scale)
68769,Components: Wooden pieces & boards
46174,Game: Spirit Island
21622,Theme: Colonial
57498,Game: Through the Ages
4263,Authors: J.R.R. Tolkien
5723,Series: War of the Ring (Nexus/Ares Games)
7530,Animals: Cattle / Cows
19132,"Cities: Kansas City (Missouri, USA)"
14835,Country: USA
54030,Game: Great Western Trail
37838,Series: The Great Designers (Stronghold Games)
43676,States: Texas
18581,Country: Soviet Union
51380,Game: Twilight Struggle
46190,History: Cold War
61979,Players: Two Player Only Games
72016,Players: Two Players Only Wargames
68723,Theme: Nuclear option
63523,Components: Meeples (Black)
63519,Components: Meeples (Blue)
63520,Components: Meeples (Red)
63521,Components: Meeples (Yellow)
38432,Game: Scythe
26464,Theme: Alternate History
37870,Theme: Dieselpunk
63004,Theme: Mech Warfare
5838,Books: Dune
59705,Misc: LongPack Games
11006,Country: France
70361,Digital Implementations: Boiteajeux
70354,Digital Implementations: Yucata
57501,Game: The Castles of Burgundy
65851,Players: Games with expansions that add solo play
57997,Region: Burgundy (France)
58,Series: Alea Big Box
65328,Components: Dice with Icons
66140,Components: Polyhedral (not D6) dice
5679,Creatures: Aliens / Extraterrestrials
57925,Game: Nemesis
27524,Ancient: Babylon
72535,Ancient: Egypt
52373,Ancient: Greece
17552,Game: 7 Wonders
39540,Game: 7 Wonders Duel
62276,Versions & Editions: Two-Player Versions of More-Player Games
5606,Ancient: Rome
28722,Game: Concordia
58955,Region: Mediterranean Sea
18587,Cities: Manchester (England)
26098,Game: Terra Mystica
24571,Components: Polyominoes
10314,Country: Iceland
54213,Game: A Feast for Odin
3866,Series: Harvest (Uwe Rosenberg)
5841,Theme: Food / Cooking
5613,Theme: Vikings
45672,Animals: Birds
7657,Animals: Crows / Ravens / Magpies
7306,Animals: Ducks
18887,Animals: Geese
18588,Animals: Owls
17963,Animals: Turkeys
66772,Components: Drop Tower
48877,Components: Game Trayz Inside
58267,Game: Wingspan
59442,Theme: Biology
48871,Theme: Nature
5337,Collectible: Living Card Game (Fantasy Flight Games)
41421,Game: Arkham Horror – The Card Game
4311,Series: Arkham Horror Files (Fantasy Flight Games)
5141,Theme: Cthulhu Mythos
62258,Versions & Editions: Card Versions of Non-Card Games
11515,Country: Italy
8496,Food & Drink: Wine
23988,Game: Viticulture
73689,Series: Uwe Rosenberg Collection (Feuerland Spiele)
7334,Animals: Cats
7544,Animals: Foxes
7269,Animals: Mice
6507,Animals: Rabbits
58093,Animals: Raccoons
64990,Components: Meeples (Animal) / Animeeples
55566,Game: Root
65154,Theme: Animal Battles
65774,Theme: Anthropomorphic Animals
26568,Cities: Orléans (France)
28659,Crowdfunding: Wspieram
38433,Game: Orléans
75169,Religious: Monks/Abbots & Monasteries/Abbeys
18983,Animals: Badgers
19070,Animals: Bats
7760,Animals: Hedgehogs / Porcupines
21462,Animals: Lizards
7835,Animals: Moles
17168,Animals: Skunks
7668,Animals: Squirrels
7366,Animals: Turtles
5607,Components: 3-Dimensional (3D)
57493,Game: Everdell
22861,Creatures: Goblins
48927,Game: Clank!
18459,Components: Clix
33758,Setting: Mage Knight
21940,Theme: Archaeology / Paleontology
51732,Theme: Tropical Islands
21459,Game: Eclipse (Lautapelit.fi)
18193,Decades: The 1950's
70706,Digital Implementations: Boardgamecore
71573,Theme: Retro
10656,Country: Puerto Rico
9958,Game: Puerto Rico
18319,Theme: Tropical
7349,Animals: Dogs
7542,Animals: Donkeys
7481,Animals: Sheep
73592,Components: Gems/Crystals
43538,Game: Caverna (Uwe Rosenberg)
21425,Theme: Mining
68558,Components: Dynamic Event Boards
53502,Game: Blood Rage
62773,Mythology: Norse
5338,Comic Books: Marvel Universe
58605,Game: Marvel Champions – The Card Game
17935,Theme: Superheroes
50928,Game: Too Many Bones
7523,Animals: Horses
7379,Animals: Pigs
3865,Game: Agricola
69363,Occupation: Farmer
57497,Game: Barrage
63093,Cities: Maracaibo (Venezuela)
57981,Region: Caribbean Sea
63194,Game: Maracaibo
74823,Theme: Pirates
66105,Theme: Under the Sea
41799,Theme: Post-Apocalyptic
41489,Components: Digital Hybrid – App/Website Required
57505,Game: Mansions of Madness
73290,Theme: Mad Science / Mad Scientist
61993,Theme: Spooky Old Houses
10632,Country: Afghanistan
56858,Game: Pax Pamir
58172,History: Anglo-Afghan Wars
44079,Series: Pax
63179,Game: The Crew
56990,Game: Anachrony
6258,Theme: Time Travel
61274,Components: Gears
10642,Country: Mexico
60542,Game: Tzolk'in – The Mayan Calendar
62428,Theme: Mayans
43639,Theme: Native Americans / First Peoples
10643,Country: Germany
150,Game: Power Grid
34394,Game: Kingdom Death Monster
73724,Theme: Boss Battle
13105,Country: Scotland
50203,Crowdfunding: zagramw.to
26488,Game: Star Wars Imperial Assault
49383,Players: One versus Many
62884,Components: Official Music Soundtrack
75031,Components: Sand Timers
64818,Cities: Le Havre (France)
10246,Game: Le Havre
57887,Region: Normandy (France)
28433,Series: The 7th Continent
57057,Game: The Quacks of Quedlinburg
56419,Theme: Art
75406,Theme: Fine Art and Art Museums
39521,Theme: Painting / Paintings
25292,Crowdfunding: Giochistarter
57508,Game: The Gallerist
5552,Mechanism: Finger Flicking Games
24752,Traditional Games: Crokinole
43603,Cities: Lisbon (Portugal)
5614,Country: Portugal
73380,Theme: Earthquakes
57039,Game: Azul
6485,Misc: Mensa Select
53400,Series: The West Kingdom Trilogy (Garphill Games)
50251,Game: Aeon's End
18254,Game: Android – Netrunner (LCG)
17106,Setting: Android
5611,Theme: Cyberpunk
20584,Theme: Hackers
4571,Game: Race for the Galaxy
18192,Decades: The 1960's
63522,Components: Meeples (Green)
46171,Game: Fields of Arle
48865,Theme: Gardening
26563,Game: Robinson Crusoe – Adventures on the Cursed Island
65494,Theme: Survival
60543,Game: Teotihuacan
6480,Animals: Camels
57506,Game: Five Tribes
62885,Mythology: Arabian
59608,Region: Middle East
41314,Cities: Beijing (China)
18690,Cities: Samarkand (Uzbekistan)
17740,"Cities: Venice (Veneto, Italy)"
9470,Continents: Asia
57502,Game: The Voyages of Marco Polo
67010,Theme: Silk Road
71181,Mechanism: Artificial Player
67953,Components: Map (City Scale)
57504,Game: Lords of Waterdeep
7307,Setting: Dungeons & Dragons
7757,Versions & Editions: Board Game Versions of Role-Playing Games
75251,Animals: prehistoric non-Dinosaurs
57503,Game: Dominant Species
16886,Theme: Evolution
18111,Cities: Vienna (Austria)
12981,Country: Austria
65163,Mechanism: Dice Drafting
66113,Theme: Construction
23972,Game: Keyflower
48,Series: Key (Richard Breese)
129,Series: Master Print (Quined)
63177,Game: Tainted Grail
22839,Theme: King Arthur / The Knights of the Round Table / Camelot
22783,Admin: Better Description Needed!
10310,Country: Spain
9959,Game: El Grande
70,Game: Caylus
187,Series: Ystari originals
4685,TV Shows: Battlestar Galactica
9983,Series: Fantasy Flight Big Box
20262,Cities: Troyes (France)
57509,Game: Troyes
2580,Game: Dominion
27177,Series: The North Sea Trilogy (Garphill Games)
27383,Continents: Africa
46223,Game: Mombasa
26704,Game: Eldritch Horror
18646,"Cities: Florence (Tuscany, Italy)"
45809,Game: Lorenzo il Magnifico
10634,Country: Japan
57507,Game: Rising Sun
28732,Theme: Samurai
7265,Animals: Bears
63073,Animals: Eagles
7975,Animals: Fish / Fishes
74574,Animals: Moose / Elk
61873,States: Washington
42653,Game: The City of Kings
54158,Game: Patchwork
33361,Series: Fur Zwei Spieler (Lookout Games)
57182,Theme: Sewing / Knitting / Cloth-Making
57934,Ancient: Mesopotamia
70711,Digital Implementations: Triqqy
43,Game: Tigris & Euphrates
27521,Rivers: Euphrates
27522,Rivers: Tigris
60111,Series: Euro Classics (Reiner Knizia)
42,Series: Tile-Laying Trilogy (Reiner Knizia)
11966,Country: Russia
57510,Game: Russian Railroads
66334,Mechanism: Give a Clue / Get a Clue
62861,Word Games: Guess the Word
21991,Theme: Automotive Industry
71084,Series: Book Box (DiceTree)
11546,Country: Ireland
62886,Mythology: Celtic
37062,Game: Codenames
62201,Versions & Editions: Dice Versions of Non-Dice Games
46771,Game: Champions of Midgard
66143,Mechanism: Flip-and-Write
52722,Setting: World of Ulos
43083,Country: Andorra
67409,Cities: Yokohama (Japan)
56991,Game: Yokohama
58069,Game: Trickerion
28631,Books: Mystery Novels
7510,Books: Sherlock Holmes
17446,Cities: London (England)
46472,Game: Sherlock Holmes Consulting Detective
4329,"Setting: Warhammer 40,000 Board Games"
6471,Country: Egypt
51382,Game: Kemet
62771,Mythology: Egyptian
13265,Theme: Deserts
59819,Series: PARKS
61439,Theme: US National Parks
49089,Rivers: Douro
73776,Decades: The 1920's
67622,Game: Sleeping Gods
67726,Setting: The Wandering Sea
5549,History: Age of Discovery
86,Game: Age of Steam
64970,Theme: Alchemy
23689,Game: Legendary (Upper Deck Entertainment)
62097,Movies: Alien / Aliens
62042,Movies: Horror Movies
25246,Game: Star Realms
78,Series: Two-player games (Kosmos)
18113,Game: Star Wars X-Wing Miniatures Game
22972,Series: FlightPath (Fantasy Flight Game)
19296,Space: Asteroids
28920,Game: Stone Age
18190,Decades: The 1970's
66106,Theme: Journalism
67862,Occupation: Merchant
63997,Theme: Hanseatic League
50153,Continents: Europe
17,Game: Ticket to Ride (Official)
52618,Series: Welcome To ...
18702,Cities: Istanbul (Turkey)
63529,Country: Ottoman Empire
11570,Country: Turkey
28724,Game: Istanbul (AEG)
10452,Game: The Lord of the Rings – The Card Game (LCG)
41222,Mechanism: Roll-and-Write
50841,Series: Klein & Fein (Schmidt Spiele)
4671,Game: Descent – Journeys in the Dark
5137,Setting: The Realms of Terrinoth
4328,Setting: Warhammer Fantasy Board Games
67861,Theme: Villainy
63161,Components: Dry Erase Markers / Dry Erase Surfaces
9961,Country: India
56993,Game: Rajas of the Ganges
73578,Religious: Hinduism
51180,Game: The Quest for El Dorado
23287,Crowdfunding: Verkami
62887,Mythology: Roman
19425,Cities: Baghdad (Iraq)
11518,Country: China
69884,Series: Two-player games (Space Cowboys)
57478,Game: Obsession
61897,Creatures: Zombies
26915,Series: Crossroads (Plaid Hat Games)
68738,Setting: Dead of Winter
10137,Game: Memoir '44
50,Series: Commands & Colors
2989,Game: Werewolf / Mafia
7958,Series: Postcard Box Games (Indie Boards and Cards)
5641,Game: Railways of the World
53514,Books: Dracula
20733,Characters: Frankenstein
62254,Creatures: Werewolves
28554,Movies: Universal Studios Monsters
49247,Admin: Game System Entries
6040,Collectible: Collectible Card Games
44437,Game: Magic The Gathering
27493,Cities: Prague (Czech Republic)
10638,Country: Czech Republic
50253,Game: Castles of Mad King Ludwig
58719,Game: Glen More
133,Game: Cosmic Encounter
7559,Animals: Dinosaurs
64997,Components: Meeples (Dinosaur) / Dinomeeples
56992,Game: Dinosaur Island
64968,Theme: Amusement Parks / Theme Parks
5068,Books: A Song of Ice and Fire
4683,Game: A Game of Thrones – The Board Game
62202,Game: This War of Mine (Awaken Realms)
66108,Theme: Astronomy
18639,Cities: Barcelona (Spain)
50196,Game: Sagrada
6137,Components: Block Wargames
58059,History: Sengoku Period
10640,Country: Greece
9769,Game: Commands & Colors Ancients
58053,History: Punic Wars
58408,History: Sicilian Wars
28052,Game: Suburbia
68322,Theme: City
19551,Cities: Copenhagen (Denmark)
18620,Cities: Stockholm (Sweden)
10315,Country: Denmark
16882,Country: Estonia
10316,Country: Finland
10312,Country: Norway
10313,Country: Sweden
39414,Setting: World of Arzium
26370,Game: Village
45020,Game: Captain Sonar
56938,Mechanism: Hidden Movement
50007,Theme: Submarines
2303,Series: Combat Commander
70705,Digital Implementations: MaBiWeb
28991,Game: Nations
56994,Game: Detective – A Modern Crime Board Game (Portal Games)
14661,Theme: Mystery / Crime
60545,Game: Chronicles of Crime
33250,Game: Splendor
73591,Components: Rocks/Stones
4891,Series: 3M Bookshelf Series
7336,Series: Traveller (Ravensburger)
46162,Traditional Games: Go
63557,Series: Undaunted (Osprey Games)
3867,Game: Ra
56976,Game: Space Base
57680,Game: La Granja
27502,Islands: Mallorca (Spain)
131,Card Games: Climbing
24434,Card Games: Outplay
8120,Card Games: Shedding / Stops
98,Components: Traditional Playing Cards
27176,Series: Deluxe card game (Z-Man / Filosofia)
67858,Cities: Carcassonne (France)
2,Game: Carcassonne
57940,Region: Languedoc (France)
35759,Game: T.I.M.E Stories / TIME Stories
55922,Game: T.I.M.E Stories – White Cycle
61646,Continents: North America
27565,Creatures: Minotaurs
19424,Game: Cyclades
27548,Islands: Cyclades (Greece)
62772,Mythology: Greek
61977,Players: Solitaire Only Games
21856,Game: Zombicide
72021,Series: Castle Line (Stronghold)
4220,Category: n in a row
10,Series: GIPF Project
39749,Components: 5 x 5 Grids
63170,Game: Santorini
27549,Islands: Santorini (Greece)
52433,Theme: Chibis
58901,Misc: Self-Referential Games
44244,Series: Madison Game Design Cabal
47479,Game: Century (Plan B Games)
10620,Country: Hong Kong
46194,Game: Deception – Murder in Hong Kong
66192,Region: Tuscany (Italy)
70812,Game: MicroMacro
64227,Food & Drink: Sushi
44820,Game: Sushi Go!
64963,Cities: Kyoto (Japan)
72359,Game: Hanamikoji
28338,Game: Arcadia Quest
5601,Theme: Anime / Manga
55689,Game: Flamme Rouge
5663,Sports: Bicycling / Cycling
52516,Game: Hero Realms
46197,Theme: Trucks
58494,Game: Isle of Skye (Lookout Games)
6135,Game: Steam
70710,Digital Implementations: 18xx.games
19,Series: 18xx
18645,"Cities: Rome (Lazio, Italy)"
34116,Political: Elections
46058,Game: Lewis & Clark
46059,Historical Figures: Lewis & Clark
69641,"Theme: Pub, Bars, Bistros..."
19422,Islands: French Polynesia (France)
21418,Region: Oceania
50195,Game: Kingdomino
44423,Series: Europe Collection (Blue Orange Games)
19299,Creatures: Fairies / Elves / Pixies
51606,Game: Seasons
27630,Setting: Kingdom of Xidit
9644,Game: Dixit
60651,Mechanism: Image Interpretation
46175,Mechanism: Judging Games
84,Series: Rondel (Mac Gerdts)
6819,Books: Alice in Wonderland
56937,Game: Unmatched
57924,Game: Rococo
13498,Game: Dungeon Lords
61204,Components: Magnets
9960,Game: Schotten-Totten
60786,Series: Lunchtime Games (GMT)
56998,Game: Western Legends
6428,Creatures: Vampires
57170,Game: Fury of Dracula
61645,Continents: South America
10309,Country: The Netherlands
10389,Game: Empires (Glenn Drover)
75284,Digital Implementations: BoardGamePlay
27508,Game: The Manhattan Project
56755,Game: Imperial Settlers
7475,Components: Compact Discs (CDs)
24439,Card Games: Draw and Discard
47326,Game: Navegador
7507,Animals: Ants
7564,Animals: Bees
19066,Animals: Grasshoppers
62079,Animals: Insects
7519,Animals: Spiders
67583,Containers: Unique Shape
73785,Containers: Zippered Pouch
24962,Game: Hive
10615,Country: Indonesia
74252,Digital Implementations: SlothNinja
19068,Animals: Mammoths
7687,Game: Summoner Wars
56995,Game: Lords of Hellas
36900,Category: Escape Room Games
36963,Series: Exit – The Game
62087,Books: Dr. Jekyll and Mr. Hyde
51376,Game: Onitama
25706,Series: Dice Tower Essentials
18211,Crowdfunding: Ulule
46925,Game: Alien Frontiers
18618,Cities: Moscow (Russia)
49650,Game: Telestrations
48868,Mechanism: Drawing
9768,Game: BattleLore
28951,Game: BattleLore (Second Edition)
9314,Authors: Jules Verne
57000,Game: Nemo's War
8164,Players: Wargames with Solitaire Rules
68117,Components: Game Box Used In Play
22864,Game: Cthulhu Wars
68956,Ancient: Carthage
91,Series: Classic Line (Valley Games)
92,Series: Tactics Line (Valley Games)
46916,Game: Glass Road
46484,Game: Tiny Epic Galaxies
25072,Series: Tiny Epic (Gamelyn Games)
12803,Country: Guatemala
11505,Promotional: Promo Board Games
40,Series: The Mask Trilogy (Kramer / Kiesling)
20094,Cities: Bruges (Belgium)
12226,Country: Belgium
57181,Theme: Trees and Forests
3868,Game: Small World
44818,Game: Above and Below
46222,Game: Camel Up
61205,Components: Binders
23262,Game: Mage Wars
73590,Containers: Drawstring Bag
27123,Game: Love Letter
6364,Holidays: Christmas
25594,Series: 5 Minute Fun (AEG)
22824,Series: Big in Japan (AEG)
22823,Series: Pocket Game (AEG)
17960,Setting: Tempest Shared World
61207,Theme: Love / Romance
65805,Series: Sid Meier's Civilization
62462,Game: Arkham Horror
71220,Game: Arkham Horror (Third Edition)
7479,Creatures: Ghosts
34112,Game: Mysterium
19023,Holidays: Halloween
7691,Animals: Sharks
19223,Animals: Whales
9835,Game: Survive!
17514,Mythology: Atlantis
63335,Theme: Volcanoes
17056,Country: United Kingdom
11971,Historical Figures: Jack the Ripper
5610,Theme: Steampunk
855,Setting: Neuroshima
13110,Animals: Koalas
20718,Animals: Pandas
20304,Setting: Dystopian Universe (Indie Boards & Cards)
28947,Theme: Weather
39912,Category: Tower Defense
3864,Game: Ghost Stories
27615,Game: Star Wars Armada
56999,Game: Bunny Kingdom
73106,Game: Ankh – Gods of Egypt
6042,Traditional Games: Charades
5608,Books: Harry Potter
52519,Game: Altiplano
67954,Mountains: Andes
76,Series: Bookshelf (Gryphon Games)
28174,Series: Mini Games (IELLO)
44856,Game: 51st State
48786,Series: Evolution (North Star Games)
63528,Country: Papal States
58174,History: Classical Age of the Ottoman Empire
63558,History: Habsburg
19019,History: Holy Roman Empire
54200,History: The Italian Wars
68800,Religious: Pope
21062,Religious: The Bible
60,Series: Alea Small Box
7520,Animals: Rats
17520,Cities: Paris (France)
149,Game: Lost Cities
65597,Cities: Luxor (Egypt)
70224,Construction: Forbidden City (China)
58962,History: Ming Dynasty
7839,Authors: Ken Follett
4256,Series: Literature (Kosmos)
18338,Series: The Pillars of the Earth (Kosmos)
49,Game: Blood Bowl
4330,Setting: Warhammer Fantasy Card Games
6925,Theme: Fantasy Sports
5902,Components: Marbles
18637,Cities: Saint Petersburg (Russia)
18346,Game: Saint Petersburg
54297,Game: Dice Throne
64921,Series: Alea Revised Big Box
22971,Cities: Brussels (Belgium)
57892,Game: Bruxelles 189X
17657,Game: Innovation
18616,Cities: Tokyo (Japan)
28525,Game: King of Tokyo
24569,Theme: Kaiju
44074,Game: Sword & Sorcery
19456,Country: Zimbabwe
60847,Game: Abyss (Bombyx)
13111,"Cities: New York (New York, USA)"
58383,History: Barbarian migrations and invasions
59,Series: Alea Medium Box
38406,Series: Alea Very Small Box
22642,Game: Civilization
27503,Islands: Crete (Greece)
65387,Region: Aegean Sea
7973,Animals: Worms
3351,Game: Space Hulk
9793,History: Age of Kings
58075,History: War of the Austrian Succession
62,Game: Advanced Squad Leader
56996,Game: Dice Forge
57001,Game: Downforce
9862,Series: Auto Racing card system (Wolfgang Kramer)
6206,Sports: Auto Racing
71059,Game: Stockpile
6963,Series: Filosofia Reprints
71193,Game: Arkham Horror (Second Edition)
23851,Game: Mice and Mystics
10621,Country: Macao
24255,Series: Yellow Wave Box (Queen)
5321,Game: Thunderstone
61999,Theme: Boardgaming
58534,History: Roman Empire
72045,Series: Ancient Anthology (Garphill Games)
64368,Game: Santa Maria
36571,Game: Firefly – The Game
9733,TV Shows: Firefly
18747,Game: Flash Point Fire Rescue
11767,Theme: Firefighting
6993,Theme: Gladiators
10168,Country: Canada
57617,Country: Great Britain
21079,History: French and Indian War
27614,Region: Quebec (Canada)
60939,Theme: Books / Libraries
28419,Series: Specialist Games (Games Workshop)
58142,Game: Sprawlopolis
65208,Mechanism: Partially overlapping cards
73760,Series: Master Print Mini (Quined)
61134,Series: Pocket Games series (Kozak Games)
27795,Series: Wallet Games (Button Shy)
56974,Game: Quadropolis
64385,Holidays: Day of the Dead
35,Game: Heroscape
56924,Game: Risk (Official)
28857,Theme: Psychic Powers
28952,Game: BattleLore (First Edition)
9780,Game: Commands & Colors Napoleonics
61118,History: Napoleonic Wars
3829,Game: PitchCar
72070,Series: Smartphone Inc.
25937,Cities: Nottingham (England)
5660,Folk Tales & Fairy Tales: Robin Hood
63507,Game: Sheriff of Nottingham
27500,Rivers: Nile
65206,Components: Transparent Elements
42511,Game: Mystic Vale
43094,Series: Card Crafting System (AEG)
64793,Theme: Druids
23977,Holidays:  4th of July
23301,Series: Birth of America (Academy Games)
39723,Series: Forbidden Games (Gamewright)
25738,Game: Shadows of Brimstone
20788,Series: Duo Collection (Matagot)
11519,Theme: Oil / Gas / Petroleum
51838,Game: Colt Express
43663,States: New Mexico
58531,History: War in Afghanistan
59607,Region: North Africa
18214,Cities: Berlin (Germany)
56550,Series: AdventureBook Games (Plaid Hat)
4024,Traditional Games: Chess
65503,Comic Books: Justice League
5733,Comic Strips: Peanuts
62518,Components: 8 x 8 Grids
65172,Fictional Events: Clone Wars
10367,Movies: Shrek
9531,Series: Games for Dummies
10267,Series: GoPlay
20390,Series: Take 'N' Play Anywhere (Patch Products)
5619,Toys: Transformers
28519,TV Shows: Hanna-Barbera
5861,TV Shows: Sesame Street
21640,TV Shows: South Park
10484,TV Shows: The Flintstones
5636,TV Shows: The Simpsons
5635,Video Game Theme: Nintendo
19291,Video Game Theme: Super Mario Bros.
3400,Series: Fantasy Flight Silver Line
46216,Game: Hanabi
11111,Mechanism: Deduction – Blind Man's Bluff
21898,Game: Shadows over Camelot
43618,Islands: Madeira (Portugal)
18031,Game: BattleCON
22829,Setting: World of Indines
3,Game: Catan
18238,"Cities: Las Vegas (Nevada, USA)"
61132,Game: Lords of Vegas
73392,Players: Solitaire Only Card Games
9766,Series: Freitag-Project (Friedemann Friese)
65385,Theme: African Americans
10618,Country: Vietnam
18749,Series: COIN (GMT)
99,Series: Treefrog Line (Warfrog)
24565,Game: Legends of Andor
54060,Game: Betrayal (Avalon Hill)
18765,Mechanism: Tower Stacking
43542,Series: Royal horror card games (Schmidt Spiele)
13106,Country: Wales
46225,Game: Imhotep
57261,Animals: Coral / Jellyfish / Anemones
17635,Animals: Crabs
45611,Game: The Grizzled
23293,Game: Euphoria
60533,Game: Argent – The Consortium
67364,Theme: School / College / University
28880,Theme: Witches
8878,Game: Time's Up!
49424,Game: Potion Explosion
57676,Game: Railroad Ink
17936,Game: Sentinel
9016,Game: Thurn and Taxis
28578,Theme: Mail / Stamps / The Post Office
48875,Category: MOBA
58071,Game: Cloudspire
66890,Misc: Lowest Score Wins
3854,Game: Ingenious
27945,Series: One Night (Bézier Games)
69032,Theme: Temple
5,Game: Bohnanza
18,Series: Bean Games (Lookout)
10654,Country: Jamaica
28723,Game: Port Royal
22232,Theme: Robots
6924,Theme: Sci-Fi Sports
16972,Crowdfunding: Indiegogo
11418,Folk Tales & Fairy Tales: Aladdin
65,Series: Runebound (Fantasy Flight Games)
18227,"Cities: Chicago (Illinois, USA)"
18979,Series: Cube Rails
57,Series: Historic Railroads System (Winsome Games)
18796,Series: Winsome Essen Sets
23234,Series: Pathfinder Adventure Card Game (Paizo Publishing)
58083,History: Mexican Revolution
17928,Organizations: Gamesmiths
18698,"Cities: Granada (Andalusia, Spain)"
3431,Game: Alhambra
68105,Cities: Agra (India)
44345,Series: Family Games (HABA)
5586,Sports: Baseball
10723,Books: Discworld
62039,Word Games: Spelling / Letters
62849,Versions & Editions: Big Box Versions of Individual Games
70233,Game: Space Empires 4X
72674,Digital Implementations: Rally the Troops
58137,History: Wars of Scottish Independence
19135,"Cities: Carson City (Nevada, USA)"
62422,Characters: Conan the Barbarian
43527,Game: Conan (Monolith)
41251,Setting: Valeria
45609,Game: Broom Service
3245,Series: States of Siege
7345,Mechanism: Connection
13439,Country: Trinidad and Tobago
28948,Creatures: Bigfoot / Yeti / Sasquatch
6037,Collectible: Collectible Dice Games
39667,Game: Star Wars Destiny
8264,Game: A Game of Thrones – The Card Game (LCG)
56352,Components: Unique Game
54682,Game: KeyForge
58073,History: Trojan War
56257,Series: NSV Middys (Nürnberger Spielkartenverlag)
68281,Creatures: Trolls
72211,Mountains: Snowdonia
28594,Series: Snowdonia Game System
58373,History: Roman Civil Wars
44377,History: Interwar period
65136,Fictional Events: The Battle of Five Armies
13107,Country: Monaco
143,Game: Formula Dé / Formula D
25996,Series: Destination Fun (AEG)
63869,Contests: Fastaval Design Competition
45979,Game: Magic Maze
19528,Organizations: Forgenext
57679,Game: Cooper Island
7392,TV Shows: Star Trek (various)
64143,Players: Three Players Only Games
10648,Country: Cuba
46192,Historical Figures: Fidel Castro
58166,History: Cuban Revolution
5742,Authors: William Shakespeare
17927,Series: TMG Originals
15,Series: Knizia Florentine auction games
73603,Brands: Airlines
5132,Game: Mr. Jack
17676,Animals: Chameleons
3279,Game: Coloretto
69616,Game: Fantastic Factories
27539,Ancient: Pompeii
65624,Cities: Naples (Italy)
14514,Game: Kingdom Builder
25232,Game: Fleet
5834,Sports: Fishing / Angling
63122,Versions & Editions: Roll- or Flip-and-Write Versions of Non-Writing Games
26097,Game: Thunderstone Advance
39442,Series: Unlock! (Space Cowboys)
24566,Game: Smash Up
66292,Crowdfunding: Gamefound
17065,Series: Cuba (Eggertspiele)
28897,Game: Escape (Queen Games)
69,Game: HeroQuest
28305,Game: Elder Sign
46928,Setting: Specter Ops
57375,Game: Between Two Castles of Mad King Ludwig
46056,Game: Leaving Earth
5012,Game: 6 nimmt!
19400,Game: Defenders of the Realm
25050,Game: Tokaido
57006,Game: Feudum
58464,History: Warring States Period of China
58078,History: Crusades
69656,Game: Steampunk Rally
63210,Game: Arkwright
57002,Game: Tash-Kalar
56199,Setting: Nova Aetas Chronicles
58007,History: Thirty Years War
61748,Comic Books: Batman
5427,Comic Books: DC Universe
4644,Series: D-Day (Decision Games)
43551,Game: The Networks
65327,Theme: Television (TV) Industry
4050,Game: Advanced Squad Leader Starter Kit
3862,Game: BANG!
66336,Theme: Fashion
43638,Theme: Aztecs
57675,Game: Dragon Castle
13437,Traditional Games: Mahjong
9976,Setting: Oniverse
60795,Theme: Dreams / Nightmares
55794,Game: Ashes – Rise of the Phoenixborn
10624,Country: Pakistan
71313,Mountain: Himalayas
27555,Mountains: K2
6043,Sports: Mountain Climbing
9974,Game: Ascension Deck Building
71292,Game: Shards of Infinity
24431,Card Games: Adding
11407,Traditional Card Games: Cribbage
7178,Animals: Apes / Monkeys
7972,Animals: Tigers
7381,Animals: Wolves
62080,Versions & Editions: Junior Versions of Grown-Up Games
26299,Game: Eminent Domain
68955,Cities: Isfahan (Iran)
10628,Country: Iran
56989,Game: Disney Villainous
5597,Brands: Disney
9767,Folk Tales & Fairy Tales: Peter Pan
11343,Folk Tales & Fairy Tales: The Little Mermaid
62300,Series: Great Statesmen (GMT)
3278,Game: Up Front
63080,Characters: Hercules
63079,Folk Tales & Fairy Tales: Snow White
62615,Components: 6 x 6 Grids
23555,Game: The Duke
4943,"Setting: Warhammer 40,000 Card Games"
63535,Country: Austria-Hungary
19265,Game: Diplomacy
10167,Country: Australia
56529,Setting: Longsdale (Lookout Games)
62231,Theme: Jail / Prison (Modern)
12926,Game: Wits & Wagers
9006,Game: Warhammer Invasion – Living Card Game
59051,Series: Simply Complex line (Capstone Games)
63062,Country: Bulgaria
10636,Country: Hungary
10317,Country: Poland
10637,Country: Romania
14836,Country: Slovakia
3226,Game: Blue Moon
58519,Game: Vast
21386,Game: Among the Stars
22811,Theme: Climate Change
21465,Cities: Panama City (Panama)
10651,Country: Panama
63078,Movies: The Lion King
3385,Game: Blokus
71212,Food & Drink: Fruit
9547,Series: Dungeons & Dragons Adventure System Board Games
58138,History: Viking Expansion
13244,Country: Libya
53215,History: World War II (Africa)
6979,Animals: Elephants
17170,Animals: Giraffes
7488,Animals: Penguins
19030,Animals: Rhinoceroses
46460,Setting: FUSE
3246,Game: Squad Leader
49212,"Game: Heroes of Land, Air & Sea"
71786,Setting: Aughmoore
57495,Game: Yedo
73775,History: World War II (Eastern Front)
2626,Series: Conflict of Heroes (Academy Games)
22066,Country: Kenya
12924,Country: Tanzania
17105,Game: Jambo
57004,Game: The Pursuit of Happiness
66169,Theme: My Best Life
75022,Series: Nature Line (Nürnberger-Spielkarten-Verlag)
43607,Theme: UFOs
46191,History: Cuban Missile Crisis
62896,Political: United Nations
64973,Region: Great Lakes
68034,Mechanism: Card Line
73208,History: World War II (Pacific)
69584,Series: 30 Journeys (Thundergryph)
22160,Mechanism: Bluffing – Dice Cup
10441,Movies: Pirates of the Caribbean
11205,TV Shows: Wayne's World
68649,Cities: Austerlitz (Czech Republic)
65759,Comic Books: The X-Men
25290,Game: Dice Masters
12425,Series: Quarriors Pool Building system
19311,"Cities: Hanover (Lower Saxony, Germany)"
63518,Country: Prussia
58131,History: Seven Years War
57041,Rivers: Yangtze
56318,Misc: No Table Needed
21098,Game: Star Wars – The Card Game (LCG)
63211,Game: Gentes
61649,Region: Pacific Ocean
39765,Series: Empire of the Sun (RBM Studio)
70218,Region: Cornwall (England)
69209,Occupation: Adventurer / Explorer
64387,Theme: Airships / Blimps / Dirigibles / Zeppelins
73394,Theme: Floating islands in the sky
51504,Game: Warhammer Underworlds
45157,Game: Warhammer Underworlds Shadespire
51381,Game: Unfair
62212,Medical: Hospitals / Clinics
51020,Game: Dale of Merchants
56480,Setting: Daimyria
60283,Series: Chronicles of Crime – The Millennium
10552,Game: Ca$h 'n Gun$
26562,Game: Catacombs
10646,Country: Peru
53369,Game: Sub Terra
58091,History: Anglo-Spanish War
58012,History: French Wars of Religion
5743,Theme: Circus
12807,Country: Cape Verde
13112,"Cities: Los Angeles (California, USA)"
57245,Game: Detective – City of Angels (Van Ryder Games)
66325,Theme: Police
25368,Theme: Mushrooms
56555,Game: The Shipwreck Arcana
16830,Series: Mitbringspiel Mini (HABA)
9043,Series: Last Night on Earth Game Engine (Flying Frog Production)
23986,Series: Roll Through the Ages (Matt Leacock)
90,Series: Modern Line (Valley Games)
10438,Traditional Card Games: Bridge
14370,Series: Wizard (Amigo)
38819,"Cities: Genoa (Liguria, Italy)"
68431,Game: The Lost Expedition
62911,Region: Amazon Rainforest
73583,Creatures: Dwarves & Gnomes
56770,Game: Cerebria
65832,Theme: Psychology
58220,Game: Core Worlds
4712,Setting: Legend of the Five Rings
56200,Game: The Others
56426,Game: Tragedy Looper
46217,Game: Qwixx
44093,Game: Lanterns – The Harvest Festival
16809,Series: Web of Power / China
20079,Game: Age of Industry
66154,Region: New England (USA)
57005,Game: Wasteland Express Delivery Service
56556,Game: Project ELITE
18284,Series: Britannia Game System
24440,Card Games: Exchange
2250,Traditional Card Games: Rummy
28013,States: Hawaii
75155,Theme: Genealogy / Heredity
65218,Theme: Movie Industry
67857,Ancient: Corinth
24921,Ancient: Sparta
18614,Cities: Athens (Greece)
61941,Movies: Jaws
7260,Animals: Kangaroos
19328,Animals: Zebras
1439,Card Games: Fishing
66333,Series: 5-Minute (Connor Reid)
12809,Region: Arctic
5732,Sports: Winter Sports
57003,Game: Flick 'em Up
44081,Series: Fable Game system
65120,Game: Call to Adventure
23550,Game: Cerberus Engine – Heroes
56284,Game: Raccoon Tycoon
60343,Authors: The Brothers Grimm
61994,Folk Tales & Fairy Tales: Three Little Pigs
60190,Game: The Grimm Forest
55868,Theme: Fictional Games
62089,Game: Luxor
21436,Game: Qwirkle
54197,History: Italian City-States
74889,Game: Etherfields
63163,Movies: Predator
26096,Game: Antike
58052,History: Peloponnesian War
25436,Organizations: Board Games Association of Creators in Spain (LUDO)
46953,Food & Drink: Coffee
17596,Cities: Hamburg (Germany)
27513,Cities: Kiev (Ukraine)
10635,Country: Ukraine
43674,States: California
71410,Theme: Beaches
10569,Characters: 101 Dalmatians
63076,Characters: Mickey Mouse
16845,Folk Tales & Fairy Tales: Rapunzel
42078,Creatures: Unicorns
56591,Containers: Mint Tins
51498,Contests: Mint Tin Design
67352,Series: Mint (Five24 Labs/Poketto)
43634,Space: Venus
27528,Cities: Manila (Philippines)
11603,Country: Philippines
43430,Game: Valley of the Kings
48514,Series: Puzzle Trilogy (Uwe Rosenberg)
6393,Theme: Flowers
26100,Game: The Rivals for Catan
64953,Game: Herbaceous
18237,"Cities: New Orleans (Louisiana, USA)"
73784,Rivers: Mississippi
43658,States: Mississippi
27736,Game: Empires of the Void
25589,"Game: Warhammer 40,000 – Conquest (LCG)"
5730,Sports: Horse Racing
58034,History: Roman – Gallic Wars
12808,Continents: Antarctica
57936,Mechanism: Maxit
24562,Game: Tide of Iron
22300,Game: Netrunner
62889,Components: Blindfolds / Blackout Glasses
5605,Movies: Jurassic Park
57008,Game: Wildlands
63206,Authors: Jean de La Fontaine
61936,Folk Tales & Fairy Tales: The Tortoise and the Hare
24244,Series: Tales & Games (Purple Brain Creations)
9313,Traditional Card Games: Poker
20,Components: Looney Pyramid Games
46464,Game: Loony Quest
68454,Islands: Shikoku (Japan)
56259,Game: Clinic
19564,Contests: Solitaire Print & Play
48227,Game: Batman – Gotham City Chronicles
4684,Game: Lord of the Rings (Reiner Knizia's co-op game)
66147,Trivia: Animals
34,Game: Axis & Allies (Avalon Hill)
59682,Series: Iron Rail (Capstone Games)
21812,Setting: Shadowrun
5701,Theme: Ninjas
89,Series: Gamemaster (Milton Bradley)
73589,Containers: Cubes
38758,Game: Quartermaster
42610,Game: Massive Darkness
61978,Players: Solitaire Only Wargames
2636,Series: Ambush! solitaire wargame system (Victory Games)
33379,Series: Pocket Line (Stronghold)
51513,Game: Ghost Fightin' Treasure Hunters
28949,Game: Battles of Westeros
27050,Game: Eight-Minute Empire
7576,Animals: Deer / Antelope
11627,Animals: Hippopotamuses
7834,Animals: Lions
73039,Category: Print on Demand
52917,Contests: 9 Card Nanogame PnP
48576,Series: Small box (Lautapelit.fi)
11062,Series: No Retreat! (Carl Paradis)
7543,Animals: Alligators / Crocodiles
7509,Animals: Snakes
9867,Game: Tier auf Tier
58050,History: War of 1812
57007,Game: Sons of Anarchy – Men of Mayhem
5890,Theme: Motorcycles
19252,Animals: Cockroaches
6994,Animals: Frogs / Toads
18511,Series: Ugly Animals (Drei Magier)
3327,Series: Great Battles of History (Columbia Games)
21078,Series: Basic (Gigamic)
19100,Series: Classic (Gigamic)
10649,Country: Colombia
18194,Decades: The 1990's
7535,Animals: Chickens
6204,Movies: Toy Story
25610,Game: Fortune and Glory
25117,Setting: Level 7
41487,Theme: Bacteria
13435,Country: Vanuatu
57677,Game: Steam Park
72117,Setting: The Five Realms
26153,Game: Catan Card Game
17052,Country: Latvia
24589,Game: Hansa (Michael Schacht)
41223,Game: Machi Koro
58463,History: Early Imperial China
22883,Theme: Romance of the Three Kingdoms
61223,Series: Escape Room – The Game (Identity Games International B.V.)
58667,History: Edo Period
69682,Cities: Cusco (Peru)
65062,Country: Inca Empire
8096,Series: Betting Trilogy (Reiner Knizia)
64786,"Cities: Strasbourg (Alsace, France)"
57872,Region: Alsace (France)
3268,Series: Leader (DVG)
64809,Theme: Helicopters
63654,Historical Figures: Cleopatra
46188,Game: Fog of Love
56129,Theme: Queer / LGBTAIQ
53569,Game: The Game
39902,Series: Carcassonne Around the World
43107,Game: Fallout
20526,Series: To Go! games (Mattel)
10645,Country: Argentina
26075,Country: Uruguay
10568,Series: A Touch of Evil
18613,Cities: Santiago (Cuba)
69042,Contests: Button Shy Game Design Contests and Challenges
66253,Game: Circle the Wagons
47509,Game: Dungeon Fighter
24821,Game: Castle Panic (Fireside Games)
28718,Theme: Music Making & Makers
61650,Region: Atlantic Ocean
63198,Series: The Hunters
30,Game: Dungeon Twister
43445,Game: Hostage Negotiator
57982,History: French Revolutionary Wars
13283,Celebrities: Gerry Anderson
20241,TV Shows: Thunderbirds
5918,Game: BattleTech
40053,Game: Guildhall
68583,Cities: Kursk (Russia)
10597,Game: Rattus
74745,Theme: Plague Epidemic
20081,Series: Berserk (Hobby World)
22804,Region: Catalonia (Spain)
34380,Game: Elfenroads
27492,"Cities: Ulm (Baden-Württemberg, Germany)"
68439,Game: Star Wars – Legion
137,Game: Ubongo
9368,Series: Native-art line (Kosmos)
10782,Game: Timeline
51280,Game: Claim
28078,Series: Heroes System Tactical Scale World War 2
17022,Animals: Coyotes
73670,Game: Oriflamme
52598,Game: Fireball Island
68623,Cities: Cartagena (Colombia)
4474,Game: Cartagena
57043,Game: Copenhagen (Queen Games)
49282,Admin: Outside the Scope of BGG
28418,Game: Saboteur
23936,Game: Geistesblitz
55,Game: Wings of Glory
7591,Animals: Butterflies
60033,Game: The Captain is Dead!
11512,Books: The Little Prince
16,Game: Transamerica
13449,Series: Games Collection (Immortal Eyes)
11,Series: Mystery Rummy
24179,Cities: Warsaw (Poland)
41855,Series: Expert (Granna)
5013,Setting: Warcraft
14604,Folk Tales & Fairy Tales: Little Red Riding Hood
71022,Series: Welcome to the Dungeon
39487,Video Game Theme: Doom
69038,Series: Radiant Culture Series (HeidelBÄR)
27436,Cities: Treves (Germany)
63072,Game: Murano
13090,Game: Say Anything
2679,Characters: Smurfs
18233,"Cities: San Francisco (California, USA)"
68541,Constructions: Louvre (France)
67586,Containers: Round Boxes
18318,Game: Spot it!
19022,Holidays: Easter
27505,Islands: Corsica (France)
67922,Islands: Galápagos (Ecuador)
11058,Movies: Finding Nemo
61929,Movies: Frozen
20252,Sports Teams: Chicago Bears
19355,Sports Teams: Chicago Cubs
66149,Sports Teams: Major League Baseball (MLB)
17516,Sports Teams: National Hockey League (NHL)
68797,Sports Teams: Seattle Seahawks
5652,Sports: Golf
73379,Theme: Camping
41603,Toys: Shopkins
69366,Theme: Siege
57257,Series: Alexis Solo Mode
10166,Space: Earth's Moon
44077,Game: High Frontier
63679,Space: Pluto
27914,Game: Rum & Bones
59983,Series: Escape Tales (Board&Dice)
62304,Setting: Kilforth
73715,Game: Super-Skill Pinball
43429,Game: Dice City
9545,Series: Small Box (Queen)
56143,Series: Museum (Holy Grail Games)
50254,Game: Viral
14044,Theme: Hot Air Balloons
57678,Game: Edge of Darkness
56729,Setting: World of Darkness (White Wolf)
33782,Series: Coal (Thomas Spitzer)
46196,Game: Kodama
27800,Organizations: Game Designers of North Carolina
35296,Series: Small Box Big Fun (Action Phase Games)
70683,Game: Tussie Mussie
5881,Game: Blockade
21910,Game: Farkle
72775,Series: Heckmeck
4,Series: The Chicken Family of Zoch
4341,"Setting: Warhammer 40,000 Wargames"
61327,Game: D-Day Dice
11080,Series: RWB (Valley Games)
10574,Movies: Back to the Future
5589,Series: Fantasy Strike (Sirlin)
17023,Animals: Seals
10633,Country: Korea
68490,Series: Fields of Fire
58598,History: Francia
61,Series: 3M Gamettes
19679,Series: Sid Sackson Signature
19549,Cities: Osaka (Japan)
64746,Containers: Hexagonal Boxes
9925,Characters: Mister X
58731,History: Roman Conquest of Italy
66509,Game: Tramways
47202,Contests: 54-Card Game Design
48084,Game: Omen A Reign of War
19297,Space: Comets
43631,Space: Jupiter
43633,Space: Mercury
4023,Traditional Games: Backgammon
14010,Movies: Austin Powers
81,Series: Casino Serie (Ravensburger)
12927,Series: Classic (Schmidt Spiele)
7486,Series: Taschen-Spiele (Heyne)
48480,Series: Happy Planet (North Star Games)
19606,Animals: Hamsters
5809,Setting: Zavandor
26382,Game: Pixel Tactics
18377,Series: Minigame Library (Level 99 Games)
20249,History: Wars of the Roses
61992,Game: Dragonfire
66789,Cities: Havana (Cuba)
63162,Components: Crayons
51,Series: Empire Builder Rail Games (Mayfair)
10647,Country: Chile
43572,Game: Doomtown – Reloaded
27286,Setting: The Weird West (Pinnacle Entertainment)
41975,Game: Junta
17527,Animals: Octopuses
8180,Series: Family Games (Gryphon Games)
68335,Theme: Ecology
53546,Series: Dominata
62270,Versions & Editions: Travel Versions of Non-Travel Games
10579,Game: Call of Cthulhu – The Card Game (Fantasy Flight Games)
8119,Books: The Wizard of Oz
60544,Game: Dice Settlers
25230,Game: Arctic Scavengers
7395,Containers: Video Tape Boxes
157,Game: Ogre / G.E.V.
6256,Series: MicroGame (Metagaming)
41798,Series: Pocket Box (Steve Jackson Games)
60437,Series: E-Serie (F.X.Schmid)
11305,Traditional Games: Shogi
57020,Game: Revolution!
44837,Game: Fireteam Zero
4534,Series: Tilsit Collection
46719,Series: Dark Cities (Facade Games)
5731,Series: World in Flames (ADG)
46215,Game: Mystery of the Abbey
56783,Game: Aristeia!
72221,Setting: Corvus Belli's Infinity Universe
58139,History: Wars of the Diadochi and Syrian Wars
5301,Game: The Red Dragon Inn
64152,Folk Tales & Fairy Tales: Hansel and Gretel
43665,States: Oregon
65502,Game: Similo
41420,Series: American Civil War (Mayfair)
10133,Game: Balderdash
10247,Series: MiniGames (Drumond Park)
1539,Traditional Games: Dictionary
47456,Series: Warfighter (DVG)
21146,Series: Einfach Spielen (Ravensburger)
27738,Game: The Ancient World
19451,Cities: Marrakech (Morocco)
19450,Country: Morocco
4327,Setting: Warhammer Fantasy Wargames
5178,Game: Jungle Speed
27580,Historical Figures: Leonardo da Vinci
66993,Cities: Volgograd (Russia)
64803,Series: Valiant Defense (DVG)
68958,Sports: Chariot Racing
23433,Series: BIOS (Phil Eklund)
25346,TV Shows: Adventure Time
26829,Game: Set
17407,Series: Kartenspiele (Ravensburger)
10617,Country: Thailand
62233,Food & Drink: Pizza
26847,Game: Space Cadets
10311,Country: Switzerland
57030,Series: Adventure games (Kosmos)
40433,States: Massachusetts
72929,Game: Pictures
23552,Game: Star Trek Attack Wing
71405,Setting: Star Trek – The Kobayashi Maru
10644,Country: Brazil
19547,Cities: Buenos Aires (Argentina)
62600,Components: 4 x 4 Grids
59444,History: Anglo-Dutch Wars
10592,Game: The Adventurers
27576,Historical Figures: Nefertiti
46219,Series: Strat-O-Matic
65320,Sports Teams: New York Mets (Metropolitans)
23313,Game: Krosmaster
19565,Series: A Victory Lost
3201,Series: International Games (MMP)
55085,Music: Classical
26496,Series: The E•G•G
61684,Game: Final Girl
62088,Game: Rune Stones
64235,Historical Figures: Nikola Tesla
67563,Rivers: Niagara
58406,History: Greco-Persian Wars (5th century BC)
46064,Game: Treasure Hunter
58554,History: Anglo-Indian Wars
57313,Country: Belarus
18538,Series: Area-impulse (Avalon Hill)
62900,Cities: Quebec (Canada)
65488,TV Shows: The Expanse
27534,Islands: Sicily (Italy)
62667,Game: Virus!
19344,Traditional Games: Carrom
69651,Series: Play & Go (Thundergryph)
26,Game: Talisman
57771,Country: Algeria
58478,History: Algerian War
69195,Series: ZOC Bond System
44350,Series: Science Games (Genius Games)
132,Series: à la Carte (Goldsieber)
71125,Video Game Theme: Minecraft
75049,Game: Smart10
3277,Series: Field Commander (DVG)
63652,Game: Petrichor
65600,History: Prohibition in the USA
21942,Theme: Chemistry
6580,Game: Rummikub
10132,Series: Senior (Cadaco)
57953,Series: Unser Lieblingsspiel (Georg Appl / Espenlaub)
32,Game: Duel of Ages
58718,History: Macedonian Wars
120,Series: Great Battles of History (GMT Games)
18638,Cities: Madrid (Spain)
8178,Series: Two-Player Games (Gryphon Games)
27535,Islands: Isle of Wight (England)
10330,Comic Books: Teenage Mutant Ninja Turtles
25307,Game: Mamma Mia!
9640,Game: Cutthroat Caverns
58013,History: Hundred Years Wars
114,Game: Labyrinth
22966,Movies: Avatar
5860,TV Shows: Spongebob Squarepants
65477,Fictional Events: Horus Heresy
70916,Game: A Song of Ice & Fire – Tabletop Miniatures Game
44422,Series: Mad Scientist (Blue Orange Games)
18053,Animals: Llamas
68310,Game: L.L.A.M.A.
66168,Sports: Tour de France
58582,Setting: Gullsbottom
21990,History: Byzantium
7759,Animals: Goats
61252,Series: Free PnP during 2019-2020 COVID-19 Pandemic (Asmodee)
21203,Game: Boss Monster
25084,History: World War II (Battle of the Bulge)
16984,Series: Osprey Wargames
20398,Series: Catan Histories
12925,Country: Botswana
28767,Theme: Safaris
65620,Celebrities: Bob Ross
18409,Animals: Marmots
11031,Game: Abalone
20072,Series: Games to go (Parker)
27823,Game: Snake Oil
57729,Game: Time of Legends – Joan of Arc
44339,Historical Figures: Joan of Arc
46483,Game: Tiny Epic Defenders
50563,Crowdfunding: Zeczec
67912,Cities: Estoril (Portugal)
8162,Mechanism: Turnless Trading
8132,Series: Drakborgen
24253,Game: Sails of Glory
56201,Series: Mysthea
113,Series: Smithsonian Institute (Avalon Hill)
22184,Admin: Upcoming Releases
56930,Game: Frostgrave
22673,Game: Once Upon a Time
71857,Mechanic: Storytelling card game
65322,Mechanism: Story Creation
9924,Game: FITS
20549,Series: Tiledeck
65489,Game: Good Cop Bad Cop
20248,Cities: York (England)
27826,Game: Super Dungeon Explore
27478,"Cities: Colditz (Saxony, Germany)"
36540,Food & Drink: Tea
67593,Series: War at Sea Game Series Like
71050,Series: Cantaloop
18617,Cities: Budapest (Hungary)
58473,History: Hungarian Revolution of 1956
40242,Game: Epic Spell Wars of the Battle Wizards
64383,Food & Drink: Bananas
44095,Game: Bananagrams
7602,Game: Tanto Cuore
6323,Game: Iron Kingdoms
13109,Country: Malta
62860,Versions & Editions: Adult Versions of Family-Friendly Games
13512,Country: Croatia
65144,Series: Eurocity Trilogy (Braincrack Games)
43523,Game: The Builders
4990,Series: Take It ...
46220,Game: Bottom of the 9th
66719,Cities: Bergamo (Italy)
62282,Components: Table Football (Soccer) Dexterity Games
5658,Game: Subbuteo
19294,Sports Teams: Arsenal Football Club
66259,Sports Teams: Atalanta
66532,Sports Teams: Athletic Bilbao
66227,Sports Teams: Atletico de Madrid
65030,Sports Teams: Barcelona
66194,Sports Teams: Benfica
65028,Sports Teams: Inter Milan
65026,Sports Teams: Juventus
21866,Sports Teams: Liverpool Football Club
66162,Sports Teams: Napoli
66190,Sports Teams: Olympique de Marseille
65728,Sports Teams: Paris Saint Germain
65014,Sports Teams: Real Madrid
67015,Sports Teams: Real Sociedad
65675,Sports Teams: Roma
66344,Sports Teams: Sevilla FC
66904,Sports Teams: UEFA Champion's League
66905,Sports Teams: UEFA European Championship (Euro)
5551,Sports: Football / Soccer
66155,Theme: FIFA World Cup
66556,Religious: Nuns
59977,Cities: Glasgow (Scotland)
14837,Country: Luxembourg
18691,Country: Uzbekistan
25310,Game: Heart of Crown
8278,TV Shows: Buffy the Vampire Slayer
10503,Game: Nightfall
67146,Religious: Judaism
10580,Game: Gloom
10623,Country: Mongolia
48410,Series: Deckscape (dV Giochi)
19253,Animals: Fleas
26414,Series: The Mike Line (Grail Games)
48111,Cities: Cracow (Poland)
65501,Comic Books: Wonder Woman
28535,Theme: Cereal Games
46062,Traditional Card Games: Hearts
5714,TV Shows: Scooby-Doo
46193,Game: Police Precinct
66271,Game: Food Chain Island
66185,Series: Simply Solo Games (Button Shy)
64754,Series: Third Reich (Avalon Hill and others)
6363,Containers: Tubes
47199,Components: Turntable Gameboards
4711,Game: Scrabble
10149,Series: Nostalgia (Hasbro)
66787,Series: World's Smallest Games Series (Super impulse)
8016,Series: The Gold Trilogy (Michael Schacht)
25604,Game: Lost Legacy
65478,Game: What's That on My Head?
48895,Game: Four Against Darkness
4947,Series: Napoleonic Wars (GMT)
5828,Game: Illuminati
43635,Space: Orion
51191,Movies: The Thing
66343,Game: Skulls of Sedlec
64813,Theme: Cemeteries / Graveyards
65593,Theme: Jewelry
57188,Game: HEXplore It
26900,Comic Books: Kajko i Kokosz
46141,Traditional Card Games: Golf
17634,Animals: Dolphins
63075,Animals: Sloths
71972,Series: Micro Line (Stronghold)
27471,Cities: Bern (Switzerland)
66278,Sports Teams: SC Freiburg
73007,Theme: Hike-Hiking
68904,Setting: The World of SMOG
25247,Theme: Traffic / Driving
68907,Cities: Marengo (Italy)
68250,Region: Piedmont (Italy)
61608,Game: The Great War
24924,Traditional Dice Games: Yacht
10491,Comic Books: Asterix
10145,Game: Taboo
32906,History: Spanish Civil War
32025,History: Russian Civil War
58808,Game: Marvel Crisis Protocol
69725,Region: Bengal
46621,Game: Fate of the Elder Gods
73579,Food & Drink: Ice Cream & Gelato
2300,Series: Front Series II (Columbia)
11521,Country: South Africa
58126,History: Anglo-Zulu War
57292,Game: Epic Card Game
61000,Game: Silver
11497,Characters: Perry Rhodan
58169,History: Eighty Years' War
9139,Game: Verflixxt!
28746,Series: Rabbit Line (Dice Hate Me Games)
68115,Crowdfunding: Kiss Kiss Bank Bank
5626,Sports: Tennis
73987,Components: Tweezers
51394,Traditional Card Games: Snap
44340,Series: Tilsit Poche
22384,Game: Revolver
18592,"Cities: Nuremberg (Bavaria, Germany)"
4892,Game: Flying Colors (GMT)
64148,Medical: COVID-19
56971,Series: Pocket Games (Helvetiq)
43675,States: Colorado
43670,States: Utah
8241,Promotional: BGG Store Promos
66535,History: Battle of Gettysburg
43666,States: Pennsylvania
3833,Series: Blue Games (Descartes)
33896,History: English Civil War
22832,Game: VivaJava
3253,Game: The Great Battles of Alexander
58085,History: Wars of Alexander the Great
61937,Movies: Big Trouble in Little China
16840,Series: Mitbringspiele (HABA)
58106,History: Polish-Soviet War
5914,Collectible: Collectible Miniatures Games
57776,Game: HATE
9302,Components: Letter Cubes / Word Dice
10257,Game: Boggle
72536,Series: Levy & Campaign (GMT)
62093,Folk Tales & Fairy Tales: Beauty and the Beast
18577,Folk Tales & Fairy Tales: Cinderella
56476,Game: 1822
13248,Country: Mali
24595,Game: Zombie Dice
60659,Series: Coffee Break Games (Lumberjacks Studio)
44344,Game: Khet
2299,Series: Front Series (Columbia)
63949,Theme: Rivers
18299,Game: Dungeon Command
64788,"Cities: Atlantic City (New Jersey, USA)"
62857,Game: Monopoly (Official)
4462,Series: Monopoly Derivatives (Official)
25842,Series: Shuffle Card Games (Cartamundi / Hasbro)
10626,Country: Sri Lanka
32949,Game: Gemblo
40074,TV Shows: Rick and Morty
57179,TV Shows: The Golden Girls
4461,Game: Sorry!
5065,Game: Compact Combat
71,"Game: Cluedo / Clue (Parker Brothers, et al)"
66,Series: Ace of Aces (Nova Game Designs)
2301,Series: Ace of Aces WWI (Nova Game Designs)
6509,Series: Picture Book Games (Nova Game Designs)
5713,Magazine: Dragon
12,Series: 10 Days in ...
24432,Card Games: Matching
13255,Country: Solomon Islands
26638,Game: Drakon
62614,Islands: Greenland (Denmark)
51444,Theme: Inuit Peoples
21491,Setting: Fantastiqa
22797,Game: Band of Brothers (Worthington)
18643,Cities: Amsterdam (The Netherlands)
22067,Series: Mondo (Pegasus Spiele)
20302,Religious: Noah and the Ark
69476,Movies: Godzilla
61940,TV Shows: The X-Files
47872,Game: Ave Roma
9042,Books: The Three Investigators
63153,Theme: Attorneys / Courts
43645,States: Montana
26406,Game: Cerberus Engine – Middle Earth
28421,Series: Pegasus Children's Games (Matagot)
5591,Game: Tannhäuser
44333,Game: Tesla vs. Edison
44433,Game: Dungeon Saga
28244,Game: Darkest Night
10260,Series: Euro Games (Victory Point Games)
51026,Setting: Age of Sigmar
62135,Series: Roads through WWII (Hexasim)
71007,Theme: Hell
49750,Game: Hoplomachus
69455,Game: Skull Tales
23281,Game: Cardline
18439,Game: Pentago
17053,Country: Lithuania
24433,Traditional Card Games: War
63218,Game: Tank Duel
27462,Cities: Arnhem (The Netherlands)
21701,Series: Storm Over area impulse
25894,Country: Lebanon
43432,Game: Flip City
27069,Comic Books: The Walking Dead
48225,Game: The Walking Dead – All Out War
43648,States: Georgia
66959,Cities: Saint Malo (France)
57893,Region: Brittany (France)
44835,Game: Arkham Noir (Yves Tourigny)
8,Game: Fluxx
27518,Country: Angola
58472,History: Angolan Civil War
63154,Game: Dungeon Drop
58322,History: Early Muslim conquests
61882,Theme: Chivalry / Jousting / Tournaments (Medieval Europe)
11210,History: The Sinking of the Titanic
36155,Setting: Mistfall
10248,Game: Scattergories
8041,Traditional Games: Categories / Guggenheim
62862,Word Games: First Letter Given
21,Game: Star Fleet Battles
21630,Series: Pocket Games (Task Force Games)
95,Setting: Star Fleet Universe
68733,Escape the Room (ThinkFun)
25119,Game: Dreadball
51101,Setting: Warpath
71190,Creatures: Mummies
24785,Game: Battlestations
17515,Game: Atlantis (Leo Colovini)
48900,Game: Word Slam
68328,Theme: Chernobyl
10308,Country: New Zealand
68116,Theme: Māori
5786,Sports: Combat Sports / Martial Arts
6459,Series: 3M Sports Games
72934,Sports: Formula 1
18604,Cities: Versailles (France)
9318,Game: Bezzerwizzer
18562,Game: HeroClix
67626,Mountains: Mount Fuji (Japan)
8958,Series: Fast Action Battles (FAB)
128,Series: Easy Play (Schmidt Spiele)
65627,Theme: Tiki Culture
67265,Cities: Saint-Nazaire (France)
5089,Setting: Mutant Chronicles
6389,Game: GiftTRAP
58121,History: Arab Revolt
24169,Series: Get Bit Trilogy (Mayday Games)
70939,Religious: Buddhism
42372,Contests: Gen Can't Roll & Write
19562,Series: Small City Trilogy (Alban Viard)
63077,Theme: Trash / Garbage
28516,Game: Exceed Fighting System
64226,Food & Drink: Donuts
2637,Series: PanzerBlitz (Avalon Hill)
3231,Magazine: Strategy & Tactics
23116,Series: Panzergruppe Guderian System (SPI)
64102,Power Rangers: Heroes of the Grid
5682,TV Shows: Power Rangers
48472,Series: Q System – Sherlock (GDM Games)
63344,"Game: Warhammer 40,000 (Third Edition)"
20613,Setting: Das Schwarze Auge
3203,Series: World at War (Lock 'n Load Publishing)
19286,"Cities: Cleveland (Ohio, USA)"
19133,"Cities: Detroit (Michigan, USA)"
47216,Game: Crystal Clans
44826,Game: Invasion from Outer Space
19327,Animals: Ostriches
148,Game: Leader 1
4624,Series: My Very First Games (HABA)
24691,Series: Obstgarten (HABA)
5640,Sports: American Football / Gridiron
57674,Game: Alone
48378,Game: Dark Souls
5772,Game: Flames of War
5616,Video Game Theme: Pokémon
6837,Series: WolfParty Collection (daVinci Games)
70419,Game: Bolt Action (Warlord Games)
17167,Game: Rory's Story Cubes
71756,Mechanic: Storytelling dice game
3878,Game: Duel in the Dark
63651,History: Opium Wars and Taiping Rebellion
55927,Game: Carnival Zombie
20787,Traditional Games: Bezique/Pinochle
72353,Misc: Advent / Christmas / Jule calendar game
68,Game: Wizard Kings
22235,Cities: Canterbury (England)
7357,Components: Tarot Cards
7833,Animals: Ladybugs / Ladybirds
153,Game: Stratego
73065,History: Greek War of Independence
7996,Game: Chrononauts
71169,Sports: Fencing
6324,Game: DBx
74974,Game: Exploding Kittens
65389,Comic Books: Spider-Man
59868,Game: Boomerang (Grail Games)
19354,Theme: Scouting / Guiding
20253,Cities: Nijmegen (The Netherlands)
6286,Series: Grand Tactical (MMP)
11404,Game: Doctor Lucky
144,Series: Napoleonic 20 (Victory Point Games)
45019,Game: Ninja Camp
44092,Series: TOKYO (Jordan Draper Games)
56939,Books: Choose Your Own Adventure
19025,Game: Nobody Is Perfect
47207,Series: Master Print Pocket (Quined)
2829,Game: Car Wars
24,Game: Munchkin
73408,Movies: Terminator
64961,Islands: Hokkaido (Japan)
11340,Video Game Theme: Resident Evil
43655,States: Maryland
43673,States: Ohio
2868,Game: Battleground Fantasy Warfare
51530,Game: Battleground Historical Warfare
126,Series: Lock 'n Load
16839,Series: Mitbringspiele M (HABA)
62913,Country: Kiribati
64948,Components: Glow in the Dark
68270,Theme: Perfume
27686,Series: Iron Horse Collection (Queen Games)
39915,Series: Pairs Game System (Cheapass Games)
22822,Contests: Edition Läufer
4049,Traditional Games: Tafl
23871,Game: Dungeon Roll
50482,Game: Hail Hydra
73722,Game: Picture Perfect
17595,Cities: Cologne (Germany)
57374,Game: TIME Stories Revolution – Blue Cycle
61251,Game: Rangers of Shadow Deep
68584,Game: Doctor Who – Time of the Daleks
5705,TV Shows: Doctor Who
11396,Game: Catch Phrase
74724,States: South Dakota
11331,Components: String
60787,Series: Dark Valley WWII (GMT)
72737,Series: Thinker games for one player (Clicker Spiele)
58392,History: Falklands War
27575,Islands: Falklands (UK)
62897,Political: NATO
2629,Series: Third World War (GDW)
39731,Game: Wing Leader (GMT)
26000,Game: Yomi (second edition)
18687,Cities: Shanghai (China)
64,Series: Decktet Games
63342,"Game: Warhammer 40,000 (Fifth Edition)"
24709,Series: Myth (Mercs LLC)
51460,Series: 19xx (Looping Games)
41463,Series: Small Box (Level 99 Games)
65165,Fictional Events: The War of the Worlds
7910,Game: Wer War's
5744,Books: James Bond
10630,Country: Israel
10629,Country: Syria
23,Game: Federation Commander
19136,"Cities: Santa Fe (New Mexico, USA)"
28907,Game: Santa Fe
58123,History: Norman Conquest
10622,Country: Taiwan
10627,Country: Iraq
7127,Game: Battleship
19295,Space: Saturn
27579,Historical Figures: Al Capone
63159,Authors: Alexandre Dumas
63455,Cities: La Rochelle (France)
5817,Series: Ligretto (Schmidt Spiele)
11604,Country: Democratic Republic of the Congo
27527,Cities: Hanoi (Vietnam)
11183,Series: Drei Magier ghost games
11358,Game: Café International
2630,Series: Panzer game system (Yaquinto/GMT)
14694,Animals: Beavers
12054,Country: Ecuador
68837,Books: The Witcher
24411,Series: TMG Microgames
64804,Cities: Bristol (England)
43997,Series: Rolling (Hisashi Hayashi)
70454,Theme: Battle Royale
9915,Game: Dust (Fantasy Flight Games)
106,Series: Fleet (Victory Games)
17619,Series: Hold the Line (Worthington)
22152,Crowdfunding: Startnext
63003,Series: Escape Room in a Box (Mattel)
68098,Islands: Easter (Chile)
4347,Admin: Miscellaneous Placeholder
18745,"Cities: Verona (Veneto, Italy)"
26683,Series: Pub (Crash Games)
63069,Region: Caucasus
82,Series: Fun For 2 (Ravensburger)
66184,Game: Firefly Adventures
71991,Series: Coded Chronicles Game
4218,Series: Risk-Like
68298,Game: Funkoverse Strategy Game – Harry Potter
25869,Setting: Glorantha
44353,Crowdfunding: Catarse
65480,Game: Sakura Arms
38076,Game: Magic The Gathering – Arena of the Planeswalkers
57248,Series: Detective Stories (iDventure)
49356,Series: Krimi-Puzzle (FX Schmidt)
66497,Series: Murder Mystery Party Case Files (University Games)
68441,Region: Siberia (Russia)
10139,Game: Sequence
8349,Series: Nuclear War (FBI)
20883,Game: Rolling Freight (APE)
43671,States: Virginia
102,Series: Great Campaigns of the American Civil War (Avalon Hill/MMP)
61276,Series: Small Empires (Archona Games)
19307,"Cities: Augsburg (Bavaria, Germany)"
43646,States: Alaska
68331,Game: Funkoverse Strategy Game – DC Comics
64224,Food & Drink: Burgers
65630,Music: Opera
60999,Setting: World of Zanziar
18231,Cities: Singapore (Singapore)
10387,Country: Singapore
6096,Sports: Hunting
68283,Series: Hidden Games (Hidden Industries GmbH)
18104,Game: Kaleidos
6497,Sports: Surfing
121,Series: Standard Combat Series (MMP)
65783,Comic Books: Attack on Titan
18647,"Cities: Milan (Lombardy, Italy)"
4214,Traditional Games: Pachisi / Ludo
10951,Game: Articulate!
27517,Country: Tunisia
80,Series: Operational Combat Series (MMP)
68097,Theme: Movies
10664,Traditional Games: Tiddlywinks
68088,Country: Dominican Republic
19421,Cities: Jerusalem (Israel)
28441,Series: Close Action (Clash of Arms Games)
63150,Cities: Mumbai (India)
42733,Game: Lobotomy
3273,Game: Cry Havoc System
63224,"Game: Warhammer 40,000 (Eighth Edition)"
18540,Traditional Games: Hanafuda
5555,Series: Song of Blades and Heroes
5204,Series: The Fantasy Trip (Steve Jackson Games)
20002,Series: Catan Geographies
24158,Country: Cambodia
23968,Series: Krieg (Decision Games)
5664,Sports: Wrestling
75218,Crowdfunding: Game Crafter
68462,Setting: Storm Saga
68090,Country: Bhutan
4563,Series: Pocket Battles (Z-Man)
58409,Game: Seasons of Rice
26147,Game: Dungeons & Dragons – Attack Wing Miniatures Game
22007,Movies: Friday the 13th
72062,Cities: Sarajevo (Bosnia)
62529,Country: Bosnia and Herzegovina
10639,Country: Serbia
58963,History: Yugoslav Wars
42767,Game: Fast Forward
59500,Region: Indian Ocean
68799,Constructions: Alcatraz (USA)
75,Series: Down in Flames (Dan Verssen)
61647,Region: Central America
56238,Setting: The Faceless Universe
18236,"Cities: Miami (Florida, USA)"
24284,Series: AMIGO dice games in box
23050,"Traditional Dice Games: Dice 10,000 games"
23764,Celebrities: Monty Python
47169,Game: Monopoly Gamer
10625,Country: Burma
64357,History: Second Sino-Japanese War
6379,Game: War at Sea
10695,TV Shows: Auf Achse
7373,Components: Play Dough / Modeling Clay
71182,Mechanism: Modelling/Shaping
5628,Sports: Ice Hockey
71197,Constructions: Hockenheimring (Germany)
69057,Constructions: Nürburgring (Germany)
64942,Cities: Porto (Portugal)
62890,Versions & Editions: Electronic Versions of Non-Electronic Games
14547,Game: Star Trek Deck Building Game
13051,Series: Game & Puzzle (HABA)
39846,Series: The Titans of Gaming (Calliope Games)
25639,Game: Saga
43669,States: Tennessee
145,Game: Black Stories
60605,Series: Bagstracts (XVgames)
73,Series: Hip Pocket Games
58120,History: Finnish Civil War
10619,Country: Papua New Guinea
6375,Series: Confrontation (Rackham Entertainment / Dust Games)
19898,Cities: Jakarta (Indonesia)
3337,Series: Operational System (GMT)
35400,Series: Battalion Combat Series (MMP)
72,Series: Abacus Wood Box
8842,Series: Gamut of Games (Sid Sackson)
66853,Cities: Trieste (Italy)
21973,"Cities: Bonn (Westphalia, Germany)"
63343,"Game: Warhammer 40,000 (Fourth Edition)"
58957,History: Kamakura Period to Muromachi Period
3838,Series: ... in my Pocket
18239,Cities: Cairo (Egypt)
23935,Series: Next War (GMT)
31,Game: Dungeoneer
62046,Theme: Disney Theme Parks
109,Series: La Bataille (Clash of Arms Games)
27056,Game: Okko
27514,Cities: Smolensk  (Russia)
12743,Comic Books: Judge Dredd
43664,States: Oklahoma
28169,Game: Secrets of the Lost Tomb
57161,Game: Commands & Colors Tricorne
43653,States: Louisiana
21567,Magazine: C3i
57494,Game: Combo Fighter
103,Series: Great Battles of the American Civil War (Richard H. Berg)
72456,Islands: Palau
22789,Game: Kaosball
58090,History: Franco-Spanish War
124,Series: Musket & Pike Battle (GMT/Vae Victis)
66187,Region: Andalusia (Spain)
8067,Series: 3M Paper Games Series
43668,States: South Carolina
11110,Series: Spiele für viele (Kosmos)
63091,Region: Newfoundland and Labrador (Canada)
62850,Cities: Bastogne (Belgium)
7801,Series: DDD Verlag Small Box Games
38880,TV Shows: Batman – The Animated Series
4576,Series: Men of Iron (GMT)
39418,Game: Vs. System 2PCG
5712,Sports: Athletics / Track and Field
74090,Books: The Kangaroo Chronicles
63217,Game: The Last Hundred Yards
49004,Series: Ferti Sugoi
57160,Authors: Agatha Christie
65155,Fictional Events: Battle of Hoth
61332,Series: Star Wars Adventure Board Game (West End)
48247,Game: Cosmic Run
7589,Animals: Flies
62415,Setting: Traveller Universe
22591,Game: AT-43
47,Game: Anno Domini
61942,Movies: Ghostbusters
19408,Series: Pim Pam Pet
19529,Webcomics: Penny Arcade
22289,Components: Tangrams
37888,Series: World At War 85 (Lock 'n Load Publishing)
9,Traditional Games: Mancala
7815,Game: Chronology
62086,Historical Figures: Ada Lovelace
73593,Theme: Computer / Information Technology Industry
71023,Theme: Teaching Programming
68537,Game: Liberation
38387,Setting: Pocket Universe (Button Shy)
48750,Series: Graphic Novel Adventures (Makaka Editions)
51224,Game: Legends Untold
42896,Books: The Princess Bride
43662,States: New Jersey
22762,History: First Indochina War
73424,Game: Voodoo
11434,Religious: Mormons
10256,Game: Smarty Party!
19431,Series: Match the most and win! (Scala leuker leren)
20530,Crowdfunding: nestorbooster
54,Series: Battles of the American Revolution (GMT)
9962,Series: The Lord of the Rings Strategy Battle Game (Games Workshop)
43433,Game: Guns & Steel
12017,Country: Somalia
58393,History: Somali Civil War
28328,Series: Tactical (Lock 'n Load Publishing)
67550,Cities: Anzio (Italy)
54259,History: World War II (Italy)
28384,Game: iKnow
20789,Traditional Card Games: Jass
58124,History: Great Northern War
10089,Series: Guerrilla Print (Three Crowns Game Productions)
71035,Sports: Equestrian
9142,Game: Passe Trappe
60628,Game: Hellenica – Story of Greece
57999,History: War of the Spanish Succession
57489,Series: No Peace Without Spain (Compass Games)
65054,Islands: Martinique (France)
46096,Series: Eagles of France (Hexasim)
6970,Game: Crossbows and Catapults
62241,Containers: Pizza Boxes
152,Game: Pizza Box Sports (On The Line Game Company)
39141,Series: Jolly Pets
46165,Traditional Games: Snakes and Ladders
4988,"Series: Sports Illustrated Line (Time, Inc)"
56198,Game: Dungeonology – The Expedition
21969,Game: Perplexus
69065,Game: Squire for Hire
46454,Game: Dwar7s Fall
46455,Series: Dwar7s
19441,Characters: Buck Rogers
70588,Category: Sandbox
59439,Game: Red Alert – Space Fleet Warfare
74,Series: Express Line (Hasbro)
68359,Game: Ugly Gryphon Inn
62870,Setting: Earthshine (Button Shy)
58501,History: Gulf War
73204,Holidays: Oktoberfest
68724,TV Shows: Avatar The Last Airbender/Legend of Korra
74005,Game: Cuttle
4890,Game: UNO
66376,Game: SpaceShipped
57773,Country: Jordan
17387,Series: Würfelspiele (Ravensburger)
62236,Medical: Nutrition / Dieting / Weight Loss
44878,Game: Kings of War
63219,Region: South China Sea
66543,Game: Stew
7744,Series: Edition Perlhuhn / Franckh-Kosmos
8957,Game: Silent Death
65168,Cities: Metz (France)
58070,History: Franco-Prussian War
57752,Region: Lorraine (France)
25079,Series: Blind Swords System
21543,Game: Reverse Charades
104,Series: Europa
24217,Cities: Bremerhaven (Germany)
52,Game: Zombies!!! (Twilight Creations)
18685,Cities: Kharkov (Ukraine)
27473,"Cities: Brest (Brittany, France)"
68614,Cities: Lorient (France)
68673,Cities: Quimper (France)
19437,"Cities: Richmond (Virginia, USA)"
16799,Comic Books: Nichtlustig
17838,Series: Quads (SPI)
27484,Cities: Verdun (France)
17709,Traditional Card Games: Eights
64917,"Game: Warhammer 40,000 (Ninth Edition)"
61938,Historical Figures: King Tutankhamun (King Tut)
38413,Country: Costa Rica
9809,Series: Nations at War (Lock 'n Load Publishing)
5574,Sports: Basketball
24198,Series: Numbered Series (MS Jogos)
27582,History: Yom Kippur War
5839,Sports: Boxing
70949,Crowdfunding: GameOn Tabletop
73717,Theme: Laundry & Socks
135,Magazine: Spielbox
11571,TV Shows: Babylon 5
48934,Series: Table Battles (Hollandspiele)
5811,Series: ZBall
58594,History: Greek & Persian conflicts of the 4th century BC
4505,Series: Fighting Wings (J.D. Webster)
47568,Music: Jazz
19300,Authors: Richard Scarry
28311,Game: Eye Found It!
44779,Series: Old School Tactical (Flying Pig Games)
68890,Sports: Giro d'Italia
65066,Series: Decktective (dV Giochi)
45539,Game: The King's Will
48879,Series: ONUS! (Draco Ideas)
58404,History: Wars in the Ancient Near East
71853,Movies: The Goonies
70464,Series: Conquerors (Shakos)
65784,Cities: Kaliningrad (Russia)
10258,Series: Battlesson (Victory Point Games)
6764,Series: Campaigns in Russia (Frank Chadwick)
8179,Series: Tin Box (Gryphon Games)
33020,Series: HoldFast (Worthington Publishing)
18235,"Cities: Philadelphia (Pennsylvania, USA)"
18644,Cities: Rotterdam (Netherlands)
41316,Country: Nigeria
63092,Country: Venezuela
66118,Series: Pocket Detectives (Lavka games)
17620,"Cities: Leipzig (Saxony, Germany)"
23117,Series: Napoleon At Waterloo (SPI)
2338,Series: The Library of Napoleonic Battles (OSG)
11351,Toys: G.I. Joe
66967,Series: Three cups (Tom Russell)
70952,Game: Tanks – WW2 (Battlefront / GF9)
57883,Game: Elekt
66730,Cities: Ypres (Belgium)
70915,Region: Galicia (Eastern Europe)
26806,Series: Clash of Giants (GMT)
25085,Series: Pack O Game (Perplext)
65490,Game: Leaders of Euphoria
17555,Cities: Essen (Germany)
48330,Series: Penny Papers Adventures (Sit Down!)
43440,Game: For the Crown
66067,Series: The Key (HABA)
70810,Game: Battlestar Galactica – Starship Battles
22819,Series: Line of Battle (MMP)
69445,TV Shows: Wacky Races
10661,Game: Field of Glory
58173,History: Six-Day War
58384,History: Suez Crisis
21881,Game: Cranium
19320,"Cities: Eindhoven (North Brabant, Netherlands)"
21741,Game: Sergeants Miniatures Game
65396,Food & Drink: Ramen
43630,Space: Neptune
61833,Game: 221B Baker Street
66990,Cities: Rostov-on-Don (Russia)
116,Series: East Front (GMT)
63686,Food & Drink: Liquor / Cocktails
19146,Series: Skirmish Games (Too Fat Lardies)
56245,Game: Sine Tempore
66171,Game: Space Marine Adventures – Labyrinth of the Necrons
60019,Series: Pocket Campaigns (Surprised Stare Games)
7988,Game: Railway Rivals
61181,History: 1914 Guns of August Campaign
20587,Series: 1914 (GMT)
27682,Series: Wellington's Victory system (SPI)
63041,Region: Balkans
11067,Magazine: GameLink
5840,Sports: Curling
63202,Authors: Charles Perrault
41392,Series: PocketPlay (Pegasus)
18463,Game: Imagem & Ação
6041,Game: Pictionary
3255,Series: The Ironclads (Yaquinto)
43642,Game: Apocrypha Adventure
19897,Series: Art of Tactic (Konstantin Krivenko)
8525,Game: Make 'n' Break
63341,"Game: Warhammer 40,000 (Sixth Edition)"
21077,Game: 1825
27506,Rivers: Volga
68678,Cities: Legnica (Poland)
27553,Historical Figures: Genghis Khan
58136,History: Mongol Invasions and Conquests
68019,Cities: Palmyra (Syria)
6210,Magazine: Ares
123,Series: Panzer Grenadier (Avalanche)
56513,Series: 50 Clues
63865,Series: 50 Clues – The Leopold Trilogy
5066,Game: Yahtzee
21629,Series: Capsule (SPI)
43672,States: Wisconsin
7855,Traditional Games: Bingo
67952,Cities: Fleurus (Belgium)
56738,Country: Honduras
119,"Series: Civil War, Brigade (The Gamers)"
12018,Country: Tonga
11392,TV Shows: Password
44139,TV Shows: TV Game Shows
64228,Containers: Chinese Takeout Boxes
11257,Series: Cheapass Zombie
17517,"Cities: Atlanta (Georgia, USA)"
63023,Folk Tales & Fairy Tales: Three Billy Goats Gruff
20263,Series: Lost Worlds (Nova Game Designs)
5831,Sports: Sailing
21631,Series: Dwarfstar Games (Heritage USA)
73184,Components: Calendars
66112,States: Connecticut
22158,Cities: Ravenna (Italy)
54194,History: Italian Wars of Independence
138,Series: Air Power (J. D. Webster)
3254,Series: Naval Battles
59609,Misc: Free Wargames
41437,Country: Bahrain
65673,Sports Teams: 1. FC Köln
65013,Sports Teams: Bayern München
65015,Sports Teams: Borussia Dortmund
65156,Sports Teams: Werder Bremen
27504,Islands: Sardinia (Italy)
23590,Series: Solitaire (White Dog Games)
72290,Game: Unsurmountable
4314,Series: T3 System / Schwerpunkt (Dirk Blennemann)
43424,Series: Matchbox Games (Helvetiq)
63168,Game: Vinyl (Talon Strikes Studios)
69611,Series: Freedom From Gadgets (Yes Papa Games)
58135,History: War of the League of Cambrai
73395,Series: Cartaventura (BLAM!)
60340,Series: Buchkassette (Pelikan)
4254,Series: Corps Command
68428,Cities: Samara (Russia)
70312,Cities: Rhodes (Greece)
60953,Series: Rodzinka wygrywa (Egmont Polska)
63212,Game: Monuments – Wonders of Antiquity
22566,Misc: Computer-Generated Games
66256,Game: Pentaquark
69723,Cities: Olsztyn (Poland)
58141,Animals: Wombats
58054,History: Franco-Dutch War
58266,History: Great Turkish War
58049,History: Nine Years War
58610,History: Ottoman-Habsburg Wars
58812,History: War of the Polish Succession
37037,Series: War Storm
38,Series: Prairie Railroads (Winsome)
6429,Comic Books: Yu-Gi-Oh!
44330,Game: Town Center
73155,Game: Yogi
41585,Game: Galaxy of Trian
34048,Books: Charlie and the Chocolate Factory
2909,Series: LEGO Games
5882,Toys: LEGO
21376,Series: Master Moves (TSR)
23554,Contests: Rio Grande Games Design
63340,"Game: Warhammer 40,000 (Seventh Edition)"
75403,Game: Deadball
64229,Containers: Triangular Boxes
57500,Game: Brass Empire
9362,Series: Roll & Play (Schmidt Spiele)
27120,Game: [redacted]
4451,Series: D (JD Games)
33,Game: Apples to Apples
22707,Game: Cards Against Humanity (Official)
28520,TV Shows: Warner Bros.
66115,States: Arkansas
26718,Series: The Juan Line (Grail Game)
5700,Sports: Bowling
112,Series: Advanced Tobruk System (Critical Hit)
33717,Game: Fleet Commander
19348,"Cities: Siena (Tuscany, Italy)"
65771,Cities: Arras (France)
10631,Country: Kuwait
41412,Country: Qatar
41413,Country: United Arab Emirates
18642,Cities: Valencia (Spain)
22,Game: Starfire
18191,Decades: The 1980's
43660,States: Nebraska
62256,Series: Album Games (Yaquinto)
10714,Game: Guesstures
2339,Series: Campaigns of Napoleon System – 1x
58617,Game: Dwar7s Winter
22722,Video Game Theme: Final Fantasy
58082,History: Russo-Japanese War
5573,Sports: Rugby
27515,Cities: Gdańsk (Poland)
6896,Setting: Renegade Legion
66486,Cities: Pamplona (Spain)
67845,Region: Basque Country
59656,Series: The Matchbox Collection (Thundergryph)
55188,Game: Journey – Wrath of Demons
46,Series: Great War at Sea (Avalanche Press)
5752,Series: Fantasy Flight Games Toys
27469,"Cities: Jena (Thuringia, Germany)"
17203,Series: Celtic Nations (Vainglorious Games)
71067,Game: '65 (Flying Pig)
18186,Series: The Reliquary Collection (Bibelot Games)
71978,Theme: Cruise ships
11506,Series: Superminis (HABA)
6487,Series: Check Your 6!
28168,Game: Trickster
17532,"Cities: Aachen (Westphalia, Germany)"
44342,Game: Problem Picnic
14143,Series: Napoleon's War (Worthington)
68765,Cities: Bagrationovsk (Russia)
68453,Cities: Friedland (Prussia)
28355,Game: All Things Zombie
5304,Series: Reaction System
58535,History: Indo-Pakistani Wars
57898,Region: Provence (France)
71011,Theme: Knights Templar
21633,Magazine: Command
73053,"Cities: Sharpsburg (MD, USA)"
24131,Series: Lords of War (Black Box)
21535,Music: Rock
5651,Series: Ausgerechnet ...
74722,States: Kansas
2334,Series: Battles from the Age of Reason (Clash of Arms Games)
3276,Series: General (Frontline)
61261,Islands: Canaries (Spain)
45,Series: Second World War at Sea (Avalanche Press)
3161,Series: American Heritage (Milton Bradley)
65211,Authors: Miguel de Cervantes
8971,Game: Railroad Dice
26717,Components: Chopsticks
134,Magazine: Against The Odds
58087,History: Mexican – American War
20717,Sports: Motorcycle Racing
73144,"Cities: Murfreesboro (TN, USA)"
27533,"Cities: Córdoba (Andalusia, Spain)"
66721,Cities: Cambrai (France)
65137,Fictional Events: Battle of the Pelennor Fields
27485,Ancient: Jericho
94,Game: Outburst
60001,History: Rhodesian Bush War
17438,Game: Mille Bornes
110,Series: Tank Leader (West End Games)
189,Series: Dixie American Civil War Card Game (Columbia Games)
21648,Series: Campaign Commander
111,Series: Der Weltkrieg
136,Components: Piecepack
97,Traditional Games: Dominoes
62355,Theme: Arcade Video Games
107,Series: Assault (GDW)
6229,Collectible: Collectible Token Games
25,Game: Federation & Empire
18981,Animals: Snails
16838,Series: Mitbringspiele S (HABA)
44795,Series: Power Politics (SPI)
66186,Game: Conquest (Donald Benge)
66141,Region: Champagne (France)
68296,Series: For What Remains
68796,Cities: Lovosice (Czech Republic)
3247,Series: Lightning (Dan Verssen)
2715,Series: Civil War Regimental Sub-Series (MMP)
57890,Cities: Avignon (France)
66252,Game: Avignon – A Clash of Popes
16800,Game: Anima Tactics
1691,Setting: Anima Universe
65761,Series: Crime Zoom (Aurora)
45674,Mountains: Mount Everest
64135,Theme: Mountains
46189,Game: Swords and Bagpipes
65591,Brands: Television (TV) Networks
4270,Series: Glory (Richard Berg)
62408,Theme: Aboriginal Australians
53611,Series: Hollandays Sale games (Hollandspiele)
69640,Cities: Korsun (Ukraine)
122,Series: Tactical Combat Series (MMP)
130,Series: The Games Collection (Pin International)
72539,Series: Sparkle*Kitty
10509,Characters: Lauras Stern
10255,Game: Halli-Galli
28630,Theme: Dolls
19305,Toys: Polly Pocket
71321,Series: echoes
24778,Series: High Command (Privateer Press)
43656,States: Michigan
61621,Game: Anno Domini 1666
5624,Series: Victory in the West Game System (SPI)
64376,Theme: Cannibals / Cannibalism
62106,Game: Blood Red Skies
17076,Series: Camelot (Abstract games)
67877,Traditional Games: Goita
58783,History: Wars of the Guelphs and Ghibellines
20766,Series: Guelphs and Ghibellines
17763,Components: Spinning Tops
58086,History: Texas Revolution
58170,History: Revolutions of 1848
22967,Series: Blocks (VentoNuovo)
64964,Islands: Okinawa (Japan)
70489,Game: Board Royale – The Island
12833,Game: Rack-O
12843,Series: Big Deal (Milton Bradley)
58051,History: Crimean War
65067,Series: Black Powder (Warlord Games)
64225,Food & Drink: Bacon
43667,States: Rhode Island
4255,Series: Central Front (SPI)
68750,History: Russo-Turkish War of 1806-1812
24887,Series: BoardGameGeek
6460,Series: Games for 2 (Eurogames)
19340,Game: Firestorm Galaxy
19137,"Cities: Nashville (Tennessee, USA)"
6359,Series: Harpoon (Admiralty Trilogy Group)
66150,Sports Teams: National Football League (NFL)
23692,Magazine: Special Ops
68798,Constructions: Smithsonian (USA)
10144,Theme: Care Bears
28701,TV Shows: Captain Kangaroo
28672,TV Shows: Felix the Cat
9918,Series: LEGO Heroica
44341,Game: Foodfighters
68704,Series: Lynnvander Legacy Line
7348,Components: DVDs
68566,Cities: Taipei (Taiwan)
31094,Game: 100 Swords
11395,Game: Pass the Bomb
65757,Movies: Evil Dead / Army of Darkness
25198,Series: Grand Operational Simulation (Decision Games)
51716,Series: 18xx Games (Winsome)
62214,Medical: Psychiatric Hospitals / Asylums
27460,Cities: Minden (Germany)
59207,Components: Katarenga Board & Pieces
13,Game: Diceland
27537,Cities: Cannes (France)
6791,Movies: The Nightmare Before Christmas
17926,Setting: Bodgers
101,Game: Trivial Pursuit
10051,Series: Mini (Ravensburger)
6020,Game: Alias
40010,Series: Queen Kids
62599,Folk Tales & Fairy Tales: The Pied Piper of Hamelin
27053,Crowdfunding: Tumblbug
24775,Game: MERCS Recon
24769,Setting: MERCS
64811,Series: ESCAPE Dysturbia (homunculus spiel)
46104,Game: Justice League – Hero Dice
7927,Comic Strips: Dilbert
65823,Region: Picardy (France)
19024,Game: Privacy
20307,Game: The Sword and the Flame
58143,History: Boer Wars
58542,History: Mahdist War
61997,Books: Jumanji / Zathura
58140,Animals: Gophers
18593,"Cities: Regensburg (Bavaria, Germany)"
2340,Series: Campaigns of Napoleon System – Days
56354,Game: Attack!
11192,Theme: Rubik's Cube
62810,Series: Five Parsecs (Nordic Weasel Games)
70004,Cities: Fallujah (Iraq)
58390,History: Iraq War
17512,"Cities: Boston (Massachusetts, USA)"
18688,"Cities: Montréal (Quebec, Canada)"
43654,States: Maine
74800,States: New Hampshire
66128,States: New York
74725,States: Vermont
142,Game: Mastermind
96,Traditional Games: Checkers / Draughts
27525,Cities: Bangkok (Thailand)
73718,Components: Vinyl Records
41523,Setting: World of Destiny
12051,Country: Ethiopia
58503,History: Italo-Ethiopian Wars
69904,Region: East Africa
59995,Region: Horn of Africa
43374,Game: Horse & Musket (Hollandspiele)
58556,History: Jacobite Rebellions
5389,Game: Chez Geek
68084,Cities: San Gimignano (Italy)
45021,Game: Steam Torpedo
22712,Series: Goldsieber Royal
14742,Series: Ancient Battles Deluxe
67908,Cities: Narvik (Norway)
44430,Series: XX72 Solitaire Games (Mike Heim)
62095,Series: Snits (Dragon Magazine)
24430,Card Games: Beating
25046,Game: Birds of Prey (Ad Astra Games)
65782,Cities: Huế (Vietnam)
4661,Magazine: Battles
8012,Game: We Didn't Playtest This At All
73358,Region: Abruzzo (Italy)
3326,Series: Chitpull (Avalanche Press)
4455,Series: Struggle for Europe (Clash of Arms)
58122,History: Reconquista
65476,Setting: 1889 universe
28608,Theme: TV Detectives
46163,Traditional Card Games: Kemps
8908,Game: Loaded Questions
5489,Series: Activity (Piatnik)
13253,Country: Sudan
5603,Movies: Indiana Jones
3274,Series: King Arthur (Wotan Games)
57305,Series: Collection Jeux d'Histoire (Vae Victis)
4272,Series: Jours de Gloire (Frédéric Bey)
13960,Series: Panzer Korps (Epoch / Command magazine Japan.)
58132,History: Boxer Rebellion
68610,"Cities: Savannah (GA, USA)"
56404,Series: Undo (Pegasus Spiele)
57065,Series: Red Dragon Rising System
17764,Category: Fighting Top Games
28417,Game: Warzone
46166,Traditional Card Games: Palace
36967,Series: De Efteling
63346,Cities: Alexandria (Egypt)
5880,Series: Abstract (Lakeside)
71854,Video Game Theme: Kingdom Hearts
44022,Game: DrunkQuest
4970,Series: Panzer General (Petroglyph)
5653,Characters: Dragon Ball
68032,Cities: Solferino (Italy)
12016,Country: Bahamas
68545,Cities: Deutsch-Wagram (Austria)
68314,Cities: Győr (Hungary)
4271,Series: Triumph & Glory
65321,Cities: Dieppe (France)
68809,Region: Coral Sea
58487,History: Polish-Teutonic Wars
37120,Series: Monsterfalle (Kosmos)
51420,Series: Mini WWII (Formosa Force Games)
18446,Animals: Emus
70243,Cities: Albuera (Spain)
62868,Game: Myths at War
18641,"Cities: Turin (Piedmont, Italy)"
18435,Category: Pick Them Up
71083,Game: Blitzkrieg Commander (Pendraken Miniatures)
66506,Cities: Salamanca (Spain)
56560,Series: Quantum Games (Ragnar Brothers)
65124,Food & Drink: Cookies
16968,Comic Books: Tintin
18055,Movies: Cars
68873,Country: Eritrea
19524,Traditional Games: Alquerque
26855,Traditional Games: Alquerque / Fanorona (Indian War Games)
6392,Series: Gunpowder Strategy (Avalanche Press)
9714,Series: Zarcana-type
72909,"Cities: Vicksburg (MS, USA)"
38655,Game: Twin Stars – Adventure Series
39,Series: Early Railways (Winsome Games)
53,Series: B-Movies (Z-Man)
70279,Contests: 18 Card Microgame
18746,Cities: Pisa (Italy)
68282,Sports: Skiing
68638,Cities: Corunna (Spain)
56802,Series: Red Poppies Campaigns
69410,Cities: Borodino (Russia)
43539,Game: Upon a Fable
67843,Cities: Talavera (Spain)
67724,Cities: Lucca (Italy)
8502,Contests: Miglior Gioco Inedito
19161,"Cities: St Louis (Missouri, USA)"
43649,States: Illinois
43659,States: Missouri
72739,Theme: Pulp
66225,Series: Starry Squadron (IPN)
73216,Series: Ring of Fire (Kokusai-Tsushin)
74088,Game: Hunted
9044,Series: The First World War at Sea (Clash of Arms Games)
17588,Authors: Charles Dickens
71030,Game:  Blood & Plunder (Firelock Games)
70778,Islands: Marianas (USA)
46595,Series: Company Scale System
70345,Series: Great Sieges (Worthington)
26759,Series: Triangle System (Predrag Lazovic / Dragan Lazovic)
57885,Cities: Lille (France)
72569,Components: DTP (Desktop Publishing)
9825,Magazine: Vae Victis
117,Series: Au Fil de l'Épée (Frédéric Bey)
59354,Series: Unicorn Glitterluck (HABA)
68645,Cities: Falaise (France)
10079,Game: RisiKo!
3258,Series: The Sniper (SPI)
69515,Islands: Iwo Jima (Japan)
66991,Cities: Saint-Lô (France)
3252,Series: Napoleonic Brigade (MMP)
11602,Country: Saudi Arabia
73610,History: Conflicts against the Islamic State
58965,History: Syrian Civil War
64233,Food & Drink: Spaghetti
54201,History: Italy 1559–1814 (Foreign dominations)
3259,Series: Ancient Wars (Strategy and Tactics)
73296,Series: Brigade Battle Series (Worthington Publishing)
74381,Series: Designer Signature Edition (Compass Games)
58510,History: Conflicts in the Congo
58584,History: Russo-Chechen Wars
43395,Series: Port-A-Party (Gamewright)
56997,Game: Guardians' Chronicles
67909,Cities: Giza (Egypt)
9700,Video Game Theme: Tetris
68247,Cities: Guadalajara (Spain)
6973,Sports: Aerial Racing
10663,Game: Starmada
71739,Series: WW1 Battles on the Italian Front (ES)
46900,Game: Dolmen
26155,Game: oddball Äeronauts
22090,Series: Kniffel (Schmidt Spiele)
9752,Series: A Call to Arms
66104,Theme: Photography
58068,History: Austro-Prussian War
63347,Cities: Helsinki (Finland)
19593,Series: Fire & Movement combat system (Decision Games)
5858,Series: Folio (Decision Games)
43652,States: Kentucky
68618,Cities: Amalfi (Italy)
67864,Cities: Ancona (Italy)
69978,Game: Muskets & Tomahawks (Studio Tomahawk)
62593,History: Pontiac's War
58089,History: Soviet-Afghan War
13300,Series: Minigames (TSR)
58112,History: 1948 Arab-Israeli War
62901,Series: Hail Caesar (Warlord Games)
5681,TV Shows: The Powerpuff Girls
13252,Country: Bolivia
66611,Series: For the Story (Bragelonne Games)
57496,Game: Aeon Trespass Odyssey
27490,Rivers: Danube
71028,Game: Adeptus Titanicus – The Horus Heresy (Games Workshop)
70953,Game: World of Tanks Miniatures Game (Wargaming.net / GF9)
21928,Series: Ogallala
3213,Series: Double Blind (GDW)
19979,Series: Great War in the East (SPI)
4611,Game: Command at Sea
22291,Game: Puppet Wars
27,Series: Team Work (Adlung-Spiele)
10293,Game: Eye to Eye
2335,Series: Napoleonic (SimTac)
7829,Game: HellRail
46772,Game: British vs. Pirates
27472,Cities: Dunkirk (France)
71068,Game:  Night of Man (Flying Pig Games)
6207,Magazine: The Wargamer
105,Series: Battles for North Africa (3W)
11022,Components: Icepack Games
57477,Misc: Championnat de France de Wargame
59457,Setting: 2000 AD (Warlord Games)
69415,Magazine: Banzai Magazine
62883,Series: Invaders from Dimension X! (Tiny Battle Publishing)
70498,Series: Holiday Hijinks (Grand Gamers Guild)
18205,Series: Origins (Jim Dunnigan)
18583,Series: Spiele-Bar (Schmidt-Spiele)
58149,History: First Sino-Japanese War
58148,History: Spanish-American War
19284,Sports: Volleyball
75076,Game: Clash of Armies
66348,Game: Arcane Bakery Clash
3202,Series: Winter Storm Campaign (Clash of Arms Games)
6335,Game: Victory at Sea
72156,Series: Hunt a Killer
67621,Islands: Orkney (Scotland)
25708,Series: Sphinx (Ravensburger)
62851,Authors: Edgar Rice Burroughs
19310,"Cities: Dortmund (North Rhine-Westphalia, Germany)"
18339,Cities: Zurich (Switzerland)
27479,Rivers: Berezina
5706,Sports: Cricket
3229,Series: Eagles of the Empire (Avalanche Press)
71353,Series: Unsolved Case Files
27255,Series: Tank on Tank (Lock 'n Load Publishing)
3212,Series: GDW Series 120 Games
18378,Game: Frontiers – Liberty or Death!
28534,Comic Strips: King Features Syndicate
5837,Sports: Olympics
48332,Series: Kursk (SPI)
18611,Trivia: Sports
44428,Series: Avec Infini Regret (Vae Victis)
9815,Magazine: Casus Belli
3262,Series: South Mountain System (West End Games)
26972,Series: Honour (Sam Mustafa Publishing)
9798,TV Shows: 80's Cartoons
64834,Cities: Maastricht (Netherlands)
4251,Series: Blue & Gray (SPI)
13434,Series: Shibumi
8462,Series: Vive l'Empereur ! (Didier Rouy)
42042,Series: American Revolution Campaigns (Worthington Games)
58151,History: Polish uprisings – Russo-Polish Wars (1792-1794-1831-1863)
46164,Traditional Card Games: Spite and Malice
7335,Components: Videocassettes
57943,Game: Atmosfear
83,Game: Weapons & Warriors (Pressman)
14803,Toys: My Little Pony
51903,Game: Green Box of Games
60027,Series: MINNYS (Nürnberger-Spielkarten-Verlag)
68876,Cities: Lviv (Ukraine)
20247,"Cities: Oxford (Oxfordshire, England)"
62196,Game: Q-bitz
27432,"Cities: Oldenburg (Saxony, Germany)"
27507,Cities: Hastings (England)
4273,Series: Jours de Gloire Campagne (Frédéric Bey)
10787,Series: A to Z (Tactic)
62598,Folk Tales & Fairy Tales: Jack and the Beanstalk
61760,Authors: Stephen King
68627,Cities: Vimeiro (Portugal)
21929,Comic Books: Fanhunter
62246,Theme: French Foreign Legion
47206,Series: Fun in a Box Collection (Foxmind)
10566,Characters: Tarzan
61903,Game: Universal Rule
64747,Celebrities: Alfred Hitchcock
66183,Cities: Bilbao (Spain)
17621,"Cities: Munich (Bavaria, Germany)"
64943,Cities: Seville (Spain)
66121,Sports Teams: Feyenoord
66254,Sports Teams: VfL Wolfsburg
5637,TV Shows: Family Guy
48974,TV Shows: Seinfeld
68553,Game: Team Yankee (Battlefront)
17553,"Cities: Dresden (Saxony, Germany)"
13243,Country: Cyprus
10652,Country: El Salvador
59048,History: Lebanese Wars 1975-2006
58724,History: Sino-Vietnamese War
59879,Game: Slavika
20759,Game: Spiel
74723,States: North Dakota
65731,Cities: Caen (France)
58378,Series: Play the classics (Gen-X Games)
68622,Cities: Medellín (Spain)
23958,Game: Kill the Overlord
10272,Game: Perpetual Commotion
38544,Comic Books: Sergio Bonelli Editore
8902,Game: Nature of the Beast
65394,"Series: Dragon Dice (TSR/SFR, Inc)"
3230,Series: Wars of the Imperial Age (Decision Games)
19329,Series: Mini Series (Decision Games)
22696,Series: They Died With Their Boots On (Decision Games)
61856,Game: Black Seas (Warlord Games)
11397,Game: Buzzword
17975,Game: San Guo Sha
46130,Series: Three Colors Trilogy (nestorgames)
37732,Setting: Sigillum Universe
59611,History: New Zealand Wars
24403,Series: WWII Battles (Avalanche Press)
27434,"Cities: Fulda (Hesse, Germany)"
19254,Components: Construction Toys
27477,Cities: Auerstedt (Germany)
61640,Series: Disposable Heroes Miniature Rules (Iron Ivan Games)
3244,Magazine: World at War
10422,Video Game Theme: Pac-Man
58389,History: Iran-Iraq War
68033,Cities: Vitoria (Spain)
108,Series: First Battle (GDW)
69877,Cities: Nagano (Japan)
67641,Cities: Bailén (Spain)
59610,Series: Rifles in ... (Tiny Battle Publishing)
27179,Series: Italian Colonial Battles (Marco Campari)
6120,Game: Herocard
58654,History: Conflicts of the Heian period – Japan
10156,Series: Imperator (Frédéric Bey)
58528,History: Polish-Swedish Wars
20542,Game: Connect 4
26540,Game: Chunky Fighters
24988,Game: Caravelas
20779,Series: Leipzig System (SPI)
3216,Series: Age of Muskets (Bellica Third Generation)
57916,Series: Analog Apps (Fisher Heaton)
69146,Cities: Carentan (France)
57959,Cities: Poitiers (France)
66178,Music: Music Groups
21090,TV Shows: Schlag den Raab
54198,Ancient: Magna Graecia
66958,Cities: Syracuse (Italy)
25841,Series: Peloponnesian War (Vae Victis)
51783,Game: Traveller Customizable Card Game
46129,Series: Pile-Omino (nestorgames)
49154,Series: Blue Sky (John F. Stanoch)
17658,Series: Disaster in the Himalayas
5832,Sports: Greyhound Racing
61521,Series: Battlegroup Rules
68334,Cities: St. Andrews (Scotland)
60951,Magazine: Paper Wars
51363,Magazine: Parabellum
22165,Series: Indian Wars of the American West (Legion Games)
64808,Rivers: Rhine
37878,Series: Krone Spiele für Erwachsene (Ass / Schmidt-Spiele)
10650,Country: Paraguay
58144,History: Chaco War
61989,Players: Expansions Adding Solo Play
73481,Series: Pouch Series Game (SDC)
23560,Series: American Civil War Campaigns (John Prados)
58146,History: Paraguayan War
73427,Political: Women's Suffrage
39825,Series: Mark H. Walker's Platoon Commander
21153,Series: War Stories (Conquistador Games)
66255,Game: Banned Books
13316,Game: Dynamite Nurse
24763,Game: Cat & Chocolate (Qvinta Essentia)
40127,Cities: Incheon (South Korea)
9827,Magazine: Conflict
68609,Game: Anthelion – Conclave of Power
70906,Cities: Medina de Rioseco (Spain)
71615,Series: Command Decision (Frank Chadwick)
57484,Country: Albania
58171,History: Balkan Wars
5642,Game: Jenga
47175,TV Shows: Robotech
27467,"Cities: Hameln (Saxony, Germany)"
62905,Setting: Kradia
62461,Country: Uganda
62099,Components: Balloons
24279,Series: Shuffling the Deck (WizKids)
14,Series: Mission Command (Milton Bradley)
68650,Cities: Königgrätz (Czech Republic)
64806,Cities: Wavre (Belgium)
55863,Cities: Sydney (Australia)
25270,Series: Creepy card games (HUCH! & friends)
6139,Magazine: CounterAttack
56716,Series: The Korps (CHS)
19064,Series: Black Sea * Black Death
56486,Game: Munchkin Collectible Card Game
34095,Setting: Rise of the Occulites Universe
72089,Components: Postcard games
27426,Cities: Würzburg (Germany)
63454,Mountains: The Alps
28829,Authors: Hans Christian Andersen
19508,Folk Tales & Fairy Tales: Pinocchio
39552,Series: Commando (Decision Games)
41057,Series: Shields & Swords II (Hollandspiele)
73734,Series: Álbum de Oro Club de la Aventura (CEFA)
73582,Holidays: Mardi Gras
60627,Game: Magus
65145,Fictional Events: Battle of Endor
62054,Game: Beyond the Gates of Antares
63345,"Game: Warhammer 40,000 (Second Edition)"
42231,Series: Baby (Jumping Turtle Games)
51902,"Series: Klein, aber oho! (Noris Spiele)"
68737,Game: HeroTec
3256,Series: Battles of the Ancient World (Decision Game)
61641,Series: Age of ... (N2)
44078,Game: Insecta
61577,Series: Baltic (OSTIA Spiele)
68754,Cities: Toulon (France)
67384,Series: WWII Battle Series (Three Crowns Game Productions)
19158,"Cities: San Antonio (Texas, USA)"
63527,Country: Yugoslavia
11544,Country: Namibia
10141,Series: Le Vol de l'Aigle (Pratzen Editions)
68030,Cities: Hannut (Belgium)
17055,Country: Slovenia
6380,Series: War in Europe (SPI)
20084,Magazine: Modern War
67873,Ancient: Indus Valley
35214,Game: Theomachy
27578,Rivers: Loire
61990,Players: Expansions Changing Player Count
60454,Series: GQ III Decisions at Sea (Old Dominion GameWorks)
58557,Series: Simultaneous Movement System (SPI)
16846,Game: Shadows Upon Lassadar
64386,Theme: Clowns
66342,Game: Ahead in the Clouds
7733,Series: Edition Bohrtürme
18397,Series: Cuckoo
73190,Series: BAM!
59454,History: Burgundian Wars
17114,Series: Können Schweine fliegen? (Kosmos)
62852,Theme: Latin American Political Games
2655,Series: PRESTAGS (SPI)
58167,History: War of Devolution
2656,Series: Tactical (SPI)
56514,Cities: Riga (Latvia)
27483,History: World War 1 – The Gallipoli Campaign
68325,Region: Gallipoli Peninsula (Turkey)
65590,Movies: Highlander
20724,Versions & Editions: Disney Theme Park Editions
14273,Series: A la charge (Vae Victis)
41515,Game: This Is Not a Test
4053,Mechanism: Hunt
21731,Webcomics: Dork Tower
75404,Religious: Christianity
62358,Game: Wish You Were Here (The Enigma Emporium)
72184,Series: Puzzle Postcards (Enigma Emporium)
28455,Series: Blue & Gray Campaign (Worthington Publishing)
6813,Game: Phase 10
42791,Game: Zaibatsu
17594,Cities: Frankfurt – Main (Germany)
13506,Country: Madagascar
56,Series: The Riding (Winsome)
13436,Country: Laos
11605,Authors: Otfried Preußler
28533,Comic Books: Harvey Comics
13170,TV Shows: Casper the Friendly Ghost
19157,"Cities: Portland (Oregon, USA)"
3228,Series: Civil War Campaign (Clash of Arms Games)
21540,Series: Game in a Tin (HABA)
4260,Series: Bitter Victory
73325,Series: Crime Story
73186,Theme: Video Game Industry
67913,Cities: Salerno (Italy)
24066,Series: Volley & Bayonet System (Frank Chadwick)
6223,Magazine: Command & Strategy
10653,Country: Nicaragua
5780,Magazine: Board Wargame (Formosa Force Games)
42047,Series: 5150 Science Fiction Wargames
51571,Series: Operational Scale System (Compass Games)
71616,"Series: Command Decision, Test of Battle"
31232,Contests: Children's Game PNP Design
62192,Characters: Zorro
67540,Cities: Châlons-en-Champagne (France)
5228,Game: War (Grow Jogos)
22185,Admin: Cancelled Games
62296,Series: Histo Command dice  (Giogames)
64138,History: Battle of Lake Peipus
68031,Cities: Stonne (France)
72055,Series: IQ Files
61576,Series: Piquet – Master Rules for Wargaming
17940,Game: Dark Age
57266,Series: Raider (Decision Games)
49343,Series: Poker Suite (Cheapass Games)
10772,Series: Chief Herman's Next Big Thing
3853,Series: Tin Games Series Mini-Spiel (HABA)
69735,Cities: Grozny (Chechnya)
4983,Series: How to Host ...
5818,Series: Pure Card Line (Small Box Games)
51982,Series: One Page Rules (OnePageAnon)
17599,Series: WWII Operational (Vae Victis)
70954,Game: TANKS – The Modern Age (Battlefront / GF9)
66986,Cities: Tyre (Lebanon)
67,Game: Scene It?
10135,Traditional Games: 20 Questions
5201,Series: Battlefield Evolution
36,Series: Rome at War (Avalanche Press)
63124,Game: Altar of Freedom
67920,Cities: Changde (China)
24777,Traditional Games: Dots and Boxes
50569,Game: H.D.P. – Hasta Donde Puedas
70433,Series: Match Up! (Randolph)
48560,Game: Chronicles of Sularia
23736,Series: Paul Koenig's D-Day (Victory Point Games)
8068,Traditional Games: Sudoku
10794,Series: World War Game (Epoch)
9310,Series: Infantry Attacks (Avalanche Press)
28241,Series: Folio (One Small Step)
35253,Series: Duelist Library (Level 99 Games)
64944,Cities: Dinant (Belgium)
18240,Series: The World's Smallest Sports Games (Famous Games Company)
21899,Cities: Le Mans (France)
18648,Cities: Monte Carlo (Monaco)
7522,Game: Knights
5257,Series: action engine (Crooked Dice Game Design Studio)
64787,Cities: Mons (Belgium)
6176,Game: Universal Fighting System
23110,Series: Market Garden (Paul Koenig)
63142,Series: Paul Koenig's Market Garden
6438,Series: 12 Minute Games
27766,Game: Victory by Any Means
66346,Game: Chain Mail – Adventures of Earthshine
61741,Series: Postcards (Button Shy)
41800,"Game: Green, Greener, Greenest"
4400,Game: T.E.G.
16966,Movies: Stargate
71225,Series: Island War Series (Legion Wargames)
12737,Series: Tiptoi (Ravensburger)
57871,Cities: Bordeaux (France)
26154,Game: Ghoulash
65833,Series: Cards Against Humanity-Like
63337,Promotional: Dized
69383,Religious: Jesus Christ
10616,Country: Malaysia
62357,Series: MicroHistory (Metagaming)
58493,Game: Incredible Expeditions
18281,Traditional Games: Shut the Box
8274,Series: En Pointe Toujours system (Vae Victis)
35483,Game: Table Air Combat
60778,Game: Cruel Seas
72082,Game: Shipwreck (Martin Bourne)
56447,Game: NonSense
20780,Series: Franco-Prussian War System (SPI)
12042,Country: Chad
58649,History: Chadian – Libyan Conflict
4556,Series: Napoleon & the Archduke Charles (3W)
60854,Series: Air Wars (Decision games)
62234,Brands: Groceries
75266,Books: The Legend of Sleepy Hollow
38723,Series: Gold & Steel (Philippe Hardy)
62351,Celebrities: Don Adams
3975,Game: Killer Bunnies
35127,Series: Ancient Conflict (Playford Games)
13247,Country: Liberia
73117,Game: Tangoes
11307,Magazine: White Dwarf
18532,Game: Heavy Gear
13301,Series: Pacru
66542,Game: Supertall
26504,Series: Les Maréchaux (Denis Sauvage)
63039,Game: Konflikt '47
60845,Game: G.A.S.L.I.G.H.T.
22723,Video Game Theme: Dragon Quest
88,Series: Think (Ravensburger)
4388,Series: The Sun Never Sets System (Decision Games)
58084,History: Irish War of Independence
25794,Series: Verbàlia
21916,Game: Elfer raus!
55154,Theme: Flags identification
63767,Theme: Spanish Political Games
23890,Animals: Pigeons
21101,Series: Command Series Volume I (Rand Game)
69724,Cities: Malmö (Sweden)
10578,Game: Aether Captains
10182,Video Game Theme: Project Shrine Maiden
6998,Series: Ports of Europe (Hans van Tol)
58147,History: Russo-Turkish War
62413,Cities: Antwerp (Belgium)
48559,Series: Martian Gardeners (nestorgames)
6511,Series: Battlegame Books (Andrew McNeil)
9828,Magazine: JagdPanther
9830,Magazine: Space Gamer
6949,Sports: Billiards / Snooker / Pool
67587,Cities: Soissons (France)
57958,Cities: Tours (France)
10333,Series: Champs de Bataille (Vae Victis)
66029,Region: Vendée (France)
6221,Magazine: Panzerschreck (Minden Games)
58165,History: Latin American Wars of Independence
7545,Series: Successors (Decision Games)
73375,Family: Red Star Black Cross
19346,Setting: Dragonlance
10419,Game: Rapid Fire!
71128,Series: Toy Battle System (Radioactive Press)
71996,Series: Seven Hex System (Steven Pole)
28717,Theme: Astrology
6336,Game: Flintloque
28572,Setting: Ophidian (Fleer/Skybox)
34013,Setting: Void (Viridian Solar System)
10138,Series: Les Grandes Batailles de Napoleon III (Vae Victis)
63081,Authors: James Clavell
3266,Series: Royalists & Roundheads System (3W)
25555,Magazine: Ares (One Small Step)
67228,Game: Personal Space
63481,History: Northwest Indian War
3248,Game: Rebels & Redcoats
58508,History: Turkish War of Independence
38692,Cities: Tallinn (Estonia)
73260,Series: Twenty Decisive Battles of the World (TPS)
68326,Country: Czechoslovakia
27519,Cities: Damascus (Syria)
8333,Series: Pass the Popcorn (Wiggles 3D)
57443,Game: Bounce-Off
7478,Game: Party & Co
9842,Game: Consensus (Mindlogic)
7477,Components: Audio Cassettes
10613,Series: Skittle (Aurora)
67884,Game: Spell Saga
19439,Game: Gunship
67176,Cities: Sevastopol
68316,Cities: Mortain (France)
3227,Series: Pocket Battle Games (LPS)
19343,Series: Krimi-Kartenspiel (Gmeiner-Verlag)
62248,Historical Figures: Saint Paul
6036,Series: Murder à la carte
4992,Series: Murder Mystery Party
65397,Historical Figures: Christopher Columbus
12918,Game: Rolit
65631,Trivia: Movies
72071,Admin: Unreleased Games
73193,Game: High Noon
34306,History: Chinese Civil War
42322,Series: Good Little (Good Little Games)
64796,TV Shows: Steven Universe
43415,Series: Ancient World Collection (Playford Games)
63169,TV Shows: DuckTales
17021,Characters: Miffy
74082,Theme: Birthdays
53152,Series: Lunchbox (Inside the Box)
18894,Series: The Art of Siege (SPI)
70910,Cities: Mecca (Saudi Arabia)
2635,Series: Empires of Apocalypse (Udo Grebe Gamedesign)
44010,Game: Dreamwars
68085,Holidays: Valentine's Day
70712,Cities: Shenyang (China)
25264,Series: Land of Danger (Matt Worden Games)
46447,Series: Les Soldats de la République (Vae Victis)
46590,Game: Brainwaves
27516,"Cities: Palermo (Sicily, Italy)"
60952,Series: Dobra gra rodzinna (Trefl)
68528,Game: Pretense
12980,Series: MOD (Mattel)
44425,History: Oregon Trail
70800,Video Game Theme: The Oregon Trail
11398,Game: TriBond
5634,Video Game Theme: SEGA
19279,Video Game Theme: Sonic the Hedgehog
11060,Game: Sergeants! (Lost Battalion Games)
18585,Series: Bamboo Collection (HaPe)
67634,Cities: Parma (Italy)
14845,Series: Mapominoes
20298,Series: Pre-School Skills Builder Games (Peaceable Kingdom)
5659,Books: The Chronicles of Narnia
62001,Game: Scoundrel
58462,History: Barons' Wars
7332,Game: Game of Life
58150,History: War of the Pacific (1879-1884)
68764,Historical Figures: Barack Obama
24450,Components: Triangular Dominoes
27742,Game: Guess Who?
3267,Series: Great Medieval Battles System (SPI)
19480,Series: Spielend Neues Lernen (Ravensburger)
17849,Series: Wars of the States and Empires (Avalanche Press)
69837,Game: The Final Light-Year
26403,Game: The Battle of the Little Big Horn
26401,Series: Grandes Batallas del Mundo (Rojas y Malaret)
64969,Series: Phoenix Command
71740,Cities: Lodz (Poland)
41419,Books: Tark Mees Taskus
28367,Series: Match Games (moses Verlag)
26933,Series: Pocket Game (Trefl)
57195,Series: Roll & Write (Mattel)
66607,Cities: Tehran (Iran)
21932,TV Shows: The Big Bang Theory
65637,Trivia: Television
21933,TV Shows: Friends
10072,Traditional Games: Halma
58214,History: Schleswig Wars
10121,Game: Tripoley
44080,Game: Disaster Looms!
66994,Cities: Khartoum (Sudan)
12193,Game: Tri-Ominos
20342,Series: Les Guerres Extraordinaires
64232,"Brands: Automotive Products (Gasoline, Tires, etc.)"
62085,Brands: Coca-Cola
62235,Brands: Restaurants
62255,"Brands: Vehicles (Cars, Trucks, etc.)"
58728,Series: MechWar 2 (SPI)
62247,Movies: Top Gun
67627,Cities: Bannockburn (Scotland)
65773,Sports Teams: National Basketball Association (NBA)
18347,Game: TrainSport
11127,Game: DaVinci's Challenge
72076,Cities: Marignano (Italy)
75021,Series: Partners (Game InVentorS)
12204,Series: 24 Game
63160,Authors: Victor Hugo
46195,Game: Cubo
57037,Series: Banana Republic Finance (Capital Gains Studio)
19165,Series: Musket & Saber Combat System (Decision Games)
5226,Series: Campaigns In The Valley (Robert G. Markham)
26805,Series: Nürnberger Kuh (NSV)
10129,Authors: Enid Blyton
75395,Series: Kawarando (MixinGames)
69686,Game: Firestorm Campaigns (Flames of War)
13488,Series: Noris' Fantasy trilogy (Noris Spiele)
62352,Authors: Michael Moorcock
10403,Game: Super Tock
46152,Traditional Games: Spoons
24847,Series: Dobra gra w dobrej cenie (Egmont Polska)
67200,Cities: Lüshunkou (China)
5061,Components: Three Dimensional Chess
42513,Series: Ancient Wargame Rules (Wargames Research Group)
24213,TV Shows: Sale of the Century
63205,Series: BattleTech Science Fiction Combat Book Game (Nova Game Designs)
43632,Space: Uranus
20300,Series: Schätzen Sie mal! (HUCH!)
56530,Series: Shuffling Horror
5699,Series: Monster Maker (Arclight)
36914,Theme: Geocaching
17382,Game: Quest Master
71324,Category: Drinking Games
22089,Series: Sudoku games (Reiner Knizia)
68430,Cities: Novgorod (Russia)
63213,Game: Novgorod
10234,Game: Outrider
18054,Game: Shabadabada
11394,TV Shows: Jeopardy!
67345,Cities: Teruel (Spain)
19716,Series: Lernspiel (HABA)
8255,Series: Portable Adventures (Third World Games)
26841,Sports: Roller Derby
72320,Islands: Wake
18442,Game: Elemental Clash
58873,History: Ottoman – Persian Wars
70713,Region: Tsushima Strait
55723,Series: Tempus System (Button Shy)
59736,Series: Salvo! naval system (Minden)
4401,Series: History of War (alphaBIT)
61733,Game: The Perfect Moment
27482,Cities: Sedan (France)
24212,TV Shows: Match Game
67907,Series: Seven Days to the Rhine
5702,Game: Brainbox
10381,Game: Continuo
51512,Components: Chocolate
61935,Folk Tales & Fairy Tales: Baba Yaga
3336,Series: The Battles and Leaders (Richard Berg)
11329,TV Shows: Hannah Montana
63547,Cities: Casablanca (Morocco)
4055,Traditional Games: Petteia
68442,Region: Manchuria (China)
56401,Game: Supremacy
12094,Books: Curious George
100,Series: Monopoly-Like
48590,Traditional Games: Yut Nori
45800,Series: IDW Games Atari
21492,Series: Odynauts
60699,Series: Chrono Clash System
20344,Series: Tolle Kleine
3100,Series: Sen So
66251,Game: Movie Plotz
21930,Movies: The Last Starfighter
27554,Mountains: Mount Kilimanjaro
6999,Series: Kaarten met Koeien (The Game Master BV)
63141,Series: Bloody Civil War (Paul Koenig)
17575,Series: Défifoo
50485,Game: Crazier Eights (Recoculous)
24132,Series: LEGO Sports
30906,Series: Peiper Postcards (LPS)
18180,Series: Fex (HABA)
8442,Game: When Darkness Comes
61180,Game: Gierki Małżeńskie
3323,Series: Westwar System (John Schettler)
67956,Game: Battle Yahtzee
62084,Brands: McDonald's
11049,Series: SongBurst (Hersch)
65628,Trivia: Music
71371,Series: Break In (PlayMonster)
17431,Game: Quizzard
12902,Series: Blood and Steel
39767,Series: Cardventures
6208,Magazine: Gamefix
67047,Sports: Paintball
73261,Series: Battles of the American Civil War (Decision Games)
58152,History: French Interventions in Mexico
35819,Game: Hedbanz
10292,TV Shows: Wheel of Fortune
43562,Series: Noris-Fernsehspiele (Noris-Spiele)
65987,Theme: Cryptocurrency
43441,Series: Abstract Series (Maranda Games)
18102,Components: Electrical Shock
3827,Series: Wrzesień 1939
18598,Game: Quest (Grow)
5563,Series: Die wilden Fussballkerle (Kosmos)
19453,Country: Senegal
64805,History: Song dynasty
19263,Game: Wissens-Spektrum
44186,Series: Jukem Sports
46063,Traditional Games: Knucklebones / Jacks
46436,Authors: Ellery Queen
4219,Traditional Games: Morris
5007,Series: 007 James Bond Action Episode Games
5906,Game: Shopping List
65758,Comic Books: The Incredible Hulk
24441,Series: B-35 (Dragon)
141,Game: Scary Tales
65638,Trivia: Disney
6027,TV Shows: Who Wants To Be A Millionaire
10567,TV Shows: CSI – Crime Scene Investigation
11086,Series: All-Pro (Ideal)
6019,Series: Country Trivia (Tactic)
3217,Game: Battlecards (DG Associates)
51225,Series: Spy Code (Yulu Toys)
19534,Region: East Frisia (Germany)
51503,Magazine: Command Japan
19598,Series: bring-along games (Ravensburger)
44313,Game: ApocalypZe (9 Kingdom)
63187,TV Shows: Paw Patrol
67723,Cities: Debrecen (Hungary)
70913,Cities: Abbeville (France)
19318,"Cities: Dodge City (Kansas, USA)"
47929,Series: Road Trip (Aquarius)
24211,TV Shows: Family Feud
18349,Series: Tracks to Telluride
5570,Video Game Theme: Honfoglaló
10331,Game: Operation
21670,Game: Math Dice
63149,Cities: Delhi (India)
18356,Series: Jim Dunnigan Tactical Aerial Combat System
13113,TV Shows: The Rocky and Bullwinkle Show
58532,History: Rif War
11268,Series: 60's 70's 80's 90's (Start Space Games)
27905,Game: 12 Realms
11750,Books: Little Raven Socks
24353,Game: Zingo!
18744,"Cities: Bologna (Emilia-Romagna, Italy)"
66270,Game: Wild Cats
139,Series: QuickStrike
18437,Game: Don't Quote Me
14077,Series: Isaac Asimov's Super Quiz (Waddingtons)
11348,Series: The Wonderful World of Disney Trivia (Mattel)
19159,"Cities: Pittsburgh (Pennsylvania, USA)"
22700,Country: Haiti
10791,Series: Hi-Q
17518,"Cities: Baltimore (Maryland, USA)"
19289,"Cities: Buffalo (New York, USA)"
19290,"Cities: Cincinnati (Ohio, USA)"
3239,Series: The Italian Campaign (Strategy and Tactics)
44853,Misc: Gaming Blind Boxes
4390,Game: Bethump'd
33532,Series: Japanese The Game
20255,Celebrities: The Beatles
67121,Crowdfunding: Boomstarter
56615,Series: Famous Authors (TSR)
24227,TV Shows: Blockbusters
70429,Components: Sound games
18458,Game: Bop It!
27065,Series: smartPLAY (Ravensburger)
21912,Characters: Funny Bunny
44349,Video Game Theme: Fruit Ninja
18234,"Cities: Dallas (Texas, USA)"
11411,TV Shows: Dallas
13438,Game: Blurt!
12812,TV Shows: House of Anubis
14841,Series: Destination ... (RTL Games)
59991,Cities: Dublin (Ireland)
11595,Books: Inkworld
9855,TV Shows: Bob the Builder
4309,Series: M.I.G. (Compete Now)
23915,Game: Warage
11405,Celebrities: Lucille Ball
3240,Series: Forgotten Axis (Decision Games)
11208,Books: Madeline
20181,Game: Simon
70453,Series: Escape from (Professor Puzzle)
7,Series: Flipsiders (Milton Bradley)
43661,States: Nevada
19247,Game: Wordquest! (Goliath B.V.)
19028,Series: Big Deal (Patch)
65768,"Food & Drink: Cannabis, Weed"
16917,Movies: Wallace & Gromit
63208,Series: Warhammer Warriors Battle Books (Games Workshop)
71126,Theme: CB radio
11540,Books: His Dark Materials
26074,Cities: Marseille (France)
39353,Series: Sports Dice Games (Lakeside)
4503,Series: ARC System
8215,Game: Dicecapades
10407,Characters: Hello Kitty
19341,Series: Lunchbox Games (Fundex)
67144,Constructions: Fort Boyard (France)
5835,Toys: Barbie
20667,Books: Diary of a Wimpy Kid
5955,Series: Duel (Clipper)
9596,Game: Pass the Pigs
10056,Series: Golden Trivia Games
58618,Series: Combat (Gameforms/3W)
21501,Books: The Hunger Games
61657,Country: Moldova
22779,"TV Shows: Once Upon a Time (Animated, French)"
17714,Books: Guinness World Records
36922,Game: ego
12987,Comic Strips: Garfield
44338,Series: Active Kids (HABA)
43647,States: Arizona
9309,Game: Skip-Bo
18216,Cities: Lübeck (Germany)
10147,Books: Goosebumps
65626,Game: Monopoly Junior
43637,Theme: Apache Tribes
21936,TV Shows: The Six Million Dollar Man / The Bionic Woman
66854,Cities: Nancy (France)
18612,Cities: Canberra (Australia)
17044,Characters: Capt'n Sharky
51410,Series: Jim Henson's Board Game Collection (River Horse)
21536,Game: Geni
2680,Toys: Masters of the Universe
62094,Brands: Campbell's
9721,TV Shows: The Muppet Show
11347,Game: Whac-a-Mole
57200,Series: Parody (Hasbro)
68436,Cities: Murmansk (Russia)
56247,Theme: Memes
66189,Authors: Mother Goose
21544,Game: The All Canadian Trivia Board Game
26451,Game: Logo Board Game
17644,Series: Spiele Minis (Ravensburger)
9556,Series: Ology board games (Templar Publishing / Candlewick Press)
20251,Celebrities: Elvis Presley
10571,Characters:  The Addams Family
58543,Series: Dreadnought combat games (SimCan / Omega Games)
71323,Theme: Stripping
5821,Video Game Theme: Carmen Sandiego
19350,Comic Strips: Dick Tracy
10443,Game: I.Q. 2000
10507,Game: Would You Rather...?
11346,TV Shows: Survivor
66157,Series: Trivial Pursuit – Editions Régionales (France)
22706,Crowdfunding: Jump Start City
17048,Comic Books: Yakari
14688,TV Shows: The Mole
63053,Game: Juduku
16691,Video Game Theme: Angry Birds
28726,Books: Heidi
62107,Books: Winnie the Pooh
24173,Game: Army vs. Aliens
27468,Cities: Remagen (Germany)
61865,Game: Carmen Sandiego
47784,Series: Imperio Cobra
4538,Series: Hero Immortal King
39603,Components: Dental Retractor
7309,Series: U-Build (Hasbro)
11020,Game: Pictureka
64945,Components: Pop-O-Matic
11399,Game: I Spy
11256,Series: Perfection (Lakeside Industries)
11409,Game: Brain Quest
7761,Authors: Dr. Seuss
13084,Series: Jackpot Dice (Onsworld)
58552,Game: Echelons
18579,TV Shows: The Price is Right
8996,Game: MiniMonFa
18580,Game: Mouse Trap
56221,Game: What Do You Meme?
25062,Game: You've Been Sentenced!
22236,Series: Funny Friends (Beleduc)
19467,Region: Gibraltar (United Kingdom)
18578,TV Shows: Deal or No Deal
43589,Series: Ideal Dice Slide
5569,Game: Capitaly (Oliver Games)
19899,Game: The Laughing Pig
62200,Series: Soda Pop Can Dice Game (Mattel)
19415,Characters: The Three Stooges
65852,Historical Figures: Donald Trump
68278,"Game: Cluedo Junior / Clue Junior (Parker Brothers, et al)"
8040,Game: Twister
57540,Toys: Bionicle
20460,Movies: Happy Feet
66166,Sports Teams: Bundesliga
28738,Characters: Bamse
17695,Series: Journey Through (Ravensburger)
22006,Movies: A Nightmare on Elm Street
66729,Cities: Mont Saint Michel (France)
28599,Comic Strips: Chicago Tribune Syndicate
19206,TV Shows: Popeye the Sailor
18060,Books: Mr. Men
34412,Toys: Fisher Price Little People
5863,TV Shows: Dora the Explorer
16842,TV Shows: Handy Manny
20523,TV Shows: Rugrats
14559,TV Shows: The Koala Brothers
10483,TV Shows: Thomas the Tank Engine
28740,Books: Babar
14582,Books: Der kleine Eisbär
9722,Books: Little Bear
11209,Books: Maisy Mouse
11406,Books: Paddington Bear
28774,Books: The Gruffalo
13479,Characters: Benjamin the Elephant
14589,Comic Strips: Rupert Bear
18576,TV Shows: Dinosaur Train
24195,TV Shows: Postman Pat
5008,Series: Wooden Balance (Daiso)
9564,Movies: High School Musical
19526,TV Shows: Bakugan
14546,Characters: Moomins
10250,Game: The Worst-Case Scenario
4280,Game: MindTrap
8505,Game: Mad Gab
21426,Books: Der Dativ ist dem Genitiv sein Tod
9589,Game: Das Kaufmännische Talent
10705,Movies: Pocahontas
10449,Toys: Littlest Pet Shop
10570,TV Shows: 24
5625,Game: Pogs
11572,Authors: Beatrix Potter
28769,Characters: Kikker & Vriendjes
19349,Movies: Ice Age
28020,Series: double-seven binary-coding dominoes (Nestorgames)
16965,Series: Senior Premium (Noris Spiele)
28661,Toys: Lalaloopsy
28070,TV Shows: Charlie's Angels
14691,TV Shows: Fireman Sam
19409,TV Shows: Peppa Pig
10761,TV Shows: The Backyardigans
10482,TV Shows: Tweenies
9308,Game: Battle of the Sexes
5836,Books: Twilight
65170,Fictional Events: Battle of Naboo
57169,Game: Never Have I Ever
10405,Movies: Ratatouille
19248,Characters: Schweine Schwarte
27687,Authors: Karl May
21959,Authors: Roald Dahl
27601,Characters: Käpt'n Blaubär
28830,Characters: Max & Moritz
19081,Characters: Pettersson und Findus
67727,Cities: Zwolle (Netherlands)
13480,Comic Strips: Spike and Suzy
75127,Creatures: Die Olchis (designed by Erhard Dietl)
27068,Movies: Ritter Rost
65029,Sports Teams: Borussia Mönchengladbach
66224,Sports Teams: Eintracht Frankfurt
65778,Sports Teams: Fortuna Düsseldorf
66345,Sports Teams: Rot-Weiss Essen
28748,Toys: Playmobil
19078,TV Shows: Bugs Bunny
17066,"TV Shows: Go, Diego, Go!"
10486,TV Shows: Teletubbies
11024,Game: Huggermugger
18522,TV Shows: Big Brother
10294,Game: Adverteasing
46244,Game: Watch Ya' Mouth
46060,Traditional Dice Games: Craps
46061,Traditional Games: Fox and Geese
11344,Game: Mars and Venus
46161,Traditional Card Games: Go Fish
17118,Books: Le Petit Poucet
11216,Characters: Sooty
16967,Characters: Spirou et Fantasio
66723,Cities: Arcachon (France)
67881,Cities: Bourges (France)
68435,Cities: Laval (France)
66233,Cities: Nantes (France)
67363,Cities: Nice (France)
67392,Cities: Reims (France)
68887,Constructions: Châteaux of the Loire Valley (France)
68763,Historical Figures: Claude Monet
69597,Islands: Noirmoutier (France)
66152,Islands: Oléron (France)
69121,Religious: Islam
66177,Brands: Harley-Davidson
40091,Series: Travel Games for Smart Kids (Goldmerk)
17513,Sports Teams: Boston Red Sox
65057,Sports Teams: Dallas Cowboys
19288,Sports Teams: New England Patriots
20273,Sports Teams: New York Yankees
19285,Sports Teams: Oakland Raiders
10391,Series: World of Eric Carle (University Games)
16860,Books: My Secret Unicorn
27499,Characters: Lassie
18056,Game: Arne
10335,Series: Pinkalicious (Fundex)
28892,TV Shows: Monster High
10573,TV Shows: Are You Smarter Than a 5th Grader?
27546,History: Battle of Thermopylae
7560,Theme: Rodeos
14850,Characters: Bozo the Clown
56058,TV Shows: Tom & Jerry
18199,TV Shows: Unser Sandmännchen
19512,Books: Hopalong Cassidy
10249,Game: Aggravation
28678,TV Shows: Betty Boop
8997,Game: The Ungame
9550,Misc: Used for Real-World Therapy
28517,Comic Strips: Dennis the Menace
14383,Toys: Filly
11753,Authors: Astrid Lindgren
28766,Books: Alfons Åberg
19077,Books: Angelina Ballerina
14557,Books: Der Kleine König
17522,Books: Jim Button
12170,Books: Lilly the Witch
28725,Books: Pippi Longstocking
19251,Celebrities: The Wiggles
28943,Characters: Caillou
19308,"Cities: Bamberg (Bavaria, Germany)"
68082,Cities: Salzburg (Austria)
73565,Toys: Gormiti
69133,TV Shows: Beyblade
10576,TV Shows: Blue's Clues
19410,TV Shows: Chuggington
68533,Cities: Brisbane (Australia)
66508,Cities: Málaga (Spain)
67350,Cities: Sainte-Mère-Église (France)
68089,Cities: Saumur (France)
18092,Movies: Police Academy
66295,Sports Teams: 1. FC Kaiserslautern
65121,Sports Teams: Celtic F.C.
66180,Sports Teams: Chelsea
66201,Sports Teams: Manchester City
19292,Sports Teams: Manchester United Football Club
65787,Sports Teams: Olympique Lyonnais
66188,Sports Teams: Rangers F.C.
65166,Sports Teams: Schalke 04
5680,TV Shows: Ben 10
19274,TV Shows: Willi wills wissen
22664,Brands: John Deere
8346,Traditional Games: Game of Goose
68500,Cities: Cherbourg-en-Cotentin (France)
68355,Cities: Grenoble (France)
68352,Cities: Nîmes (France)
5862,Toys: Bratz
11403,Game: Cootie
11025,Traditional Card Games: Old Maid
19411,Books: Felix
17146,TV Shows: Woody Woodpecker
19211,Books: The Berenstain Bears
10428,TV Shows: Little Einsteins
67865,Cities: Reykjavík (Iceland)
20335,Books: Charlie and Lola
20240,Characters: The Lone Ranger
10485,TV Shows: The Pink Panther
26531,Series: Big Box (Queen)
20512,Series: Catan Scenarios
44769,Series: Wibbell++ game system
66968,Cities: Acre (Israel)
9638,Series: Sid Sackson pencil and paper collections
68087,Cities: San Sebastián (Spain)
63,Game: Stonehenge
19224,Series: Ordino (Hachette)
74727,States: Wyoming
43651,States: Iowa
1685,Series: GRYB
74726,States: West Virginia
21621,Series: Queen Victoria's Navy (BoneGames)
9829,Magazine: Fantasy Gamer
17959,TV Shows: Charmed
19489,"Cities: Fort Worth (Texas, USA)"
9598,Series: ... in a Box (Late for the Sky)
18686,Cities: Sheffield (England)
27501,Cities: Cambridge (England)
70466,Sports: Rowing
20458,Characters: Laurel and Hardy
24993,Series: Nemesis (Nexus Editrice / Oberon Games)
11569,Country: Nepal
17614,TV Shows: Biker Mice from Mars
19461,Books: Barbapapas
19361,Game: IQ Game (Jensen)
18436,Series: Genius (Arxon)
21931,Movies: Tron
63209,Series: RuneSword (Nova Game Designs)
63532,Cities: Ho Chi Minh City (Vietnam)
66778,Series: I giochi del 2000 (Quality games)
19160,"Cities: Seattle (Washington, USA)"
11050,Game: Borderline
8353,Game: HoverTank (Winsome)
10764,Series: Roll and Score (E.S. Lowe)
26635,Historical Figures: Charles Lindbergh
65390,Components: Ice
37,Series: 1 on 1 Adventure Gamebooks
4985,Series: Max Haines invites you to An Evening of Murder
8543,Series: Life of the Party (Milton Bradley)
11970,Series: Jamie Swise Mystery Games (Just Games)
74721,States: Idaho
20470,Game: War to End All Wars
34696,Series: Famous Mystery Classic (Ideal)
4982,Series: Mysteries by Vincent
67225,Cities: Busan (South Korea)
12442,Series: Blitzkrieg in the West (Paul Rohrbaugh)
68029,Cities: Gembloux (Belgium)
66117,Word Games: Sign Language
62134,History: The Weimar Republic
11034,Series: Scene (Groovy Games / John Hansen)
11573,Series: Murder Mystery Evening
54305,Series: Partyzone (TSR)
27496,Cities: Leeds (England)
19293,Sports Teams: Aston Villa Football Club
24216,TV Shows: Let's Make a Deal
21534,Music: Pop
64231,Brands: Shipping
20515,Series: Pocket-Spellen (Interplay)
9814,Magazine: Jeux & Stratégie
24912,Series: Wargame Electronics (Epoch)
69876,Cities: Sekigahara (Japan)
57162,Series: Simulation Game SF (Tsukuda Hobby)
57163,Series: Star Wars Games (Tsukuda Hobby / Original)
51436,Setting: Tékumel
60086,Series: The Warriors of the Green Planet Trilogy of Games
6226,Series: Age of Battles (Zvezda)
63186,States: Florida
60745,Series: Armoured tactics (Tsukuda Hobby / Original)
11473,TV Shows: Idols / American Idol
65592,Comic Books: Archie Comics
65514,Comic Books: Fantastic Four
21157,Movies: The Rescuers
65632,Components: View-Master
11332,Toys: American Girl
4587,Series: Pacific Naval Engagements system (GDW)
6414,Series: Tactical WWII Naval Wargames (SimCan)
42723,Series: Clash of Eagles (Camelot Games)
17761,Toys: Tamagotchi
11066,Series: Zulu Games (Bearhug Publications)
19352,Comic Strips: Flash Gordon
10655,Islands: Caymans (UK)
10553,Books: Clifford the Big Red Dog
43559,Series: Mini-Games (Excalibre)
60085,Series: Micro Fleet (Tabletop Games)
9153,Series: Micro Warfare (Tabletop Games)
43558,Series: Panzer Battles and Sieges (Excalibre)
67346,Cities: Montevideo (Uruguay)
27470,"Cities: Weimar (Thuringia, Germany)"
13441,Country: Grenada
64370,TV Shows: All My Children
21937,TV Shows: Space – 1999
61890,Series: Principles of War – Miniature Wargame Rules (Tom Penn)
61996,Series: Pop-Up Games
8091,Series: THINK (Pressman)
10440,Series: 3M Learning Series
24550,Game: Fighter Combat (Lou Zocchi)
10614,Books: Chicken Soup for the Soul
10671,Series: Let's Go (Family Pastimes)
19143,Series: Fairitale (Tactics)
19268,Series: T.H.I.N.G.S. (Milton Bradley)
69138,Series: Air Combat (Tsukuda Hobby)
19102,"Characters: Arthur, the Aardvark"
27556,Historical Figures: Montezuma II
62239,Series: Psychos and Slashers (Gotterdamerung/Ragnarok)
58523,Series: Combat! (Critical Hit)
18649,Cities: Bremen (Germany)
10450,Game: Word for Word (GDC)
66130,Promotional: Towns / Cities / Regions
49129,Series: Knights and Magick (Heritage USA)
73439,TV Shows: Knight Rider
20492,Celebrities: KISS
57514,Series: Trivia in a Trunk (Movie Game Inc)
56176,Game: Millennium Wars
61573,Series: 20th century Wargame Rules (Wargames Research Group)
58471,History: Russo-Ukrainian War
19449,Cities: Dakar (Senegal)
66557,"TV Shows: Beverly Hills, 90210"
19075,Books: Nancy Drew
11431,Toys: Cabbage Patch Kids
72053,TV Shows: M.A.S.H.
11252,Series: Nerf Head 2 Head (Kenner)
11916,Books: The Hunchback of Notre Dame
44424,TV Shows: Saved by the Bell
19250,TV Shows: Road Runner
22004,Characters: Bicycle Kids
13242,Country: San Marino
20270,TV Shows: Barney & Friends
19142,Books: Lilly the Mouse
11498,Books: Franklin the Turtle
19543,Series: Music Maestro (AristoPlay)
70750,Series: Spielend erstes Lernen (Ravensburger)
59502,Country: Ghana
25877,TV Shows: The Munsters
27536,Cities: Calais (France)
24283,Series: All About Town
59445,History: Platine Wars
70962,Series: Mayhem (THW)
118,Series: The Shadow of the Eagle
60799,Series: Pocket War Games (Gamecraft)
43237,Series: The Great Little Game Line (Grenadier)
5867,Series: Estrategia-Simulador (Cefa)
70451,Cities: Amiens (France)
68823,Cities: Belfast (UK)
40140,Cities: Seoul (South Korea)
21821,Series: CityProGame
20162,Toys: Hot Wheels
10575,Characters: Bibi Blocksberg
21530,Music: Country
68762,Historical Figures: Vincent van Gogh
12988,Series: Discovering (Gosling Games)
28916,Books: The Rainbow Fish
6,Series: Triple-Flips (Takara)
19462,"Cities: Williamsburg (Virginia, USA)"
10148,Characters: Strawberry Shortcake
18606,"Cities: Toronto (Ontario, Canada)"
6377,Series: Canadian Wargamers Group Miniatures Rules
7792,Series: Professor Noggin (Outset Media)
58310,History: Philippine-American War
10672,Series: Somewhere in
19566,TV Shows: Count Duckula
19140,"Cities: Houston (Texas, USA)"
5820,Sports: Australian Football
28884,Celebrities: Sid & Marty Krofft
21545,"Series: States, Territories Or Provinces (STOPs)"
28356,Series: PnP-LnL Game Line (Lock 'n Load Publishing)
6265,Series: Rule For The Common Man (Peter Pig)
19302,Series: Super Jock
19207,Comic Strips: Blondie
19432,Books: Charlie Chan
9710,TV Shows: Huckleberry Hound
21068,Series: Stop-Over (CBD games)
2337,Series: Lace Wars (Red Sash)
4134,Series: Bonsai Game (daVinci)
12671,Magazine: Panzer Digest (Minden Games)
70217,Magazine: Panzerschreck Issue 18
59688,Series: Classical Hack (LMW Works)
14069,Series: AutoVentures
68820,Cities: Minsk (Belarus)
67916,Cities: Tolentino (Italy)
10582,Series: Pocket Geni (Damm / Egmont)
19442,Cities: Linköping (Sweden)
61998,Celebrities: Boardgame Celebrities
43585,Series: Paint 'n' Play (Heritage USA)
6905,Series: Het Grote Spel (Identity Games)
19053,TV Shows: Kim Possible
19464,Comic Strips: Gasoline Alley
71296,Series: Hordes & Heroes (Kallistra)
8461,Series: SS (Sho-Kikaku)
68315,Cities: Avranches (France)
5842,Magazine: Alea
26402,Series: Romanos contra Cartagineses (Rojas y Malaret)
61887,Country: Burundi
61886,Country: Rwanda
58709,History: Yamato Period
12989,Comic Books: Lucky Luke
24940,Series: If (Bandai)
20260,Cities: Stuttgart (Germany)
10110,Series: Trivia By The Pound (Rumba Games)
43650,States: Indiana
19401,Characters: Elsie the Cow
20283,TV Shows: TaleSpin
28206,Series: Wieso? Weshalb? Warum?
67410,Cities: Hakodate (Japan)
58145,History: Boshin War & Meiji Era Rebellions
28632,TV Shows: Terrytoons
14693,TV Shows: Leave it To Beaver
17110,TV Shows: A Question of Sport
73262,Series: Tri-Tac Squash games
12832,TV Shows: Quick Draw McGraw
10674,Series: Griddly Headz
6334,Series: AirWar (Wessex)
5063,Game: Battalions In Crisis!
7702,Series: Sengoku Gunyuden
20320,Characters: Where's Waldo?
13108,Country: Vatican City
68596,"Cities: Tombstone (AZ, USA)"
48326,Series: The Ion Age (Alternative Armies)
59217,Admin: Book entries that should be split
75230,Game: Some 'R' Set
71228,Game: Prehistoric Settlement
66156,Historical Figures: Davy Crockett
71437,Game: Mein Panzer (ODGW)
17754,Series: Quizmo (Media Materials)
60911,Series: World of Motor Racing (Lambourne / Owzat)
21086,Magazine: Ragnarok
66114,States: Alabama
18229,"Cities: Washington (D.C., USA)"
60701,Series: Miniplay (Hanje Spiele-Atelier)
66129,States: North Carolina
17127,Series: Alpha
6121,Game: Spanish Fury
67336,Cities: Wrocław (Poland)
66957,"Cities: Syracuse (New York, USA)"
68889,Sports: La Vuelta a España
62257,Series: Ideal Flip R'cade Games
60871,Series: Tank Battles in Miniature (Patrick Stephens Limited)
35710,Comic Books: One Piece
6496,Sports: Skateboarding
9311,Series: ... on Board
18607,Cities: Edinburgh (Scotland)
67638,Sports Teams: Sporting Portugal
61352,Series: General de Brigade
20529,Series: Polemos (Baccus Miniatures)
58609,History: Silla – Unification of Korea
7984,Series: Legend of the Galactic Heroes fleet battles
5741,Series: Sportz Dice (Tevele)
3091,Series: Warfighter (BayonetGames)
19138,"Cities: Austin (Texas, USA)"
11335,Magazine: Wargames Illustrated
18122,Series: Klix Pocket Travel Games (Tiger Electronics)
64384,Series: War Games Through the Ages (Donald F. Featherstone)
11537,Series: KRIMI total (JMCreative)
21499,Series: Freche Mädchen - freche Spiele! (Kosmos)
14583,TV Shows: Die Maus
14325,Characters: Bernd das Brot
10716,Series: Goalsystem (West Wind Productions)
59978,Cities: Aberdeen (Scotland)
19339,"Cities: Brighton & Hove (Sussex, England)"
67591,Cities: Falkirk (Scotland)
67590,Cities: Inverness (Scotland)
19338,"Cities: Poole (Dorset, England)"
27441,Cities: Basel (Switzerland)
66182,Country: Liechtenstein
14558,Books: King Matt the First
18982,Series: Mini-Lederspiele (Hiku Spiele)
21460,TV Shows: Winx Club
67725,Cities: Pavia (Italy)
73064,Series: Wit Trivia Games
69579,Cities: Kobarid (Slovenia)
19079,Toys: Groovy Girls
17521,Cities: Lyon (France)
63207,"Series: Marvel Battlebooks (BattleBooks, Inc)"
48855,Series: Battle for Andromeda
19018,TV Shows: Underdog
19317,Series: Clevermacher Lernspiel (Selecta)
4394,Series: Cirkle
19322,Series: Black Heritage (Pressman)
19538,Characters: Buster Brown
12814,Characters: Mauseschlau und Bärenstark
10641,Country: North Macedonia
11200,Series: Sure Shot (Ideal)
5816,Series: Mörderische Dinnerparty (Blaubart Verlags GmbH)
19052,Books: Der Räuber Hotzenplotz
18514,Series: Tiny Tins (Patch)
11306,Magazine: Wargames Journal
10678,Series: Kellogg's Sports games (Growth Industry Computing)
19541,Series: Great Art Close Up (Birdcage Press)
18136,Series: Go Fish for Art
68111,Game: Battle B-Daman
18684,Sports: Badminton
14855,Series: Komische (Piatnik)
154,Series: Minigames (Bad Baby Productions)
27463,Cities: Amersfoort (The Netherlands)
19319,Cities: The Hague (Netherlands)
19321,"Cities: Utrecht (Randstad, Netherlands)"
39954,Components: Marble Arches / Bridgeboards
57042,Series: Shark Party (Lone Shark Games)
17430,Series: Professor Quizzle's Trivias (RAMCO)
5887,Series: Play (Scandecor)
43657,States: Minnesota
61564,Series: Poor Bloody Infantry – WWII Miniature Rules (Peter Pig)
27465,Cities: Melbourne (Australia)
1690,Setting: Queen's Blade Universe
18528,Series: Cranium Grab & Go Games
64819,Cities: Kortrijk (Belgium)
19500,Series: Fast Track Learning (Learning Resources)
7978,Series: Ratz Fatz (Haba)
14360,Series: Was ist Was
6462,Series: Legends of the Ancient World (Dark City Games)
17636,Game: Diamino
17939,Series: Richesses (Nathan)
74799,States: Delaware
24415,Series: Leben in ...
18215,Cities: Düsseldorf (Germany)
14644,Series: Sammelsurium (Piatnik)
51257,Series: Reise Steckspiele (Spear's Games)
10690,Game: Dark Dungeon (Avalon Games)
4686,Series: Warp Skirmish
4246,Series: One Page Wars (paperworlds)
4305,Series: Oz Trilogy (Lloyd Krassner)
37345,Sports: Biathlon
63094,History: Conflicts in Colonial Brazil
19324,"Cities: Calgary (Alberta, Canada)"
24229,TV Shows: 1 vs. 100
8470,Series: Legends of Time and Space (Dark City Games)
65755,Sports Teams: Ajax Amsterdam
11333,Series: Mystery Party Game (American Girl)
18586,Cities: Liverpool (England)
27497,Cities: Newcastle (England)
67640,Cities: Swansea (Wales)
66855,Cities: Worcester (England)
71025,Game: Lace Wars (Partizan Press)
10421,Series: Yotta Know
62904,Cities: Mexico City (Mexico)
67879,Cities: Mogadishu (Somalia)
48856,Setting: Battle for Andromeda
17550,Series: Mission (Bioviva)
57104,Series: The Quickies (Ashburn Industries)
66520,Sports: Gaelic Football
5753,Series: Ultimate Quiz Kit
71301,Books: Winnetou
10679,Series: Steel and Glory System (Avalon games)
63090,Cities: Vancouver (Canada)
27530,Cities: Göteborg (Sweden)
8121,Series: Battles of the American Civil War (LPD Games)
24367,Series: Średniowiecze (Taktyka i Strategia)
4086,Series: English Civil War (TCS)
19443,Comic Strips: The Gumps
18438,Series: Multimatch (Kadon)
9725,Series: Scout (Kosmos)
19261,TV Shows: Meine Freundin Conni
66449,Sports Teams: National Rugby League (NRL)
74638,Series: Koenig Krieg
25647,Books: The Famous Five
19557,Series: Bella Sara (Conceptcard)
19445,Series: Romper Room (Hasbro)
14359,Series: Geolino
19287,Sports Teams: Pittsburgh Steelers
20399,TV Shows: The Doodlebops
21541,Series: Würfelbecherspiell (HABA)
61124,Series: Age of Eagles
12192,"Series: 1,000 Games"
63128,Cities: Santiago (Chile)
10930,Series: Lerne ... kennen (Stadt Buch Verlag Wolfgang Giesche München)
17020,TV Shows: Kabouter Plop
58539,History: Carlist Wars
20475,Series: Wings at War (Tumbling Dice)
16905,Series: kicker Fussball-Quiz (Ravensburger)
5365,Series: Big Six Mini Quiz (Novacarta)
19134,"Cities: Denver (Colorado, USA)"
25155,Series: Napoleon (Taktyka i Strategia)
19139,"Cities: Salt Lake City (Utah, USA)"
18913,Series: Das Wissensduell (Moses Verlag)
25159,Series: Wielkie Bitwy 1939-45 (Dragon / Taktyka i Stategia)
11230,Magazine: Practical Wargamer
14645,Series: Trilogía del Destino
19357,Series: Hooked on Phonics (Endless Games)
14715,Series: The Finnish Trilogy 1939-1945 (Mikugames)
24201,Series: March into Battle (Markus Stumptner)
23549,Books: Hoe overleef ik ...
67067,Cities: Taranto (Italy)
74187,Series: Picture (Selecta Spielzeug)
71018,Sports: Field Hockey
17099,Comic Books: Dan Dare
19983,Books: Fancy Nancy
19484,Series: Master Europa
16970,Series: Little Storm (Four Esses)
61863,Series: War for Southern Independence (Calumet Armchair Games)
68213,Cities: Caracas (Venezuela)
27461,Cities: Wuppertal (Germany)
68761,Historical Figures:  Wolfgang Amadeus Mozart
17027,Series: Mein erstes Naturspiel (Ravensburger)
17028,Series: Lern Spiel-Club (Schmidt Spiele)
19550,Sports Teams: Los Angeles Lakers
19020,Series: Planet der Sinne (HABA)
27448,"Cities: Osnabrück (Saxony, Germany)"
60884,Series: Panzer Korps Miniature Wargame (Hoplite Research Games)
12201,Series: 1x1
5715,Series: Top 3 (Kosmos)
58925,"Series: Look, Sarge, No Charts! (LMW Works)"
43611,"Cities: Fargo (North Dakota, USA)"
16985,Series: Quiz & Co. (Ravensburger)
27430,"Cities: Bielefeld (Westphalia, Germany)"
19309,"Cities: Braunschweig (Lower Saxony, Germany)"
27425,"Cities: Darmstadt (Hesse, Germany)"
21664,Cities: Karlsruhe (Germany)
27424,Cities: Kassel (Germany)
27428,Cities: Kiel (Germany)
19313,"Cities: Mainz (Rhineland-Palatinate, Germany)"
19314,"Cities: Mannheim (Baden-Württemberg, Germany)"
27450,Cities: Mönchengladbach (Germany)
19315,"Cities: Münster (North Rhine-Westphalia, Germany)"
27449,Cities: Oberhausen (Germany)
19463,Series: Künstlerische Spiele (Scholz)
10668,Game: Bandthology
73092,Series: Topps Attax CCGs
19414,Comic Strips: Moon Mullins
23533,Game: Cityopoly
66773,Cities: Turku (Finland)
17035,Series: U-Play (Two Hour Wargames)
4087,Series: Battles of the Middle Ages (TCS)
56214,Series: 4M Dig & Play series
21526,Game: Silly Sentences
73604,Game: Snap It Up!
4844,Series: Warp Quest (Warp Spawn Games)
35988,Magazine: CounterFact
23671,TV Shows: Maya the Bee
5803,Series: Sandy Hook Battle Games
17120,Characters: Piet Piraat
19358,Series: Quick Picks (Endless)
10675,Series: Wise Alec
59499,Series: NavTac (Minden Games)
67589,Cities: Stirling (Scotland)
6508,Series: Don Q. Series
46727,Cities: Kaiserslautern (Germany)
6579,Series: Texas (Piatinik)
12813,Books: Klaus die Maus
66235,Islands: Guadeloupe (France)
67423,Cities: Odessa (Ukraine)
20244,Game: Mälumängudoomino
65824,Series: Monopoly Villes et Régions
66865,Cities: Angers (France)
67846,Cities: Beauvais (France)
68499,Region: Romandy (Switzerland)
68083,Cities: Montpellier (France)
67068,Cities: Rennes (France)
66979,Cities: Saint Etienne (France)
67844,Cities: Toulouse (France)
67728,Cities: Limoges (France)
61934,Series: Skirmish Campaigns Books (SkirmishCampaigns)
7007,Series: Yvio
3092,Series: Nyomozó
20580,Series: Tingo Das Eltern+Kind Spiel (Jumbo)
7546,Series: The Glory That Was (TCS Games)
20231,Series: Groovy Tubes (Innovative Kids)
8345,Series: In the Trenches (Tiny Battle Publishing)
21705,Admin: Test Family for revision
1,Test Family
5829,Series: 1 on 1 Sports Bucket
66523,Series: Adventure Game Starter Sets (Heritage USA)
6291,Series: Naval Thunder (Steel Dreadnought Games)
11755,TV Shows: Shaun the Sheep
6357,Series: Fantasy Nations (Roaming Panther Game)
9018,Series: Fra meg til deg (Damm / Egmont)
55304,Series: Black Stories Junior
62994,Series: Twilight (Pike and Shot Society)
63066,Country: Armenia
6388,Series: 30 years war (TCS)
47196,Setting: Infantry Hybrid Media Universe
73391,Magazine: La Vivandiére
18189,Series: Game Tasters (Hasbro)
67863,"Cities: St. Augustine (FL, USA)"
6021,Series: Let's Learn... (Tactic)
6441,Contests: Sneaky Sci Fi
5919,Series: Smart 7
6025,Series: Frågekort (Tactic)
35711,Series: Tietopeli (Tactic)
5145,TV Shows: Fredi Ja Batonaatori Seiklused
68631,Cities: Clermont-Ferrand (France)
68694,Cities: Magdeburg (Germany)
18232,"Cities: San Diego (California, USA)"
17580,Game: C'est pas Sorcier
12419,Series: Die kleinen Lerndrachen (Kosmos)
10376,Series: Das kleine Quiz (HUCH!)
25658,Series: Tixel
57476,Series: American Civil War (Vae Victis)
5064,Series: 100 Points Card Games
63071,Country: Azerbaijan
19356,Series: Kreuz und quer durch
59987,Holidays: Sinterklaas
6024,Series: Milliarder (Top Games)
17376,Series: Pacific Islands Campaign (Grognard Simulations)
17125,Series: Cat's (François Petit)
17952,Series: Qube (Alga)
6022,Series: Lexico (Tactic)
74825,Comic Books: Fix und Foxi
21889,Series: Bürgermeisterspiel
59475,Series: Wars of Empire (Real Time Wargames)
6023,Series: LogIQ (Tactic)
6026,Series: What Everyone Should Know About... (Tactic)
36324,Series: K-2 (Taktyka i Strategia)
35925,Series: East Front Battles (Decision Games)
71450,Series: 1794 Kościuszko Uprising (Strategemata)
8054,Series: World's Greatest (Algonquin Games)
4906,Series: OctoPi games
68612,"Cities: Charleston (SC, USA)"
21067,Series: Terra Kids (HABA)
18207,Series: Grupello Quizes
21553,Books: Die Lieben Sieben
21393,Series: Welt des ...
8265,Series: Wend
24965,Game: Death Ride
71970,Series: Death Ride Kursk (GSI)
18187,Series: Das Ü Party- and Quizgames (Spiel&Spass)
6901,Components: Nestortiles
14554,Series: 3 mit Kopf & Pfote
19029,Movies: Prinzessin Lillifee
22818,Series: The Second World War (Diffraction Entertainment)
10143,Series: Tin-Tastic Games (Paul Lamond Games)
10402,Series: Decision Day Fantasy
67707,Cities: Rio de Janeiro (Brazil)
7754,Series: American Civil War in 3D (Wargame Shop)
23462,Series: Brothers at Arms (Wargame Shop)
75281,Series: SuperMark (Four Esses)
19359,Series: Memo Extra (Jumbo)
26539,Game: Reindeer Races
18343,Components: iGo pyramids
60902,Game: ShadowSea
75168,Game: Raon
59230,Country: Georgia
58388,History: Russo-Georgian War
66718,Cities: Zaragoza (Spain)
72654,Series: Mini Games (Mücke Spiele)
21467,Game: HitStory
73733,Cities: Norrköping (Sweden)
17452,Misc: Global Game Jam
9724,Series: Linkology (Learning Resources)
16964,Series: Stern Wissensquiz (Jumbo)
21531,Game: Pop the Question
19719,Series: Fantail
46612,Series: Darake
73105,Movies: How to Train Your Dragon
38257,Series: Armored Knights (GSI)
59696,Series: Incredible Courage (GSI)
10273,Series: Times Seven
35924,Series: WWII Operational (Decision Games)
10691,Series: Memory Challenge (The Op)
38248,Series: Pacific Battles (Decision Games)
10610,Magazine: Imagine
11323,Series: Backyard Nature (Tactic)
14411,Series: Für den Urlaub (Noris Spiele)
71973,Series: Death Ride Salerno (GSI)
68732,History: Time of Troubles (Russia)
59692,Series: Command Combat Civil War (Bandwagon Games)
14272,Series: Wissens-Quiz für Kinder
46126,Series: Die A-Serie (Bayerwald-Spiele)
23971,Series: Moral Conflict (Playford Games)
63221,Series: Lost Worlds Dino Fight Series (Greysea Games)
58074,Series: Vive la France Empire (Acies)
13976,Game: Kings Plate
14064,Series: Pocket Quiz (moses. Verlag GmbH)
27437,"Islands: Sylt (Schleswig-Holstein, Germany)"
14075,Series: Erstes Wissen (Noris Spiele)
59205,Series: Sea Lords (Red Sash Games)
14277,Series: Gamedisk (Noris Spiele)
14278,Series: Sehen Spielen Lernen (Noris Spiele)
16851,Magazine: Lissy
18630,Series: Quiz-Fächer Pocket-Quiz (Noris Spiele)
14438,Series: Urlaubsländerquiz
14439,Series: Wissensquiz (HABA)
46173,Series: Gameshop Games (Todd Sanders)
14556,Series: Bibi Blocksberg Hexenprüfung
14754,Game: ZOMBIE APOCALYPSE
19316,"Cities: Wiesbaden (Hessen, Germany)"
16794,Series: Tales to Play (Patch Products)
16844,Series: Quiz&Spiel (Ravensburger)
16854,Series: Professor Sielmanns Naturquiz (Kosmos)
16987,Series: Wer-Wie-Was Warum + Wo?!
17523,Series: Ni Oui Ni Non (Megableu)
16904,Game: Quick-Quiz (ASS)
20139,Series: La boîte
17071,Series: Spiel Aktiv (Ravensburger)
61558,Series: Victory Decision World War II (A.D.Publishing)
17115,Series: Elexikon (Ravensburger)
17123,Game: Verbilico
21382,Series: A Weekend in ...
17429,Series: Quiz to Go (Compact Verlag)
27447,"Cities: Bochum (Westphalia, Germany)"
25541,"Cities: Freiburg (Baden-Württemberg, Germany)"
27427,"Cities: Göttingen (Saxony, Germany)"
27433,Cities: Wolfsburg (Germany)
17713,Game: Vocabulon
21463,Series: Experten Quiz
60901,Game: DeepWars
19494,Series: Blind Test
18014,Series: Limited Too
21075,Series: Lernspiele für Jung und Alt (Komet Verlag)
18100,Series: Auto Games (University Games)
18146,Series: Fußball-Quiz (Teepe Sportverlag)
18143,Game: Star Confrontations
65016,Sports Teams: Hamburger SV
18174,Series: Japanese Fleet (Victory Games)
18185,Series: Jahre Quiz (Noris Spiele)
19015,Series: quiz-games (NSV)
27442,Cities: Tübingen (Germany)
18759,Game: Mathul8
18345,Series: Imperium Chronicles (Imperium Group)
21333,Series: Funky Party Games (Moses Verlag)
25552,Game: Strike Legion
18594,Series: Das Quiz (Ars Vivendi Verlag)
18628,Series: Natur-Quiz (Kosmos)
18629,Series: Quizfächer wissen.de (ASS)
19073,TV Shows: Tabaluga
20516,TV Shows: Mr. Buckethead Adventure Game
23553,Magazine: The Gamer
19156,Series: Big Little Games (Patch Products)
64926,Cities: Santiago de Compostela (Spain)
19260,Series: Young Panda (Kosmos)
19262,Comic Books: Die Olchis
60814,Game: Close Quarters (Legionnaire Games)
19436,Series: De Basisschool Quizes
19535,Series: Bibelot Games Midnight Collection
27446,Cities: Hamm (Germany)
70221,Game: Qué Ves?
20510,Series: Wild Cards (Birdcage Press)
19714,TV Shows: Mia and me
19632,Series: Sonix
72649,Series: ZombieZone
20090,Series: 4x for preschoolers and young schoolchildren
20088,Series: Fit für den Einschulungstest (HABA)
22800,Series: Happy Family (Noris Spiele)
24974,Series: German dialect-swearwords/sayings (Anaconda)
20448,Series: Victoria's Battles (Frank Capotorto)
26575,Series: American War of Independence (TwoBuckGames)
26673,Series: Tell Me a Story (eeBoo)
20645,Series: Decouvrir (Ludix)
20734,Series: Keelekärg (Koolibri)
20698,Series: Cassette Juego
62045,Game: VBCW – A Very British Civil War
22042,Series: Connect with Pieces (WizKids)
27466,Cities: Lüneburg (Germany)
21197,Series: Wer kennt? Das Original Stadtquiz
27435,"Cities: Saarbrücken (Saarland, Germany)"
21196,Series: Wer kennt? Das Original Regioquiz
21330,Series: KunstQuiz (Moses Verlag)
21394,Series: TOP ASS Giga Quiz (Alternburger Spielkarten)
21458,Series: Think Smarter!
21464,Series: Das grosse Experten-Quiz (Heel)
22946,Series: Was ist Was Quizblock
21532,Series: Music and TV Trivias (Spinning Hat)
41524,Series: Octonovem (Marek Łukaszewicz)
21542,Game: Charades In-A-Box (Outset Media)
24617,Series: Designer's Edition (Piece Craft)
43610,"Cities: Colmar (Alsace, France)"
67633,Cities: Dijon (France)
62414,Cities: Liège (Belgium)
41315,Cities: Dubai (UAE)
24563,Series: Silhouette (Noris Spiele)
22088,Series: Zeitung (Süddeutsche Zeitung)
63214,Game: Slicks
22331,Components: Mystique Deck
55013,Series: Loewe Verlag Logli
25573,Game: TKG ARENA
43057,Series: Battle over Britain (Minden Games)
22840,Series: WorldWise
25638,Series: Simple500 (Kuro)
61198,Series: Adidoku
22963,Series: Wissen gut dosiert
22964,Game: Bulwark
23286,Series: Advantage Sports
23230,Series: Dubbel en Dwars
23277,Series: Lernquiz (Kallmeyer)
35752,Series: Impact and Melee (Rosser Industries)
23710,Series: Play with History (Gothic Green Oak)
25099,Series: Small Box (Peliko)
61889,Series: TV-Serials (Nürburg Spiele)
27464,Cities: Adelaide (Australia)
60480,Series: Standard Deck Activation System (High Flying Dice Games)
62285,Series: The Balance (Gravity Board Games)
26387,Game: MindMaze
27850,Series: LR 17-19c Grand Tactical (Lance Runolfsson)
24555,Series: Landkreisspiel (Spieleverlag Horst Pöppel)
25137,Series: Disney Princess Pop-Up Magic
24721,Series: DIY Kit (Piece Craft)
24959,Series: Nova Suecia (Nicholas Hjelmberg)
24886,Series: Meine erste Spielwelt Bauernhof (HABA)
61975,Series: Warbirds (Steve Pancrazio)
25138,Series: Bibelot Games Piratical Collection
57567,Series: Husaria (Taktyka i Strategia)
59209,Series: Battles of the XXI Century (Taktyka i Strategia)
44392,Series: Great battles of Small Units (Strategemata)
59200,Series: Warrior Kings Campaign (High Flying Dice Games)
44065,Game: Twizmo!
25359,Series: 10 Die Survival Game
71406,History: World War II (Italian Resistance)
25712,Series: On-board with IT (Nigel Hopkins)
26179,Series: Sjov Gennem... (Palet Spil)
74010,Series: Forest of Wyr
37081,Game: Ghost Hunter
60018,Game: FiveCore
23532,Promotional: Promo Cards
35261,Game: Jippijaja Quiz
36552,Game: Dungeon Storming
28378,Series: Combat Leader (Minden Games)
26450,Magazine: Yaah!
28237,Series: Shields and Swords (Tiny Battle Publishing)
75239,Series: One-Minute Wargames
26653,Series: Mes 1ères Enigmes (Bioviva)
27906,Series: Die kleinen Feinen (Spieltrieb)
43615,Game: Story Time Dice
26816,Series: Collectible Postcard Game (Tak-Tyx)
26912,Series: IQ Bingo (moses.Verlag)
59045,Series: Platoon (Berserker Games)
27062,Series: Krimi-Küche
35328,Series: VERBA (The Pericles Group)
67149,Sports Teams: Lille OSC
68826,Cities: Nanjing (China)
40329,Series: Mont-à-mots (Ludik Québec)
65670,Cities: Belgrade (Serbia)
56953,Series: The Propeller Rotates and the Engine Roars (Lumaca Games)
72181,Series: Cult Film postcards (Button Shy)
70436,Country: Montenegro
28890,Series: Ene Mene Muh (Schmidt Spiele)
30471,Series: Blood Before Richmond
32535,Series: Duelo Primigenio
28963,Game: Neo-Hunt
42770,Game: Pub Battles (Command Post Games)
44819,Game: Box Quiz
37624,Game: Ogoola Karuta
28972,TV Shows: Masha and the Bear
35114,Game: Röda Tråden
28440,Game: Star Wars Box Busters
71223,Game: Setting The East Ablaze!
36898,Game: Ophidian 2360
34355,Series: Il Gioco delle Battaglie Blux Box (Atlantic)
67343,Cities: Poznań (Poland)
59642,Series: The Somme 1916 (Vexillia Limited)
66257,Game: Super Pocket League Extreme Wrestling
62003,Promotional: Watch It Played
37531,Series: Consumable 1-Sheet (Prettiest Princess Games)
61400,Game: Larklamp
66540,Game: Tag Team
36878,Series: Stormcloud Attack
63065,Game: This That & Everything
50463,Series: Pelle (Goldmerk)
37432,Series: Qu-MAT Add-On Games (Quxacto Games)
37653,Series: LOLZ – The Gift of Laughter!
50571,Series: Rally 'Round the Flag! (Sean Chick)
37848,Series: Taskutark (Loovhoog)
39413,Game: The Plot Thickens
65048,Game: Sucesos Argentinos
40222,Series: XTG3
73425,History: Nagorno-Karabakh conflict
53637,Series: IQ (Granna)
74973,Series: Panzer Orders (Matt W White)
42234,Series: SimplyClever.Cards (Simplicatus Games)
46663,Series: Pick Your Battle (Toresh Games)
54510,Game: Discovery – The Evolution Game
41856,Contests: Two-Player Print & Play Design
55025,Series: Matchbox Games (Ginger Fox)
70003,Series: Premier Arrivé (Editions Dusserre)
66234,Series: Nanodaptions (Button Shy)
66231,Series: Select 250 Games (Button Shy)
43146,Series: Lanterns The War of the Lights (Hugo Ferreira)
44429,Series: Last Full Measure (Uhlan Games)
46198,Series: Paperboys games (Helion and Company)
51187,Series: Super Genius (Blue Orange Games)
61939,Series: Battles of the Old Northwest (High Flying Dice Games)
58714,Series: Stadt Land Spielt! Sonderdrucke
75142,Theme: Dystopian Age
46972,Magazine: ioGioco
55918,Series: Rolling CUBES (CreativaMente)
59291,Series: Land of Confusion (Paul Rohrbaugh)
58202,Series: F.L.O.A.T.
59750,Game: Sussed!
72182,Series: One-Hit Wonder Songs postcards (Button Shy)
60709,Series: War of 1812 Campaigns (Worthington's)
66720,Cities: Santander (Spain)
41379,Series: Second Great War (Avalanche Press)
60926,Series: Legendy Polskie (Granna)
47786,Magazine: Chimaera
48437,Series: Legio VI (Legio Wargames)
74735,Game: Invocación Fronteras
55926,Series: Pairs Game series 2018 (Game Trade Magazine)
57392,Game: Fistful of Lead
57930,Series: Scratchees (Decipher)
51395,Setting: Legends of Dsyx (Button Shy)
60116,Series: Pocket Investigations (Argyx Games)
52496,Series: Story Game (Tactic)
71784,Series: The Bitter End series
50481,Contests: Nathan Hansen 52 Game Design Challenge
42064,Series: Avalanche Press Gold Club Golden Journal Supplements
49863,Series: Wars Across the World (Aleph Game Studio)
52488,Series: Stocking Stuffer Collection (New Experience Workshop)
62211,Game: Strontium Dog (Warlord Games)
51273,Game: Brave Architect
51440,Series: Play Again (Kang Hsuan)
69139,Ancient: Bagan
58500,Series: Procedurial Combat (Ray Weiss)
67278,Series: Combat Boots (Dark City Games)
54420,Series: Paper Pinball (Metal Snail Idea Workshop)
71404,Game: Oathmark
54049,Series: Adventure Post
71102,Game: Mortal Gods (War Banner)
66443,Game: MechAge
60382,Cities: Ratingen (Germany)
66377,Game: Tempus Quest
57575,Series: OPIAL (Robert M. Carroll)
71779,Series: Hyper Battle Kaiju Fight
70362,Series: Escape Adventures (TOPP)
75334,Series: World War 3 (Taktyka i Strategia)
70715,Series: DAMOS (Conflict Simulations)
56503,Series: OpozO Games
56512,Series: Board Games (Lite Lion Europe)
60345,Series: Five for Fighting (Against the Odds)
62064,Game: Flames of War – Late-War
66550,Setting: Bot War
66965,Series: District Commander
73151,Game: Scharz
57376,Magazine: The Courier
64751,Series: Langland (Pegasus Spiele)
68311,Game: SINS – The Deck Builder
68554,Setting: SINS
59535,Series: Game Mashups (Hasbro)
59294,Series: Blinks
74011,Series: Rockport
62197,Game: Judge Dredd Miniature Game (Warlord Games)
59476,Series: Paper Battles and Dioramas (Soldiershop Publishing)
59600,Series: Tactical Two Pager games (Morningstar)
72389,Series: Micro Wargame (Micro RPG)
60822,Game: Deluxe Advanced Squad Leader
66842,Series: Intime Conviction (Editions Fika)
69947,Game: King of the West
74837,Series: Tech Deck
59694,Series: Hammer (Nordic Weasel Games)
59734,Series: In-Sight System (Nordic Weasel Games)
60000,Series: Ekimei Shirushi SPEED (Sai-taniya)
60319,Series: Frontline Books (Red Octopus)
71261,Series: Math Rush
60142,Setting: Relic Worlds universe
61893,Series: The World Undone System (Conflict Simulations)
60451,Series: Frontline Command (Frontline)
60908,Series: Victory at Sea (Warlord Games)
61079,TV Shows: Ellen's Games
62262,Game: World War III – Team Yankee 2 (Battlefront)
61257,Series: 18th Century Wars of Absolutism
73597,Promotional: Ludoty Box
61852,Series: Fast Play Naval Rules (Small War Games)
61851,Series: Two Page Rules (Small War Games)
71194,Game: Battlespace (Table Salt Gaming Designs)
65052,Game: Blood Red Skies – Korean War
65130,Series: Taxi Board Game (Taxi Game Ltd)
62423,Game: Unlikely Heroes (Luudos Studio)
68867,Cities: Brno (Czech Republic)
64965,Cities: Charleroi (Belgium)
62891,Series: War & Write (Formosa Force Games)
66961,Game: Trolling for Trouble
71480,Series: Stefan Feld City Collection
70235,Series: Scarlet Envelope
63126,Game: 5150 – Bugs
63334,Magazine: Panzerschrek #17 (Minden Games)
70149,Series: Escape The Box (TOPP)
68347,Game: Masters of the Universe – Fields of Eternia
64371,Islands: Réunion (France)
64807,Game: Bolt Action – Tank War
65678,Game: BEST 11 Board Game – Il Gioco dei Campioni
63134,Game: Flames of War – Mid-War
73770,Series: Trilogy of Lost Hope (Hopeless Games)
66111,Series: Cube (La Geste)
71400,Series: Dice Trip
69398,Series: Crimibox
73258,Series: Mord bei Tisch
69899,Series: Guess in 10
71969,Series: Death Ride Normandy (GSI)
73121,Series: Magical Bakery
67175,Series: Murder Mystery Games (Culinario Mortale Inc.)
69743,Series: Instant (Centroid Games)
71186,Series: Trapped (SolidRoots)
67880,Series: Random Fun Generator (Steve Jackson Games)
68114,Cities: Nevers (France)
65053,Country: Mauritius
72503,Group: Irregular Conflicts Series (GMT)
69626,Cities: Orsha (Belarus)
70465,Series: Carta SRD
70946,Game: Ruthless – Wild West rules
73264,Series: Crimes & Capers
74905,Series: AdvanceQuest
73331,Crowdfunding: Produzioni dal Basso
73778,Game: Divinus
72463,Series: 50 Clues – The Maria Trilogy
71119,Series: Arcana of Love (Starhouse Games)
71255,Game: Guts ‘N Glory (Operation Torch Design Group)
71290,Game: Imperi e Feudi (Chillemi)
71293,Series: Poesía a la Carta
73768,Series: Detecteam Family (Lifestyle Boardgames)
75077,Series: Experior
72215,Series: Pewter Heroes (Gam'inBIZ)
72448,Game: Time Vs. Ninja
73599,Series: Role Playing Wallet Line (Button Shy)
72046,Game: Ticket to Ride (fan expansions)
62125,Game: Blood Red Skies – Imperial Japanese Air Force
62121,Game: Blood Red Skies – United States Army Air Forces
72673,Series: Escape Quest
74697,Series: Crime Scene (Tactic)
73211,Series: SNACKBOX Mini Game Series – Collection One
73215,Series: Nano9games
65763,Players: Expansions Adding Cooperative Play
73682,Series: The Strawman Variations
75234,Series: Quiznight
75313,Game: Fire for Light
75312,Series: Titan World
75148,Series: Escape the Crate
75223,Series: Isaludo (Wilhelm Su)
43555,Game: Arkham Horror TCG – The Dunwich Legacy
62218,Game: Arkham Horror TCG – The Path to Carcosa
62219,Game: Arkham Horror TCG – The Forgotten Age
63338,"Promotional: Man vs. Meeple, Season 1"
63339,"Promotional: Man vs. Meeple, Season 2"
62220,Game: Arkham Horror TCG – The Circle Undone
60846,Series: Historical ASL Modules
17175,Series: Carcassonne Minis
62221,Game: Arkham Horror TCG – The Dream-Eaters
63450,Game: Memoir '44 – The Battle Map Series
39378,Promotional: Box of Promos
67033,Game: Arkham Horror TCG – The Innsmouth Conspiracy
13504,Country: Barbados
13505,Country: Saint Lucia
24166,Promotional: Mayfair Expansions
43236,Promotional: Brettspiel Adventskalender
74451,"Game: Final Girl, Series 1"
62000,Promotional: Dice Tower
73219,Game: Battletech Alpha Strike
73275,Game: Arkham Horror TCG – Books & Replacement Cards
33818,Series: ASL Annuals
62006,Promotional: Game Boy Geek
62356,Series: MicroQuest (Metagaming)
23395,Magazine: The General
73357,Series: Battletech Technical Readout
41059,Series: 999 Games Playmats
59432,Series: Carcassonne Maps
73274,Game: Arkham Horror TCG – Challenge Scenarios & Parallel Investigators
59813,Series: Power Rangers Heroes of the Grid Phase 2
62002,Promotional: The Secret Cabal
10429,Game: Call of Cthulhu – The Card Game – Asylum Packs Set 3 (Fantasy Flight Games)
62249,Series: AADA Guides (Steve Jackson Games)
62005,Promotional: Man vs. Meeple
140,Series: Aggravating Series of Expansions
21926,Magazine: Plato Worldwide
9856,Magazine: Critical Hit
13388,Series: ASL Euro-Pack Scenarios
14358,Magazine: Schwerpunkt
33487,Series: Dezign Pak (East Side Gamers)
62299,Game: Killer Bunnies Omega Series Promo Cards
62301,Game: Killer Bunnies Psi Series Promo Cards
62298,Game: Killer Bunnies Nu Series Promo Cards
63543,"Warhammer 40,000: Imperial Armour Sourcebooks"
73584,Series: Battletech Historical sourcebooks
73212,Series: Battletech Turning Points
70787,Magazine: Captain's Log
13387,Magazine: Recon by Fire
59631,Series: Pint Sized Campaigns for Chain of Command
26511,Game: Flags of Valour
31794,Series: Gold Club Pleasure Enhancements (Avalanche Press)
73188,Series: Battletech Spotlight On
62122,Game: Blood Red Skies – Royal Air Force
62123,Game: Blood Red Skies – Luftwaffe
62124,Game: Blood Red Skies – Soviet Air Force
73037,Series: Warfighter Vehicles (DVG)
62004,Promotional: Tantrum House
69480,Series: Warfighter Battle Packs (DVG)
71479,Series: BLASTER Games Anthologies
63768,Series: mid-18th century Table-top Teasers (Charles S. Grant)
63349,Series: Refighting History (Charles S. Grant)
69422,Series: CWASL (Critical Hit)
69483,Series: GWASL (Critical Hit)
74824,Series: Battletech Premium Battlemats
73162,Series: Battletech Recognition Guide
73196,Series: Battletech Touring the Stars
74247,Series: Battletech – Shrapnel Magazine
74452,"Game: Final Girl, Series 2"
