id,name
221107,Pandemic Legacy: Season 2
30549,Pandemic
28720,Brass: Lancashire
328871,Terraforming Mars: Ares Expedition
296108,Terraforming Mars: Dice Game
12493,Twilight Imperium: Third Edition
120677,Terra Mystica
25613,Through the Ages: A Story of Civilization
9609,War of the Ring
341169,Great Western Trail (Second Edition)
226320,My Little Scythe
191977,The Castles of Burgundy: The Card Game
232988,The Castles of Burgundy: The Dice Game
68448,7 Wonders
256916,Concordia Venus
65901,Age of Industry
224517,Brass: Birmingham
220308,Gaia Project
128621,Viticulture
287275,Orléans Stories
201808,Clank!: A Deck-Building Adventure
182340,Star Trek: Frontiers
72125,Eclipse
8217,San Juan
166669,San Juan (Second Edition)
220520,Caverna: Cave vs Cave
31260,Agricola
23985,Midgard
200680,Agricola (Revised Edition)
119890,Agricola: All Creatures Big and Small
255262,Agricola: All Creatures Big and Small – The Big Box
210625,Agricola: Expansion for 5 and 6 Players
205418,Agricola: Family Edition
102794,Caverna: The Cave Farmers
314040,Pandemic Legacy: Season 0
161936,Pandemic Legacy: Season 1
83330,Mansions of Madness
287682,Pax Expanse
155255,Pax Pamir
198843,Pax Pamir: Khyber Knives
324856,The Crew: Mission Deep Sea
33434,Funkenschlag: EnBW
39336,Mégawatts
155873,Power Grid Deluxe: Europe/North America
203780,Power Grid: The Card Game
106662,Power Grid: The First Sparks
12166,Funkenschlag
17226,Descent: Journeys in the Dark
104162,Descent: Journeys in the Dark (Second Edition)
286063,The 7th Citadel
283317,The 7th Continent: Classic Edition
354886,Mit Quacks & Co. nach Quedlinburg
262477,Mercado de Lisboa
346965,Azul: Queen's Garden
256226,Azul: Stained Glass of Sintra
287954,Azul: Summer Pavilion
246900,Eclipse: Second Dawn for the Galaxy
182028,Through the Ages: A New Story of Civilization
352179,Astro Knights
1301,Netrunner
205597,Jump Drive
255692,New Frontiers
132531,Roll for the Galaxy
233371,Clank! In! Space!: A Deck-Building Adventure
266507,Clank!: Legacy – Acquisitions Incorporated
192455,First Martians: Adventures on the Red Planet
283948,Marco Polo II: In the Service of the Khan
316377,7 Wonders (Second Edition)
173346,7 Wonders Duel
346703,7 Wonders: Architects
262941,Dominant Species: Marine
96260,Dominant Species: The Card Game
252446,Key Flow
205507,Key to the City: London
284083,The Crew: The Quest for Planet Nine
284818,Caylus 1303
27364,Caylus Magna Carta
340466,Unfathomable
233078,Twilight Imperium: Fourth Edition
26055,Twilight Imperium: Second Edition
284584,Troyes Dice
209419,Dominion: Intrigue (Second Edition)
301880,Raiders of Scythia
257499,Arkham Horror (Third Edition)
15987,Arkham Horror
338460,The Isle of Cats: Explore & Draw
264239,Patchwork Doodle
246639,Patchwork Express
19419,Euphrates & Tigris: Contest of Kings
244114,Yellow & Yangtze
328124,Bot Factory
109276,Kanban: Driver's Edition
301628,Codenames: Blizzard Edition
28143,Race for the Galaxy
209418,Dominion (Second Edition)
184207,Het Koninkrijk Dominion
260428,Pandemic: Fall of Rome
329670,Pandemic: Hot Zone – Europe
301919,Pandemic: Hot Zone – North America
198928,Pandemic: Iberia
192153,Pandemic: Reign of Cthulhu
234671,Pandemic: Rising Tide
150658,Pandemic: The Cure
342848,World of Warcraft: Wrath of the Lich King
264637,Yokohama Duel
335736,Yokohama Roll & Write
22827,StarCraft: The Board Game
297562,Kemet: Blood and Sand
336849,Kemet: Blood and Sand – Kickstarter Edition
42052,Vinhos
33160,Endeavor
17133,Railways of the World
27833,Steam
129437,Legendary: A Marvel Deck Building Game
179303,Cthulhu Realms
198994,Hero Realms
155689,Dungeons & Dragons: Attack Wing
139771,Star Trek: Attack Wing
252328,Star Wars: X-Wing (Second Edition)
191004,My First Stone Age
327711,It's a Wonderful Kingdom
218208,Ticket to Ride: First Journey (Europe)
9209,Ticket to Ride
281075,Welcome to New Las Vegas
339789,Welcome to the Moon
260937,Welcome To... Mini
235488,Istanbul: The Dice Game
349067,The Lord of the Rings: The Card Game – Revised Core Set
354892,Auch schon clever
316546,Clever Cubed
269210,Twice as Clever!
230802,Azul
164153,Star Wars: Imperial Assault
115746,War of the Ring: Second Edition
241611,We Are The Word
318553,Rajas of the Ganges: The Dice Charmers
124361,Concordia
171623,The Voyages of Marco Polo
551,Battle Cry
316287,Quest
317030,Quest: Avalon Big Box Edition
162890,The Resistance: Hidden Agenda
163322,The Resistance: Hidden Agenda & Hostile Intent
41114,The Resistance
142303,Railways Express
68228,Railways of the World: The Card Game
4098,Age of Steam
343562,Horrified: American Monsters
258036,Between Two Castles of Mad King Ludwig
326945,Castles of Mad King Ludwig: Collector's Edition
223278,The Palace of Mad King Ludwig
66362,Glen More
298572,Cosmic Encounter Duel
313010,Cosmic Encounter: 42nd Anniversary Edition
204837,Game of Thrones: The Iron Throne
15,Cosmic Encounter
40529,Cosmic Encounter
40531,Cosmic Encounter
318009,Dinosaur Island: Rawr 'n Write
317457,Dinosaur World
6472,A Game of Thrones
209003,Commands & Colors: Medieval
62222,Commands & Colors: Napoleonics
259066,Commands & Colors: Samurai Battles
343588,Suburbia + Inc.
267367,Suburbia: Collector's Edition
172381,My Village
231819,Sonar
157809,Nations: The Dice Game
355276,Batman: Everybody Lies
293531,Detective: A Modern Crime Board Game – Season One
329713,Dune: House Secrets
299255,Vienna Connection
249821,Codenames: Harry Potter
300300,Chronicles of Crime: 1400
302098,Chronicles of Crime: 1900
302312,Chronicles of Crime: 2400
293296,Splendor: Marvel
290359,Undaunted: North Africa
59753,Priests of Ra
35503,Ra: The Dice Game
12589,Razzia!
341945,La Granja: Deluxe Master Set
195528,La Granja: No Siesta
6779,The Ark of the Covenant
230751,Carcassonne für 2
41010,Carcassonne Junior
206940,Carcassonne: Amazonas
348685,Carcassonne: Demonstration
163370,Carcassonne: Gold Rush
4390,Carcassonne: Hunters and Gatherers
182082,Carcassonne: Over Hill and Dale
256065,Carcassonne: Safari
147303,Carcassonne: South Seas
180564,Carcassonne: Star Wars
7717,Carcassonne: The Castle
12902,Carcassonne: The City
16216,Carcassonne: The Discovery
131014,Carcassonne: Winter Edition
34615,New World: A Carcassonne Game
30662,Travel Carcassonne
258140,Les Aventuriers du Rail Express
244525,Ticket to Ride Demo
309113,Ticket to Ride: Amsterdam
14996,Ticket to Ride: Europe
205125,Ticket to Ride: First Journey (U.S.)
225244,Ticket to Ride: Germany
276894,Ticket to Ride: London
21348,Ticket to Ride: Märklin
253284,Ticket to Ride: New York
31627,Ticket to Ride: Nordic Countries
202670,Ticket to Ride: Rails & Sails
34127,Ticket to Ride: The Card Game
36218,Dominion
273779,Under Falling Skies: A 9-Card Print-and-Play Game
195571,Legendary Encounters: A Firefly Deck Building Game
174570,Legendary Encounters: A Predator Deck Building Game
146652,Legendary Encounters: An Alien Deck Building Game
256874,Legendary Encounters: The X-Files Deck Building Game
285157,Legendary: A James Bond Deck Building Game
200171,Legendary: Big Trouble in Little China
210290,Legendary: Buffy The Vampire Slayer
113924,Zombicide
284378,Kanban EV
315631,Santorini: New York
9963,Santorini
341165,Dune: A Game of Conquest and Diplomacy
121,Dune
209685,Century: Spice Road
338834,MicroMacro: Crime City – Full House
133473,Sushi Go!
322339,Hanamikoji: Geisha's Road
179803,Arcadia Quest: Inferno
257193,Starcadia Quest
147020,Star Realms
336794,Galaxy Trucker
167791,Terraforming Mars
226562,Immortals
109125,Wallenstein (Second Edition)
3307,Wallenstein
40381,Modern Art Card Game
183394,Viticulture Essential Edition
175199,Mottainai
128063,Uchronia
35634,Samurai: The Card Game
281960,Kingdomino Duel
260941,Kingdomino for 2 players
340041,Kingdomino Origins
2651,Power Grid
138547,Dixit: Odyssey (expansion)
54138,Imperial 2030
3284,Star Wars: Epic Duels
351476,My City: Roll & Write
359394,My Island
296100,Rococo: Deluxe Edition
270131,KLASK 4
297985,Battle Line: Medieval
340252,East-West
372,Schotten Totten
20963,Fury of Dracula (Second Edition)
173442,Empires: Age of Discovery
187785,Glenn Drover's Empires: Galactic Rebellion
270844,Imperial Settlers: Empires of the North
270836,Imperial Settlers: Roll & Write
73369,51st State
359152,Marvel Remix
347117,Star Trek: Missions
340865,Lords of Ragnarok
25,Battlemist
24181,Imperial
173761,Telestrations After Dark
153016,Telestrations: 12 Player Party Pack
216798,Telestrations: 6 Player Family Pack
302463,Telestrations: Upside Drawn
25417,BattleLore
39232,Nemo's War
57804,Nemo's War Expansion Kit
286537,Burgle Bros 2: The Casino Capers
326485,Cthulhu Wars: Duel
232832,Century: Golem Edition
227460,Hannibal & Hamilcar
317105,Tiny Epic Galaxies BLAST OFF!
285826,Ultra-Tiny Epic Galaxies
325923,Tikal Demo
314580,Hamburg
140135,Small World Designer Edition
309630,Small World of Warcraft
60,Vinci
153938,Camel Up
198522,Archer: Once You Go Blackmail...
200699,Harap Alb Continuă... un joc Love Letter
304285,Infinity Gauntlet: A Love Letter Game
158340,Lost Legacy: Flying Garden
158339,Lost Legacy: The Starship
277085,Love Letter
196326,Love Letter Premium
175307,Love Letter: Adventure Time
168584,Love Letter: Batman
339905,Love Letter: Princess Princess Ever After
189504,Love Letter: Star Wars
169611,Love Letter: The Hobbit – The Battle of the Five Armies
198740,Lovecraft Letter
294648,Las Pruebas Mágicas del Atelier of Witch Hat
353470,Star Wars: Jabba's Palace – A Love Letter Game
324415,Touhou Bomb Letter: Todoke Danmaku!
300802,Xeno
146021,Eldritch Horror
301767,Mysterium Park
113997,Tajemnicze Domostwo
24037,Escape from Atlantis
315048,Survive: Escape from Atlantis!
177147,Survive: Space Attack!
190082,Whitehall Mystery
18258,Mission: Red Planet
238393,Monolith Arena
284007,Dixit Demo Deck
307090,Dixit: Print & Play
329845,Stella: Dixit Universe
128882,The Resistance: Avalon
285984,Last Bastion
319078,ScandalOh!
254192,Harry Potter: Hogwarts Battle – Defence Against the Dark Arts
282418,Toy Story: Obstacles & Adventures
318709,For Sale Autorama
155703,Evolution
242722,Here I Stand: 500th Anniversary Edition
41066,Virgin Queen
3076,Puerto Rico
34585,Keltis
244795,Lost Cities: To Go
67593,Die Säulen der Erde: das Kartenspiel
233398,Endeavor: Age of Sail
156943,Saint Petersburg (Second Edition)
345155,Bruxelles 1893: Belle Epoque
275913,Bruxelles 1897
331398,Mythic Battles: Ragnarök
125996,Mythic Battles
6266,Sherlock Holmes: West End Adventures
119637,Zug um Zug: Deutschland
160499,King of New York
293141,King of Tokyo: Dark Edition
299659,Clash of Cultures: Monumental Edition
276042,Conspiracy: Abyss Universe
165355,San Juan: The New Buildings & The Events
65781,London
257518,Claustrophobia 1643
184424,Mega Civilization
283355,Dune
173486,Dune: The Dice Game
104363,Rex: Final Days of an Empire
165838,Space Hulk (Fourth Edition)
63091,Space Hulk (Second Edition)
1035,Squad Leader
932,Top Race
244522,That's Pretty Clever!
34,Arkham Horror
314582,Amsterdam
292013,Fresco: Card & Dice Game
53953,Thunderstone
142961,Thunderstone Advance: Numenera
116998,Thunderstone Advance: Towers of Ruin
341870,The Queen's Dilemma
74596,Flash Point
168512,X-Men: Mutant Revolution
197320,A Handful of Stars
133632,Mythotopia
164506,Biblios Dice
300523,Biblios: Quill and Parchment
333553,For the King (and Me)
122943,Scripts and Scribes: The Dice Game
154203,Imperial Settlers
199966,Kingsburg (Second Edition)
271349,Kingsburg: The Dice Game
154509,Kingsport Festival
212445,Blood Bowl (2016 Edition)
318472,Blood Bowl: Second Season Edition
3071,Blood Bowl
2288,Blood Bowl (Second Edition)
712,Blood Bowl (Third Edition)
38387,Los Banditos
760,Battle Line
300930,Schotten Totten 2
322864,The Fifth Column
265188,Glen More II: Chronicles
167698,Magic: The Gathering – Arena of the Planeswalkers
349769,Risk: Shadow Forces
181,Risk
3201,Lord of the Rings: The Confrontation
146439,BattleLore: Second Edition
67492,Battles of Westeros
14105,Commands & Colors: Ancients
14254,PitchCar Mini
344768,Mobile Markets: A Smartphone Inc. Game
298638,Sheriff of Nottingham: 2nd Edition
3705,Contraband
22237,Hart an der Grenze
104640,Robin Hood
354568,Amun-Re: 20th Anniversary Edition
232303,Amun-Re: The Card Game
10640,Doom: The Boardgame
205059,Mansions of Madness: Second Edition
206547,Mansions of Madness: Second Edition – Recurring Nightmares: Figure and Tile Collection
15985,Blood Bowl: Living Rulebook
356631,Dungeonbowl
245271,Forbidden Sky
65244,Forbidden Island
322984,Shadows of Brimstone: City of the Ancients (Revised Edition)
193738,Great Western Trail
299027,Colt Super Express
256883,Comanauts
205398,Citadels
130060,Ohne Furcht und Adel
129904,Shadows over Camelot: The Card Game
123386,Baden-Württemberg Catan
38749,Catan Geographies: Germany
103091,Catan Histories: Merchants of Europe
244144,Catan Histories: Rise of the Inkas
67239,Catan Histories: Settlers of America – Trails to Rails
25234,Catan Histories: Struggle for Rome
161527,Catan: Ancient Egypt
194097,Catan: Big Game Event Kit
284815,Catan: Core + China Map
147240,Catan: Family Edition
3972,Catan: Portable Edition
282853,Catan: Starfarers
172994,Catan: Traveler – Compact Edition
13831,The Communication in Catan
229218,A Game of Thrones: Catan – Brotherhood of the Watch
5824,The Kids of Catan
52825,De Kolonisten van de Lage Landen
3655,The Settlers of Canaan
38821,Settlers of Catan: Gallery Edition
20899,Settlers of Catan: Rockman Edition
4394,The Settlers of the Stone Age
6778,The Settlers of Zarahemla
27766,Die Siedler von Catan: Junior
189,Die Siedler von Nürnberg
24511,Simply Catan
117985,Star Trek: Catan
1897,The Starfarers of Catan
5549,Das Wasser des Lebens
144418,Wien Catan
478,Citadels
13291,Citadels: The Dark City
236191,London (Second Edition)
295488,Andor: The Family Fantasy Game
10547,Betrayal at House on the Hill
191071,Mino Dice
172996,The King Is Dead
255674,Imhotep: The Duel
231327,The Grizzled: Armistice Edition
335541,We Care: a Grizzled Game
288169,The Fox in the Forest Duet
1353,Time's Up!
335212,Sentinels of the Multiverse: Definitive Edition
356033,Libertalia: Winds of Galecrest
70323,King of Tokyo
219475,Axio
32876,Einfach Genial Junior
243530,Ingenious Extreme
22484,Ingenious: Travel Edition
176361,One Night Revolution
339647,One Night Ultimate Werewolf: Epic Battle
142503,One Night Werewolf
267271,Egizia: Shifting Sands
308388,Egizia: Shifting Sands – Kickstarter Edition
128412,Bohn to Be Wild!
261341,Bohnanza (with Erdnüsse)
81100,Bohnanza Fun & Easy
217261,Bohnanza: 20 Jahre
351605,Bohnanza: 25th Anniversary Edition
313649,Excalibohn
26946,Ladybohn: Manche mögen's heiss!
256503,Landleven spel
171419,My First Bohnanza
20136,Rabohnzel
148000,Sissi!: Die Bohnenkaiserin
138703,Wendy Pferdebasar
170042,Raiders of the North Sea
43,Airlines
94,Union Pacific
147999,Händler der Karibik
216201,Robo Rally
192291,Sushi Go Party!
271869,Sushi Roll
788,Tales of the Arabian Nights
175640,Vinhos Deluxe Edition
21523,Runebound: Second Edition
271060,Pathfinder Adventure Card Game: Core Set
284,Lords of the Sierra Madre (Second Edition)
313274,Alhambra: Roll & Write
58099,Granada
66190,New York
431,Alhambra: The Card Game
147009,Zombie Kidz
234439,Karuba Junior
235465,Karuba: The Card Game
224678,Baseball Highlights: 2045 – Spring Training
249746,Nanty Narking
129622,Love Letter
175155,Forbidden Stars
223750,Hardback
338468,Paperback Adventures
260605,Camel Up (Second Edition)
192947,Camel Up Cards
103885,Star Wars: X-Wing Miniatures Game
183562,Star Wars: X-Wing Miniatures Game – The Force Awakens Core Set
127023,Kemet
182134,Evolution: Climate
71021,Evolution: The Origin of Species
248117,Carson City: The Card Game
323947,Middara: Unintentional Malum – Act 1 Version 1.1
222514,Batman: Gotham City Chronicles
247104,Blitz Bowl
192735,Broom Service: The Card Game
34084,Witch's Brew
144568,Dawn of the Zeds (Second edition)
103343,A Game of Thrones: The Board Game (Second Edition)
108429,Age of Reason
17710,Conquest of the Empire
238024,Guerra lampo: WWII in 20 minuti
822,Carcassonne
39953,A Game of Thrones: The Card Game
271319,Las Vegas Royale
209886,Las Vegas: The Card Game
264164,Night of the Living Dead: A Zombicide Game
137988,Zombicide Season 2: Prison Outbreak
161866,Zombicide Season 3: Rue Morgue
286751,Zombicide: 2nd Edition
176189,Zombicide: Black Plague
224710,Zombicide: Green Horde
248065,Zombicide: Invader
200853,Habitats
342857,"Air, Land, and Sea: Critters at War"
3931,Mare Nostrum
188188,Complots
233085,Coup Deluxe:  Mobile Edition
148943,Coup: Rebellion G54
291794,Dice Throne: Season One ReRolled
322561,Dice Throne: Season One ReRolled – Barbarian v. Moon Elf
322562,Dice Throne: Season One ReRolled – Monk v. Paladin
322563,Dice Throne: Season One ReRolled – Pyromancer v. Shadow Thief
320527,Dice Throne: Season One ReRolled – Treant v. Ninja
114387,Thebes: The Tomb Raiders
13883,Jenseits von Theben
228959,Alubari: A Nice Cup of Tea
255924,Snowdonia: Deluxe Master Set
148057,The Republic of Carthage
300323,Conquest & Consequence
256872,Expansion or Extinction
263177,The Battle of Five Armies Collector's Edition
173,Formula Dé
228660,Betrayal at Baldur's Gate
358504,Betrayal at House on the Hill: 3rd Edition
302809,Betrayal at Mystery Mansion
240196,Betrayal Legacy
242740,Magic Maze Kids
283135,Magic Maze on Mars
46158,Time's Up! Academy
37141,Time's Up! Deluxe
38713,Time's Up! Edición Amarilla
57660,Time's Up! Edición Azul
174219,Time's Up! Kids
230262,Time's Up! Party Edition
36553,Time's Up! Title Recall!
92120,Atlantis Rising (First Edition)
188076,Taluva Deluxe
308119,Pax Renaissance: 2nd Edition
2299,Lords of the Renaissance
332800,Summoner Wars (Second Edition)
339263,Summoner Wars (Second Edition): Starter Set
202288,Medici: The Card Game
291511,Medici: The Dice Game
119657,Dixit 3: Journey
18833,Lord of the Rings: The Confrontation
145645,Le Fantôme de l'Opéra
55427,Mr. Jack in New York
72287,Mr. Jack Pocket
27588,Zooloretto
322985,Shadows of Brimstone: Swamps of Death (Revised Edition)
303554,Winter Kingdom
328326,Fleet: The Dice Game (Second Edition)
121297,Fleet
215341,Thunderstone Quest
249106,SPQF
310198,Escape: Roll & Write
149809,Escape: Zombie City
22192,HeroQuest Advanced Quest
328586,HeroQuest: The Card Game
4432,Burgenland
181279,Fury of Dracula (Third/Fourth Edition)
936,The Fury of Dracula
235544,Specter Ops: Broken Covenant
168435,Between Two Cities
155426,Castles of Mad King Ludwig
63706,11 nimmt!
268586,6 nimmt! 25 Jahre
286533,6 nimmt! Brettspiel
40958,6 nimmt! Junior
31503,Slide 5
153,Take 5!
136117,The Walking Dead Card Game
205885,X nimmt!
169464,Defenders of the Last Stand
311731,Freedom Five: A Sentinel Comics Board Game
275215,Namiji
254591,Heroes of Terrinoth
300664,Arkwright: The Card Game
46213,Telestrations
20551,Shogun
217201,D-Day at Iwo Jima
67601,D-Day at Peleliu
355459,D-Day at Saipan
67600,D-Day at Tarawa
292489,The Rival Networks
59959,Letters from Whitechapel
177697,Bang! The Dice Game: The Walking Dead
3955,BANG!
71836,Onirim
283619,Century: Golem Edition – Eastern Mountains
304531,Ascension Tactics: Miniatures Deckbuilding Game
325810,Ascension: 10 Year Anniversary Edition
145633,Ascension: Apprentice Edition
169786,Scythe
269725,Corinth
302336,Marvel Villainous: Infinite Power
335528,Marvel Villainous: Mischief & Malice
312318,Century: Golem Edition – An Endless World
155068,Arcadia Quest
22545,Age of Empires III: The Age of Discovery
257601,The Duke: Lord's Legacy
192945,Coal Baron: The Great Card Game
250,Colonial Diplomacy
47046,Gambit 7
232121,Super Wits
66588,Wits & Wagers Family
123239,Wits & Wagers Party
187362,Wits & Wagers: Epic Geek Edition
286428,"Wits & Wagers: It's Vegas, Baby!"
32944,Neue Heimat
9217,Saint Petersburg
330403,Moon Adventure
200954,Fields of Green
72225,CO₂
620,We the People
209136,Q.E.
6411,Blokus 3D
286310,Blokus Dice Game
16395,Blokus Duo
97469,Blokus Junior
342097,Blokus Shuffle: UNO Edition
268864,Undaunted: Normandy
324609,Trismegistus: Roll & Write
243,Advanced Squad Leader
292899,Tribune
3800,Himalaya
21355,Himalaya: The 5-6 Player Expansion
40765,Clash of Cultures
146244,Clash of Cultures: Civilizations
167825,Clash of Cultures: Civilizations – Aztecs
281466,Yedo: Deluxe Master Set
286343,Conflict of Heroes: Awakening the Bear – Operation Barbarossa 1941 (Third Edition)
132028,Conflict of Heroes: Awakening the Bear! – Operation Barbarossa 1941 (Second Edition)
357319,Hivemind
287607,The Mind Extreme
245136,Bluff Jubiläumsausgabe
91536,Quarriors!
354521,寂晝狼蹤 (Dawn of Werewolf)
42,Tigris & Euphrates
181304,Mysterium
321277,Tinners' Trail
90419,Airlines Europe
632,Cloud 9
217547,Can't Stop Express
4082,Can't Stop the Turtles
344268,The Mother Road: Route 66
43144,The Great Races
154905,Brew Crafters: Travel Card Game
315881,Funfair
239188,Chronicles of Crime
19237,Ca$h 'n Gun$
228553,Catacombs Conquest
57390,Catacombs
46800,Tensão Total
29140,Tumblin-Dice Jr.
140951,Thunderstone: Starter Set
281258,Sub Terra II: Inferno's Edge
348070,The Palaces of Carrara (Second Edition)
17392,Here I Stand
4401,Canal Grande
24800,Conflict of Heroes: Awakening the Bear! – Russia 1941-42
136063,Forbidden Desert
321711,My Very First Games: Rhino Hero Junior
356301,Rhino Hero: Missing Match
231942,Last Night on Earth: The Zombie Game – 10 Year Anniversary Edition
270971,Era: Medieval Age
150926,Roll Through the Ages: The Iron Age
167828,Roll Through the Ages: The Iron Age with Mediterranean Expansion
229892,Container: 10th Anniversary Jumbo Edition!
359591,Tile Bridge
25866,Wizard Junior
286547,Wizard Würfelspiel
191475,Wizard: Jubiläumsedition
99181,Hamilcar: First Punic War
234,Hannibal: Rome vs. Carthage
287938,Kitchen Rush (Revised Edition)
240957,Judge Dredd: The Cursed Earth
298378,Maharaja
252526,Pictomania (Second Edition)
217466,Mafiozoo
151835,Qwixx Card Game
208775,Qwixx Deluxe
287691,Qwixx On Board
212551,Qwixx: Das Duell
274090,Lanterns Dice: Lights in the Sky
354335,Palm Laboratory
18100,China
153625,Han
270109,Iwari
171726,Project: ELITE
280106,Britannia: Classic and Duel Edition
58281,Summoner Wars
84876,The Castles of Burgundy
113511,Silver Screen
249410,U.S. Telegraph
232481,Zooloretto Duell
117942,Zooloretto: The Dice Game
5782,Coloretto
247314,Concept Kids: Animals
343307,Concept: Litet Demospel
307230,Concept: Print & Play
37046,Ghost Stories
253618,5-Minute Marvel
147707,Mush! Mush!: Snow Tails 2
207016,Flick 'em Up!: Dead of Winter
232880,Flick 'em Up!: Giant Edition
245422,Werewords Deluxe Edition
312767,Lizard Wizard
171489,Qwirkle Cards
39813,Qwirkle Cubes
280041,Rolled West
148949,Istanbul
164878,Edo Craftsman Story
104955,Antike Duellum
166857,Antike II
303551,Polis
148228,Splendor
183880,Risk: Star Wars Edition
193739,Jórvík
46007,A Brief History of the World
21763,Mr. Jack
54625,Space Hulk (Third Edition)
96848,Mage Knight Board Game
27162,Kingsburg
39775,Kingsburg: To Forge a Realm
230,Merchant of Venus
214887,CO₂: Second Chance
27802,Anno 1701: Das Kartenspiel
278,Catan Card Game
110277,Among the Stars
324937,Wiz-War (9th Edition)
589,Wiz-War
98347,Empires of the Void
383,Turf Horse Racing
126042,Nations
178054,A Study in Emerald (Second Edition)
18602,Caylus
344839,Dog Lover
37111,Battlestar Galactica: The Board Game
26990,Container
174402,Tide of Iron: Next Wave
124742,Android: Netrunner
275034,Judge Dredd: Helter Skelter
152757,Doodle Quest
40692,Small World
179460,Stronghold: 2nd edition
156840,Clinic
298231,Skyrise
160010,Conan
130548,Vorpals
84088,Fauna Junior
153507,Terra
98,Axis & Allies
226501,Dragonfire
254123,Shadowrun Crossfire: Prime Runner Edition
182961,Shadowrun: Crossfire – Demo Box
31105,Archaeology: The Card Game
491,Web of Power
138649,DC Comics Dice Masters: Justice League
173294,DC Comics Dice Masters: War of Light
219985,DC Comics Dice Masters: War of Light – Collector's Box
182770,DC Comics Dice Masters: World's Finest
160902,Dungeons & Dragons Dice Masters: Battle for Faerûn
183572,Dungeons & Dragons Dice Masters: Faerûn Under Siege
298345,Dungeons & Dragons Dice Masters: Trouble in Waterdeep Campaign Box
130912,The Lord of the Rings Dice Building Game
168998,Marvel Dice Masters: Age of Ultron
148575,Marvel Dice Masters: Avengers vs. X-Men
187353,Marvel Dice Masters: Civil War
177939,Marvel Dice Masters: The Amazing Spider-Man
158275,Marvel Dice Masters: Uncanny X-Men
191579,Teenage Mutant Ninja Turtles Dice Masters
217471,Teenage Mutant Ninja Turtles Dice Masters: Heroes in a Half Shell
147363,Yu-Gi-Oh! Dice Masters
331979,Quartermaster General WW2: 2nd Edition
208773,Quartermaster General: 1914
247704,Quartermaster General: The Cold War
195227,Quartermaster General: Victory or Death – The Peloponnesian War
37380,Roll Through the Ages: The Bronze Age
315610,Massive Darkness 2: Hellscape
181530,Runebound (Third Edition)
9829,Runebound
1666,Battle Hymn
141572,Paperback
88827,Battle Cry: 150th Civil War Anniversary Edition
10630,Memoir '44
201037,Ghostbusters: Protect the Barrier Game
131366,Eight-Minute Empire
284333,Yggdrasil Chronicles
264198,Warhammer Quest: Blackstone Fortress
332075,Warhammer Quest: Cursed City
218933,Warhammer Quest: Shadows Over Hammerhal
197572,Warhammer Quest: Silver Tower
1758,Advanced Heroquest
260332,Hokkaido
123107,Asteroid Escape
124172,Tsuro of the Seas
266177,Tsuro: Phoenix Rising
42104,Na Berlin!
38877,No Retreat!: The Russian Front 1941-1944
59064,No Surrender!
66,Löwenherz
111081,Animal Upon Animal: Crest Climbers
230890,Animal upon Animal: Memory Stacking
104805,Animal Upon Animal: Small and Yet Great!
111379,My Very First Games: Animal upon Animal
255332,Vault of Dragons
351616,Wise Guys
129736,Cockroach Poker Royal
337262,Fangs
288098,Shadow Raiders
123163,QUAD
346142,Watson & Holmes II
60435,Rallyman
4410,Barn Buzzin' Goofy
32048,Bobbin' Bumblebee
173341,Loopin' Chewie
62219,Dominant Species
19857,Glory to Rome
339300,Army of the Dead: A Zombicide Game
351817,Marvel Zombies: A Zombicide Game
338630,Travel Zombicide: 2nd Edition
331224,Zombicide: Undead or Alive
1887,Legend of the Five Rings
939,Star Wars: The Queen's Gambit
36932,Claustrophobia
111890,Fury of Harrows
103649,The City
66056,Rivals for Catan
285894,Bravo!
320677,Noch mal!: Kids
172308,Broom Service
271150,Traders of the Air
199799,The Best Booth
340364,Machi Koro 2
259081,Machi Koro Legacy
356615,Machi Koro: Bau dir deine Verlagswelt!
205494,"Machi Koro: Bright Lights, Big City"
244716,Machi Koro: Fussball
245961,Fleet: The Dice Game
311539,Escape Room: The Game
260000,Escape Room: The Game (Escape Rooms II)
291105,Escape Room: The Game 2
296948,Escape Room: The Game 2
327107,Escape Room: The Game 3
276760,Escape Room: The Game – 2 Player Edition
353679,Escape Room: The Game – 2 Players
325704,Escape Room: The Game – 2 Players Horror
311541,Escape Room: The Game – Family Edition: The Jungle
343309,Escape Room: The Game – Family Edition: Time Travel
266802,Escape Room: The Game – Jumanji
337690,Escape Room: The Game – Puzzle Adventures: Secret of The Scientist
352687,"Escape Room: The Game – Puzzle Adventures: The Baron, The Witch & The Thief"
351224,Escape Your House: Spy Team
117915,Yedo
264141,Kodachi
300936,Via Magica
329450,Equinox
718,Galaxy: The Dark Ages
1367,Grand National Derby
181501,Peloponnes Card Game
138963,Arkham Investigator
2154,Thunderbolt/Apache Leader
265784,Cleopatra and the Society of Architects: Deluxe Edition
345283,The Game オバケやしきのすうじのアクマ (Demons of Numbers)
209325,The Game: Extreme
236461,The Game: Face to Face
296512,The Game: Quick & Easy
278304,Fief: France Edition
107704,Fief
6909,Fief
1014,Fief 2
356587,Pocket Watch: Set a Watch in 18 Cards
2453,Blokus
285133,Hacienda (Second Edition)
308970,A Touch of Evil: 10 Year Anniversary Edition
152242,Ultimate Werewolf: Deluxe Edition
162944,Ultimate Werewolf: Deluxe Edition For Kickstarter
27682,Ultimate Werewolf: Whitebox Edition
227266,Wagon Wheels
245206,The X-Files: Circle of Truth
357028,Dungeon Fighter (Second Edition)
321047,Dungeon Fighter in the Castle of Frightening Frosts
321044,Dungeon Fighter in the Catacombs of Gloomy Ghosts
315976,Dungeon Fighter in the Chambers of Malevolent Magma
315975,Dungeon Fighter in the Labyrinth of Sinister Storms
334349,Dungeon Fighter: Collector's Edition
249411,Cuzco
176920,Mission: Red Planet (Second Edition)
133437,Dead Panic
156786,Munchkin Panic
267314,My First Castle Panic
193737,Star Trek Panic
256126,War Thunder: Siege
300129,On Tour (Second Edition)
129976,Game of Thrones: The Card Game
169255,A Game of Thrones: The Card Game (Second Edition)
4286,A Game of Thrones Collectible Card Game
42124,Dungeon Twister 2: Prison
144525,Dungeon Twister: The Card Game
277659,Final Girl
236475,Best of Werewolves of Miller's Hollow
343981,Gathering of the Wicked
311912,Sombra de Lobos
131646,Merchant of Venus (Second Edition)
31759,BattleTech Introductory Box Set
296694,BattleTech: A Game of Armored Combat
226170,Advanced Guildhall Fantasy: The Gathering
196305,Guildhall Fantasy: Alliance
196306,Guildhall Fantasy: Coalition
202755,Guildhall Fantasy: Fellowship
205491,Guildhall: Legend of the Five Rings
286344,Conflict of Heroes: Storms of Steel – Kursk 1943 (Third Edition)
194286,Catacombs & Castles
195137,Catacombs (Third Edition)
180325,Elfenroads
229,King of the Elves
711,Elfenroads
312959,Rallyman: DIRT
256589,Rallyman: GT
107255,Evo (Second Edition)
346645,New York City
4396,Odin's Ravens
38778,Heads of State
167270,Medina (Second Edition)
318977,MicroMacro: Crime City
279861,Das Magische Labyrinth (Reisespiel)
11971,Cockroach Poker
520,Axis & Allies: Europe
46396,Ubongo 3D
31479,Ubongo Extreme
118568,Ubongo Junior
28258,Ubongo Mini
266421,Ubongo! Fun-Size Edition
34969,Ubongo: Duel
180595,Ubongo: Star Wars – Das Erwachen der Macht
342924,Revolution Timeline: México
220877,Rajas of the Ganges
319264,Heroes of Normandie: Big Red One Edition
208700,Heroes of Normandie: The Tactical Card Game
228051,"Warhammer 40,000: Heroes of Black Reach"
29078,Frontiers: Liberty or Death!
155987,Abyss
221194,Dinosaur Island
345435,Fireball Island: Race to Adventure
1768,Fireball Island
224031,Cartagena
25823,Cartagena 2. The Pirate's Nest
217470,Qwinto: Das Kartenspiel
282463,Copenhagen: Roll & Write
338980,Eastern Empires
267304,Western Empires
177,Advanced Civilization
71,Civilization
245214,Saboteur: The Lost Mines
244702,Geistesblitz Junior
329533,Geistesblitz Würfelblitz
235296,Geistesblitz: Gratis Demo-Spiel
118705,Ghost Blitz 2
148532,Ghost Blitz: 5 to 12
197760,Ghost Blitz: Spooky Doo
12287,Knapp daneben
208754,Wings of Glory: Tripods & Triplanes
119866,Wings of Glory: WW1 Rules and Accessories Pack
31552,Wings of War: Deluxe Set
36482,Wings of War: Fire from the Sky
22532,Wings of War: The Dawn of World War II
13,Catan
351972,1001 Islands
171197,Trans Bielefeld: Eine Spur schneller
16267,Trans Europa
260799,Trans Europa & Trans Amerika
287552,TransAmerica & Japan
34508,Iron Road
153425,North Wind
227110,Dungeon of Mandom VIII
205317,DOOM: The Board Game
355737,Sweet & Spicy
232122,Say Anything Uncensored
340354,Dobble: 360°
125048,Dobble: Free Demo Version
117995,"Spot it! 1,2,3"
167774,Spot it! Fire & Ice
153820,Spot it! Freeze
117997,Spot it! On the Road
143843,Spot it! Party
45986,Stronghold
39463,Cosmic Encounter
4330,Kanaloa
309,Arabana-Ikibiti
176458,Rights
233867,Welcome To...
172737,High Frontier (Third Edition)
124147,High Frontier Colonization
68305,High Frontier Expansion
5525,Rocket Flight
98229,Pictomania
198953,Pax Renaissance
181521,Warhammer Quest: The Adventure Card Game
340834,Gravwell: 2nd Edition
161813,Hangtown
353311,Star Trek: Super-Skill Pinball
328826,Super-Skill Pinball: Ramp it Up!
227171,The Masters' Trials: Wrath of Magmaroth
1143,Warrior Knights
301019,Museum: Pictura
141791,Piñata
191862,Imhotep
219215,Werewords
147154,Blue Moon Legends
356907,Mascarade (second edition)
328555,Kingdom Rush: Elemental Uprising
195544,Tides of Madness
272756,Tides of Time: Demo Deck
275010,De Vulgari Eloquentia: Deluxe Edition
6841,Transformers Armada:  Battle for Cybertron
295564,Unmatched Game System
274637,"Unmatched: Battle of Legends, Volume One"
335764,"Unmatched: Battle of Legends, Volume Two"
315060,Unmatched: Buffy the Vampire Slayer
294484,Unmatched: Cobble & Fog
326937,Unmatched: For King and Country
326934,Unmatched: Hell's Kitchen
354544,Unmatched: Houdini vs. The Genie
284778,Unmatched: Jurassic Park – Dr. Sattler vs. T. Rex
284777,Unmatched: Jurassic Park – InGen vs Raptors
325635,Unmatched: Little Red Riding Hood vs. Beowulf
326933,Unmatched: Redemption Row
274638,Unmatched: Robin Hood vs. Bigfoot
326936,Unmatched: Teen Spirit
1261,Medina
30324,Ca$h 'n Gun$: Live
155362,Ca$h 'n Guns (Second Edition)
174221,Ca$h 'n Guns (Second Edition): The Cop
72,Verräter
5737,Domaine
260789,Assassin's Creed: Brotherhood of Venice
287450,Nothing Personal (Revised Edition)
277611,Kodama 3D
168700,Kigi
1262,Axis & Allies: Pacific
53103,Aladdin's Dragons
294,Keydom
161782,Kremlin (Third Edition)
13875,Quoridor Kid
7581,Pinko Pallino
66798,Heckmeck Barbecue
66797,Heckmeck Junior
268846,Improvement of the POLIS
234521,Necromunda: Underhive
256534,Necromunda: Underhive – Van Saar Gang Cards
223619,Shadow War: Armageddon
300908,Imagine Famille
233208,D-Day Dice (Second Edition)
61028,D-Day Dice: Free Trial Version
156336,Onirim (Second Edition)
176229,Tides of Time
84838,Yomi (Second Edition)
274080,Yomi Starter Set: Midori versus Setsuki
163047,Yomi: Round 1
163048,Yomi: Round 2
181617,Beasty Bar: New Beasts in Town
183284,Factory Funner
139433,Fields of Fire 2
18,RoboRally
341286,Eriantys
19600,Antike
11572,The Case of the Elusive Assassin
221965,The Fox in the Forest
280748,Escape the Dark Sector
55763,Mister X
534,N.Y. Chase
261844,Scotland Yard Duell: Happy Meal Edition
171665,Scotland Yard Junior
148740,Scotland Yard Master
100881,Scotland Yard Swiss Edition
216301,Scotland Yard: Das Kartenspiel
94837,Scotland Yard: Hunting Mister X
264970,Scotland Yard: The Dice Game
255744,Scotland Yard: Tokyo
332664,Scotland Yard: Venice
131357,Coup
350604,Regidice
142326,Eight-Minute Empire: Legends
174333,High Frontier Lite
171897,Zug um Zug: Deutschland – Deutschland 1902
30365,The Great Chinese Railway Game
104006,Village
352262,Happy Salmon
1491,Outpost
143741,BANG! The Dice Game
182094,BANG! The Duel
164930,BANG!: Halo
168752,BANG!: Heroes of the Storm
160567,BANG!: The Walking Dead
176774,BANG!: The Walking Dead – We Are the Walking Dead Expansion
269564,Captain Marvel: Secret Skrulls
128667,Samurai Sword
156042,Samurai Sword: Rising Sun
319336,Бэнг! Звёздные Войны
135382,Shadowrun: Crossfire
314401,Rapa Nui
1037,Deadlands: Doomtown
215437,Codex: Card-Time Strategy – Core Set
162476,Masmorra de DADOS
294127,Gaus Company
125605,I'm the Boss!: The Card Game
329128,The Artemis Odyssey
229453,CV Pocket
31481,Galaxy Trucker
9674,Ingenious
3224,Sherlock Holmes Consulting Detective: The Mansion Murders
3225,Sherlock Holmes Consulting Detective: The Queen's Park Affair
134674,Sherlock Holmes Détective Conseil: La Piste Tordue
124001,Sherlock Holmes Détective Conseil: La rançon du diable
8817,Call of Cthulhu: Collectible Card Game
316238,Unconditional Surrender! Western Campaigns
88253,Unconditional Surrender! Case Blue
350079,Puzzle Strike 2
67928,Puzzle Strike
1634,Warhammer Quest
29026,Ogre Miniatures
180263,The 7th Continent
286447,Ultra Tiny Epic Kingdoms
358588,Avatar: The Last Airbender Fire Nation Rising
308329,The Batman Who Laughs Rising
283211,Harry Potter: Death Eaters Rising
304728,SpongeBob SquarePants: Plankton Rising
280986,Star Wars: Dark Side Rising
3202,RAF
287658,The Climbers: Family Edition
156566,Lords of Xidit
29308,Beowulf: The Movie Board Game
325348,Successors (Fourth Edition)
68,Successors (First/Second Edition)
281152,On the Underground: London/Berlin
195503,City of Iron: Second Edition
41863,Axis & Allies: 1942
141517,A Study in Emerald
341325,Crystal Miners
197551,Hall of Fame
117959,Las Vegas
149975,Las Vegas Boulevard
1814,Dilbert: Corporate Shuffle
150,PitchCar
163,Balderdash
175088,Pharaoh's Gulo Gulo
320459,Warfighter: The Fantasy Card Game
249421,Warfighter: The WWII Pacific Combat Card Game
196496,Warfighter: The WWII Tactical Combat Card Game
300329,Harry Potter Strike Dice Game
246228,Impact: Battle of Elements
259298,The Ancient World (Second Edition)
192458,51st State: Master Set
143105,Talia Demo 51. Stanu
299607,Capital Lux 2: Generations
316343,Capital Lux 2: Pocket
32005,Empires in Harm
322467,Transatlantic II
353152,Framework
284435,Nova Luna
309105,Sagani
274651,Jungle Speed Kids
313352,Jungle Speed Limited Bertone Edition
155577,Jungle Speed: 20 Years
104769,Jungle Speed: Electronique
21015,Jungle Speed: Flower Power
56294,Jungle Speed: Rabbids
144468,Jungle Speed: Safari
459,Ausgebremst
326767,Infinity N4: Core Rules
97915,Bios: Megafauna
356667,Coin Set
34583,Set Cubed
128290,SET Junior
168390,Set Schnupperspiel
324784,SET: Print & Play Demo
91312,Discworld: Ankh-Morpork
319593,Pizzeria
37371,Piece o' Cake
153498,Kamisado Max
110245,Kamisado Schnupperspiel
26151,Square Routes
123096,Space Cadets
319966,The King Is Dead: Second Edition
29937,König von Siam
147253,The Ancient World
342021,Space Invaders
240143,Star Trek: Attack Wing – Federation vs. Klingons Starter Set
256999,Project: ELITE
1159,Evo
122515,Keyflower
351155,Recto Verso
170587,Don't Mess with Cthulhu
236217,Timebomb
10093,Axis & Allies
123185,Axis & Allies 1941
35052,Axis & Allies Anniversary Edition
21632,To Court the King
204599,Around the World in 80 Days
223953,Kitchen Rush
270408,Exodus Chronicles
256940,Krosmaster: Blast
14821,Struggle of Army Group Manstein
20100,Wits & Wagers
255708,Trekking the National Parks: Second Edition
261424,Big City: 20th Anniversary Jumbo Edition!
134253,Hostage Negotiator
348406,Marvel Dice Throne
332686,John Company: Second Edition
10156,The Russian Campaign (Fourth and Fifth editions)
322564,Fjords
199042,Harry Potter: Hogwarts Battle
144592,Bruxelles 1893
249670,Fae
334353,1849: Kingdom of the Two Sicilies
16986,Ubongo
256960,Pax Pamir: Second Edition
192074,Odin's Ravens (Second Edition)
21241,Neuroshima Hex! 3.0
12,Ra
184151,Legend of the Five Rings: The Card Game
16992,Tsuro
160964,Star Wars: Empire vs. Rebellion
2610,Kardinal & König: Das Kartenspiel
5795,Richelieu
274690,Talisman: Batman – Super-Villains Edition
273976,Talisman: Kingdom Hearts
714,Talisman
255659,Ground Floor (Second Edition)
143884,Machi Koro
58421,Egizia
397,Diskwars
432,6 nimmt!
174785,Mare Nostrum: Empires
349703,Race! Formula 90: 2nd Edition
161885,Rail USA
297006,Desítka Česko
303994,Smart10 Junior
340722,Smart10: Family
354031,Smart10: Harry Potter
73439,Troyes
340030,Les Apaches de Paris
250834,Anomia Kids
225062,Anomia X
142271,Anomia: Party Edition
183233,Rummikub Kids Edition
237792,Rummikub Twist
146886,La Granja
143515,Coal Baron
346597,"Worldspanner Factions, Set 1: Heroes"
6050,Duel of Ages Set 1: Worldspanner
280812,Neta-Tanka
11057,The Great Battles of Alexander: Deluxe Edition
1444,SPQR
343028,Cóatl: The Card Game
2842,TransAmerica
2570,Atlantic Star
135281,Serenissima (Second Edition)
207830,5-Minute Dungeon
41239,Mamma Mia! Plus
279348,Cutthroat Caverns: Anniversary Edition
354342,Marvel Mayhem
191300,Archaeology: The New Expedition
28060,Archaeology
15086,100 Years War Anglo Vs. French
274205,3D Labyrinth
130601,The Amazing Spider-Man Labyrinth
1218,Junior Labyrinth
8985,The Lord of the Rings Labyrinth
437,Master Labyrinth
176193,Ocean Labyrinth
1217,Secret Labyrinth
130600,Star Wars Labyrinth
264968,Thomas the Tank Engine and Friends Luggage on the Line
264429,GW:s brott
325853,L.A.M.A. Dice
313473,L.A.M.A. Party Edition
310104,צ'יקן (Chicken)
6927,Hornet Leader
699,HeroQuest
97,Conquest of the Empire
9625,Struggle of Empires
43443,Castle Panic
346482,Voll verplant
22345,Yspahan
242574,Century: Eastern Wonders
334286,BLASTER: Games Anthology 02
274428,Gaslands: Refuelled
281655,High Frontier 4 All
47055,High Frontier
149689,High Frontier Interstellar
34701,Thor
95345,Irish Wolf
266553,Abalone Junior
31968,Abalone Quattro
89951,Offboard
12995,Dungeon Twister
28086,Risk Express
193062,Bidder Up!
56786,Kuhhandel Master
155708,Tiny Epic Defenders
16772,Mall of Horror
315943,Agents of SMERSH: Epic Edition
266102,2491 Planetship
29256,Origins:  How We Became Human
26922,Commerce
280979,Turtle Race Mini
192297,America
343959,Terra Colonia
236264,Terra München
168497,Terra Schnupperspiel
318562,Terra: Deutschland
35497,Fauna
284825,Florenza Dice Game
143484,Florenza: The Card Game
311464,Florenza: X Anniversary Edition
359127,Dragonquest: Fantasy Dice Game
310636,Drakborgen
5177,Drakborgen Legenden
71061,DungeonQuest (Third Edition)
142079,Space Cadets: Dice Duel
3409,The Napoleonic Wars
38996,Washington's War
272993,Dragonrealm
40604,Ron & Bones
232166,Frostgrave: Ghost Archipelago
317519,Frostgrave: Second Edition
338124,The Warriors of Athena
200924,Order of the Gilded Compass
67910,Mini FITS
1992,Stop Thief
40832,Keltis: Das Kartenspiel
66085,Keltis: Das Orakel
41003,Keltis: Der Weg der Steine Mitbringspiel
42487,Lost Cities: The Board Game
50,Lost Cities
310692,Inca Empire: The Card Game
11096,Tahuantinsuyu
200834,Sola Fide: The Reformation
287821,Good Cop Bad Cop (Third Edition)
195237,Leaders of Euphoria: Choose a Better Oppressor
228483,Total Recall: The Official Tabletop Game
120217,City of Horror
174155,Lignum
353,Inkognito: The Card Game
350015,Rumms: Schnipp die Krone
78750,Kaispeicher
66505,The Speicherstadt
320499,Super Dungeon Explore: Devil Island
157958,DungeonQuest Revised Edition
472,DungeonQuest
1305,Ulysses
9203,Wings of War: Famous Aces
172081,Burgle Bros.
270970,Century: A New World
284845,Bananagrams Duel!
202477,Bananagrams Party
164917,Bananagrams WildTiles
76322,Double Bananagrams
202478,My First Bananagrams
6512,Balderdash Junior
1544,Beyond Balderdash
250331,Mera Rappakalja
115680,Motto Tanto Cuore
199076,Warmachine Prime Mk III
4741,Warmachine
257096,Run Fight or Die: Reloaded
161226,The Builders: Antiquity
123499,City of Iron
60126,Take it Higher!
25294,Take It to the Limit!
638,Hera and Zeus
274445,Embers of Memory: A Throne of Glass Game
119369,Football Express
330176,Subbuteo: 5 vs 5 Indoor
283768,BattleTech: Beginner Box
1540,BattleTech
190572,1941: Race to Moscow
359443,Race to the Rhine: Keep'em Rolling
38637,Age of Scheme: Routes to Riches
73,Show Manager
295374,Long Shot: The Dice Game
288828,Opale
206915,Tempel des Schreckens
231748,Time Bomb Evolution
18791,Star Wars: Attack of the Clones Card Game
79828,A Few Acres of Snow
306745,El portero Baldomero
205420,Gooseberry
332756,Vampyre Hearts: A Trick-Taking Game
276804,Police Precinct: Let's Roll
245658,Unicorn Fever
101785,D-Day Dice
283,Advanced Third Reich
2904,John Prados' Third Reich
249775,Third Reich: The Card Game
7614,A World at War
13464,Alfapet
353598,Star Wars: Scrabble
58602,Cable Car
248907,Legendy země Euthie
205045,Avenue
616,What's That on My Head?
115293,Fortress America
152567,Basari: Das Kartenspiel
14,Basari
204583,Kingdomino
309721,Alone Against Fear
308533,Four Against Mars
306921,Four Against Ragnarok
307191,Four against the Great Old Ones
268398,Four Against the Titans
316093,Illuminati (Second Edition)
859,Illuminati
3751,Palazzo Paletti
24417,Factory Fun
12488,WARS Trading Card Game
171011,Favor of the Pharaoh
149951,Warfighter: The Tactical Special Forces Card Game
33212,Maxi Zicke Zacke Hühnerkacke
148530,Zicke & Zacke: Ran an die Federn
231962,Krazy Wordz
322076,On the Underground: Paris/New York
24773,On the Underground
334717,Tranquility: The Ascent
199382,Kingsport Festival: The Card Game
271321,CABO (Second Edition)
195330,Doppelt und Dreifach
267,Tycoon
159473,Quartermaster General
204323,Planet Rush
313718,Hibachi
301242,Skyjo Action
222821,Powerships
63778,Word on the Street Junior
232824,Caper
128885,Blockers! The Card Game
359613,Triomphe à Marengo
191963,Thunder & Lightning
234949,Oliver Twist
332944,Sobek: 2 Players
343665,Ancient Terrible Things: Reawakened
202450,Grim Heroes
223449,Konja
34635,Stone Age
97747,Electronic Taboo
177799,Taboo Buzz'd
8998,Taboo Junior
297783,Taboo Speak Out
286408,Taboo: Kids vs. Parents
208895,New York Slice
119432,Snowdonia
227758,Kokoro: Avenue of the Kodama
104710,Wiz-War (Eighth Edition)
902,Meuterer
271324,It's a Wonderful World
157969,Sheriff of Nottingham
226065,Sheriff of Nottingham: Merry Men
175095,Dawn of the Zeds (Third Edition)
99130,Dawn of the Zeds
291155,Enemy Action: Kharkov
161533,Lisboa
2571,Mutabohn
1361,Die Siedler von Catan: Historische Szenarien II
338351,Waggle Dance
77,EastFront
130605,Lost Valley: The Yukon Goldrush 1896
299450,Tsukuyumi: Full Moon Down (Second Edition)
39998,Epic Trading Card Game
199242,Mini Rogue: A 9-Card Print-and-Play Game
5781,"Edel, Stein & Reich"
246543,Zooronga
257273,Ghosts of the Moor
167185,Mumia: Wyścig w bandażach
40491,Verflixxt! kompakt
355224,Isle of Trains: All Aboard
297661,Gold River
268266,Warhammer Fantasy Battle Rules (Second Edition)
67877,Anomia
315882,Santa Cookie Elf Candy Snowman
313802,Taco Cat Goat Cheese Pizza Demo Deck
338678,Taco Hat Cake Gift Pizza
186864,Tiefe Taschen
128733,Revolver 2: Last Stand at Malpaso
69851,Aliens: This Time It's War
39927,Last Train to Wensleydale
352026,Dungeon Bowl
344697,"Warhammer 40,000: Kill Team"
207653,"Warhammer 40,000: Kill Team"
299571,Bandida
67254,Warmachine Prime Mk II
123607,Puzzle Strike: Third Edition
123228,Bling Bling Gemstone
83195,Ghost Blitz
118,Modern Art
173090,The Game
349416,Doppelkopf 2.0
353129,Moosehead
5389,Niki Lauda's Formel 1
176596,The Great Battles of Alexander: Macedonian Art of War
21551,SPQR (Deluxe Edition)
5233,The Great Battles of Alexander
83667,First Train to Nuremberg
282524,Horrified
4324,Risk: The Lord of the Rings
321757,Monza 20th Anniversary
253786,Don't Mess with Cthulhu Deluxe
260998,Sleeping Queens Mini
42396,The Eagle and The Star
12538,Clocktowers
54643,Skyline 3000
266141,Castello Methoni
171668,The Grizzled
257164,Dungeon Raiders
206931,Encore!
253607,1822CA
277538,1822MX
204175,Batman: The Animated Series Dice Game
125368,Dino Hunt Dice
155119,Mars Attacks: The Dice Game
102940,Trophy Buck
344415,Trek 12: Amazonia
256382,Disney Villainous
91034,Laser Chess
22143,EastFront: The War in Russia 1941-45 – Second Edition
164840,Monopoly Deal
265797,Monopoly Deal London
129395,Monopoly Millionaire Deal Card Game
39440,Gemblo Red Stone
162012,GembloQ
334137,Top Ten 18+
249683,Sorry! Sliders
308755,Ascension: Eternal
69789,Ascension: Deckbuilding Game
356133,Quirky Circuits: Penny & Gizmo's Snow Day!
855,Java
121921,Robinson Crusoe: Adventures on the Cursed Island
123536,GOSU 2: Tactics
144743,Machina Arcana
30356,Heartland
7118,Ace of Aces: Handy Rotary Deluxe Edition
171630,Drakon (Fourth Edition)
61269,Drakon (Second Edition)
266447,Greenland (Third Edition)
187687,Pathfinder Adventure Card Game: Mummy's Mask – Base Set
133038,Pathfinder Adventure Card Game: Rise of the Runelords – Base Set
249381,The Estates
235944,Schummel Hummel
347013,Get on Board: New York & London
335678,Let's Make a Bus Route: The Dice Game
144553,The Builders: Middle Ages
154009,Mondo: Der rasante Legespaß
275067,Key Market (Second Edition)
347200,Don't Get Got!:  Working From Home Edition
268254,Don't Get Got!: A Christmas Party Game
170296,Limes: Die Bierdeckelknobelei
38657,Cities
169925,Age of Craft
143238,The Battle for Sector 219
175177,Ogre: Objective 218
184824,Gaslands: Post-Apocalyptic Vehicular Combat
16063,Full Metal Conquête
59543,Den Letzten beißen die Hunde
21562,Die Maus im Nacken
169124,Flick 'em Up!
34004,Big Points
348934,Monsterpocalypse Board Game
248641,Monsterpocalypse Miniatures Game
41291,Ubongo Extreme: Fun-Size Edition
188018,Nine Tiles
93895,Dwarf King's Hold: Dead Rising
100798,Dwarf King's Hold: Green Menace
193670,Darkest Night (Second Edition)
144526,Glastonbury
38195,Herr der Ziegen
351652,Warhammer Age of Sigmar: Warcry Red Harvest
322523,Warhammer Age of Sigmar: Warcry – Catacombs
166776,Skull Tales
30024,Kachina
21012,Pentago XL
57998,Boże Igrzysko
129090,Roll For It!
175117,Celestia
55829,Axis & Allies Pacific 1940
218610,Cannon Buster
161943,Chosŏn
280897,NINE
113066,RR
76203,RRR
186073,Street Fighter Rivals
133747,Bauhaus
35570,Tinners' Trail
28738,Kamon
58110,Horse Fever
259809,Sonar Family
171131,Captain Sonar
258,Fluxx
216710,Wings of Glory: WW2 Battle of Britain Starter Set
131183,Wings of Glory: WW2 Rules and Accessories Pack
42306,Wings of War: WW2 Deluxe set
15953,Wings of War: Burning Drachens
9910,Wings of War: Watch Your Back!
69779,Polis: Fight for the Hegemony
338434,Hoplomachus: Remastered
37376,Gem Dealer
174065,Pan tu nie stał! Demoludy
292,Attacke
328565,Caper: Europe
180256,It's Mine
13884,The Scepter of Zavandor
349333,Mistsmall: Mistfall in 18 Cards
149374,Songs of Artha
64219,Scattergories To Go
40115,Scattergories: The Card Game
158098,Star Fleet Battles (Commander's Edition)
37061,Star Fleet Battles (Designer's Edition)
29663,Star Fleet Battles: Captain's Edition Basic Set
93724,Black Gold
319033,"Red Winter: The Soviet Attack at Tolvajärvi, Finland (Second Edition)"
215311,Downforce
7956,Formel 1 Nürburgring
2017,Tempo
39856,Dixit
5336,Talisman (Third Edition)
27627,Talisman: Revised 4th Edition
65532,Defenders of the Realm
113294,Escape: The Curse of the Temple
292187,1861/1867 Railways of Russia/Canada
207783,POW!
278337,Cruel Necessity (Second Edition): The English Civil Wars 1640-1653
224141,DreadBall (Second Edition)
317981,Coyote
31545,Pow Wow
196712,Battlestations: Second Edition
174260,Waste Knights
128445,Darkest Night
354127,Boggle First Words
163412,Patchwork
280475,Element: Silver
39530,Element
13230,Gobblet Gobblers
256643,Neon Gods
156175,Championship Formula Racing
314577,"Pacific War: The Struggle Against Japan, 1941-1945 (Second Edition)"
59,Giganten
200,Entdecker
61692,Axis & Allies Europe 1940
35137,Bezzerwizzer Familieudgave
186243,Bezzerwizzer Kompakt
133337,Bezzerwizzer Mini
321602,Bezzerwizzer Ord
264267,SMARTish
146977,DC HeroClix: Man of Steel 2 Player Mini-Game
212607,HeroClix: The LoneRanger Mini-Game
179172,Unfair
332402,Vietnam: 1965-1975
286439,Import / Export: Definitive Edition
330116,Assault on Doomrock: Ultimate Edition
313859,Napad na Doomrock
136558,Expedition: Famous Explorers
156,Wildlife Adventure
187056,Siege of the Citadel
219621,Walk the Plank: Deluxe Edition
219622,Walk The Plank: Limited Edition
326538,Small City: Deluxe Edition
131260,Qwixx
167305,Qwixx Mixx
187606,Tumult
2653,Survive: Escape from Atlantis!
345792,Village Pillage: À L'Abordage
30,Dark Tower
41490,Phantom Leader
292070,Company of Heroes: 2 Player Set
137238,Time 'n' Space
151684,Desert Island
13362,"Warhammer 40,000 (Fourth Edition)"
316655,"Warhammer 40,000 (Second Edition)"
209877,World At War 85: Storming the Gap
352810,Würfelkönig: Das Brettspiel
46,Medici
306735,Under Falling Skies
279581,Empire of the Stars
318474,Who Goes There? 2nd Edition
41474,Giro d'Italia: The Game
5770,Orchard
260218,1st & Roll
232,Serenissima
38784,Flames of War: Firestorm Campaign – Operation Bagration
334505,Flames of War: German Starter Force – Tank-Hunter Kampfgruppe
338951,Flames of War: Hungarian Starter Force – Assault Gun Battery
307885,Great War
190700,Team Yankee
245645,Franchise
34119,Tales of the Arabian Nights
168839,Die Kutschfahrt zur Teufelsburg
135732,Beyond the Gates of Antares
319093,Bolt Action: Tank War – British Starter Set
319091,Bolt Action: Tank War – German Starter Set
319092,Bolt Action: Tank War – Soviet Starter Set
319090,Bolt Action: Tank War – US Starter Set
40209,RAF: The Battle of Britain 1940
51367,Mad Arena
1117,You're Bluffing!
158982,Blue Max: World War I Air Combat
10501,Canvas Eagles: War in the Skies 1914 - 1918
235591,History of the World
224,History of the World
140164,Duel in the Dark (Second Edition)
63975,Level X
11335,Bazar der edlen Steine
275802,Carnival Zombie: 2nd Edition
102159,Champions 2020
278553,Silver
278554,Silver Bullet
302926,Silver Coin
318098,Silver Dagger
73664,Cabo
227456,Escape the Dark Castle
254191,Dragon Ball Z Power Up! Board Game
224907,Super Mario: Level Up! Board Game
559,Metro
129459,Duel of Ages II
254227,Crazy Eggz
151228,"Eiertanz, Das Kartenspiel"
300442,Trekking the World
154428,Trekking the National Parks
172244,Mars: Kolonizacja
137297,Rise of Augustus
6272,Junior Stratego
215227,Pirates! Stratego
232822,Stratego
40432,Stratego (Revised Edition)
130841,Stratego Card Game
484,Stratego Legends
197108,Stratego Quick Battle
174064,Stratego Waterloo
9246,L'Attaque
71676,Back to the Future: The Card Game
268276,Star Trek Chrono-Trek
2163,Space Hulk
9735,Duell
28096,De Bellis Magistrorum Militum: Wargame Rules for Ancient and Medieval Battle from 3000 BC to 1525 AD
8495,De Bellis Multitudinis: Wargames Rules for Ancient and Medieval Battles – 3000 BC to 1500 AD
31583,De Bellis Napoleonicis
12715,De Bellis Renationis
284578,De Bellis Velitum
5369,Hordes of the Things
31167,"Horse, Foot and Guns"
172225,Exploding Kittens
254213,Boomerang
125833,Carousel
256680,Return to Dark Tower
165950,Beasty Bar
120447,Get Lucky
250963,The Island of Doctor Lucky
27167,Flotte Flitzer
127526,Guild of Thieves
253149,Wok Star (3rd Edition)
162734,Tactical Game 3
150049,Risk: Mass Effect Galaxy at War Edition
2252,King of the Tabletop
279322,World Cup!
21277,Nobody is Perfect 2
313934,Nobody is Perfect: 390 neue Begriffe
24225,Boxcars
77423,The Lord of the Rings: The Card Game
39938,Carson City
7935,1844: Schweiz
4613,1854
66076,Industry
291828,Car Wars (Sixth Edition)
13354,Car Wars Compendium
1126,Car Wars: The Card Game
12676,Mini Car Wars
127398,Legends of Andor
298397,Der verzauberte Turm
207336,Honshū
54914,Triage
150005,Lock 'n Load Tactical: Heroes of Normandy
350670,Fiesta de los Juegos
156714,Doomtown: Reloaded
29603,D-Day at Omaha Beach
39635,Prolix
281657,Malifaux (Third Edition)
52328,Malifaux
344254,Yummy Yummy Monster Tummy
298190,"WWE: Headlock, Paper, Scissors"
1294,Clue
238656,Tiny Epic Defenders (Second Edition)
1219,Labyrinth
1927,Munchkin
181235,Sator Arepo Tenet Opera Rotas: Malleus Maleficarum
5716,Balloon Cup
222407,Lignum (Second Edition)
223321,Detective: A Modern Crime Board Game
30869,Thebes
222543,Submerged Atlantis (fan expansion for T.I.M.E Stories)
295604,Rangers of Shadow Deep: Deluxe Edition
242186,Catch Phrase: Uncensored
135262,Electronic Catch Phrase
36399,The Napoleonic Wars (Second Edition)
40237,Long Shot
268936,Llamas Unleashed
346838,Llamas Unleashed: Farmed & Dangerous
358153,Unstable Unicorns for Kids
311086,Unstable Unicorns: Travel Edition
25669,Qwirkle
138127,Night Eternal: The Game
63196,Three-Dragon Ante: Emperor's Gambit
280501,Three-Dragon Ante: Legendary Edition
316410,The Third World War: Designer Signature Edition
244992,The Mind
183578,Wing Leader: Supremacy 1943-1945
282033,Wing Leader: Victories 1940-1942 (Second Edition)
19702,Junior Othello
164698,Fresh Fish
224830,Chimera & More
43022,Yomi
126613,"Warhammer 40,000 (Sixth Edition)"
323605,Myth: Dawn of Heroes
225449,Automata NOIR
221769,Bios: Megafauna (Second Edition)
639,American Megafauna
322198,Silent War + IJN (Second Edition)
302270,Marshmallow Test
308,Santa Fe
160726,Switch and Signal
267402,War and Peace: Game of the Napoleonic Wars
415,Espresso
43017,Ligretto Junior
293458,Ligretto Kids
292831,Ligretto Probe-Version
46586,Ratuki
298375,Geistertreppe
147151,Concept
27683,Café International Junior
1324,Café International: Das Kartenspiel
4288,"Panzer: A Tactical Game of Armored Combat on the Eastern Front, 1941-1945"
177503,Wonderful Tower
99,Fortress America
212663,Biberbande Schnupperspiel
272078,Rat-a-Tat Roll
327,Loopin' Louie
299104,Apex Theropod Deck Building Game: Collected Edition
179386,London Markets
247034,Rice Dice
163377,Rolling Japan
21611,The Mind Game
158899,Colt Express
297958,"The Korean War: June 1950 – May 1951, Designer Signature Edition"
203800,Dust 1947
161126,Dust Tactics
160961,Dust Tactics: Allied Taskforce Joe Starter Set
160960,Dust Tactics: Axis Kampfgruppe Stefan Starter Set
160962,Dust Tactics: SSU Battlegroup Koshka Starter Set
359406,Ecosystem: Coral Reef
2174,Coup d'État
2,Dragonmaster
71671,Yggdrasil
198630,Hold the Line: The American Revolution
14860,Clash for a Continent:  Battles of the American Revolution and French & Indian War
1334,Entdecker: Exploring New Horizons
31410,Im Reich der Jadegöttin
35293,Im Reich der Wüstensöhne
14017,Oceania
255615,GoodCritters
359187,Assassin's Creed: Brotherhood of Venice (retail edition)
163474,V-Sabotage
233956,Bali
131111,Codex: Card-Time Strategy – Deluxe Set
165469,Council of Verona (Second Edition)
160851,Lanterns: The Harvest Festival
132372,Guildhall
142121,Guildhall: Job Faire
235375,Spirits of the Forest
205544,Rescue Polar Bears
26203,Star Fleet Battles Silver Anniversary Master Rulebook
233724,Star Fleet Battles: Captain's Rulebook
1589,Star Fleet Battles
134520,Phantom Leader Deluxe
155452,Gold Rush
125618,Libertalia
130053,Compatibility 15th Anniversary Edition
304042,新幕 桜降る代に決闘を 基本セット (A Duel for Falling Cherry Blossoms: New Act – Basic Set)
184145,Flash Duel: Revised Second Edition
65334,Flash Duel
11170,Heroscape Master Set: Rise of the Valkyrie
1017,Fresh Fish
24508,Taluva
248158,Thanos Rising: Avengers Infinity War
75165,De Vulgari Eloquentia
310880,Battle for Germany: Deluxe Edition
205046,Capital Lux
170216,Blood Rage
304490,Friday the 13th: Horror at Camp Crystal Lake
357999,Quartz:  Kidz
357989,Quartz: O Jogo de Dados
254189,Snow White and the Seven Dwarfs: A Gemstone Mining Game
94822,Ouro de Tolo
251890,Gunkimono
4211,Stonewall Jackson's Way
123570,Strike
209809,Hordes Primal Mk III
159209,Bucket King 3D
331960,Campaign Trail (Second Edition)
331755,Campaign Trail (Second Edition): Kickstarter Edition
155624,Specter Ops
24742,Cold War: CIA vs KGB
250643,Happiest Town
330664,Varuna
24209,Kaleidos Junior
342807,Pirates
3349,Die Safeknacker
1735,Evade
136991,Loony Quest
5699,"Afrika: The Northern African Campaign, 1940-1942"
43774,micropul dynamo
21047,Strat-O-Sphere
153623,Limes
178892,Vs System 2PCG: The Marvel Battles
352817,Vs System 2PCG: The Marvel Battles – Into the Darkness
1608,Ambush!
210663,Tribes: Early Civilization
4562,Mogul
206925,Black DOG
165587,DOG Cards
129615,DOG Royal
296449,Articulate! Phrases
15866,Junior Articulate
80771,Dungeon Raiders
158,Elfengold
10,Elfenland
147542,Elfenland: Back to the Roads
122213,Elfenland: Der Elfen-Zauberer
165586,Adventure Tours
193238,Tunisia II
119,Kingdoms
224037,Codenames: Duet
2316,X-Bugs
180355,Visby
182029,Visby: Extra Player Pack
40760,Alea Iacta Est
33521,"The Siege of Jerusalem, 70 A.D."
262818,The Cousins' War (Second Edition)
155693,Game of Thrones: Westeros Intrigue
152758,Penguin
244820,Posthuman Saga
2406,Whosit?
54620,"Close Action: Naval Warfare in the Age of Napoleon, 1793-1815"
233020,Fireball Island: The Curse of Vul-Kar
193105,Utopia Engine: Beast Hunter
348877,Lobotomy 2: Manhunt
814,Aquarius
314243,"Warhammer 40,000 (Ninth Edition)"
160044,"Warhammer 40,000 (Seventh Edition)"
107529,Kingdom Builder
182544,Advanced Song of Blades and Heroes
181520,Galleys & Galleons
165027,ShadowSea: The Stygian Depths
162687,Song of Shadows and Dust
158742,Yardmaster Express
196340,Yokohama
263996,Melee & Wizard
254588,Hearts and Minds: Vietnam 1965-1975 (Third Edition)
252135,Hell Village
291434,Axis Empires Ultimate Edition
10829,Krieg! World War II in Europe
4258,Totaler Krieg!
22141,Cleopatra and the Society of Architects
347900,Tin Helm
249675,Desolate
256620,5 COLORS
89910,"Run, Fight, or Die!"
28,Illuminati
1563,Rise and Decline of the Third Reich
147537,Malifaux (Second Edition)
187676,Malifaux Second Edition Starter Set
25685,Blackbeard: The Golden Age of Piracy
147883,Lost Legacy: Hyakunen Senso to Ryu no Miko
158341,Zaginione Dziedzictwo: Wieża Białozłota
246398,Exploding Kittens: Newbie Edition
256804,Exploding Kittens: Party Pack
343282,Exploding Kittens: Recipes for Disaster
341164,Exploding Minions
198741,Roll For It Express: Watch It Played Promo
164812,Roll For It! Deluxe Edition
157838,Roll For It! Express
226254,The Ruhr: A Story of Coal Trade
38823,Conflict of Heroes: Storms of Steel! – Kursk 1943
296167,Boomerang: Australia
300367,Boomerang: Europe
300369,Boomerang: USA
342070,Thunder Road: Vendetta
609,Ferkelei
249833,Monopoly Gamer: Mario Kart
287863,Monopoly Gamer: Sonic The Hedgehog
1406,Monopoly
192777,Junta: Las Cartas
31198,War at Sea (Third Edition)
32234,The War At Sea
215565,Roads to Gettysburg II: Lee Strikes North
29972,El Capitán
248490,Atlantis Rising (Second Edition)
293925,2GM Pacific
259,Atlantic Storm
37184,Dungeons & Dragons Miniatures Game (Second Edition)
105,Colossal Arena
22581,Auf Achse Junior
1310,Auf Achse: Das Kartenspiel
172164,Dohdles!
341336,"The Battle for Normandy, Deluxe Edition"
359612,Trick Shot (Second Edition)
40213,Nile
281782,Necromunda Rulebook
3072,Necromunda
99358,Stonewall Jackson's Way II: Battles of Bull Run
244452,Wisdom of Solomon
344992,Evolution: New World
151985,Evolution: Random Mutations
330152,Nature
32109,Electronic Catch Phrase: Music Edition
2582,Catch Phrase!
16991,Khet: The Laser Game
358086,Sailor Moon Crystal: Imposterous
2667,What Were You Thinking?
248375,SAGA Rulebook (2nd Edition)
2090,Stalingrad Pocket
265635,Space Race
247963,Fist of Dragonstones: The Tavern Edition
2338,Starship Catan
179835,Stellar Conflict
201393,Stellar Conflict: Chimera / Secret Base
23107,Drakon (Third Edition)
2994,Guderian's Blitzkrieg: The Drive on Moscow
130390,Ruhrschifffahrt 1769-1890
40270,Call of Cthulhu: The Card Game
165740,18OE / 18C2C
4106,Moderne Zeiten
213304,4 Seasons
64843,Counterpoint
7994,"Silver Bayonet: The First Team in Vietnam, 1965"
333280,Plata
146994,Quiddler Junior
179203,Quiddler Mini Round
343687,Alveole
826,Cartagena
6203,Enemy at the Gates
6249,Alhambra
334207,Homeworlds
37165,"Warhammer 40,000 (Fifth Edition)"
2162,"Warhammer 40,000 (Third Edition)"
122913,Samurai Battles
26315,WeyKick on Ice
166726,Richard I
41372,Zombie in My Pocket
312,Landlord!
4212,Here Come the Rebels
35458,Rebels in the White House
4206,Roads to Gettysburg
195372,Krazy Wordz: Nicht 100% jugendfrei
351106,Twin It Japan
3985,Crisis: Korea 1995
163967,Tiny Epic Galaxies
266083,L.L.A.M.A.
66982,Boomerang
154825,Arkwright
216734,Dice Throne: Season One
244654,Wildlands
172207,Unspeakable Words: Deluxe Edition
218509,Empires of the Void II
5534,Light Speed
296,Medieval Merchant
321537,Soviet Dawn: The Russian Civil War 1918-1921 – Deluxe Edition
359131,"Combo Fighter: Plotmaker Edition, Pack 1"
216157,Caesar's Glory
190462,Triumph of Chaos v.2 (Deluxe Edition)
12139,The Three Days Of Gettysburg
5452,"DAK: The Campaign in North Africa, 1940-1942"
36422,Beyond Hex
5242,The Game of Y
235902,Natives
254386,Raccoon Tycoon
53093,Heroes of Normandie
164027,Uruk II: Die Entwicklung geht weiter
25951,The Castle of the Devil
277927,Bites
26457,Successors (Third Edition)
75476,Inca Empire
223,Expedition
27898,Agincourt
132019,Blood & Roses
62225,Infidel
16020,Longbow
14683,Men of Iron
235360,TOKYO JUTAKU
38765,Ground Floor
132501,Ground Floor: Overfunding Achievements
297892,Dodelido Extreme
229516,Ynavi
146157,30 Seconds Junior
235113,30 Seconds: Everyday Life
9341,Lost Valley
988,Zapp Zerapp
67185,Sobek
180241,Warhammer Age of Sigmar
215749,Warhammer Age of Sigmar: Spire of Dawn
74408,Warhammer: The Island of Blood
268098,Warhammer: The Game of Fantasy Battles (7th Edition)
160418,Wing Leader: Victories 1940-1942
13293,Vs System
293959,"Men of Iron Battles Tri-pack: Men of Iron, Infidel, Blood & Roses"
4327,War & Sheep
261614,Unanimo Party
224303,Pocket Landship: Free Trial Version
199938,Panic
73650,Porto Carthago
269595,Copenhagen
102652,Sentinels of the Multiverse
20646,1824: Austria-Hungary
165016,Arkel: De Ontdekkingsreis Sinds 1442
216347,Statis Pro Baseball Advanced
24,Twilight Imperium
217423,Cosmic Run: Rapid Fire
240464,Cosmic Run: Regeneration
81640,Florenza
23817,1861: The Railways of the Russian Empire
227143,1867: Railways of Canada
8172,Coyote
2106,Imperium: 3rd Millennium
34219,Biblios
171424,Kakerlakak
172310,Kakerlaloop
322831,Mein erstes Kakerlakak
143403,Petits meurtres & faits divers: au tribunal
139898,Brew Crafters
304412,Phantom Division
351891,Master Word Pocket Version
184561,Lock 'n Load Tactical: Heroes of the Nam
305838,Sea Change
185793,GTP Compet
29138,Katamino Duo
32989,Axis Empires: Totaler Krieg!
25729,World at War: Eisenbach Gap
165719,Super Fantasy: Night of the Badly Dead
343373,Omega Virus: Prologue
13223,The Best of Chronology
43856,Chronology
31525,Chronology Junior
29810,Chronology: Sports Edition
172933,Dragonwood
311715,Mini Rogue
357956,The Wizard of Oz Adventure Book Game
158882,Elevenses for One
272739,Clinic: Deluxe Edition
1678,"The Peloponnesian War, 431-404 BC"
182260,Agent Decker
344614,Floor Plan: The Winchester Mystery House
326019,Europe in Turmoil II: The Interbellum Years 1920-1939
36235,The Duke
273264,Iron Helm
156370,Rod Soccer
236239,"Battles of the American Revolution Tri-pack: Guilford, Saratoga, Brandywine"
134009,The Hobbit: An Unexpected Journey Strategy Battle Game
260234,Middle-Earth Strategy Battle Game: Rules Manual
259435,Middle-earth Strategy Battle Game: The Lord of the Rings – Battle of Pelennor Fields
3563,The Lord of the Rings: The Fellowship of the Ring
153327,The Lord of the Rings: The Return of the King
98261,The Lord of the Rings: The Two Towers
40398,Monopoly Deal Card Game
356752,Blockbuster and Chill
3412,Brandywine
7086,Guilford
3413,Saratoga
1465,Wizard
152470,Fief: France 1429
183308,1844/1854
159633,Start Player Express
24996,Start Player: A Kinda Collectible Card Game
59161,Sitting Ducks Deluxe
176071,Sitting Ducks Deluxe
287678,Rat Attack
96157,No Retreat 2: The Africa Front 1940-1942
156661,Italia
299121,Machina Arcana (Second/Third Edition)
302212,Sebastian Fitzek Safehouse Würfelspiel
356768,Bloc by Bloc: Uprising
78733,Key Market
211454,VOLT
172940,Suspend Junior
256422,Warhammer Age of Sigmar (Second Edition) Core Rules
130552,Warhammer: The Game of Fantasy Battles (8th Edition)
165722,KLASK
39914,Zombiegeddon
1194,Speed Circuit
203265,Cortex Challenge KIDS
307159,Cortex Challenge: Print & Play Demo
282485,CorteXXX Confidential
41302,First Orchard
41305,Orchard: The Card Game
194655,Santorini
20920,Candle Quest
286064,Frankenstein
41762,Fastrack
49,Mamma Mia!
13530,Sole Mio!
31853,Black Box +
340279,No Peace Without Honor!: The Dutch War 1672-1678
230040,A Pragmatic War: The War of the Austrian Succession 1741 – 1748
266830,Q.E.
30328,Battleground: Crossbows & Catapults
342075,Crossbows and Catapults
235555,Bios: Origins (Second Edition)
33599,Pirates Blast
45319,Alcazar
247785,Chartered: The Golden Age
281132,Cover Your Kingdom
167604,Rollet
42910,Peloponnes
76150,Revolver
13094,Category Game
144607,Bitter Woods: Designer Edition
747,Bitter Woods: The Battle of the Bulge
267609,Guards of Atlantis II: Tabletop MOBA
351896,Ancient Blood: The Order of Vampire Hunters
107148,Wings of Glory: WW2 Starter Set
325925,Die Maulwurf Company Demo
245131,Die Maulwurf Company Mitbringspiel
2962,Inner Circle
147949,One Night Ultimate Werewolf
215308,Indulgence
145186,Pick-a-Polar Bear
153225,Pick-a-Seal
146262,Formissimo
3226,Bowl Bound
275849,Musket & Pike Dual Pack
330309,Perplexus Revolution Runner
166583,Perplexus Warp
180050,Star Wars Death Star Perplexus
320383,Wink: Nest of Spies
312182,JamSumo (Second Edition)
140743,Catan Junior Madagascar
20806,Three-Dragon Ante
4388,"Rome: Imperium, Circus Maximus, Hannibal vs Rome"
155695,Age of War
18781,Hornet Leader II
65564,Hornet Leader: Carrier Air Operations
160436,Lost Legacy: Binbo Tantei to Inbo no Shiro
5316,"Warhammer Epic 40,000"
2210,The Last Spike
309081,NATO: The Cold War Goes Hot – Designer Signature Edition
171110,Cosmic Run
209778,Magic Maze
182090,The Game of Nasty Things...
352292,Things... Schitt's Creek
312570,The Cards of Cthulhu
329106,Fallen Land: A Post Apocalyptic Board Game – 2nd Edition
10431,Epic Armageddon
4001,Space Marine
6516,Titan Legions
208974,The Russian Campaign: Deluxe 5th Edition
2808,The Russian Campaign
146997,Five Crowns Junior
179204,Five Crowns Mini Round
229965,Rival Realms
198670,Kings of War (Second Edition)
334720,Kings of War: The Battle for Ironhold – Two Player Battle Set
4204,Tunisia
205790,Doodle China
247643,Doodle Islands
261009,Inuit: The Snow Folk
203104,Cthulhu in the House
143981,VOLT: Robot Battle Arena
215312,Stop Thief!
327386,Fortress Europa: Designer Signature Edition
209812,Calabozo: La aventura de los anillos
1370,The Classic Dungeon
2301,The New Dungeon!
135672,Star Wars: El Imperio Contraataca
251364,Pacific Victory: Pacific Theater of WW2 – Second Edition
27266,Silent Death: The Next Millennium Deluxe Edition
320202,Dragon Land
5869,Mordred
333136,Football Highlights: The Dice Game
135557,Wizard's Brew
38054,Snow Tails
102676,Reverse Charades Junior Edition
332614,The Paradox Initiative
234438,Tyler Sigman's Crows
226312,Button Men: Beat People Up
182412,Cosmic Domination
226085,Sailor Moon Crystal: Dice Challenge
14867,Dogfight
26804,Total War
6942,Drang Nach Osten!
155025,The Magnates: A Game of Power
38309,God's Playground
39206,Tac Tac Jack
263301,Imperium Romanum
8740,Imperium Romanum: The Clash of Legions
27739,Hearts and Minds: Vietnam 1965-1975
323707,MOB: Big Apple
235468,Templari
6209,Mag·Blast (Second Edition)
269847,Dracula's Feast: New Blood
128,Take it Easy!
10884,White Bear & Red Moon
358000,Birds of a Feather: Western North America
29285,Case Blue
226009,Alien vs Predator: The Hunt Begins (Second Edition)
30991,Confrontation: The Age of the Rag'Narok
15164,Rag'narok
159907,Моя Весела Ферма
22038,Warrior Knights
39189,Kawanakajima 1561
188301,Toast!
158760,Quack a-doodle Moo!
233361,Doctor Who: Solitaire Story Game (Second Edition)
229427,"Warhammer 40,000 (Eighth Edition)"
1478,VI Caesars
286667,Tutankhamun
342676,The Little Flower Shop Express
197070,Massive Darkness
279644,Peloponnesian War
158491,Nördlingen 1634: Habsburg High Water Mark
185538,Tsukuyumi: Full Moon Down
3183,Car Wars (Fifth Edition)
2795,Car Wars
242343,Siege Storm
358812,Basketboss
187489,Schnappt Hubi Mitbringspiel
253763,Expedition Luxor
161553,Drecksause
217379,Der Landvogt und die frächen Lügner
1942,Foppen
317298,Dogs: Card Game
6551,Crimson Skies
5034,Empire of the Rising Sun
131165,Why First?
248861,Metro X
285,Monsters Ravage America
103132,Rapa Nui
50768,Ninjato
83197,Zen Master
322787,Confrontation
7482,Rush N' Crush
197333,Deadzone (Second Edition)
9440,Maharaja: The Game of Palace Building in India
305221,Dinosaur Table Battles
216300,Christmas at White Mountain
72800,RoadZters
298154,Rolling Stock Stars
197786,Say my Name
109019,Caldera
85147,Wings of the Motherland
6900,Monster Fressen
2664,Push Over
62143,Circus Train
23343,The Barbarossa Campaign
12350,Battlestations
283542,Latice Hawai'i
3710,MBT
184383,Disney Eye Found It!
269530,Eye Found It!: Despicable Me
190264,Eye Found It: Journey Through Time
22999,"25 Words or Less: People, Places and Things Edition"
202227,German Rails
255586,Micro City
94724,The Big Idea
95805,Sink the Carrier
354402,Old School Tactical: Volume 1 – 2nd Edition
42493,Giro D'Italia Card Game
83040,Leader 1: Hell of the North
36708,Leader 1
174744,Mogul
30531,Wings for the Baron
98085,Seven Dragons
8107,Risk: The Lord of the Rings Trilogy Edition
45,Perudo
269456,"Interceptor Ace: Daylight Air Defense Over Germany, 1943-44"
326036,"Spitfire Ace: Air Defence Over Britain, 1940"
294112,"Western Front Ace: The Great War in the Air, 1916-1918"
235,Blackbeard
193867,1822: The Railways of Great Britain
798,Ace of Aces: Handy Rotary Series
63268,Spot it!
17329,Animal Upon Animal
187617,Nemo's War (Second Edition)
244234,Klunker
273437,"Clash of Sovereigns: The War of the Austrian Succession, 1740-48"
169761,Chepy
283076,Combat Arena
197297,Battle for Moscow II
6544,Battle for Moscow
211813,Holdfast: EastFront 1941-45
249773,Atlantic Storm: Admiral's Edition
20079,Pacific Typhoon
150930,Mad City
135840,Napoleon at Leipzig (Fifth Edition)
5404,Amun-Re
290872,Monty's Gamble: Market Garden (Second Edition)
191177,Space Race: The Card Game
233803,Space Race: The Card Game – Interkosmos
301399,Lyttle Wood
6137,Drive
289937,Ancient Civilizations of the Middle East
295503,The Champion of the Wild (Second Edition)
161921,Dolmen
183251,Karuba
247367,"Air, Land, and Sea"
2129,Crossbows and Catapults
304620,World of Tanks Miniatures Game
177354,Frostgrave
308500,Clash of Decks
11488,A Kingdom For A Horse
5628,Bid & Bluff
8051,Attika
50381,Cards Against Humanity
159910,The King of Frontier
191925,Bandido
153064,Good Cop Bad Cop
242482,Blight Chronicles: Agent Decker
206156,SUPERHOT: The Card Game
281946,Aftermath
233312,Stuffed Fables
124590,Call to Glory
97512,For the Crown
113011,For the Crown: Cover of Night Expansion Kit 1
54859,"Empire: The Macedonian  Punic Wars, 350-150BC"
34403,Lost Battles:  Reconstructing the Great Clashes of the Ancient World
13686,Strategos
275857,Cat Tower
66587,GOSU
12134,This Hallowed Ground
70,Big City
258207,Milito
31542,Field of Glory: Ancient and Medieval Wargaming Rules
4953,1313 Dead End Drive
12171,Le Passe-Trappe
258636,Looterz: Rigor Mortis
153916,Sergeants D-Day
140535,Koryŏ
319365,World War I: Deluxe Edition
169,En Garde
313,Big Boss
179111,犯人は踊るポーカー (Criminal Dance Poker)
172596,Monster My Neighbor
257063,SiegeStorm: SiegeMode
2119,221B Baker St.: Sherlock Holmes & the Time Machine
22825,Tide of Iron
282137,Hollywood: Director's Cut
258287,Dragon Boats of the Four Seas
313769,Dream On!: Afternoon Nap Version
68264,No Retreat! The Russian Front
438,Scotland Yard
23142,Mag·Blast: Third Edition
944,Mag·Blast
270699,Colonialism: Expanded 2nd edition
224133,The Cousins' War
234684,The Cousins' War: Events
206780,Vikingdoms
1041,San Marco
25312,Dampfross 2
460,Railway Rivals
359442,Stuka Leader
312059,Zero Leader
181291,"Wellington's Victory: The Battle of Waterloo, 18 June 1815 (Second Edition)"
256802,Fool!
4636,Clans
270637,Axio Rota
37006,Fangs and Swords
41875,Trader
286980,School of Sorcery
322832,Criss-Cross
299,De Bellis Antiquitatis: Quick Play Wargame Rules with Army Lists for Ancient and Medieval Battles
350793,Deadzone (Third Edition)
142063,Deadzone
30932,Lascaux
11,Bohnanza
2266,Gobblet
126026,Gato Leader
272889,Pictionary Air
321841,Pictionary Air: Kids vs. Grown-ups
262412,Pictionary Frame Game
335876,Pictionary Manía Junior
539,Dampfross
48159,Railway Rivals
287872,Fire in the Library: The Card Game
209366,Gobbit Angry Birds
2672,Der Herr der Ringe: Die Gefährten – Das Kartenspiel
44805,Epic Munchkin
30166,"The Good, the Bad, and the Munchkin"
197414,Moop's Monster Mashup
112869,Munchkin Apocalypse
94915,Munchkin Axe Cop
12194,Munchkin Bites!
31920,Munchkin Booty
25071,Munchkin Cthulhu
312346,Munchkin Disney
6607,Munchkin Fu
249824,Munchkin Harry Potter Deluxe
189848,Munchkin Marvel
29678,Munchkin Quest
224134,Munchkin Rick and Morty
29288,Munchkin Rigged Demo
198776,Munchkin Sketch Edition
237991,Munchkin Starfinder
164031,Munchkin Steampunk
180816,Munchkin The Nightmare Before Christmas
166026,Munchkin Treasure Hunt
213670,Munchkin X-Men
86955,Munchkin Zombies
4095,Star Munchkin
357116,Steve Jackson's Munchkin Presents Batman
16933,Super Munchkin
46255,Campaign Manager 2008
354729,Wonder Woods
184559,Lock 'n Load Tactical: Heroes in Defiance
220499,Mask of Moai
19765,Deduce or Die
244083,Haste Worte? Das Würfelspiel
217234,Haste Worte? Jubiläumsedition
357253,Haste Worte?: Das 2. wortreiche Würfelspiel
123955,Thunderbolt Apache Leader
328734,T34 Leader
150010,Tiger Leader
150145,Skull King
13885,The Guns of Cedar Creek
5939,Stonewall: The Battle of Kernstown
306144,The City of Hemloch
224152,Hemloch: Dark Promenade
172563,Hemloch: Midnight Edition
145653,Hemloch: Vault of Darkness
248949,Skull Tales: Full Sail!
15274,La Bataille de la Moscowa
30706,Make 'n' Break Extreme
65488,Make 'n' Break Junior
129952,Make 'n' Break Party
35556,Mini Make 'n' Break
265585,Linkee 3
246684,Smartphone Inc.
230769,Who Goes There?
282863,Astroforce: The Dice Game
355978,Untamed: Feral Factions – Spirit Strike edition
210937,Dia de los Muertos
10659,Hex Hex
17859,Hex Hex Next
12234,"DAK2: The Campaign in North Africa, 1940-1942"
215155,Space Infantry: Resurgence
18460,Lock 'n Load: Band of Heroes
25731,Lock 'n Load: Swift and Bold
118699,Streifen Toni
361,Hare & Tortoise
249649,"Fire in the Steppe: Battles in Ukraine, 1941 – A Panzer Grenadier Game"
2881,Panzer Grenadier
181042,Who's Hue?
38531,Powerboats
56944,Powerboats Expansion 1
489,Pacal
78,"WestFront: The War in Europe, 1943-45"
1155,Capitol
13642,Louis XIV
129974,"Warhammer 40,000: Dark Vengeance"
169823,"Warhammer 40,000: Shield of Baal – Deathstorm"
14403,"Warhammer 40,000: Battle for Macragge"
95318,Thunder at the Crossroads: The Battle of Gettysburg
72132,Dragon Rampage
283748,Dragonscales
307155,Timeline: Classic -- Print & Play Demo
52286,Nuklear Winter '78
258725,Lord of the Fries: Superdeluxe Edition
22877,Fields of Fire
283790,Truck Off: The Food Truck Frenzy Roll And Write
170715,Empire
273436,Rebel Fury
4377,Ladybohn
305985,Mountain Goats
334606,Dystopian Wars: Hunt for the Prometheus – 2 Player Starter Set
251153,Alpenzian
284003,Sunflower Valley: A Tile-Laying Game
181955,Sarkophag
149178,DreadBall Ultimate
129731,DreadBall: The Futuristic Sports Game
7251,The Speed of Heat
15683,War For the Motherland
27265,Silent Death: Rookie Rules
3895,Silent Death
508,Blue Max
2533,Kupferkessel Co.
234860,Hack Trick: It's Hacking Time
123885,Pick-a-Dog
42704,Mi Tierra
353942,Santa's Workshop
252314,Nyctophobia: Vampire Encounter
216459,The Lost Expedition
31025,The Age of Eagles
139976,Cthulhu Wars
55165,Bisikle
241486,Kang
176642,ひとひら (Hitohira)
1917,Stratego
156233,Kung Fu Fighting (Second Edition)
140279,Clacks: A Discworld Board Game
186751,Mythic Battles: Pantheon
220443,Callisto
368,Relationship Tightrope
9104,The Three Days of Gettysburg (Second Edition)
149896,Alien vs Predator: The Hunt Begins
341080,Warhammer Age of Sigmar (Third Edition)
86816,Königsberg '45
183212,18Dixie with 18MS and 18GA
52332,Sherlock Deluxe
176560,Mechwarrior: Age of Destruction Starter Pack
305984,GPS
247269,Sprint 3
299971,Island Siege: Second Edition
266072,OK Play Duel
31056,Micro Mutants: Evolution
267991,Conspiracy: The Solomon Gambit
31909,Die Jagd nach dem Gral
311232,Subterfuge
314672,Stilicho: Last of the Romans
156009,Port Royal
483,Diplomacy
290768,Neko Harbour: The Card Game
39834,Glenn's Gallery
128028,CLASH: Jihad vs. McWorld
112373,BraveRats
208376,BRL 1192: Tobruk Deprogrammed
15676,Terrace 6x6
306332,WWE Cage Battle
206715,Ultimate Werewolf Legacy
311920,Ultimate Werewolf: Extreme
255356,Werwölfe
67148,Ultimate Werewolf: Compact Edition
256066,"Warhammer 40,000: Kill Team"
199790,Encantados
42057,Utopian Rummy
285436,Kernstown
207230,"Thunder in the Ozarks: Battle for Pea Ridge, March 1862"
202942,Sicily II
9135,Advanced European Theater of Operations
21992,Ava
152241,Ultimate Werewolf
246619,Onium
16444,The Battle of the Bulge
306651,The Oil Must Flow
42617,Dune Express
229244,Battlefold
259551,Magic Fold
71304,Iron Man 2: Game of War
39435,Iron Man Battling Card Game
30852,Transformers Battling Card Game
114689,BITS Mitbringspiel
5165,Code Breaker
172161,Eleusis Express
6414,Genius Rules
28828,Modern Naval Battles: Global Warfare
190740,"Warhammer 40,000: Sanctus Reach – Stormclaw"
37672,"Warhammer 40,000: Assault On Black Reach"
2371,Extra!
41,Can't Stop
220980,Solstice: Fall of Empire
160669,Town Center (Fourth Edition)
277030,1824: Austrian-Hungarian Railway (Second Edition)
160012,In a Bind
260126,New Salem: Second Edition
180198,Rolling America
187769,Rolling World
6351,Gulo Gulo
222079,Galaxy of Trian: New Order
40550,Star Trek Customizable Card Game (Second Edition)
304894,Blue Water Navy: World War III – The Pacific
24480,The Pillars of the Earth
35815,A Touch of Evil: The Supernatural Game
61487,Unconditional Surrender! World War 2 in Europe
1582,Sicily: Triumph and Folly
292610,SUCK
121193,Cover Your Assets
258104,Tribes: Dawn of Humanity
326265,Loonacy Marvel
255012,Mary Engelbreit Loonacy
356085,Olympus Loonacy
212759,Pyramid Arcade Loonacy
181385,Retro Loonacy
225765,Stoner Loonacy
191999,Uglydoll Loonacy
10681,Apples to Apples Junior
4991,Apples to Apples Kids
338517,A cagar a la via
317367,Cards Against Humanity: Family Edition
13089,Wie ich die Welt sehe...
267421,Battle Hymn Vol. 2: Shiloh and Bentonville
23451,Space Dealer
306074,The Butterfly Garden (Second Edition)
6638,Fight in the Skies
31070,Horse Fair Card Game
310031,Whale Riders: The Card Game
171942,Lost Legacy: Undying Heart
201308,Hive Mind
216974,King's Road
280,Neue Spiele im alten Rom
24213,Octi for Kids
217776,Import / Export
218703,Import / Export: Capital Expansion
239107,Import / Export: Captain Edition Cards
234679,Import / Export: Kickstarter Expansion
183899,ATS Rulebook 2014
335131,Sticky Cthulhu
184883,Beasty Bar: The Tasmanian Devil
258437,Bukiet
129710,Card City
9220,Saboteur
86415,Cornerstone Essential
293972,Loot of Lima
4072,¡Knock-on-Word!
343744,Kleine Fische ganz groß!
301942,Farmageddon: Farm Fresh Edition
303635,Rat Attack Party
284226,Kamigami Battles: Avatars of Cosmic Fire
238181,Kamigami Battles: Battle of the Nine Realms
284228,Kamigami Battles: Children of Danu
284225,Kamigami Battles: Court of the Emperor
284222,Kamigami Battles: Warriors of the Dawn
204675,The Arrival
242227,"Nightfighter Ace: Air Defense Over Germany, 1943-44"
1898,Friesematenten
105593,Cheating Moth
174926,Wizards of the Wild: Deluxe Edition
300120,Nightmarium: Revised Edition
20432,Starfire (3rd Edition)
114062,Starfire
157323,MBT (Second Edition)
204505,Museum
196667,Thrashing Dice: Assassin Edition
304239,Dany goes to hollywood
260407,Soviet Kitchen Unleashed
67240,Clue: Secrets in Paris
3614,Air Strike
3613,Air Superiority
10149,The Great War in Europe
11978,The Great War in the Near East
2633,DOG
1405,Adventurer: A Game of Man to Man Brawling in the Far Future
28739,Garibaldi: The Escape
246310,Page Quest SEASON 1: Mythical Artifacts
8888,August Fury
529,Charlemagne
36944,Electronic Guesstures
3050,"Napoleon at Bay: Defend the Gates of Paris, 1814"
15102,Russo-Japanese War
24304,Unspeakable Words
3,Samurai
351998,North Africa '41
309545,Lucky Little Luxembourg
293112,White Eagle Defiant: Poland 1939
299702,The Lost Code
172012,"7 Symbols, and 7 Nations"
37777,Ochs & Esel
249897,Mini BrilliAnts
3128,Clippers
3348,Santa Fe Rails
72083,Tori
5711,Squad Seven
245931,Neta-Tanka: Deluxe Edition
181807,Dragon Rampant: Fantasy Wargaming Rules
159513,Auf geht's!
28805,The Lord of the Rings: Strategy Battle Game
355521,Mining Colony Duel
206463,Gads Hill 1874
251350,Gem Rush (Second Edition)
56128,Zombiaki II: Attack on Moscow
298773,Warmachine: Oblivion Campaign Set
175619,Prussia 20
1974,Das GROSSE und das kleine A
220541,Museum Heist
193291,Orient Express
263666,Victory: World War II – Second Edition
316387,Midnight Murder Mysteries (Second Edition)
494,Ave Caesar
128554,Völuspá
254976,Skylands
66849,Safranito
184842,Catan Junior
125921,Catan: Junior
3293,König Artus Tafelrunde
75644,Check Your 6! Jet Age
258325,Banjooli Xeet (Second Edition)
53624,Empires in America: The French and Indian War
182499,Desert Fox Deluxe
316401,Air & Armor: Operational Armored Warfare in Europe – Designer Signature Edition
5275,Piercing the Reich
333904,Zoo-ography: The Card Game
345972,Cat in the Box (Second edition)
171136,Pingo Pingo
241252,バイバイレミング (Bye-Bye LEMMING)
241067,Octopus's Garden
89695,RoboDerby: Express
172881,Quartz
4359,1914: Glory's End
7753,When Eagles Fight
16747,Tumblin-Dice
129285,Stargrunt
317983,Anansi
2422,Bismarck
65516,Ablaze!
13832,Vulkan!
177977,All Things Zombie: Reloaded
8380,Check Six!
169368,Arbos Apfel
131308,Arbos XXL
107190,Flash Duel: Second Edition
85332,Palacio de Viana
353153,Ricochons: Quand Satan brouille l'écoute
29199,Victoria Cross II: Battle of Isandlwana & Rorke's Drift
59031,In their Quiet fields
158886,Stonewall's Sword: The Battle of Cedar Mountain
3141,The Bucket King
204836,Escape Room: The Game
398,Wildlife Safari
1498,Paydirt
250822,Title Bout II
309828,Quatorze
292333,Cowboys II: Cowboys & Indians Edition
183404,In A Bind Jr
224271,Yogi
17240,That's Life!
10174,Bitter Woods (Fourth Edition)
200966,Second World War at Sea: La Regia Marina
35248,Batavia
35505,Walk the Plank!
141976,Walk the Plank! Ghost Meeple Mini-Expansion
181267,Hundred Days 20
12929,Careers for Girls
190015,Cthulhu Tales
4230,Napoleon's Last Battles
20074,Railroad Dice 2
201877,Defense Three Kingdoms
296113,Station Master
95105,1st & Goal
288809,Battle for Earth
314671,Give Me the Brain: Superdeluxe Edition
24070,Afrika: 2nd Edition
195043,Welcome Back to the Dungeon
150312,Welcome to the Dungeon
296912,Fort
10361,"Dead of Winter: The Battle of Stones River – Murfreesboro, Tennessee"
172965,Guards of Atlantis: Tabletop MOBA
5456,Scrutineyes Junior
279989,Party KINGO!
338783,Streams Cross
147145,Primate Fear
21074,Monochrome  Chess
138015,Swish Jr.
2236,Streets of Stalingrad
296562,Winter War: Finland vs the Soviet Union 1939
34653,"I Say, Holmes!"
154881,Sherlock Holmes: The Card Game – Designer Edition
134524,Lion Rampant: Medieval Wargaming Rules
96420,Electronic OUTBURST
31767,Outburst II
14525,Outburst Remix!
21275,Outburst: Travel Edition
202564,Cookie Box
187257,Flip Hop
279869,Nine Tiles Panic
263212,Tasso Safari
15474,Zombiaki
172,For Sale
181810,Kodama: The Tree Spirits
272085,Bloom
93138,Schlacht am Buffet
35342,Hold the Line
1270,Star Wars Customizable Card Game
57201,Greedy Kingdoms
320814,The King's Armory: 7th Anniversary Edition
8717,The Schlieffen Plan
358263,Arrakis: Dawn of the Fremen
137669,Gearworld: The Borderlands
346236,Alien Getaway
359644,Loose Caboose!
147451,Field of Glory: The Card Game
15818,Pickomino
60245,Mummy's Treasure
16095,Quatrix
92759,Russian Civil War 1918-1922 (Second Edition)
171835,Posthuman
28678,Grand Conquest
20467,Conquest
191790,"Empires in America: The French and Indian War, 1754-1763 (Second Edition)"
72321,The Networks
263312,Pathogenesis (Second Edition)
211716,John Company
180598,Voilà!
216066,Dust Warfare '47
126100,Mythos Tales
144574,Last Chance for Victory: The Battle of Gettysburg
267182,Anthelion: Conclave of Power
281096,Pont D'Avignon
202023,Barbaria: Race to Valhalla
140455,8Bit Flashback: Super Mario Bros 3
347979,The Pirate Republic: Africa Gambit
37912,"Highway to the Reich: The Allied Airborne Invasion of Holland, 1944 (Third Edition)"
354541,Math Fluxx 2.0
71973,Crows
171537,Wer war's?: Das Kartenspiel
108377,Space Station
357912,Chachapoya (Second Edition)
355622,Racing Hedgehogs
302524,Super-Skill Pinball: 4-Cade
165986,Royals
22666,Renaissance
16389,Undercut
66171,Dragonheart
270110,Pennsylvania Railroad
284306,Star Scrappers: Orbital
157148,Typo 2D
137637,Hidden Intruder
265204,Pocket Landship
99313,Proud Monster Deluxe
231815,Intro Package: Hanau
10183,Napoleon at Leipzig
15311,Halli Galli Extreme
20832,Halli Galli Junior
217320,Halli Galli Party
312401,할리갈리 딜럭스 (Halli Galli Deluxe)
139627,Dragon Teeth Washer
179572,Dice City
146312,Ghost Fightin' Treasure Hunters
17649,First Blood: The 1st and 2nd Battles of Manassas
16090,Paulus 6th Army
12140,Stalingrad Pocket: The Wehrmacht's Greatest Disaster – 2nd Edition
142992,Gravwell: Escape from the 9th Dimension
8098,Jungle Speed
147623,Friese's Landlord
2968,Ka-Ching!
257743,Say Whaaat?!
129013,"No Retreat 3: The French Front, May/June 1940"
12013,Lock 'N Load: ANZAC Attack
6542,Lock 'n Load: Forgotten Heroes – Vietnam
310947,Blood Red Skies: Air Strike!
117869,Cam
117867,Grand Camelot
117864,Chivalry
3852,Star Trek Customizable Card Game
300,Tutankhamen
280107,Kami
25289,Tonkin: La Guerre d'Indochine 1950-1954
344334,Disney's Kingdom Hearts Perilous Pursuit
230881,Rollers Deluxe
8124,Industria
38545,Kamisado
41633,Scarabeo Express
7806,King Up!
254498,Girl Genius: The Works
254504,Girl Genius: The Works – Castle Heterodyne
254500,Girl Genius: The Works – Castle Wulfenbach
254502,Girl Genius: The Works – Master Payne's Circus of Adventure
254505,Girl Genius: The Works – The Siege of Mechanicsburg
1627,XXXenophile
223151,Entropy: Worlds Collide
177680,Ninja Dojo Fight!
177927,Res Publica: 2230AD
4915,Great War at Sea 2: The North & Baltic Seas
299573,Papageno
358126,Smoki
240902,1918/1919: Storm in the West
357974,Cyrano
286927,One Night Ultimate Super Heroes
58,Kings & Things
137031,Ancient Terrible Things
87821,Kingdom of Solomon
193557,Android: Mainframe
348968,Formula Fun
127721,Airborne In Your Pocket
179804,Zpocalypse 2: Defend the Burbs
133176,Zpocalypse: Breakout
36637,Soccero
224374,Russia Besieged: Deluxe Edition
230408,Monopoly Gamer
294489,"Objective Frankfurt: 7 Days to the Rhine, Volume 3"
14522,Combat Soldiers: In the Battle of the Bulge
85424,La Bataille de la Moscowa (Third Edition)
162067,18C2C: Continental Empires
154892,Loonacy
135219,The Battle of Five Armies
344326,One Night Werewolf x Hoshi no Kirby (星のカービィ ワンナイト人狼)
280583,One Night Werewolf x Yurucamp
185350,One Night Werewolf: Monster
166136,One Night Werewolf: Super Powers
185288,Una Notte da Lupi
10662,Victoria Cross: The Battle of Rorke's Drift
3133,Captain Park's Imaginary Polar Expedition
17971,War in the Desert
41418,The Best of GDW's Harpoon Sitrep
11432,Harpoon 4: Modern Tactical Naval Warfare
28105,Harpoon II
8668,Igloo Pop
124047,Pirate Dice: Voyage on the Rolling Seas
165,Black Box
11413,Squint Junior
196,Kremlin
147921,Battle of the Bulge: Crisis in Command – Volume 1
226118,Wolfe & Co
83734,Strike of the Eagle
131568,Codinca
219502,Templars' Journey
303727,To Catch a Spy
101865,Saga
317313,Warhammer Age of Sigmar: Crypt Hunters
6240,The Crusades: Western Invasions of the Holy Land 1097-1191 A.D.
143701,Romance of the Nine Empires
155874,Romance of the Nine Empires: Arcane Fire
310508,The Captain Is Dead: Episode 3 – Lockdown Expansion
208480,Wordsy
109601,Dallas
3528,Priceless
216865,Sherman Leader
184648,The Exiled: Siege
143986,CV
277017,Color Brain: Disney Edition
327600,Junior Colourbrain
315077,Myśl Kolorem Junior
300724,Harpoon V: Modern Tactical Naval Combat 1955 - 2020
5928,Harpoon (Third Edition)
157254,Corps Command: Dawn's Early Light – Red Hammer
237181,Batman Miniature Game (Second Edition)
289802,Dadaocheng (Second Edition)
76436,Bismarck (Second Edition)
166988,Wizards of the Wild
834,Chronology
307221,Combo Color: Print & Play Demo
288572,The Third Winter: The Battle for the Ukraine September 1943-April 1944
91995,Pass the Bomb Card Game
15383,Pass the Bomb Junior
295124,Pass the Bomb: Chain Reaction
350626,Pass the Bomb: Family
63052,Pass the Bomb: Party Edition
331541,Tick Tack Bumm: Vibrations
250291,Hold the Line: The American Civil War
266018,Trinidad
7929,Dungeons & Dragons Miniatures
180617,Singularity Sky
248425,Four Tribes: Library Edition
6253,"'Wacht am Rhein': The Battle of the Bulge, 16 Dec 44 – 2 Jan 45"
192562,Baden-Württemberg: Suchen Sie Buchen!
132616,Deutschland: Finden Sie Minden? Pocket Edition
41185,"Europa: Paris ist ja klar, aber wo liegt Córdoba?"
154860,Österreich: Finden Sie Winden
136086,"Die Welt: Singapur, wo liegt das nur?"
172262,"Die Welt: Wetten, da liegt Manhattan!"
206471,Eternity
1844,Battle of Britain
38429,Cornerstone
237586,Castle Crush! The Card Game
59602,Upwords Deluxe
201278,The Warlord
201279,Warlord
3523,Decision At Kasserine: Rommel's Last Chance
38797,Uruk: Wiege der Zivilisation
156091,Sons of Anarchy: Men of Mayhem
59061,Drakon
209672,Pecunia non olet (Second Edition)
247585,Waste Knights: Second Edition
138240,Zatre 2 in 1 Schnupperspiel
24826,Zatre: Das Kartenspiel
22161,WestFront II: The War in Europe 1943-45 – Second Edition
216985,Nomads
18500,Sator Arepo Tenet Opera Rotas
233041,Alchemea
227072,The Chameleon
47410,Catan Dice Game Deluxe Edition
209926,Movable Type
203833,The Mountaineer
246862,Galaxy Hunters
42142,Doctor Who: Solitaire Story Game
929,The Great Dalmuti
30643,Mighty Empires: Warhammer Expansion
249414,Backyard Builders Treehouse
154634,Yardmaster
175778,Zombies!!! Jr.
125395,Zombies!!! The Card Game
107604,Privacy No Limit
21845,Crossings
350006,HINT
239435,Red HINT
183959,Latice
255233,Five Parsecs From Home: 2nd Edition
110407,Berserk: Tactical Card Game – War of Realms
19544,Berserk: Trading Card Game
43080,Miksi juuri Mäntsälä...?
26932,Usgrächnet Bünzen
40990,Word on the Street
2392,Mastermind
145393,Gem Rush
164928,Orléans
37379,Netzwerk
226,Isi
170909,Caçadores da Galáxia
237630,Cortex Challenge 2: Kids
15826,Triumph of Chaos
62871,Zombie Dice
8521,Whistling Death
227502,Medieval
155496,Holdfast: Russia 1941-42
7636,"Marita-Merkur: The Campaign in the Balkans, 1940-41"
85769,Panzer: The Game of Small Unit Actions and Combined Arms Operations on the Eastern Front 1943-45
155322,Hearts of AttrAction
54140,Recicle
139,Hoax
169654,Deep Sea Adventure
11396,Dragon Master
28259,Cutthroat Caverns
2134,Rage (Second Edition)
234842,Chickwood Forest
36367,Dust Tactics
101786,Dust Tactics: Revised Core Set
553,Chez Geek
300938,遥かなる喜望峰 (Harukanaru Kibouhou)
38777,Tribune: Expansion
30957,Tribune: Primus Inter Pares
2161,Tyranid Attack
316962,Panzerkrieg: Designer Signature Edition
9991,Von Manstein: Battles for the Ukraine 1941-1944
241036,7 ate 9 multi
36596,Ancient Battles Deluxe: From Guts to Gunpowder
6399,Ancients I
12211,Ancients II
216421,COMPUS
257,Kill Doctor Lucky
266843,Mortar Hunt
210007,Panzer Strike: France 1940
307703,Dawn of Battle
1782,Ancients
15990,Storm Over Scandinavia
173319,Lost Legacy: Second Chronicle – Vorpal Sword & Whitegold Spire
188198,Zaginione Dziedzictwo: Gwiezdne Ostrze
259369,Ogre Miniatures Second Edition
5205,G.E.V.
5206,Ogre
1621,Mutant Chronicles: Siege of the Citadel
123540,Tokaido
234248,Voodoo Prince
99630,Rolling Stock
311823,Nova Aetas Renaissance
281259,The Isle of Cats
106523,Tomorrow's War (Second Edition)
186089,Sapotagem
3855,Crimson Skies
3359,Anagrams
356744,Von Falkenstein
84922,21 Motines
3625,DeathMaze
326609,The Feds
129946,AttrAction
294490,"Objective Kassel: 7 Days to the Rhine, Volume 4"
178150,Fightin' Fungi
30804,Song of Blades and Heroes: Revised Edition
205589,Bakudan Takarabako
18401,Wacht Am Rhein
211146,Four Suspects
268183,Warhammer: The Game of Fantasy Battles (5th Edition)
166280,DragonFlame
233006,Carthago: Merchants & Guilds
248153,Mundialito: El Juego de Cartas
216403,Element
184983,ATS Core Module: Arnhem – One Bridge... Too Far 1944
113503,Invasion of the Garden Gnomes
20734,Corsair Leader
12567,Russia Besieged
255817,Loaded Questions The Game
56407,20 Jahre Activity
341538,Activity Casino
56406,Activity Club-Edition
129529,Activity Franz Ferdinand
42644,Activity Junior
56410,Activity kompakt
56411,Activity My First
41894,Activity professional!
205081,Activity: 25th anniversary edition
233017,Soulfall
234190,Unstable Unicorns
188389,Dragon Master: BGG Convention Promo
37362,Robot Master
19591,Big Manitou
155584,King's Pouch
281619,Time Palatrix
1339,Dungeon!
18265,Message to the Czar
42412,Panzer Korps 04: Red Typhoon
163056,Musée
49276,"Battle for Moscow: Operation Typhoon, 1941"
32674,Monsterpocalypse
72200,Red Dragon / Green Crescent
61549,Battling Gladiators
4978,Warzone (Second Edition)
7632,The Near East
7635,Torch
7634,Western Desert
130960,Triumph & Tragedy: European Balance of Power 1936-1945
84159,Junta: Viva el Presidente!
253666,Let Them Eat Shapes
120674,Mafia: New York
287132,Junior Sagaland
110525,Sagaland Mitbringspiel
309407,The Wizard of Oz
261020,Blocky Mountains
217609,The Wars of Marcus Aurelius
218612,Face de bouc
1250,Hacker
1248,Hacker II: The Dark Side
2415,The High Kings of Tara
70875,Belgium 1831
68716,Plan West
204472,Sub Terra
10658,Ali Baba
624,Quoridor
251053,Let's Make a Bus Route
180785,Mighty Monsters
426,The Battle of the Bulge
211492,Wonky: The Unstable Adult Party Game
1412,Trendy
5622,Pacific War: The Struggle Against Japan 1941-1945
4086,"Napoleon at Bay: The Campaign in France, 1814"
526,Abalone
626,War and Peace
492,Aladdin's Dragons
183643,Jeju Island
64331,Bar-Lev: The 1973 Arab-Israeli War
294651,National Economy Glory
229527,National Economy Mecenat
6914,Beda Fomm
199780,Looterz
154086,Gold West
158237,1914: Glory's End / When Eagles Fight
283538,Dwarven Miner Reforged
8387,FEBA
136420,Monsterfalle Mitbringspiel
309427,Total Domination
150997,Shadows of Brimstone: Swamps of Death
156680,Frederick the Great: A Dangerous Time
188561,Lost Legacy: Orb of Prophecy
175222,Lost Legacy: Third Chronicle – Sacred Grail & Staff of Dragons
332472,Stick Stack: Cool Black
151022,Baseball Highlights: 2045
13226,Maask
240,Britannia
117885,Chef Cuckoo!
353513,Sandwich MasterClass
228460,BentoBlocks
35873,Mini Zitternix
303507,"Blitzkrieg Commander: Fast-Play Tabletop Wargame Rules for Combined-Arms Operations, 1936-45"
277034,Xi'an Prestige
127920,Kanzume Goddess
100901,Flash Point: Fire Rescue
15958,Sphinx
264476,Rangers of Shadow Deep
354925,Alias: Suklaaversio / Chokladutgåva
229624,Alias: Travel
16160,Junior Alias
262749,Late Night Alias
204003,Battle of Britain
120618,1000 Bornes Express
330581,Dick Tracy
207686,Mille Bornes: Edition spéciale Sécurité Routière
313925,Mille Bornes: Mario Kart
2099,Online: Internet Card Game
2253,Touring
348085,Inseln toppen!
286216,Frontline Defence
331897,Road to Cheren
291066,Endure the Stars 1.5
250942,The Day of Waterloo: 1815 AD
74,Apples to Apples
330196,Ada Lovelace: Legacy of the Analytical Engine
176948,Ranger
62809,Jump Gate
216864,Card City XL
309952,Micro Drift
7861,Soldier Emperor
16195,Campaign for Guadalcanal
60015,Dectana
35003,Zark City
10996,Zarcana
144388,Elevenses
166435,Pirate's Island: The Escape
67,Conquest
179816,Poly-Y
4112,Hex
7735,Fatal Alliances II
349242,Ghosts Love Candy Too
17,Button Men
21791,Masons
159575,Dracula's Feast
32208,Mafioso
13532,Guderian's Blitzkrieg II
156373,Chimera
276925,Warhammer Age of Sigmar: Warcry Starter Set
240100,Match Me!: What color is this?
91943,BattleTech Compendium: The Rules of Warfare
27225,Bananagrams
262730,"Bonaparte in Italy: The Defense of Mantua & the Quadrilateral, July 29, 1796 - January 30, 1797"
303672,Trek 12: Himalaya
318548,Feelinks (Second Edition)
93971,Nile DeLuxor
69900,Nile: The Dice Game
200948,Second World War at Sea: South Pacific
25213,30 Seconds
38862,Giants
20596,Lock 'n Load: A Ring of Hills
246094,PJ Masks: Team of Heroes
207239,Déclic Évolution
118697,Hand aufs Herz
30216,The Great War in Europe: Deluxe Edition
73960,Red Poppies: WWI Tactics
146791,Shadows of Brimstone: City of the Ancients
27359,Aeronautica Imperialis
287216,ADIGMA (Second Edition)
150971,Lucca the City of Games
53840,Adventure of D
294294,Letterpress
181441,Litterateur
25821,The Werewolves of Miller's Hollow
132780,The Werewolves of Miller's Hollow: Characters
21713,The Werewolves of Miller's Hollow: New Moon
168680,The Werewolves of Miller's Hollow: The Pact
227693,Tiny Park
19201,Who? What? Where? Jr.
20113,Die Papalapagos-Spring-Käfer
125924,Clubs
334608,Pulp Alley: Core Rules – Second Edition
160853,Stuff and Nonsense
18588,Les Fils de Samarande
138682,Spy or Die Trying
8192,Railroad Dice
328365,Zumos: On the Rocks
240905,Death Valley: Battles for the Shenandoah
299044,Fear God & Dread Nought: 2nd Edition – Tactical Naval Warfare 1906-1925
15511,Fjords
320283,Burger Quiz
815,Chrononauts
697,Conspiracy
1668,Modern Naval Battles
315883,Game of the Generals
38318,Start Player
337416,1759: The Siege of Quebec (Second Edition)
318368,What a Wheelie
338851,Age of Dogfights: WWII
173163,Dogfight
171339,Entropy
298586,Demeter
811,Rummikub
204305,Sherlock Holmes Consulting Detective: Jack the Ripper & West End Adventures
32484,The Battle for Hill 218
143636,Quadrant 13: Rules for Company Size Actions in a Science Fiction Universe
128849,Hell's Gate
173536,2GM Tactics
35768,Erosion
194032,Dragon Rapid Fire
230966,Stone Daze
39007,Sniper! (Second Edition)
19391,The Battle for Iwo Jima
254195,Trivial Pursuit: World of Harry Potter – Ultimate Edition
176963,Dadaocheng
5239,Omaha Beachhead: Battle for the Bocage
73543,Tadaaam!
56342,Chez Cthulhu
9962,Chez Goth
4604,Chez Greek
6250,Chez Grunt
22169,Chez Guevara
322408,Legions of Steel: Operation Anvil
58010,BloodLust
158544,The Institute for Magical Arts
282713,Test of Honour: The Samurai Miniatures Game Gaming Set (Second edition)
696,The Big Idea
15270,The Big Idea: More Cards!
140097,Imagem & Ação: No Limite
347906,Treasures of Nakbe
203845,Dig Down Dwarf (Second Edition)
20082,Pecunia non olet: Geld stinkt nicht
223669,Premières Gloires
1473,Barbarians: 70 BC - 260 AD
18066,Eagles
190737,Star Wars: Star Battle
13361,Spaceopoly
11278,Trajan: Ancient Wars Series
2447,World War II: European Theater of Operations
5656,France 1944: The Allied Crusade in Europe
193577,Star Traders
204597,MERCS 2.0
17517,Clue Mysteries
1431,War at Sea (Second Edition)
28041,Barren Victory II: The Battle of Chickamauga
217581,Kronia
228504,Cat Lady
420,Rail Baron
323365,Outnumbered: Improbable Heroes
178177,Orkensturm
232979,Richard the Lionheart
23088,¡No Pasaran!
195163,Spy Tricks
12157,Unanimo
144566,Circus Train (Second Edition)
260277,Rolnicy
218609,Touch Down!
37400,Sushizock im Gockelwok
268252,Colorful
143994,Capo Dei Capi
122821,Starmada Nova Rulebook
226873,Starmada Unity Rulebook
3109,Starmada X
17988,Die Dolmengötter
217200,Free Mars
2730,Quadwrangle
30794,Babylon 5: A Call to Arms (Second Edition) – Fleet Lists
30795,Babylon 5: A Call to Arms – Second Edition
333441,Zoom in Kobe
11632,Gute Nachbarn
207063,Donkey Derby
306910,Muskets & Tomahawks: Skirmish Rules for the Age of Black Powder
181524,Masmorra: Dungeons of Arcadia
15062,Shadows over Camelot
158991,Hannin Wa Odoru
178826,Grave Robbers from Outer Space Resurrected Edition
99976,Alien Menace
79067,Hex Hex XL
141430,Geek Out!
352061,Symposium: A Game About Asking Questions
324512,KAPOW! Volume 1
324558,KAPOW! Volume 2
288839,Aeon Trespass: Odyssey – Prelude Introductory Set
64583,SWAT!
29018,Take It!
149910,Six Making
259134,Adeptus Titanicus: The Horus Heresy Rules Set
195242,Tanks: Panther vs Sherman
2972,Fantasy Business
183006,Qwinto
7742,Confrontation
129504,Telepathy Jr.
191374,Telepathy: Magic Minds
275293,Kampf gegen die Korinthenkacker
195842,Kampf gegen das Bünzlitum
55597,Chaos Marauders (Second Edition)
550,Barbarossa
299675,Rising Sun: The First Half of the Pacific War (Third Edition)
104012,Puppet Wars
22303,Celebrities
165472,Team Work for Kids
171211,Muertoons
184524,1867: The Railways of Canada
120523,Nothing Personal
16927,Taiheiki
16804,Eastern Front: A Panzer Grenadier Game
5038,"Druid: Boudicca's Rebellion, 61 A.D."
269729,Mini Garden
11122,Proud Monster: The Barbarossa Campaign
11123,Proud Monster: The Barbarossa Campaign – Death & Destruction: The Russian Front 1942-44
113108,D-Day Dice: MGF Dice
197,HellRail: Second Perdition
4175,Diskwars: Legend of the Five Rings
769,Star Trek Red Alert!
146418,Warhammer: Diskwars
156053,Warhammer: Diskwars – Hammer and Hold
156054,Warhammer: Diskwars – Legions of Darkness
16875,Darter
354378,LUSITANIA XXI
309128,Decision at Kasserine: Rommel's Last Chance – Designer Signature Edition
2298,"Kasserine: Rommel's Battle for Tunisia, 1943"
180230,Turnpike
268901,"Objective Nuremberg: 7 Days to the Rhine, Volume 1"
9870,Marengo 1800
16455,Montebello 1800
9918,Rivoli 1797
9865,Zürich 1799
8383,Thirty Years War
169158,B-17 Bomber Squadron: A Solitaire Game of the WWII Daylight Bombing Campaign over Europe.
19100,Hacienda
912,Pacific Victory: War in the Pacific 1941-45
214996,"Silver Bayonet: The First Team in Vietnam, 1965 (25th Anniversary Edition)"
26306,Vietnam Solitaire
394,Kahuna
96238,Army Group Narwa
353148,reMEmber
17967,Origins of World War I
6338,Seekrieg (Fourth Edition)
311165,Dinosaur 1944
233018,"Red Star/White Eagle: The Russo-Polish War, 1920 – Designer Signature Edition"
118703,20th Century Limited
246508,Dȗhr: The Lesser Houses
206170,Pick Me Up!
3368,Trödeln
253379,Cosmic Factory
15220,Death Ride: Mars la Tour
309099,Kajko i Kokosz: Szkoła Latania
63808,Kampf der Magier
1637,Situation 7
141452,Great War at Sea: Russo-Japanese War
343518,Avocado Smash: Party Edition
304509,Victory at Sea: Battle for the Pacific
64812,Cranium Dice Game
195232,Red Poppies Campaigns: The Battles for Ypres
10543,The Drive on Metz
301728,Endogenesis (2nd Edition)
328767,Plażing: roll&write
314543,Clue: Card Game
28772,Castile
12061,Turnier
25841,Le Grand Empire
24862,1838: Rheinland
4426,Adeptus Titanicus II
4091,Adeptus Titanicus
27658,Warhammer: Battle For Skull Pass
268159,Warhammer: The Game of Fantasy Battles (6th Edition)
2079,NATO: The Next War in Europe
205688,Maeshowe
199969,Royal Wedding
174852,Pandánte (Second Edition)
234877,Sebastian Fitzek Safehouse
223123,Flames of War: Battle of El Alamein – War in the Desert
345520,EKONOS (Second Edition)
148601,1944: Race to the Rhine
214486,Mise: Kolonizace
213266,Circle the Wagons
6476,"Yalu: The Chinese Counteroffensive in Korea, November 1950 to May 1951"
1211,Race Through Space
186,Split
178878,All Green
177061,Tank on Tank: West Front
229370,Rescue Polar Bears: Data & Temperature
230852,BONK
85108,U-Boat Leader
9650,"War in the Pacific: The Campaign Against Imperial Japan, 1941-45"
235926,Empires & Alliances
181440,Hack Trick
75789,Mai-Star
1373,Midway
38,Runes
187329,Eight Epics: Hakkenden
329716,Eleven: Football Manager Board Game
38831,Britain Stands Alone (Second Edition)
109548,Hemloch
299928,Celtic
201416,The Refuge: A Race for Survival
147747,Super Fantasy: Ugly Snouts Assault
108665,Zpocalypse
191288,Brain Freeze
40182,Telepathy
158600,Hanamikoji
254263,Avec Honneur et Panache: Volume 1 – Turenne
26305,General Quarters (Third Edition)
326051,House Of Cats
128671,Spartacus: A Game of Blood and Treachery
299684,Khôra: Rise of an Empire
269573,Dracarys Dice
356418,Bridges to Nowhere 2nd Edition
93258,The Farming Game Card Game
26605,The Farming Game Kids
224010,Medical Frontier
71655,Wok Star
4888,Don't Break the Ice
340979,Grid Racer: Formula One
12135,Drive on Stalingrad (Second Edition)
4862,Outburst!
28284,Lock 'n Load: Heroes of the Blitzkrieg
5480,Drive on Stalingrad: Battle for Southern Russia Game
13455,A Call to Arms: Babylon 5 Space Combat
311710,Speed Colors: Free Demo Version
138670,Mutant Chronicles Warzone Resurrection
13553,Warzone: Universe Under Siege
9296,Warzone
344764,Temporal Odyssey 2
238884,13 Chefs
292843,13 Doctors
238676,Endogenesis
266304,MegaCity: Oceania
203703,Jutaku
1375,Guadalcanal
26147,Split Personality
174296,Castles of Mad King Ludwig: Secrets
186549,Zamki szalonego króla Ludwika: Polskie zamki
300036,"Into the Woods: The Battle of Shiloh, April 6-7,1862"
20889,Great War at Sea: Jutland
287663,Raid on Taihoku: Epic Collection
266652,Raid on Takao
225979,Jane Austen's Matchmaker: Chapter Two
134804,Nations at War: Stalin's Triumph
13005,Tanz der Hornochsen!
35183,Hand-Off: The Card Football Board Game
164778,Encounters: Bravest Warriors
24068,Shadow Hunters
194723,Mask of Anubis
21133,Infinity
34334,Waterloo 20
6982,Mission Command Air
139026,Q•bitz Extreme
217184,Q•bitz Jr.
4228,1918: Storm in the West
86822,Plan 1919
39375,The Battle of Red Cliffs
12979,Senlac Hill
17027,Sitting Ducks Gallery
91918,Yin Yang Koi
313129,18MS: The Railroads Come to Mississippi
2583,18GA
223742,Colour Brain
33901,Korsun Pocket 2
19271,Glutter of Ravens: Warfare in the Age of Arthur – Rules and Resources for Wargames in the Period AD400-AD700
181194,Cucina Curiosa
230650,Table Battles
17557,Super Farmer
129322,Kaijudo
5182,The African Campaign
33468,Zombie in My Pocket
193153,Koboldbande Schnupperspiel
103857,Panzer Grenadier: Airborne (Third Edition)
6529,Panzer Grenadier: Airborne
359515,Yura Yura Penguin Mini
204135,Skyjo
296605,Adventure of D (Second Edition)
27542,A to Z Jr.
161098,A-Ö
4209,Monza
5222,Old Town
148951,Tiny Epic Kingdoms
209640,"NATO, Nukes & Nazis 2: The War in France & Russia"
10910,Vimieiro
2343,Electronic Talking Mystery Mansion
11215,Numeri
223215,Flip Ships
12168,D-Day
271638,Volturno
313936,Fanhunter: Urban Warfare 2 – The Sequel: Underworld
235696,POK
194808,Daishō: Skirmish Wargaming in Mystical Japan
57314,All Quiet on the Western Front
300982,Koncordia: Sci-Fi Miniature Game
3986,Battle for Germany
2579,Arctic Front: Battle for Norway
2580,Persian Gulf: Battle for the Middle East
5511,Southern Front: Race for the Turkish Straits
3605,The Third World War: Battle for Germany
180666,FIRED UP! Eternal Moments
214,Café International
2665,Russian Civil War 1918-1922
154633,Clue
130592,Clue
353206,Clue Diced!
1561,Clue Master Detective
4928,Clue: 50th Anniversary Edition
353426,Clue: Disney Villains
180147,Clue: Doctor Who
314126,Clue: Downton Abbey
359135,Clue: Finding Nemo
198328,Clue: Game of Thrones
38026,Clue: Harry Potter Edition
274151,CLUE: IT
345582,Clue: Liars Edition
264717,Clue: Lost in Vegas
326569,Clue: North Pole Edition
330210,Clue: Rivals Edition
315898,Clue: Silver Line
214224,Clue: Star Wars
5467,Clue: The Haunted Mansion
55222,Clue: The Office
241014,Clue: The Walking Dead
230121,Clue: Tim Burton's The Nightmare Before Christmas
109296,CLUE: World of Harry Potter
296297,Guess Who? Clue Game
27663,Junior Cluedo
13682,Travel Clue
137498,Breaking the Chains: War in the South China Sea
7239,Medieval
337712,Guiscard 2: The Varangian Guard
20295,WeyKick
305837,World War III: Team Yankee
11168,Flames of War: The World War II Miniatures Game
5570,ZRCV: Flying Flat-Top
193948,Victory At Sea Redux
133528,City of Remnants
143625,ATS TT: Orders for the Major
143624,ATS TT: Shout for PIATS
274735,13 Sheep
10707,Hacker: Deluxe Edition
3421,StreetSoccer
152846,The Convicted
8863,Horus Heresy (2003)
338763,Count of the Nine Estates
264982,Coloma
277448,Coloma: Deluxe Edition
17022,Saganami Island Tactical Simulator
268962,Encantados (Second Edition)
121764,Plato 3000
66781,Space Infantry
68063,Star Fleet Scramble
297821,Magic: The Gathering – Game Night 2019
255516,Brave Little Belgium
8666,Days of Decision
1477,Days of Decision II
198,Buried Treasure
171868,Miracle at Dunkerque: The British Withdrawal From France
148975,Dungeon Guilds
72941,Beda Fomm
344679,Rollway Station 2: Tracks of the Trade
7470,Battlespace: The Battletech Game of Space Combat
64,Joan of Arc
235945,Burg Flatterstein (reisespiele)
337316,Glory: 2nd Edition
11111,"Red Star/White Eagle: The Russo-Polish War, 1920"
98975,Boudicca: The Warrior Queen
218489,Clutch Baseball
14842,Battle for the Factories
17476,Fire on the Volga
12055,Streets of Stalingrad (Third Edition)
320502,Dragon Dice (Fourth Edition)
247069,Malifaux (Second Edition): Rules Manual
258748,Crime Hotel
118964,Solo Baloncesto
8049,Chronopia: War in the Eternal Realm
178209,Adventure Time Fluxx
244738,Anatomy Fluxx
290025,Astronomy Fluxx
178210,Batman Fluxx
160814,Cartoon Network Fluxx
220193,Chemistry Fluxx
122159,Cthulhu Fluxx
235365,Doctor Who Fluxx
211996,Drinking Fluxx
255013,Fairy Tale Fluxx
17816,Family Fluxx
325409,Fantasy Fluxx
183896,Firefly Fluxx
314413,Fluxx
350764,Fluxx Remixx
280378,Fluxx: Rick and Morty
140796,Fluxx: The Board Game
162378,Holiday Fluxx
272542,Jumanji Fluxx
35369,Martian Fluxx
272541,Marvel Fluxx
219430,Math Fluxx
149130,Monster Fluxx
36345,Monty Python Fluxx
18333,Nature Fluxx
356084,Olympus Fluxx
117838,Oz Fluxx
73538,Pirate Fluxx
156108,Regular Show Fluxx
302421,SpongeBob SquarePants Fluxx
102104,Star Fluxx
246531,Star Trek Fluxx
268274,Star Trek: Deep Space Nine Fluxx
246530,Star Trek: The Next Generation Fluxx
318392,Star Trek: Voyager Fluxx
8804,Stoner Fluxx
328926,Tiny Fluxx
334784,Wonderland Fluxx
29387,Zombie Fluxx
143250,Villainous Vikings
1899,13 Dead End Drive
4244,Highway to the Reich: Operation Market-Garden 17-26 September 1944 – 2nd Edition
320817,Armada: Two Player Starter Set
337167,Three Days of Glory 1805
342073,Berried Treasure
18013,High Spirits with Calvin and the Colonel
200220,Killer of Pirates
200224,Killer of Tokyo Ghoul
159443,San Guo Sha: Beginner's Edition
145344,San Guo Sha: Kingdom Wars
159445,San Guo Sha: Trial Edition
304353,Giddy Up! Game
253470,Greedy Kingdoms
171909,Marionette Kingdom
279932,BattleGoats: Reinforced
2952,Trivial Pursuit: Genus Edition
14096,Striker II
1224,Gods
219122,National Economy
75223,Utopia Engine
170201,Bushido (Second edition)
25045,Mechaton:  Giant Fighty Robots
59224,Wilde Wikinger Machen Fette Beute
6980,Mission Command Sea
225054,Disposable Heroes II
327953,Portal: Demo Game
18747,"Onward, Christian Soldiers: The Crusades"
135327,Kniffel: Das Kartenspiel
24487,Pirates of the Caribbean Buccaneer
5396,Trade Winds
36903,Squadron Strike!
69130,Next War: Korea
192212,Monster Mix
262634,Anonymous
172493,Tannenberg: The Introductory Game
19679,Hordes
74771,Hordes Primal Mk II
3100,Backpacks and Blisters
214296,Tenkatoitsu
275512,Rifles in the Pacific
181804,En Garde!: Swashbuckling Skirmish Wargames Rules
292990,Flick Wars
1436,Billionaire
8829,Nobody Is Perfect
17863,The Western Front: 1914 to 1918
143663,Migration: A Story of Generations
72851,Stronghold: Undead
8017,Feurio!
167177,Adowa: End of an African Dream
191894,Imagine
197544,KO Heroes
261251,Let's Drink
287903,Elephant Rally
269203,En Garde Reforged
341189,Operation Theseus: Gazala 1942
160081,Dungeon Saga: Dwarf King's Quest
279137,Rayguns and Rocketships: Pocket Galaxy
326978,Monopoly: Mega Édition Beauvais
173840,ATS Core Module: Clash Along The Psel I
146212,ATS TT Kursk: Psel River Crossing
2342,Mystery Mansion
187959,Senseï
322199,"Operation Crusader: The Winter Battles for Tobruk, 1941 – Designer Signature Edition"
10997,Boomtown
202025,Pod-X
22843,War in the Pacific (Second Edition)
72644,Perplexus
499,Arbos
2254,Title Bout
72131,Caravelas
17608,Napoleon's Eagles
158445,Caravelas II
35188,Legends of the Three Kingdoms
140065,San Guo Sha: Complete Edition
1720,Dragon Pass
289494,Drogi do Rzymu
285304,GOtrio
133748,All Things Zombie: Final Fade Out
20586,All Things Zombie
102148,NOIR: Deductive Mystery Game
11708,War Between The States 1861-1865 (Second Edition)
206939,Do De Li Do
232446,Eureka!
133243,Great War at Sea: Remember the Maine
166927,Crash Cup Karambolage
33907,Have You Herd?
130729,Rancho
31612,Sultan
255400,Traveller Customizable Card Game: Collector's Edition
7638,"Case White: The Invasion of Poland, 1939"
95807,Catch the Match Duo
217861,Paper Tales
353728,Lasalle (Second Edition)
209255,DiverCity
157061,Superbohaterowie
31873,Star Trek Battle Manual
128154,Battlegroup: Kursk
270635,World Shapers
221245,Smoothie Kaboom!
274792,Junior Pharao
236485,Die Mumien des Pharao
8295,Secrets of the Pyramids
189663,Dungeon Solitaire: Labyrinth of Souls
180387,Dungeon Solitaire: Tomb of the Four Kings
236934,Wild West Exodus: Rules & Gubbins Set
268185,Warhammer: The Game of Fantasy Battles (Fourth Edition)
55705,Callisto: The Game
105199,Space Mission
163867,Ancients
8337,Wapi
70398,Mountains Aflame!: The Austro-Hungarian South Tirol Offensive
14634,Homeworlds
2051,Pico
128780,Pax Porfiriana
69186,Lords of the Sierra Madre
267140,Area 1851: Express
82402,Friesematenten
15063,Ninja Burger 2: Sumo-Size Me!
286904,Bridget
59294,Runewars
73510,Drakborgen II
4753,King's Gate
10206,Make 'n' Break
299795,The Russo-Japanese War: Dawn of the Rising Sun
299195,How to Host a Dungeon (2nd edition)
339991,Slaughterville: Director's Cut
13266,Three Days of Gettysburg (Third Edition)
2596,Villa Paletti
217365,Schwarz Rot Gelb Extreme
7963,Clash of Steel
307358,Russia's War
324404,Conqueror: Duels
129173,Introduction to Star Fleet Battles
145674,Hiboria
41190,At Full Throttle
107635,Kairo
107649,Catch a Falling Star
350028,Elector Counts
86458,Nations at War: Desert Heat
151215,Cat & Chocolate: Business Is Business
143780,Texas Zombies
350280,Yuru Camp x Cat & Chocolate
93823,Spy Alley Junior
146926,Spy Alley: Dice Game
40530,Rukshuk:  Pagota
27603,Rukshuk: Edition 2
188181,Avignon: A Clash of Popes
137,Pass the Bomb
6699,Command Decision III
5835,Command Decision
329184,Meeple Circus: Tiny Acrobats
84869,Felinia
11136,End of Empire: The French and Indian War and the American Revolution
288798,Kings of War (Third Edition)
85204,Kings of War
236479,Alex Colt: Cadete Espacial
124152,Ice3
298164,Volle Weide
177437,YAK
338098,Sockenmonster
83325,Lost Battles: Forty Battles & Campaigns of the Ancient World
9629,Gnostica
31821,Goita
48863,The BattleTech Compendium
41970,BattleTech Manual: The Rules of Warfare
4320,The Air-Eaters Strike Back!
4471,Fist of Dragonstones
206844,Fold-it
183888,Star Wars Death Star Boom Boom Balloon
135719,Catching Fire: Shuffling the Deck
145504,The Lone Ranger: Shuffling the Deck Card Game
147498,Pacific Rim: Shuffling the Deck
256487,France 1944: The Allied Crusade in Europe – Designer Signature Edition
705,Caesar in Gallia: Conquest on the Ancient Frontier
742,Germania
703,Roman Civil War
741,Trajan
47162,Trajan: Ancient Wars Series Expansion Kit
2444,Carrier Strike!
262291,Barakka
145068,Piwne Imperium
177411,Galaxy Command
26250,A las Barricadas!
39095,Klickado
294464,Trench Foot
4222,War Between The States 1861-1865
1382,Winner's Circle
42101,All Things Zombie: Better Dead Than Zed!
8409,Red Baron
8315,Spitfire!
7453,Hube's Pocket
95491,Linea
120509,Olympic & Coronet
149119,Spirits of the Rice Paddy
28289,First to Fight
223770,Startups
3464,Melee
3463,Wizard
8705,Bloody Keren
13593,Drive on Damascus
2281,Pictionary
311702,Piratas! (3ª Edição)
40393,FITS
167975,Opération Commando: Pegasus Bridge
352453,Paul Koenig's The Bulge Deluxe Edition
6353,Monty's Gamble: Market Garden
58885,Monty's Gamble: Market Garden – Fortress Holland: 1940
269279,Infection Express: Secondary Infection
346972,La Casa de Papel: Escape Game 2
2473,Winkeladvokat
199309,Pathogenesis
18587,Dork Frag
4023,Frag Deadlands
357642,Biergarten (Second edition)
7626,Queen Bee
295439,Jenga Mini
333959,Jenga: Disney Theme Park Edition – Hollywood Tower Hotel
327612,Jenga: Super Mario
296341,Monopoly Jenga
176487,Magus: Fortuna et nostis
67123,Tank on Tank
273009,"Bar-Lev: The 1973 Arab-Israeli War, Deluxe Edition"
7662,Bar-Lev: The Yom-Kippur War of 1973
267404,Warlords of Erehwon Rulebook
127493,Bolt Action
8679,Days of Decision III
26635,Spicy Dice
258376,The Refuge: Terror from the Deep
11106,"Warhammer 40,000: Rogue Trader"
313875,Rambo: The Board Game – First Blood
202468,Wacky Pirates
8993,Fire in the East
173123,YIKES!
253271,For King and Parliament
338739,Dig Down Dwarf: Tin Series Volume 2
150364,Dig Down Dwarf
39534,Paper Safari
30165,The Last Gamble
32598,Manimals: Dinos 1
253387,NanoTec
159577,Battle of the Bands: World Tour Edition
829,Battle of the Bands
204601,Final Act
6976,St-Lô: Normandy 1944 – The Breakout Begins
853,...und tschüss!
192934,Colony
22160,"EuroFront: The War in Europe, 1936-45 – Second Edition"
14544,Imperialism
146215,ATS TT: Brave But Doomed
218995,Santo Domingo
159160,Battlegroup: Rule Book
355487,Rabauken
187777,Endure the Stars
413,Die Erben von Hoax
182218,Hoax (Second Edition)
137406,Templar: The Secret Treasures
28436,Deutschland: Finden Sie Minden
322235,"Manassas: Sunday, 21st April 1861 – Designer Signature Edition"
512,Holiday!
168408,VETO Konfrontacja
140517,Veto: The Boardgame
33436,Veto! CCG
251433,Yokai Septet
187791,セブン (Seven)
178496,Nuts! Final Version: Man to Man Combat
20587,Nuts!
184979,ATS Core Module: All American I – Capture of the La Fiere Bridge 1944
184982,ATS Core Module: All American II – Stand at Amfreville 1944
125756,ATS TT: Omaha West
226043,Jok-R-Ummy Jr
11104,Who's the Ass?
5829,Balkan Front
268201,Dice Throne
31651,Epées et Couronne
145847,"Warhammer 40,000: Apocalypse"
12900,"War In The East: The Russo-German Conflict, 1941-45 (Second Edition)"
31554,Red Dragon Rising: The Coming War With China
295175,FiveLines
126255,Keltis Ór
545,Kaleidos
203087,Nine Years: The War of the Grand Alliance 1688-1697
23995,No Peace Without Spain!: The War of the Spanish Succession 1702-1713
172599,Theomachy: The Ancients
172597,Theomachy: The Warrior Gods
4174,Lifeboat
179280,Trivial Pursuit: Harry Potter – Volume 1
253664,Taco Cat Goat Cheese Pizza
22551,Risk: Star Wars – Original Trilogy Edition
170511,Slap .45 Mini
63868,A las Barricadas! (2nd Edition)
154307,"Warhammer 40,000: Kill Team"
197097,Four Against Darkness
41986,Great War at Sea: Black Waters
8782,"Narvik: The Campaign in Norway, 1940"
287546,Dejlige Danmark
16435,General Quarters
156420,Geek Out! Pop Culture Party
217035,Geek Out! TableTop Limited Edition
305165,Warfare in the Age of Reason (Third Edition)
241732,Young Jacob Marley
167496,9 Rings 4 a Row
323087,Accumulus
334307,Clash of Decks: Starter Kit
184507,Skirmish Wars: Colonize
226997,South China Sea
137708,Struggle For New France
39080,IGOR: The Monster Making Game
233016,The African Campaign: Designer Signature Edition
22523,Topfgucker
43196,Yalu: The Chinese Counteroffensive in Korea: November 1950-May 1951 (Second Edition)
289017,Xenofera: Galactic Market
169318,City of Spies: Estoril 1942
129694,Voll ins Schwarze
58519,TWRS
194969,Star
7948,"Dark Ages: Tactical Warfare, 500-1300"
42651,Airborne in My Pocket
297341,Doctor Who: Keys To The TARDIS
339310,Keys to Riverdale High
282251,Kombo Afrika
348532,Split it
341587,Splitz
206175,Braintopia
278914,Battleground Fantasy Warfare: Men of Hawkshold
26795,Day of the Chariot: Kadesh
11498,"Centurion: Tactical Warfare, 100B.C.-600A.D."
162107,Doodle City
325347,1920
355627,Pokémon All Stars Get Everyone & Battle Game
351855,White Hat
241478,Kiwara
17835,Monsters Menace America
13410,Modern Spearhead
184085,Perfect Alibi
311694,Two-King Bagh Chal
187916,U Mad Bro?
30958,Check Your 6!
64222,Empire of Rome 27 BC - 284 AD
173240,Fruit Picking
8755,"Destruction of Army Group Center: The Soviet Summer Offensive, 1944"
6700,Command Decision 2nd Edition
16673,Over the Top: Command Decision Series Game
153987,Austerlitz 1805: Partie Nord
13218,Austerlitz 1805: Partie Sud
16457,Dürrenstein & Schöngraben 1805
14082,Haslach 1805 / Elchingen 1805
67112,Deterrence
68182,Isla Dorada
231474,Zaibatsu: Speedrunners
19427,Gemblo
189685,Jungle Brunch (Second Edition)
170627,ATS Core Module: Bulge – The Battle of the Bulge at Hotton/Melines/Quatre-Bras Crossroads
130135,ATS TT: Darkest December
3731,Stock Market Guru
18059,LEGO Wars
806,West Riding
128214,Wege
3248,Citadel of Blood
205345,Anno Domini: Essen & Trinken
205348,Anno Domini: Gesundheit
249505,Nyctophobia
4252,The Big Red One: The Game of the First Infantry Division at the Battle of the Bulge
244999,朧ニンジャスタートリック (Oboro Ninja Star Trick)
27463,Galactic Emperor
173931,Holy Roman Empire: The Thirty-Years War
7750,Tannenberg: Eagles in the East / Galicia: The Forgotten Cauldron
28396,It's Alive!
3577,Terrible Swift Sword: Battle of Gettysburg Game
38286,The Solomons Campaign (Second Edition)
125311,Okiya
7539,Galactic Starfire
2891,Starfire
2888,Starfire II
21957,Bitter Victory
13978,"War in the East: The Russo-German Conflict, 1941-45"
339294,Pixel Legends
14273,Alles für die Katz?
2671,Cheeeese Please
161148,Monsoon Market
38565,Volley & Bayonet: Road to Glory
351594,Amalfi: Renaissance
161075,Cults of Arkham
1496,Imperium Romanum II
256952,Zombie Kidz Evolution
310448,Zombie Teenz Evolution
109001,5150: Star Army
631,Daytona 500
101,Detroit-Cleveland Grand Prix
14781,Drôles de Zèbres
228766,A4 Quest
172201,ATS Core Module: On the Road to Rome – Gothic Line 1944
146216,ATS TT: Battle of the Bracchi Hills
161193,Move & Groove
2802,War in Europe
213422,Barbarossa Deluxe: The Russo-German War – 1941-1945
165595,JamSumo
3576,Operation Olympic: The Invasion of Japan 1 November 1945
7572,Scrabble Scoring Anagrams
9556,Snatch
115829,Word Wave
146332,H.G. Wells' Little Orc Wars
175759,Wood Wars 3D
316966,The Fall of Tobruk: Rommel's Greatest Victory
7950,Chronopia
29017,Dschungelschatz
271512,5211
10300,Group of Soviet Forces Germany
4221,Quest for the Dragonlords
271,It's Mine!
203719,Krosmaster Arena 2.0
112138,Krosmaster: Arena
111173,Little Devils
3836,Legend of the Burning Sands
161539,Guinness World Records: Das Spiel
42702,Jackal
333987,Ghosts of Christmas
227847,"Brezhnev's War: NATO vs. the Warsaw Pact in Germany, 1980"
7941,NATO: Operational Combat in Europe in the 1970's
62030,Río de la Plata
297486,Ride the Rails
66547,Advanced Vive l'Empereur
174057,Kajko i Kokosz: Przygody Wojów
292908,Mistakos: Level up
212807,Backpacks & Blisters (Second Edition)
273993,Tonari
353338,Yule Tides
291100,Bob's Burgers: Belcher Family Food Fight
347748,Mickey and Friends: Food Fight
23605,Les Dieux Nomades
343010,铁底湾的回响 (Iron Bottom Sound IV)
32949,Iron Bottom Sound II
8538,Ironbottom Sound
338627,Bread Rondo
112293,Toads & Dragonflies
281418,Midway: Turning the Tide in the Pacific
4014,Dawn Patrol: Role Playing Game of WW I Air Combat
61165,2010 Swedish Parliament
109285,Nations in Arms: Valmy to Waterloo
287222,Juices
234713,Sword and Spear: Fantasy
234512,みんなでぽんこつペイント (Our Ponkotsu Paint)
228390,Sunflower Valley
217974,Bemused
102681,21 Mutinies: Arrr! Edition
148931,Coup: Reformation
85948,Scho K.O.
27347,Bellum Gallicum
96870,Kunitori! Is the World on Fire?
96954,Kunitori! Kessen: The Battle of Moegahara
154583,Crimson Sun
133750,Tooth & Nail: Domination
123609,Puzzle Strike Shadows
191312,One Page 40k
8325,The Desert Fox: Rommel's Campaign for North Africa April 1941-December 1942
8334,Trail of the Fox
346121,Botifarra
2738,The Gnumies
14814,Fields of Glory: Oudenarde & Malplaquet
170131,Alchemical Crystal Quest
22373,Indix Junior
144495,5150: Fighter Command
92216,Raptorz: A Fast Paced Aliens vs Marines Skirmish Game
29522,Chain Reaction 2.0: Fully Loaded
95778,Spargo
122680,Tau
5332,Split (Revised Edition)
241164,Jurassic Snack
262562,Cargo Express
224610,HOSSA op kölsch
204659,España 20: Volume 2
286876,"The $100,000 Pyramid DVD Game"
11469,Phalanx: Tactical Warfare 500-100 BC
256876,Football Highlights 2052
232635,Shipwrecked
8313,Air Cobra: Modern Tactical Airmobile Warfare
36790,Pickpocket
247316,Pikto
279719,Fate of Fantos: The Iridium Wars
351980,A.T.R.: Ahora Todos Reímos
115,I'm the Boss!
113936,Amundsen: Kappløpet til Sydpolen
33259,Starmada: The Admiralty Edition
329245,Starmada
189427,Iron Bottom Sound III
11110,A Famous Victory
258844,Oni (Second Edition)
188997,Piratas!
3321,Die Pyramiden des Jaguar
340741,Labyrinth: Paths of Destiny (Fourth Edition)
175274,Labyrinth: The Paths of Destiny (Second Edition)
345054,Hitler's Last Gamble: Designer Signature Edition
351828,Cultistorm: Face 2 Face
19989,Robber Knights
40385,The Bulge
286398,Legends of Wrestling: Color Starter Set
264448,Topa Topa
64051,Ugly Duck
39632,Shako 2: Rules for Napoleonic Wargaming
150012,No Retreat!: Polish & French Fronts
217679,Triumph of the Will
10700,Grand Prix: A Sports Car Racing Game
265960,Magic: The Gathering – Game Night
31601,ACW Solitaire
2048,Starships
275060,Defiant Russia: Red Victory
197711,Wer war's?: Happy Meal edition
131332,Berserk: War of the Realms
326943,Paleontologists: Snowman Edition
263171,7TV: Apocalypse
316170,Alexandros and I Am Spartacus!
261450,"Sfacteria, 425 a.C."
20253,Diaballik
356300,"Soldier Emperor: Asian Empires Land War in Asia, 1759-1825"
2997,Soldier Kings: The Seven Years War Worldwide
13084,Volcano
321599,Tee Oder Kaffee Refill
198699,Docchi no Shimatsu Show
4713,Conflix!
180547,Victory by Any Means Campaign Guide (Second Edition)
266877,What? What!
41837,Force on Force: Modern Wargaming Rules
83755,Tomorrow's War
2613,Intruder
319402,Silencio
253677,Blame Space
296349,YOHO (You Only Hang Once)
75877,TEG Independencia
22392,T.E.G.: Plan Táctico y Estratégico de la Guerra
673,Star Traders
213926,Mutant Chronicles Warzone Resurrection (Second Edition)
347883,Dandelions
36986,All Things Zombie: The Boardgame
287899,Aeronautica Imperialis: Wings of Vengeance
26764,Algernon Pulls it Off
152172,Nova Aetas
285570,Decipher
274296,Wordsmith
252141,Monster Slayers of Slawia
352782,Cluedo Batman Edition
120669,No Retreat!: The North African Front
354664,Tacticum Invictus
54056,Tacticum
249304,Heroes & Kings
2353,Muscat
320855,Sakura Arms: Yurina Box
204493,Sakura Arms
5457,Dread Pirate
145275,Neptune
334582,Hein?: Famille & Culture Pop
185987,Waroong Wars
7026,"Grunt: Tactical Combat in Vietnam, 1965"
352797,Asteroids Chasers
1132,Top Secret
133965,Decathlon
3999,Diabolo
273955,Damnation: The Gothic Game
2995,Sniper!
14059,Räuber Rudi
179201,Karma Mini Round
212874,Karma Schnupperspiel
263,Manitou
231966,Stworze
3864,Mechwarrior: Dark Age
3234,Dschunke
12978,Orri's Storm: The Battle of Stamford Bridge 1066
9615,Station Master
9441,Ribbit
34942,Double Shutter Junior
123490,TRIFUSION
67022,RisiKo! Challenge
277671,RisiKo! Edizione Torneo
245516,RisiKo! Z
276779,Micro City (Second Edition)
27613,Code Cracker
6931,Katamino
10266,"Armati: Rules and Lists for Ancient, Medieval & Renaissance Wargaming"
130827,Rumble in the Dungeon
99437,Rumble in the House
28817,Blindes Huhn
19297,Verdun: A Dagger at the Heart of France
171447,Bad Bunnies
281266,NonSense Family
281267,NonSense Love
281396,NonSense VDM
11993,"The Cossacks Are Coming!: The Tannenberg Campaign August and September, 1914 – 2nd Edition"
144567,For the Crown (Second Edition)
202275,BaRPG
164747,The Pacific War: From Pearl Harbor to Philippine Sea
176570,Asteriks: Wielka wyprawa
31642,WordSpot Jr.
255381,Forgotten Legions: Designer Signature Edition
58764,"Tierra y Libertad, el juego revolucionario"
11707,USN Deluxe
7712,Cluedo: Passport to Murder
137140,Wunderland
73252,"Marengo: Morning Defeat, Afternoon Victory"
159843,Deluxe Battleship Movie Edition
2425,Battleship
4122,Electronic Battleship
141033,Fantasy Warriors: Dawn of New Heroes
191387,Star Trek: The Dice Game
297789,Supernogi Stonogi
148083,Dogs
247778,Count of Nine
327071,De Bellis Renationis version 2.0
1463,Girl Genius: The Works
39056,Battleforce 2
254640,Just One
291548,Ethan Allen's Manager's Supplement to All-Star Baseball
260980,Power On!
194094,Verti-Go
319793,Happy City
35477,Dead of Winter: The Battle of Stones River (Second Edition)
27480,Command Decision: Test of Battle
241590,Smart10
254193,Fantastic Beasts: Perilous Pursuit
255235,WW2 Deluxe: The War in Europe
10590,The Big One
176548,King's Ransom Deluxe
21916,Double Tangoes
145042,Puppet Wars Unstitched
253756,Gorus Maximus
247312,Stack-22
1919,D-Day (3rd edition)
316625,Cafe Chaos
7006,Management
6861,Red Badge of Courage
39252,Hexus
40973,Basic Baroque
2268,Lost Patrol
355922,Pizza Master Revised Edition
189192,Mi Tierra: New Era
294491,"Objective Hamburg: 7 Days to the Rhine, Volume 5"
153788,Стань супер-злодеем
36424,"Gulf, Mobile & Ohio"
10683,SEEKRIEG 5
267661,Crossing the Line: Aachen 1944
1878,Moonshot the Game
217020,Truck Off: The Food Truck Frenzy
18902,Sputnik
293556,Gloomy Graves
104733,Rallyman: Dirt
235819,Scribble Time
320061,Death in the Trenches: The Great War 1914-1918 (Second Edition)
158122,Migration: Book II – A Saga of Conflict
268255,Cactus
8787,Armageddon: Tactical Combat 3000 to 500 B.C.
57834,Counter-Attack! Arras
191073,Vampire Queen
164590,GYÜMI
353139,DIEX AÏE 2: Return of the Danes
4358,The Guns of August
2086,Elfer raus!
280780,ハタイロ (HATAIRO)
165628,HINT
102259,Manoover Plus
190484,Dominate: The Sliding Puzzle Game
261328,Penciltown
86156,Reverse Charades
269209,So typisch!
143034,Normandy 1944: A Bloody Summer
231960,Sunny Day
220778,Sticky Chameleons
198671,The Lion Guard: Protect the Pride Lands
129951,Teomachia
4368,In their Quiet Fields II
3476,Shadowrun: DMZ Downtown Militarized Zone
6944,"The Battle of Moscow: The German Drive on Moscow, 1941"
268248,Warhammer Fantasy Battle (Third Edition)
10467,Renegade Legion: Leviathan
238221,Kampf gegen das Spiessertum
183387,Draw 4: Dig for Dinos
312794,My Funny Dinos
125145,Colonial Space Wars
3586,Sherlock
193660,Little Monsters
481,Carolus Magnus
17465,Cowboys: The Way of the Gun
203788,Candy Time
7966,Nomad Gods
153220,Of Dungeons Deep!
261316,Waroong Wars (Second Edition)
34734,Grabsch
349490,Sabacc
359368,Sabacc: Coruscant Shift
623,Swashbuckler: A Game of Swordplay and Derring-do
118051,Spinnengift und Krötenschleim
62291,Fatal Alliances: The Great War 1914-1918
158267,Double Feature
181198,Tamamooool: Defend the Eggs
177995,"Graveyards, Ghosts & Haunted Houses"
133563,Dirge: Shadow of Olympus
318164,Burakito
308773,Dice of the Living Dead 2nd edition
338857,Rapid Fire Reloaded: Fast Play Wargaming Rules for World War Two Land Battles
98452,Rapid Fire!
189869,The Butterfly Garden
331433,Pitch&Plakks: Battle Mode expansion
224392,Bastogne or Bust (Designer's Edition)
55154,Bastogne or Bust
6554,Lawless
38829,Greater East Asia War
73247,Shiloh: Grant Surprised
177627,In A Bind: Expansions
90474,Gold!
143745,2WW: The War in Europe
136280,La Boca
8044,"Renaissance of Infantry: Tactical Warfare, 1250 A.D-1550 A.D"
150293,The Ravens of Thri Sahashri
161820,Avec Infini Regret
16432,Vinegar Joe's War: CBI
173325,King's Valley Labyrinth
342568,Malebranche
217198,North African Campaign
31505,Little Amadeus Maestro
11241,"The Cossacks Are Coming!: The Tannenberg Campaign, 1914"
64778,Giant Monster Rampage (Third Edition)
12128,Giant Monster Rampage 2: World War
307397,Giants: The Action Figure Game of Colossal Combat
322169,Picto Rush
38159,Ultimate Werewolf: Ultimate Edition
618,MLB Showdown
320680,Mythic Americas: Warlords of Erehwon Rulebook
277,Res Publica
191895,Toddles-Bobbles
2698,Frachtexpress
2339,HellRail: Third Perdition
4997,HellRail
73241,Bastogne: A Desperate Defense
12465,"Bastogne: The Desperate Defense, December 1944"
76092,Deadloque (Second Edition)
146747,TF22: RELOAD!
350567,PicTwist: Bob Ross
350566,PicTwist: National Parks Edition
9988,Solferino 1859
201368,Icomega
256607,News@11
38827,"Battle for China, 1937-1941 (Second Edition)"
235760,Tribe
21051,Tooor!
24321,Panzer Grenadier: Airborne – Introductory Edition
316611,"For Motherland! The Russian Front, 1941-44"
27968,"Red Star Rising: The War in Russia, 1941-1944"
2750,Imaginiff
328033,Sjön
29805,Petits Meurtres & Faits Divers
40436,Zombeja! Ovella!
333405,Claim Kingdoms: Das grosse Duell um den Thron!
312456,Claim Kingdoms: Royal Edition
165283,Battleship
163565,"Pirates, Ninjas, Robots, & Zombies"
8222,Spank the Monkey
237081,A Word or 2
2681,Countdown
5590,Hallo Dachs!
2604,Compatibility
251469,DIG (Second Edition)
6191,Xe Queo!
287817,Twilight Express
257077,A Pleasant Journey to Neko
249658,Burger Party
31067,Luftwaffe: Aerial Combat – Germany 1943-45
19269,Twelve O'Clock High
1111,Taboo
3119,Haste Worte?
36639,Battle for Olympus
147194,Linkee!
286075,On To Vienna!
66188,Fresco
9040,Stalingrad: Pivot on the Volga
224161,Nubia: Ancient Kingdoms of the Nile
358881,Pletore
333767,Stigmergy
13403,Three Battles of Manassas
203030,Dr. Livingstin's Sports Dice: Football Edition
3646,Luftwaffe: The Game of Aerial Combat Over Germany 1943-45
43011,Robotico
133749,The Waning Shadow
288662,6 nimmt! 25 Jahre Schnupperspiel
248002,TAGS
175508,Credo!: The Game of the Early Church
121195,Grandpa  Beck's Golf
299833,Eye Found It: Journey Through Time Card Game
64220,Richard Scarry's Busytown: Eye found it! Game
152098,Alerya
101929,Sergeants Miniatures Game: Day of Days
148471,Vietnam Solitaire Special Edition
85902,AbraKIDdabra
80800,Curses! of the Vampire
197034,Bounce-Off Blow-Out! Game
214276,Bounce-Off Rock 'N' Rollz!
27408,Dragon Ball Z CCG
237831,Seimi in the Super Crazy World
320468,Party & Co: Extreme 2.0
29020,Party & Co: Extreme
311680,Grimoor
99459,Banjooli Xeet
146181,Banjooli Xeet: Kanasu
11388,Armati 2nd Edition: Rules and Lists for Ancient and Medieval Wargaming
325671,Spell Saga: Realmwalker
346762,Guadalcanal: The Battle for Henderson Field Aug-42 to Jan-43 –  Deluxe Edition
56641,NUTS! Second Edition: Europe 1944
139297,Void
188601,Spoilers: The Game
330478,Power Failure
321692,Palavan
89610,Mr. M' s谋杀法则：拜占庭刺客
867,Morisi
217015,Level 8 Master
212873,Level 8: Das Kartenspiel
234371,Level 8: Das Kartenspiel – Happy Meal Edition
152082,BattleStack
106782,City of Guilds: The Dice Game
341496,Caesar's Empire
209690,Make 'n' Break Architect Mini
147979,Flash 10 Schnupperspiel
130400,TF22: LOAD!
286350,Fuse
4580,Who Is Going to Do the Dishes?
141437,What the Food?!
180927,Tête de linotte
42826,Rolit Junior
62533,Rolit Travel
296009,Anzac Cove
301061,Xtronaut 2.0
3097,1849: The Game of Sicilian Railways
8790,Activity
322451,RisiKo!
308858,The Only Word Cubes
297797,The Only Word Igneous
211202,Legendary Showdown: Gamer's Quest
173673,Legendary Showdown: Machines & Magic
244338,Legendary Showdown: Presidential Edition
190290,Skullduggery
1000,Corona
296044,Fruit Picking
3162,Invasion of the Air-eaters
65568,Jäger und Sammler
350729,Mixtape Massacre (Director's Cut)
8630,Advanced Space Crusade
7033,Kadesh:  Mobile Warfare in the Ancient Middle East
299857,Atlantic Wolves
10472,The East is Red: The Sino Soviet War
285213,American Civil War
622,Change!
2283,Flip
20717,"Hey, Bartender!"
16324,Spots
1924,Maloney's Inheritance
400,Shanghai
66214,Samarkand: Routes to Riches
299074,Space Battle Lunchtime Card Game
212688,Cthulhu Crusades
88402,Crappy Birthday
347775,Formation
145881,Más-Menos
28321,Fran Tarkenton's Pro Football
621,25 Words or Less
6906,Electronic Master Mind
3664,Grand Mastermind
16802,Mastermind Challenge
13164,Mastermind for Kids
21506,New Mastermind
13609,Number Mastermind
3874,Ultimate Mastermind
10527,Gyges
1350,Das Amulett
281245,Conflicting Legends (Second Edition)
166,Black Death
142039,Lost Legacy
4674,Assault on Sevastapol
6688,Ninety-Nine
15510,Tower of Babel
220784,The Legend of the Cherry Tree that Blossoms Every Ten Years
179217,Wonky
164072,Tenka: Shogun Edition
155700,Happy Birthday!
66277,Sync Up!
12622,Hour of Glory: Stronghold Kit
268620,Similo
292903,Lieber bairisch sterben
174893,TROLL
242551,Science Ninjas: Valence Plus
122435,Mobile Frame Zero: Rapid Attack
39332,Tasso
310892,Monty's D-Day
2379,Guesstures
19665,Tara: Ireland's Royal Board Game
11500,"Spartan: Tactical Warfare in the Hellenistic Age, 500-100BC"
27032,Meatgrinder: Battle of Xuan Loc 1975
22111,Double or Nothing
507,Cartel
21055,Cagola
46245,Pixel Lincoln
141577,SłowoStworki
279776,A Sheer Butchery: Solferino 1859
203885,Tajemnicze podziemia
73244,Cauldron: Battle for Gazala
6361,Ghost Train
39710,Tien Zi Que
71272,Hornet
320813,Egghead
203270,Gorechosen
164563,Buck: Legacy (1st Edition)
269072,Feelinks Revelations
159501,Hull Breach: Corporate Wars
2921,The Game of Life
229988,Dark Age: 2017 Master Rules
122751,Dark Age: Apocalypse Core Rules
137751,Hong
2975,Origins of World War II
67144,Frutti di Mare
145277,Zeppelin Derby
184525,Obama Llama
825,Screaming Eagles
172885,Blindes Huhn (Second Edition)
168450,Stimmvieh: Ihr habt die Wahl!
168165,Switch: The Game of Ups and Downs
272597,Astro Trash
9973,"Cauldron: Battle of Gazala, May 1942"
10445,Duel Masters Trading Card Game
1275,221B Baker Street: The Master Detective Game
188364,Global War 1936-1945 (Second Edition)
232078,Pot de Vin
3837,Rat-a-Tat Cat
8727,"U.S.N.: The Game of War in the Pacific, 1941-43"
34218,Slush Fund
7811,Stranded
12118,The SS Abyss: Hungary 1945
162654,Villannex
228419,Baby Cruise
3084,Buccaneer
17209,Cineplexity
337,Circus Flohcati
345475,Candy Crush DUEL: Pocket Edition
307580,Operation World War II: Skirmish Wargame Rules for 20-28mm Figures
23055,Dragons of Kir
8252,Lods 1914: Blitzkrieg in the East
283935,Lost Cities: Auf Schatzsuche
41043,Nowheresville
37604,König Kobra
40682,Solar Marine
261159,Tark Pere Taskus
297007,Common Threads
333540,Nine Ravens
202494,Encounters: Shadowrun
209862,Comment j'ai adopté un dragon
5772,What's It to Ya?
277410,Magazynier
13614,Chancellorsville
5382,Oil War: American Intervention in the Persian Gulf
192409,Clown Standoff
136912,Los Incognitos: Alien iacta est
224175,Star Wars: Eye Found It!
126807,Boom & Zoom
1021,Harun
1714,Moonstar
1053,Orbit
11499,"Chariot: Tactical Warfare in the ""Biblical"" Age, 3000-500 BC"
127589,Slavika
26233,Manimals
340917,Daring Contest: Family Edition
9254,Jump the Queue
205613,Imperial Skies
950,Four Dragons
207420,Figment
16497,Rat Hot
258115,The Dragon and The Cross
1836,Solarquest
233015,Imperius
4093,Exit
250472,Crop Rotation: Bug Plague
2872,Terrace
271448,CLACK! Categories
325842,CLACK! Family
345118,CLACK! Thwack!
307823,Fast Flip Pizza
11052,BRIDG-IT
205669,Battle of the Bands: Deluxe Edition
9782,Battle of the Bands: Encore Edition
3829,Trainsport: Switzerland
17136,DaVinci's Challenge
204496,Villannex (2nd Edition + expansions)
23293,Räuber
255488,ZnajZnak: Felismered?
149465,ZnajZnak: Kieszonkowy
156784,ZnajZnak: Monte Cassino – A Zestaw
159893,ZnajZnak: Monte Cassino – B Zestaw
159894,ZnajZnak: Monte Cassino – C Zestaw
159895,ZnajZnak: Monte Cassino – D Zestaw
159896,ZnajZnak: Monte Cassino – E Zestaw
159897,ZnajZnak: Monte Cassino – F Zestaw
159898,ZnajZnak: Monte Cassino – G Zestaw
159899,ZnajZnak: Monte Cassino – H Zestaw
159901,ZnajZnak: Monte Cassino – K Zestaw
159902,ZnajZnak: Monte Cassino – L Zestaw
159904,ZnajZnak: Monte Cassino – M Zestaw
159900,ZnajZnak: Monte Cassino – N Zestaw
183065,ZnajZnak: Sport
347097,Arschloch Extreme: Mit Sonderkarten für noch mehr Nervenkitzel
279135,Cat Café
352995,Guerra de Tronos
140153,T.E.G. Cartas
41009,T.E.G. de los Negocios
198823,T.E.G. Junior
22061,TEG: La Revancha
189001,Afzakker Probeerspel
205873,Freaky
254130,Taifa: Intriga y guerra en la Hispania Medieval
356559,Partners Duo
246822,Partners+
16298,The Spanish Civil War
242191,Tierra y Libertad: The Mexican Revolution Game (Second Edition)
215526,RobotLab: The Card Game
5217,Eleusis
103806,Existenz: On the Ruins of Chaos
284472,Wordy Word
1572,Situation 4
25460,"Kasserine: Baptism of Fire, February 1943"
275033,Escape: Rebellion
274908,Escape: Revolution
1536,Lord of the Fries
277434,Liski: Ojojanie
69318,Perpetual-Motion Machine
123882,Haunted House Game
349106,Puzzle Memo Ozean
151645,Jane Austen's Matchmaker
7803,O'NO 99
20000,Anno Domini: Gesundheit und Ernährung
315058,Disney Shadowed Kingdom
90,Star Wars: Episode 1 – Clash of the Lightsabers
325165,Maratón Ligero
239172,Maratón Mónaco
1122,Dry Gulch
327392,Gnoming A Round
342218,1914 Deluxe: Hell Unleashed
1590,Stocks & Bonds
266071,Obama Llama 2
266073,Santa Banter
72766,SmileyFace
276622,Borderlands: Tiny Tina's Robot Tea Party
205789,The Cookie 2.0
74678,West Riding Revisited
2471,Zombies!!!
172200,Last Starfleet (Deluxe edition)
17687,Bernini Mysterie
192016,Castlecards
263763,Stworze International Edition
339616,Stworze: Odrodzenie (Revised Edition)
883,Ivanhoe
161928,Utter Nonsense
8754,The Moscow Campaign: Strike and Counterstrike Russia
19878,Lucca Città
3620,TrainSport: Austria
11187,Advanced Dungeons & Dragons Battlesystem
81843,Метро 2033
296302,HIDEOUT
272502,"Counter-Attack: The Battle of Arras, 1940"
250539,The Potion
223096,Raid on Taihoku
175621,Epic Card Game
997,Canaletto
121663,SłowoStwory
2133,Rage
232358,Killing Code: Venice Vendetta
110,Auf Achse
60158,Fast Food
345971,Med andra ord: Pocket
101660,Witty Chronos
323495,Labyrinth das Kartenspiel Demo
25628,Tranquility Base
230900,War Games Rules 3000 BC to 1250 AD
344037,Palio: Il Gioco di Carte
91514,Rhino Hero
102698,Hull Breach!
182593,Deterrence 2X62
99219,Swish
310298,Armor Heavy Team: Tacforce 2.0 – Armored Warfare 1950-2010
158595,Frauen & Männer Mitbringspiel
17452,"The Black Prince: The Battle of Navarette, 1367"
246001,Hitler Strikes North: The 1940 Invasion of Norway
277716,Battle Bears: The Board Game
284496,Last One Standing: The Battle Royale Board Game 2nd Edition
38350,Property
252580,Monster Maker 30th Anniversary Remake Edition
4780,Der Herr der Ringe: Die Zwei Türme – das Kartenspiel
130792,The Enchanted Tower
231126,Small Warehouse
299947,Mary Magica
8033,Search & Destroy: Tactical Combat Vietnam – 1965-1966
326032,Cache Me If You Can! (4th Edition)
248027,Cache Me If You Can!: The Geocaching Card Game
19524,Turning Point
335581,Yokai Quest Strikes Back
114404,Zombie Rush
4903,Columbo Detective Game
148668,Turbo Rally Card Racing
130677,Jushimatsu
181038,Smartrix
225085,Bezzerwizzer Familie
32441,Bezzerwizzer
147931,End of Atlantis: Revised Edition
153723,Dr. McNinja's Legendary Showdown
16635,Test Match (Second Edition)
27821,Blackshirt
337025,Rivalen der Piste
40774,Lucky Sock Dip: The Card Game
237698,Socken zocken: Active Kids
237975,Think it Up Two!!
242221,Think it Up! Junior
9288,Who? What? Where?
346879,Startropolis: Second Edition
169652,Turbo Rally Card Racing: Thunder Track
11231,Snorta!
13915,"Bastogne: The Desperate Defense, December 1944"
15213,"Kiev & Rostov: Battles of Army Group South, 1941"
19914,Hexxagon
154180,Bania
195509,Dead Ends
215609,Monopoly: Pokémon Johto Edition
5758,Monopoly: Pokémon
66238,Monopoly: Pokémon Gold and Silver
142996,Dragon vs Bear: China vs Russia in the 21st Century
66088,Q•bitz
9354,Privacy
344,Members Only
173121,Pirato Poker
303933,Salo Dominios de Ra Juego de Mesa Mitos y Leyendas
67026,Diamoniak
285621,Extractor
66969,Zagłada Atlantydy
139572,Karesansui
150659,Warage Card Game
56690,Multiplayer Pentago
19841,Pentago
259897,Ghostbusters: The Card Game
8509,"Viking: Tactical Warfare in the Dark Ages, 700-1300"
310990,Revelations
218459,Think 'n Sync: The Great Minds Think Alike Game
54395,Difference
279972,Mauern Babylon
469,In Teufels Küche
26204,Spion & Spion
93650,A Call to Arms: Noble Armada
943,Ligretto
271130,TOGO: Dawn of the Dreadnoughts – Naval Battles of the Russo-Japanese War
13512,Imagem & Ação 2
2938,Zatre
272544,Tempus Quest: Episode 0 – Some Re-Assembly Required
273476,Tempus Quest: Episode 1 – Uninvited Guests
309043,Tempus Quest: Episode 10 – The Asteroid Scene
307727,Tempus Quest: Episode 11 – Frying Pan / Fire
307435,Tempus Quest: Episode 12 – We Were Here
276955,Tempus Quest: Episode 2 – The Dust Farmers
281333,Tempus Quest: Episode 3 – Decision at Degna
298481,Tempus Quest: Episode 4 – The Degna Job
298482,Tempus Quest: Episode 5 – Big Damn Rescue
297718,Tempus Quest: Episode 6 – Old Debts
298079,Tempus Quest: Episode 7 – The Point of No Return
309042,Tempus Quest: Episode 8 – Setting up Shop
298454,Tempus Quest: Episode 9 – Surprise Attack
306363,Santa Fe
306237,Spitzbub
108832,Chocoly
228296,Wall Street App
237629,Cortex Challenge 2
91941,Mastermind couleurs et formes
80933,Sandwich
38830,Destruction of Army Group Center (Second Edition)
352,Trumpet
28613,"Take Your Pick: Movies, Music, & More"
281208,Möbi Kids
3904,Le Chat Noir
37477,Osaki ni Shitsurei Shima-su!!
251467,Bitten: Survive The Dead
8721,Hof Gap: The Nurnberg Pincer
238136,Elementum
231801,Party & Co: Extreme 3.0
330506,Black Stories Junior: Stadt-Land-Ferien
4427,Super Cluedo Challenge
19399,Socken zocken
8996,Pictionary Junior
284598,Wongamania: Banana Economy (Second Edition)
165888,Wongamania
166858,Villainous Vikings (Second Edition)
198991,Dragons
606,Pico 2
195489,Slush Fund 2
70372,Littlest Pet Shop Mall Madness
15162,Mall Madness
334266,Heads Will Roll
20761,Ausgerechnet Buxtehude
294487,"Objective Munich: 7 Days to the Rhine, Volume 2"
8924,Dancing Eggs
193150,Gespensterturm Schnupperspiel
70262,Long Live The Revolution!
180238,RevoltaaA
283492,War of the Three Kingdoms: Kingdom Wars
15110,Partners
208670,Labyrinth: Paths of Destiny (Third Edition)
98197,Labyrinth: The Paths of Destiny
158638,Cat Hiding DX
150273,Motörhead
159842,Rock Science: Bandit Booster Pack
159246,Rock Science: Festival
191528,Soldier Emperor: Indian Empires
314402,Ubongo Mini Demo
355848,Supremacy 2021
76701,Discovery Garden
314893,Fox Matters
195478,Dicelantis
307821,Fingerlings Ruckus Card Game
65467,¿Quién tiene mi corona?
285183,Secret Operation
5907,Trampelfanten
128388,Librium
35047,Black Death v1.01
258027,Deadpool vs The World: Mini
104800,Krims-krams
858,Blindes Huhn
304861,Sort It Out!: Mini Game
34342,Sorts
159970,Dungeon War
2944,Halli Galli
101861,Mystery Date?
7723,"Yeoman: Tactical Warfare in the Renaissance Age, 1250-1550"
318644,Movie Plotz
287285,VALHAL (Second Edition)
81850,Trigger!
26043,Triple Match
2541,Cosmic Cows
177875,The Last Spike
320253,Super Yaniv
286308,Lowdown Dice Game
240926,Pocket Pharma
330479,"Shiloh: Bloody April, 1862 – Designer's Edition"
145390,End of Empire: 1744-1782
96719,Gelini Catch Me!
7164,"Warhammer 40,000 Collectible Card Game"
43243,La Guerra Civil Española (1936): Edición 2009
19484,Wiochmen Rejser
31302,Advanced Dungeons & Dragons Battlesystem (Second Edition)
27838,Femettan
77034,Cat & Chocolate
145475,Hobbit Tales from the Green Dragon Inn
148580,Galactidice BSG
149621,Suspense: the Card Game
3920,Monster Maker
205346,Beer Empire
5953,Karambolage
4802,Holy Roman Empire
257596,Yukon
1721,Business Strategy
2884,Pathfinder
306630,Jeu de la Quille
343520,Munchkin Farkle
256015,Soccer Farkel
244679,Speed Farkel
136143,Squillo
19347,Zeitreise
22287,Buccaneer
36599,Level Up
32263,Gondoliere
178028,Sort it Out!
40199,Sorts for Kids
3595,Squint
24083,Desert Bazaar
8036,"Legion: Tactical Warfare in the Roman Age, 100BC-700AD"
1964,Campaign
2290,Good & Bad Ghosts
23653,Tournament Stadium Checkers
1512,Hexagony
39089,Tiku
262383,Beutelschneider
1472,Five Crowns
593,Favoriten
31766,Tactics
15512,Diamant
2935,Tashkent Domino
140607,Boozle
140477,Kyro 5
11405,Matoca
13881,"Marengo: Napoleon in Italy, 14 June 1800"
99698,Micro Space Empire
3269,Clue: The Card Game
293786,"SAC: All Out Nuclear War Against the Soviet Union, 1962"
687,Cabale
168077,Dragon Ball Z TCG (2014 edition)
255696,Jungle Race
36267,Lightning Reaction Revenge
10575,Lightning Reaction
348535,Spoilers: Edición Definitiva
234590,"Korruptivity ""Lite"""
146467,Swordquest (Revised Edition)
215614,Khan of Khans
6732,Aces High
144771,Erwischt vermischt!
32833,Banana Split
41783,Hochstapler
27800,The Market of Alturien
2166,Wyvern
167723,Bin'Fa: The Tao of War
155157,Baby Blues
75,Falling
127784,Suspend
116735,Oil War: Iran Strikes
5899,Fantasy Adventures
184266,Wongamania: Banana Economy
165474,Clavius
208698,Muumi viidakkoseikkailu
123635,PLAGUE: The Card Game
5778,Chancellorsville (Second Edition)
217177,Space Poo: The Card Game
30130,Junior Gruble
33030,The Drive on Metz (Second Edition)
17081,Tracer 2
34819,Pengoloo
206328,Jukem Football (Second Edition)
34190,Quick Count
6456,Lodz 1914: First Blitzkrieg
752,Maul of America
1376,Serengeti
10934,The Game of Things
1950,The Mysteries of Peking
89668,BITS
217138,Zama: Hannibal vs Scipio
5178,Marrakesh
190552,Kuddelmuddel Schnupperspiel
246316,Forbidden City
141997,Chronos Conquest
196742,The Throne
34113,AiaGaia
226506,Rambo: The Board Game
331794,Color Addict Drinks
331793,Color Addict Fruity
268767,Color Addict Kidz
254752,Lexicon-Go
70455,Nya lexikon
150441,Bzura 1939
236009,Drop Everything
3582,Rennfieber
10629,Månvalla med V5
288654,Tipsy
13658,The Three Musketeers
338742,Treis Kai Deka
140627,Top-A-Top Kids
23030,DaVinci's Mancala
206588,Grimslingers: Duels
131199,Soluna
212610,Munchkin Wonderland
248567,Star Trek: Galactic Enterprises
1238,Schlangennest
209734,Conflicting Legends
124586,Ultra Starfire
294315,Wortblitz
302676,Clumsy Thief: Junior
19772,Abtei der wandernden Bücher
10974,Vallée de la mort
136305,Mad Rush Rally
165633,Slap .45
245528,Grimslingers: Advanced Duels
186905,Monopoly: Pokémon Kanto Edition
230065,Ink Monsters
590,Mille Bornes
100679,Ultimate Warriorz
288017,Empire (Second Edition)
147376,Cherry Bomb
170090,Double Trouble Cubes
234292,13 Ghosts
261707,Das verdrehte Labyrinth: Happy Meal Edition
288333,SOS Vermines
2381,Scattergories
2537,Draco & Co
91671,Da ist der Wurm drin
57865,X610Z
1198,SET
154008,The 7th Dwarf
38946,Scene It? To Go!: Music
143509,Bluff in Zoo
46147,Свинтус
2781,My Word!
94941,Trivial Pursuit: Genus Editie
2710,Quivive
157683,Mimtoo Famille
205101,A Dog's Life
263729,Crocodile: Mini
15717,Panzerschlacht Blood and Armor in Hungary October 1944
307167,"Debrecen: Battle of the Hungarian Plain, 1944"
60316,Numeri
30248,Mini Chuck-it Chicken!
283075,Stormvault
8243,Rolit
227334,Cards vs Dice: Strategically Evil
159465,Save the Pie
105053,Yakari: Das Kooperative Brettspiel
90050,Eleminis
325235,Trip 1907 (2nd Edition): Dark Sails
1515,Upwords
337118,To jest napad!
340829,Arcana of Love: Sensual Deck
3737,Operation
244906,Joe Connaissant: Gars vs Filles
185744,Ti-Joe Connaissant
191913,Crimson Crush
122832,Alfapet Razzle
320,Scrabble
143560,New Zealand Menagerie
7031,"Flying Circus: Tactical Aerial Combat, 1915-1918"
63581,Scriba Travel
34652,Crisis 2020
32410,Papillons
28607,Fische fangen
200115,Rollers
33903,Scene It? To Go!: Marvel
298545,Spoilers: The Game – Travel Edition
166633,Bounce-Off
2843,Absacker
2487,Why
328557,Wilson & Shep
176898,Icarus
205039,Jackal Archipelago
13575,Bunny Zick-Zack
326851,Borneo
312879,SEC Game Day
147881,Max: A Two-Player Game
221846,Get Me a Fresh Brain!
30009,Solo Dungeon Bash
7989,Spooks
3901,Sturm Nach Osten
3571,Spitfire: Tactical Aerial Combat in Europe 1939-42
101718,Terra Evolution
24716,Nebraska
192184,Balancing Ark
192183,Balancing Cat
192181,Balancing Dolphin
192182,Balancing Frog
341575,The Lord of the Rings: Battle for Middle-Earth
388,Finale
166436,In Flanders Field
121090,Claim to Fame Travel Edition
6368,King Arthur
14002,Round The World
222502,Club Stories
8964,Funny Bunny
359204,Rackarunge
259062,City Explorer: Tainan
147858,Battle
27583,Battle: The American Civil War
38732,Battle: The Napoleonic Wars
42227,rioMino
28910,Bible Blurt: The Card Game
1607,Blurt!
126471,Nowhere to Go
15065,Suit Up
329151,Draconic Dice
141428,Pass the Pandas
11829,Word Nerd
235863,Pinocchio Mini
104368,Wo war's? Mini
193255,Line Links
8906,Licht und Schatten
20445,Quest for the DragonLords (Second Edition)
127543,King of Kings
198886,Warage: Extended Edition
162905,Die Wilden Kerle: Tor
488,Stake Your Claim
217233,Chicken Wings: Glow in the Dark
29073,Blockers!
5086,Electronic Mall Madness
28906,Top 15
119534,Gitterrätsel! Junior
181074,Woordzoeker Turbo
284857,Wordsearch Junior
338364,Pumafiosi
1748,A Question of Scruples
144893,Super Trooper
170384,The Game of Baloney
353814,Wanna bet? 2
100753,Battlefield Blast
314887,Pipeline
132620,Gobbit
350468,Hội Phố (Second Edition)
276124,Bookworm: The Card Game
93965,Trivial Pursuit Junior: Fifth Edition
2855,Stare!
11950,Monopoly: Marvel Comics
60057,Castle Capers
252382,Eesti Mälumäng
28299,Bendomino Jr.
145842,Monopoly Empire
337542,Act One
150565,The All New Act One
775,Die Tafelrunde
222728,Mask 'n' ask
240107,¿Quién soy? Electrónico
938,Enchanted Forest
179794,Me Want Cookies!
35354,Dry Gulch Junction
338953,States of the USA
250678,Just Waffle
269471,Party & Co Cardgame
29268,Party & Co: Junior
285390,Hands Down this game Will Spill The Beans on the origins of expressions
2598,Tank Battle
13972,Party & Co
320897,Pasapalabra Junior
1255,Vegas
286745,The Malaysian Dream
1722,Caesar's Legions
192235,Difference Junior
257595,Dudab Buba
107376,Murder Mystery Mansion Travel
13608,Monopoly: The Card Game Deluxe Edition
223332,King's Life
320560,Fort Boyard
174055,Go Bong!
2593,Pass the Pigs
5429,Blurt! Card Game
33092,Blurt! Travel Edition
120022,Gnominia
8311,Combat
17042,Rufus
334482,Minderheiten Quartett
159198,Trivial Pursuit: TV Edition – Master Game
281078,Where is Koocanusa?
3370,Connections
2025,Frag
1946,Ali Baba
309874,El Palé: TelePizza
328859,Hula-Hoo!
118410,Dirty Pig
31807,Super 5 Salto
3383,Mahé
187459,Zogar's Gaze (Second Edition)
40394,Scene It? To Go!: Jr.
886,Der Garten des Sonnenkönigs
28510,Scene It? Friends Deluxe Edition
91313,Ataxx
216695,Blindes Huhn extrem
86073,5 Second Rule
247160,Dinosaur Tea Party
137909,Bugs in the Kitchen
23890,Der schwarze Pirat
60579,Poo: The Card Game
2484,Explore Europe
23656,Chuck-It Chicken!
1269,Skip-Bo
288985,Der Herr der Wichtel
202248,Disney Eye Found It!
91523,Mondo
169328,Falling (Revised Edition)
348276,Carrera de Mente: Cartas
319283,yanaginagi
328733,I am Alias Junior
51382,Junior Alias: Travel
3818,Alias
93446,Outburst Junior: Travel Edition
359474,Sagacity
270873,Bioviva Junior
331807,Monopoly: Warszawa dwudziestolecie międzywojenne
25984,Trivial Pursuit: Genus IV – Canadian Edition
33112,War
256146,Nya Geni
152796,Just4Fun Colours
282594,The Misery Index
1613,Ghost Castle
321,The Mole in the Hole
255816,Loaded Questions: Adult Version
32213,Antarctica (Second Edition)
40,Borderlands
197641,Pictionary (2013 edition)
186808,The Island of Doctor Necreaux: Second Edition
40395,Scene It? To Go!: Disney
15267,Des chiffres et des lettres
276719,Countdown
191882,Klappe!
245361,Ta Boite
190772,Ta bouche
151876,London 1888 (Second Edition)
229902,Meme: The Game
33676,Scene It? To Go!: TV
1542,Calamity!
1962,Tribond
96777,Back to Iraq (Third Edition)
169439,Geen Paniek! Turbo
352802,Keine Panik!: Family Edition
2940,A Dog's Life
135677,Foodie Fight Rematch
332571,Family Feud Blockbuster Movie Edition
200447,Family Feud: DVD Game
2386,Chinese Checkers
122399,Bloqs
237203,Hexus Plus
10807,Fishing for Terrorists
137360,Jolly Octopus
900,City
8173,Battleship: Tactical Capital Ship Combat 1925-1945
28104,Sealife DVD Board Game
111426,Terra Evolution: Tree of Life
63216,Evolution Earth: Cataclysm
24814,Princess Ryan's Space Marines: Squad Combat in the 23rd Century
30393,Quao
112134,4-Way Countdown!
263730,Yorsh: Mini
251359,Ruby Monsters
235471,Utter Nonsense: Family Edition
235482,Utter Nonsense: Naughty Edition
225602,"Eddie, pass auf!"
355987,Lotti Karotti Deluxe
12057,Mini Funny Bunny
18774,Älpler-Stafette
21866,"Zobmondo!! Would you rather...? Twisted, sick and wrong. Late night."
677,Would You Rather...?
337017,Atmosfear: Interactive App edition
19370,Quelf
159566,Unicorn Glitterluck: Cloud Crystals
2284,Fight!
47082,"Win, Lose, or Banana"
217545,Dice'n Score! Farm
89478,Imaginiff: 10th Anniversary Edition
112844,Swintus 2.0
183960,Свинтус Зомби
336705,"New Phone, Who Dis: Family Edition"
26420,F.A.T.A.
430,Asterix: Das Kartenspiel
219185,Sabrina Stachelschwein
21990,Lightning Reaction Extreme
298419,Lightning Reaction: ReLoaded
118257,Pocket Shock-It
29408,Inwigilacja
159801,Der Tiger und der Bär spielen Schnipp-Schnapp
17003,Snap
231345,Deer Lord!: Bling Edition
32409,Wiochmen 2
95695,Wiochmen Wesele
28137,Millionær Junior
28408,Super Blockhead!
283865,Politisk Ukorrekt Billeder
185050,Nimmit
30135,Geni Junior
466,Inkognito
197969,Estanciero Express
1188,Chaos Marauders
1127,Encounters
7943,BattleTech: Battletroops
204543,Speak Out
1500,Zocken
201243,Baby Blues
159621,Spill and Spell
351392,Dribble
9208,Predator: The Forest Food Chain Game
334988,Incohearent: Family Edition
1410,Trouble
33950,Solo Tower Hack
165294,"Zobmondo!! Would You Rather...? twisted, sick and wrong"
146752,Daemon Dice
3661,Imperium: Empires in Conflict – Worlds in the Balance
2407,Sorry!
158867,Fortune
29316,The Landlord's Game
41321,I Spy Memory Game: Travel Edition
2322,Malefiz
203301,Monopoly $ycling
188190,Monopoly: Here & Now (Buzzfeed Edition)
191133,Monopoly: Here & Now World Edition
88130,Spotcha!
6977,Mission Command Land
4384,Im Schatten des Sonnenkönigs
128909,Norge Rundt
610,Knights of the Rainbow
2120,Looney Tunes Trading Card Game
140343,Carnival Zombie
76670,The Cat in the Hat I Can Do That! Card Game
38337,Fishing for Terrorists Version 2.0
194998,Mad Love
10613,Race to the Roof
6552,Cashflow 101
35170,Defensores de la Tierra
150993,Cache Hunt
345081,Countaloupe
2771,Maginor
120580,Battleship: Hidden Threat
226610,What Do You Meme?
177807,King Arthur
2629,Ramses II
345617,Battle of the Sexes
10123,Movie Mania for Kids
265276,The Crystal Maze
2223,UNO
38418,Inwigilacja Luksusowa
7553,Babylon
151191,Pan  T'es Mort
290,Gold Digger
292732,Hedbanz Adulting
15066,Cat & Mouse
269904,Jokes de Papa: version Salée
269905,Jokes de Papa: version Sucrée
31159,Piratatak
23482,Igelkottens hämnd!
159847,Ali Baba Junior
5646,Stap op
263802,Dirty Words: Party Edition
35095,Monopoly: America's National Parks Edition
257954,Monopoly: My National Parks Edition
56687,Capitaly 2000: Győr
56686,Capitaly 2000: Sopron
171783,Color Rouli
51384,Draw Out Junior
24254,Simulations Canada's Battleship
271821,Dog Rush
342252,Flushin' Frenzy Overflow
82343,Fishfry
132701,Fishfry Deluxe
16191,War II
13402,Car Capers
15599,Jumbolino
2943,Lepanto
155912,Monopoly: Marvel Comics Collectors Edition
66354,Twister Moves: Hannah Montana Edition
52107,Twister Moves: High School Musical
223688,Hier kommt die Maus
109002,Machine of Death
234819,Garçon!: En délire!!!
201440,Election L-Game
3337,Double Down
34166,Finito!
268279,Tumblin' Monkeys Raptors Jurassic World
162740,The Games of the Goddess
14702,30 Second Mysteries for Kids
198598,Star Wars: Hands Down Game
133903,Lunar Invaders
311848,Monkey Mischief
170408,Risk  Transformers: The Decepticon Invasion of Earth
37198,Risk (Revised Edition)
1829,Risk 2210 A.D.
105134,Risk Legacy
23010,Risk: 40th Anniversary Collector's Edition
147523,Risk: Battlefield Rogue
179719,Risk: Game of Thrones
10383,Risk: Godstorm
148036,Risk: Plants vs. Zombies
15045,Risk: Star Wars – Clone Wars Edition
291741,Risk: The Battle for Medieval England
149296,Risk: The Dalek Invasion of Earth
275280,Risk: The Elder Scrolls V – Skyrim
147568,Risk: The Walking Dead – Survival Edition
27961,Risk: Transformers – Cybertron Battle Edition
242649,War Vikings
9294,La Conquête du Monde
217136,Kurzer Prozess: Krimi-Kartenspiel
297781,Lotería de Valores Mexicanos
222389,Super Mario Tower
39734,Suomi Tietopeli Junior
262397,Mystery Date: Catfished
5130,Afrikan tähti
114189,'Over a Thousand' Question Quiz
4506,"Lindy, the New Flying Game"
18755,Pie Face
267578,Bakugan Battle Planet: Battle Brawlers
18893,Madagascar
7860,Simpsons Trading Card Game
33673,Petrodolar
284772,Googly Eyes Showdown
242615,Clue Jr.: Spongebob Squarepants Edition – The Case of the Missing Jellyfish Net
253678,EGO Family
2679,Mouse Trap
223975,Carrotia: Carrots Out
223978,Carrotia: Noscarrotu
223980,Carrotia: Tutancarrot
266031,Meme: The Game – Disney Edition
28288,Temple of the Monkey
14625,Stare! Junior Edition
287030,The Newlywed Game: DVD Edition
286312,Skip-Bo Dice Game
116821,Skip-Bo Dice Game
40507,Skip-Bo Junior
324189,Skip-Bo Pocket
4378,Cootie
8676,The Merry Game of Floundering
34160,24 Card Game
2426,Hit the Beach
255715,Elefantastico
5895,Hungry Hungry Hippos
351039,I Cavalieri della Tavola Rotonda
2760,Knights of the Dinner Table: Orcs at the Gates
145621,Mad QUAO
151091,The King's Hunters
186212,Win/Lose Revolution
11739,Madeline's House
10205,Noteability for Juniors
92961,Camp Travel Edition
342071,Key to the Kingdom
261307,5 Second Rule Jr.
243093,5 Second Rule Mini Game
352290,5 Second Rule: Disney Edition
261157,5 Second Rule: South African Edition
286532,Never Have I Ever: Family Edition
286403,Never Have I Ever: Girls Edition
865,Landslide
25668,XIG: The Sorcerers Sword
200296,Hedbanz: Headrush
9392,Nya Finans
226316,Wartime Easy Money
24253,Fleets
6614,Finans
308263,Dylematy 2
234372,Plitsch-Platsch Pinguin: Happy Meal Edition
142363,Ghost Castle: Mr Creepy
4893,The Real Ghostbusters Game
5377,Dragon Hunt
16937,Basic Training
182994,¿Quién es el más burro?
264282,Red Light: A Star is Porn
150276,Squillo: Bordello d'Oriente
183612,Bop It! R2-D2
157945,UNO Dice
17987,Huggermugger Jr.
276495,UNO Attack: Jurassic World
22188,Swap! (2-10p)
116823,Dark Legacy
9927,Adverteasing Junior
270846,Warmaster Chess 2000: Variants
232099,Watch Ya' Mouth: Throwdown Edition
252554,Citadel Combat Cards
352781,Sloth in my Broth
221918,All Hail King Julien
108862,Elfer raus! Master
130603,Start 11!  The Board Game
15728,Magnetic Jack Straws
345265,Kreuz-Mühle
265584,Bucket of Doom: Toxic Edition
30182,Junior True or False
56933,Penguin Party
344837,Penalty Challenge: Teams
291297,SOLO Schnupperspiel
249735,Solo Sonderedition
171368,SOLOmino
170407,Story War: Sentinel Conflict
160757,The Sneaky Snacky Squirrel Card Game
306555,Punderdome: Deluxe Edition
27374,Europareise
317934,Lotta tra dinosauri
349676,I.Q. 2000 Trans Canada Trivia
318293,Connect 4 (Revised Second Edition)
248417,Fang den Hut: Das Kartenspiel
334341,Killer Bunnies and the Quest for the Magic Carrot LITE
23912,Dread Pirate: Buccaneer's Revenge
72660,Electronic Toss Across
197585,Caca: El Juego
246702,POOP: Kawaii
10484,Rhein-Reise
186074,The Big Bang Theory: Fact or Fiction Card Game
14436,Travel TriBond
5427,TriBond Card Game
355412,Theatrix
15585,Spelet om Sveriges Städer
12304,Deluxe Pass the Pigs
92497,Pass the Pigs: Pig Party Edition
22525,Schweine-Würfeln
22516,Snout! The Pass The Pigs Card Game
35282,Abundance
11200,Cashflow for Kids
320795,Beat the Parents: Ask Me Anything
324925,Disney Beat the Parents
267021,Pie Face Cannon!
208583,Pie Face Showdown
171317,The Logo Board Game MiniGame
166278,Feed the Kitty (2-6p)
6725,Battleship: Star Wars Advanced Mission
6837,Electronic Battleship Advanced Mission
4781,Electronic Talking Battleship
16067,Star Wars: Electronic Galactic Battle
65629,Voice Sea Battle II
35042,Dicecapades! Kids Version
127052,DICEcapades! Quick Play Edition
172237,UNO Dare!
331830,UNO Remix
358924,UNO: 50th Anniversary Premium
262442,Speak Out Showdown
232683,Speak Out: Joe Santagato Edition
220546,Speak Out: Kids vs Parents
152463,Battroborg
354202,Elefun Flyers
166239,Scrabble Slam! (2-6p)
61916,Quelf Card Game
32863,Quelf Jr.
351389,Freakz in the Sheetz: Vol. 1 Starter Pack
316165,What Do You Meme?: BSFW Edition
311659,What Do you Meme?: Family Edition
325179,What Do You Meme?: TikTok Edition
335921,Little Bus Lotto
17755,Schnipp Schnapp
358982,The Wiggles SNAP! CARDS
5458,EuroHit
35310,Scruples for Kids
15613,Scruples: Millennium Edition
292653,Man Bites Dog: Deluxe Edition
268837,Yeti Eats Alien
8632,Travel Aggravation
248702,Trivial Pursuit: Classic Edition
149328,Trivial Pursuit: Party
38950,Halma
166429,Who Wants to Be a Millionaire (Second Edition)
268008,Paw Patrol: Don't Drop Chase Action Game
225981,Penguin Trap
228895,Would You Rather...? Kinda Clean Party Edition
292733,Would You Rather...? Prove It
357874,Fingerlings: Treetop Fall Game
70174,Mikado Reisspel
20281,Inkan Aarre
265810,Pääministeri-peli
243142,Craits
343398,Blackjack-Tar
40537,Big Pay Day
290512,Simon Optix
316268,Simon Sorry
170034,Simon Swipe
216146,Star Wars Simon
227510,Fact or Crap: Hollywood
37246,Head to Head Perfection
332259,Operation Perfection
226959,Grande eroi in Pigiama
302584,Guess Who?: Card
151220,Monopolino
263733,Monopoly Junior Game: Disney/Pixar Incredibles 2 Edition
226490,Monopoly Junior: Finding Dory edition
181936,Auto-Toto
344291,Tier-Roulette
343025,Die Reise durch den Schwarzwald
24009,Battleship Command: Pirates of the Caribbean
300379,Battleship Shots
327900,Battleship: Outer Space
309094,Battleship: Pirates of the Caribbean
40851,Battleship: The Tactical Combat Game
320831,Battleship: zAPPed Edition
38561,Hungry Hungry Hippos Fun on the Run Game
345111,Hungry Hungry Hippos Launchers
313121,Sorry!
264715,Sorry! Not Sorry!
154343,Sorry! with Fire & Ice Power-ups
351661,Sorry!: Pets Behaving Badly
13982,Sorry!: Pokémon
25481,Travel Sorry!
184159,Elefun & Friends Mouse Trap
24985,Mouse Trap
11725,Mouse Trap Card Game
355918,MimocirQ
264716,Botched Operation
33292,Operation
325732,Operation Pet Scan
27982,Operation Rescue Kit
137481,Left Center Right Card Game
327898,The Game of Life Pop-O-Matic Trouble Game
15731,The Game of Life: Card Game
9454,Double Trouble
245107,Junior Kimble
289231,Kimble Twist
64610,Star Wars R2-D2 is in Trouble
297594,Trouble Game: Star Wars Edition
41186,Monopoly City
356071,Monopoly Crooked Cash
265297,Monopoly for Millennials
201890,Monopoly Jackpot
295391,Monopoly L.O.L. Surprise!
66213,Monopoly Revolution
6964,Monopoly: Dog Artist
310883,Monopoly: Rivals Edition
24146,Monopoly: Snoopy It's A Dog's Life
351967,Monopoly: Tex
24764,Monopoly: The Mega Edition
289363,Ms. Monopoly
345231,Emojo Dojo
296226,Candy Land Connect 4
33568,Candy Land: Fun on the Run
309097,Candyland: Willy Wonka & The Chocolate Factory
123260,Suburbia
171007,Suburbia 5★
145196,Suburbia Inc
176806,Suburbia: Con Tiles
128386,Suburbia: Essen SPIEL Expansion
144344,Rococo
326355,Alhambra: Big Box (Second Edition)
37904,Formula D
6539,Formula Dé Mini
64897,Formule Dé
232894,Escape: The Curse of the Temple – Big Box Second Edition
9446,Blue Moon
186375,Tokaido: Deluxe Edition
229130,Kingdom Builder: Big Box (Second Edition)
155731,Tokaido Collector's Edition
139993,Kingdom Builder: Big Box
157820,Escape: The Curse of the Temple – Big Box
174298,Napoleon's Last Gamble: Battles of the Hundred Days
156266,Apex Theropod Deck-Building Game
169122,Lost Legacy Legend
277403,Lost Tales of Cthulhu: Dunwich
232238,New Lost Legacy
169427,Middara: Unintentional Malum – Act 1
156501,Greenland
251412,On Tour
124545,Town Center
29368,Last Night on Earth: The Zombie Game
281038,Council of the Creepies
286169,Council of Verona (Third Edition)
140863,Council of Verona
147827,Council of Verona: Poison Expansion
140163,Pandánte
9143,War in Europe (Second Edition)
35863,The 15 Greatest Board Games in the World
186904,The Champion of the Wild
12379,The Great War in the East: 1914-1918 (Second Edition)
40107,"Soviet Dawn: The Russian Civil War, 1918-1921"
45358,Alhambra: Big Box
34747,Jena 20
10272,Thirty Years War Quad (Second Edition)
133405,Island Siege
299676,"Supermarina I: The First Part of WWII in the Mediterranean, June 1940 to July 1941"
27048,Duel in the Dark
161757,New Salem
38471,Corps Command: Dawn's Early Light
175696,Heavy Gear Blitz!: War for Terra Nova
26129,Heavy Gear Blitz!
27710,Catan Dice Game
297569,Spicy Dice
48,Krieg und Frieden
32114,Merchants
443,Code 777
1268,What's That on My Head?
733,Don't Make Me Laugh Jr.
732,Don't Make Me Laugh
11574,Nicht geheuer im Gemäuer (Kleiner Geist und Wirbelwind)
62280,Happy Birthday!
158861,Athlas: Duel for Divinity
32154,Down Under
47694,Verzekeringsspel
5792,Movie Moguls
12516,Vice Versa
239770,Kiek: 20 years of Splotter
149635,Hurricane: The Game of Preparedness
27020,Circulus
155815,Now You See It
2047,Up the Creek
5155,Dorada
6815,Astro Blitz
149075,Der kleine König und seine Freunde
17784,Galaxis
20838,Splat!
12587,Momox
20265,Merlins Erben
772,Ausbrecher AG
3506,D3 Time Warriors
3474,Sandsplatters
9610,Travspelet med V65
10378,Graphos
5243,Montage
307719,Pizza Wars
14862,Crash
16936,Napoleon at Chattanooga
18078,Market Madness
790,Terra Turrium
88,Torres
13479,Wings: The Air Mail Game
144982,Spout
292650,Trouble: Disney Frozen Olaf's Ice Adventure Game
34890,"Assault on Sevastopol: Von Manstein in the Crimea, 1942"
571,Papua
40898,"Rommel in France, Dinant, May 1940"
7946,Keep Quiet
24435,Proverbial Wisdom Junior
223951,Bulls & Bears
291430,Road to Riches
14486,Convoy Terror
68988,Sai Dov'è
1835,Scrutineyes
1094,Assassin
37539,Lighter Than Air Warfare
436,Canyon
18223,The Game of Dragnet
32533,Charles Goren's Advanced Bridge for One
1609,Creature Features
2609,Das Störrische Muli
164564,Giant
180051,Pani-High!
177537,Tank Hunter 2e
5893,Haunted Mansion Game
12183,Pan-Kai
154934,Pentominoes
98667,Coodju Lite
13292,Nacht der Sterne
144670,"A Test of Mettle: Three Battles of the Lorraine Campaign, September 1944"
153627,WWE Trivia Mania
2691,Lancer
8830,Nach dem Regen
26341,Knight Chase
24986,Space Dominoes
41542,The Ashes of Empire: Das Science-Fiction Brettspiel
251826,"Lebensraum: The War For Europe, 1941-1945"
38374,Fighter Pilot
330111,"Monstrosity, The Card Game"
291832,Plunder!: The Great Bermuda Treasure Hunt
326432,Blacks & Whites: 50th Anniversary Edition
39049,Rubberneckers Jr.
46782,Rush n' Crush
2965,Kendo
27827,Bisnes
306741,Canvas Falcons
282457,Flying Tigers (Third Edition)
22286,Penetration
7885,Community
7878,Our Town
203858,Praktika
4859,Keep Quiet Reword
252361,Confederate Rails: Railroading in the American Civil War 1861-1865
297786,Beatles Diplomacy: Strategic Analysis & Simulation of a Pop Group's Rise to the Top
7130,Battle Cry!
6006,Iron Cross
3309,Air Cav
9101,TKKG: Der Schatz im Teufelsmoor
3711,Flight Leader
3712,Tac Air
23491,Barbary Coast War (Second Edition)
25987,Anagramania Junior Edition
2272,Aggravation
39057,E.T.O.: European Theatre of Operations
335920,Fussball-Match Ein Fußballspiel für Heimkicker
6852,Counter Point
97701,Word for Word Canada
97699,Word for Word Junior
336550,Atlanta Campaign: The Death of Dixie
27712,Tintenherz
85124,The Battle of Stalingrad
157773,Switzerland must be Conquered!
8345,Piratenschatz
16187,Power CARDZ Collectable Card Game
9581,Into the Forest
17191,Stocks & Shares
501,Dschungelrennen
23572,Royal Armies of the Hyborean Age
227003,Superbeings Jumbo Card Game
284579,Ancient Warfare Fast Play Rules: Rules for Wargaming Tactical Level Combat From 3000 BC - 450 AD
17098,Challenger 2000: Ultra Modern Wargame Rules for Battle Group Level Games 1970 to 1995
282079,Challenger: Ultra Modern Wargame Rules for Battle Group Level Games 1950 to 1995
21083,War Game Rules 1925-1950: Wargames Rules for All Arms Land Warfare From Platoon to Battalion Level
23971,Logus Jr.
169412,Woordwijzer
12998,Put and Take Dice
9516,Adverteasing
753,Panzerkrieg: von Manstein & HeeresGruppe Süd
330775,Pay Off
10074,Letter Getter Junior
10071,Letter Getter: The Jewish Rummy Game
899,Movie Mania
28461,Flash Match VCR Jr.
31362,Travel Tribond Kids
3007,Noteability
170020,ATS: Winter War
99045,"Reichswehr & Freikorps: If the Red Army Invaded Germany, 1920"
247732,Strike for Berlin
128433,The Battle of Armageddon
3963,Tryce
14396,AstroNavis Merchant Advanced
357100,Aux Armes!
259737,Rally Round the Flag: Corps Command
6787,Deutschlandreise
18527,Brit Quiz II
282533,Månvalla travbana
327116,Jutland:  Fleet Admiral II
1163,"Ciao, Ciao..."
95022,"Red Sand, Blue Sky: Heroes of the Arena"
3471,Le Mans
30834,Six Gun Sound: Blaze of Glory!
32458,Mr. President
328379,Verbagame Babilonia
21769,Talavera & Vimeiro
19565,Word Spin Scramble
23613,La vallée de la mort
129149,Planetfall
270627,Timmy macht Urlaub
166915,No Middle Ground: The Golan Heights 1973
64184,Trhyme Jr.
155022,That Dirty Blanking Card Game
287040,Maze
63557,Hammerin' Iron 2
200383,War Plan Crimson
16,MarraCash
3946,Pyramid
11212,Sphinx
186514,Winter Thunder: The Battle of the Bulge
36428,Green Alligators: Rings & Things
36427,Green Alligators: Zoo & Farm Animals
100378,Green Gators
594,Sleuth
1166,Dow Jones
178683,Uglydoll: Babo's Cookies
31746,Clock-A-Game
116405,Hidden Empires II
243632,The U.S. Army Game
19475,Spingo
285020,Touchdown a Scientific Football Game
343522,Playmobil: Brandweer
230075,Devil's Beach: The Omaha Landings
3015,Claim
16484,The Plains of Khuzestan: The Iran-Iraq War
7506,Operation Konrad
12129,Giant Monster Rampage
6547,Universe
23836,Conjecture for Kids
189005,Vlotte Geesten Promospel
22591,Dunkerque
351715,Maya Code
8070,The Great War in the East: Four World War 1 Battles
211086,Bladestorm: Second Edition
1733,Iago
62397,A Fistfull of Miniatures Basic Game (Second Edition)
137659,Surface Warship 1939-1943
28451,Baptism of Fire II: WW2 to Modern Skirmish Gaming
119608,Baptism of Fire III: World War II Skirmish Wargaming Rules
3123,Trüffeln Schnüffeln
342640,Regatta
1475,Careers
252550,Iron Debris System: Space Battles in the 22nd-23rd Century
191032,Invasion 1066: Stamford Bridge
157449,Invasion 1066: The Battle of Hastings
9885,Put & Take Game
232444,Tief im Riff
14289,Nya ordjakt
108716,Trapped!
6685,Arbora
10916,Spearhead
462,Esels-Rennen
684,Monopoly: The Card Game
248933,The Saxon Shore Is Burning (Second Edition)
25988,Asalto
63420,The Journey or Cross Roads to Conqueror's Castle
14197,School Daze: College
333386,Floresta Encantada
30551,The Clash of Armor
14001,Speed
309570,Biplane Barmy: Refuelled Edition
356711,Sixty Seconds Tabletop Game
5136,Piraten-Abenteuer
14067,Murphy Jr
14066,Murphy's Magic Mansion
7774,Striker
13748,School Daze: High School
26345,Uthini
13181,Ordjakt
10389,AstroNavis Merchant
17287,Catch That Kiwi
200623,Catch that bunyip
5313,Fighting Ships
29956,Electric Baseball
67973,Jim Prentice Electric Baseball Model 48-B
33609,Jim Prentice Electric Baseball Model 505
31671,Japanimayhem
274,Guerilla
3641,Grand Imperialism
93985,Wordplay Family Edition
19570,Tournament Golf
8133,30 Second Mysteries
197501,Sanning eller konka: Nellie
51475,Round Britain
77577,Starvation Island
19622,A Victory Lost: Crisis in Ukraine 1942-1943
15054,"Blood and Vengeance: The Battle of Ulus-Kert, March 2000"
4191,Bogart
3339,Diceland: Deep White Sea
37456,Ia Drang-Zona X-Rae
169333,Batalla de Zama
14839,"Valor and Vengeance: The Battle of the Ulus-Kert, March 2000"
2577,Face-it
306506,Siege: Skirmish Rules for Siege Warfare in Ancient and Medieval Times
24819,Sword and Pistol: Rules for Renaissance Skirmishes
115343,Twelve Days of Christmas
23679,"Warriors of God: The Wars of England & France, 1135-1453"
27965,"The Tide at Sunrise: The Russo-Japanese War, 1904-1905"
27079,The Battle of Sekigahara
17682,"Kiev: The Battle of Encirclement, 1941"
9189,"Rostov: The First Soviet Counter-Attack, 1941"
33018,Deathride: Mars-la-Tour 1870
15378,Danmarksmester Junior
15297,Danmarksmester
312630,Supercharged
11670,The Game of Authors
128500,Panzer Division Kommandeur 2
11441,"The Last Panzer Victory: The Battle of Debrecen – Hungary, 1944"
5253,Jack Straws
256855,Knot Tying Game: Camper's Challenge
15760,Why Knot?
15736,The Camper's Knot Tying Game
26365,Wargames Rules 1950-2000: Wargames Rules for All Arms Land Warfare From Platoon to Battalion Level
279263,Main Event Boxing
6541,Articulate!
21775,Ishi
22536,19th Hole Golf
34752,Clubhouse Golf Dice Game
95073,Golf Dice
304820,Roll 'n' One
20,Full Metal Planète
230898,¡Adiós Calavera!
38748,Élan Deluxe
20839,MOCKBA: La battaglia di Mosca 1941
9184,Spawn PowerCardz
195353,"Pacific Fury: Guadalcanal, 1942"
141116,Wall-e: Un cadeau pour Ève
42944,Circus Roncalli
4971,Viva España: A Game of the Spanish Civil War – 1936-1939
238025,Blitzkrieg to Moscow 2
12117,Death & Destruction: The Iran-Iraq War
85965,Seikiheikuu
96004,Operation Dovecote
23504,The Book Game
27496,Ript Revenge
63238,Das lustige Detektivspiel für Kinder
4784,Test Match
37364,Tanks Alot
98292,Spelloker
142232,SeaWar: 1805
58538,Grand Fleets (Second Edition): Naval Wargaming in the Battleship Era – 1890-1940
296045,The Way of the Warrior (Second Edition)
64993,Speculation: The Dynamic Real Estate Auction Game
55781,Warriors of Japan: A Country Aflame 1335-1339
241920,Wars of the Roses
4334,Chart Wars
5960,Strike Force One: The Cold War Heats Up – 1975
18190,Opps
2492,Doctor Faust
16253,Montanara
9391,Challenger II: Ultra Modern Wargame Rules for Battle Group Level Games 1950 to 1995
52514,I've Never... The Outrageous Game of Truth
358147,Some 'R' Set Remastered
128111,Some'R'Set
158486,Blankety Blank: Travel
9245,Win-A-Lot
297881,Pirates! Miniature Battles on the High Seas (3rd edition)
14409,Watch Out Wombat
293262,Yukimura Gaiden Episode 0
299192,Beer & Pretzels Game: WWII Micro Armour
26717,Modern Micro Armour: The Game
42275,Black Prince: Crecy & Navarette
273919,Flags around the World
316054,Mein Panzer Junior
286804,Napoleon's Eagles: Storm in the East – The Battles of Borodino and Leipzig
255194,Masada: Epic Last Stand in the Desert
17657,Shock Force (Second Edition)
17646,Shock Force: Battles in the Remnants of America
144924,Gundam War Nex-A
36291,"USAAF: US Strategic Bombing Operations Over the Third Reich, 1944"
29636,Lexogon One
2810,Checkpoint: Danger!
359002,Huis Clos: Saison 1 – Le Manoir Winsbury
315673,Lama Express
31679,Think of a Word
35136,N30: We Are Winning – The Battle of Seattle
2387,Huggermugger
60707,Conspirateurs
7623,BrikWars
4341,Market Madness
356042,Hitler's Stalingrad: Breslau 1945
297346,The Old West Skirmish Wargames: Wargaming Western Gunfights
16944,Muggins!
5633,Perry Mason Game: Case of the Missing Suspect
341106,L'échappée Infernale
298284,Day of Battle: The Middle Ages – Historical Rules for the Medieval Era
22774,Kwatro
170480,FisFus
113548,Iron Winds of War
299073,Battle: Practical Wargaming – Expanded Edition
31347,Wörter Würfeln
135810,Imagine That! The Puzzling Memory Matching Game! African Safari Edition
10532,Brit Quiz
2295,Astérix et les Romains
23082,Bloody Picnic: Wargaming the End of Empires at Brigade and Divisional Level 1904 - 1924
30566,British Grenadier! Gaming the Wars for America 1775-1783
35827,General de Brigade: Guns at Gettysburg
39397,Die Kriegskunst: Wargaming the Seven Years War
2206,Jurassic Park Game
23717,Dragondisks
121098,The Mighty Hood II
164363,Hammer's Slammers: The Crucible
166064,"Crossfire Hurricane: The Battle of Long Tan – August 18, 1966"
321727,La Bataille de Hanau
115034,Travel Scavenger Hunt for Kids
88079,Dux Bellorum: Arthurian Wargaming Rules AD367-793
242547,"Tschu-tschu, kleine Eisenbahn"
194755,PlataPorma
5276,Verdun: The Game of Attrition
229356,Lee at Gettysburg: July 1st 1863
32186,Lee at Gettysburg: The Battle for Cemetery Ridge (Gold Edition)
105364,Vad ritar Picasso?
12584,Cloak & Dagger
173646,Star Trek: The Next Generation – The Final Frontier
37875,Iwo Jima: Rage Against the Marines
66533,Turning Point
10965,Word Spin
14661,Par-Golf
32404,Ancient & Medieval Wargaming
24255,Line of Battle (Second Edition)
2389,Othello
307960,Armies in Crisis: A Game of Combined Arms Combat in World War Two
100758,Abtei der Rätsel
137490,Donald Featherstone's Wargaming Airborne Operations
25773,Down in Flames: WWI – Bombers
127260,Connexo
212960,Kampfgruppe Commander III
27938,Tortuga
24314,SuperSystem (Second Edition)
3300,Die Druiden
20978,Geo-Graphy
2865,Kersplatt!
16166,Moskva
20555,Top-ography
1419,Pylos
127093,Stormy Seas
19803,Martian Chess
9401,War Game Rules: Armour & Infantry – 1925-1950
25064,The Road to War: Europe 1936
8195,Viva Topo!
1038,Tantrix
281940,Ascension of the Galaxy
15925,One More
297883,On to Richmond! American Civil War Battle Rules for Miniature Soldiers and Aspiring Generals
7338,Epaminondas
59254,Black Heritage Trivia Game for Kids
983,Tangoes
25209,Break Away
40823,MedWar Sicily
20195,Six
327131,ATS: Ridge Runners of Toktong Pass
297201,ATS Dien Bien Phu 2016
4062,Swap!
175818,Salvage Crew
7816,Capture
3377,20 Questions
344766,Schweizer Reise
22564,Combinatorix Jr
2554,Auf Fotosafari in Ombagassa
16027,Galloping Golf
22408,Combinatorix
12303,Dunkerque: 1940
29769,Real Soccer
18396,Four-Up
242985,Jogo Liga da Justiça
18817,General de Brigade: Wargaming the Age of Napoleon at Brigade Level
348303,Free at Last
186344,Multinational 2
62972,The Barbarossa Campaign
38501,Assault at Cold Harbor
167707,Majdan
292904,1837-Saxonia
12837,Hedgehog's Revenge!
8437,Barbary Coast War
16553,The Book Game for Kids
9262,Broadsword
31856,Jännittävät jäljet!
8945,Stadium Checkers
18959,Dragons & Danes
12213,Conjecture: the Hilarious Sculpting Game
160584,Lacrosse Blast Pro Indoor Lacrosse Game
9592,Logus Sr.
25581,WoRDWeRX
327228,This Very Ground Victory or Death
450,Octi
188468,Name Game Jr.
8121,Stargate SG-1
19669,"Line of Battle: Tactical Capital Ship Combat, 1914-1924"
178096,Rommel at Gazala (Second Edition)
62708,SuperSystem (3rd Edition)
20241,SuperSystem
198629,Revolution & Empire
4882,Proverbial Wisdom
16145,Mango Tango
26998,Poor Bloody Infantry: Company Level Combat in WW2
127,Princess Ryan's Star Marines
15068,Sword and Shield: Rules for Ancient Skirmishes
29278,18Rhl: Rhineland
233995,"What's the Time, Mr. Wolf?"
6864,Treffles Playing Cards
142747,Warrior Heroes: Legends
21281,Locarno: Europe 1926
21942,Camp
154249,WWII: The Struggle for Asia
154247,WWII: The Struggle for Europe
70532,Tonkin: The First Indochina War (Second Edition)
302007,Bulldogs Away!! Fast Attack Craft Rules for the Period from 1950
298584,Action Stations! Naval Wargame Rules for Coastal Forces 1914-1953 (Fourth Edition)
73243,Kasserine: Baptism of Fire
32868,Holy Hack: Biblical Warfare 3000 B.C. to 600 B.C. -Hacking by the Book (Second Edition)
300826,Pulse of Battle
325089,MLB Baseball Trivia Challenge
307544,"Americans at War!: Saratoga, Vietnam, Grenada"
24162,Kotsuku
298100,Broadside and Ram
39644,Iron & Fire: Naval Rules for the American Civil War & Ironclad Period 1850-1880
32159,Island War Deluxe
230076,No Honor In Surrender
19478,XIG: The Four Elements
19800,Down in Flames: WWI
305576,Michel Vaillant auf schneller Piste
111126,Combat Storm (Second Edition)
1299,Trivial Pursuit: Genus IV
8493,Anagramania
137331,Terzetto
81819,Mix Match
251679,Owl Solve That!
352130,Planszówkowi Kurierzy
39786,Heavy Gear Blitz!  Locked & Loaded
339249,Heavy Gear Blitz! Tabletop Wargaming: 3rd Edition Rules
6856,Pferdeäppel
14210,Pardon?
15812,Wargames Rules for Armoured Warfare at Company and Battalion Battle Group Level 1950 to 1985
297945,Who is the Biggest Slut?
36380,FATAL
317281,Programmed Wargames Scenarios: Second Edition Revised and Expanded
157625,Huzzah! Four Battles of the American Civil War Vol. 1
35975,Ancient Warfare Redux
172778,NAVTAC: World War II Naval Miniatures Rules
119465,Grand Prix
5195,The Farming Game
29508,Card Golf
277545,Redcoats in the Wilderness
299193,Beer & Pretzels Game: Modern Micro Armour
17379,WWII Micro Armour: The Game
22126,Bag the Hun
118625,Long Rifle: Man to Man Skirmish on the American Frontier
285823,World Safari Premium
135737,Hunt and Seek
140,Pit
335946,Sushi Do
183526,Appetizing Castle
304266,PBI: Company Commander Edition – A Game of WW2 Company Combat
24797,PBI II: 15mm Scale Company Actions of World War 2
1980,Gold am Yukon
90002,Meatgrinder: Battle for  Xuân Lộc 1975
9407,Defiance: The Battle of Xuan Loc
15108,Sekigahara 1600
30049,Se og Hør: Det store kjendisspillet 2007
635,Formula Motor Racing
65113,Robosoccer
132601,Bellum Gallicum II
36337,New World Disorder: urban skirmishes in a dark future
16629,Ript
98802,The Physog Family
288803,Janosch: Kleiner Bär auf großer Fahrt
28313,Oz Quiz
416,A to Z
4299,Battle: The Game of Strategy
24028,Rukshuk
96473,Jungle Thrills
304259,Wars of the Roses: The Bloody Barons
29879,Blood & Sand
7643,Junior Executive
1274,Cue Me!
155194,Digital Dilemma
235469,Scheibenkleister!
341708,Quran Challenge Game: The world of the Quran in one box
12266,Barren Victory
25754,Wildlife DVD Boardgame
329127,Harpoon
15497,Millionær
218588,Die drei ???: Das verfluchte Schloss – Das Kartenspiel zum Film
148185,Caricat!
148183,Obbedisco!
232792,Red Horde 1920
35524,The Princess Bride: Storming the Castle
28298,Bendomino
28528,Oz Quiz 2000
27540,Oz Quiz II
16874,Vince Lombardi's Game
3427,Blockhead!
225289,To The Last Man: Rules for WWI Skirmish Combat
12585,Baptism of Fire: World War II Skirmish Wargaming
31115,Road Cycling Tour: Travel Edition
10124,Flash Match
166216,Suomirokkia matkatrivia
117968,Suomirokkia trivia 2
21705,Scene It? Friends
66047,Fast Lane
21412,Take Your Pick
30561,1644: Rules For Battles Of The English Civil War (Second Edition)
357638,Dungeonrunner: Castle of Emperor Zinn
357699,Dungeonrunner: Cathedral of the Celestial
357683,Dungeonrunner: Caverns of Grot
357702,Dungeonrunner: Caves of Dey'Lithia
357652,Dungeonrunner: Crypts of Rojosh
357685,Dungeonrunner: Deck of Deadly Things
357696,Dungeonrunner: Forest of Torment
357651,Dungeonrunner: Lair of Lawnadynn
357682,Dungeonrunner: Mountains of Zokar
357640,Dungeonrunner: Muckelf Swamp
357684,Dungeonrunner: Roads of Tonar
357697,Dungeonrunner: Ruins of Narr
357703,Dungeonrunner: The Unknown Reaches
357681,Dungeonrunner: Tower of Saxon
357700,Dungeonrunner: Zoltar's Sanctuary
10368,Numbers Up
8623,Bible Blurt!
65317,Företagsspelet Kapital
259499,La Bataille de Deutsch-Wagram 1809
4779,Easy Money
2635,Finance and Fortune
227607,Grandma's Game of Useful Knowledge
353341,The Legend of Zelda: Barcode Battler II – Dice Mode
26673,Kargo
41604,Chain Reaction 3.0
10697,Chain Reaction: Fast and Furious Firefights
102599,Hannah Montana Secret Star
286572,Tulum
17711,Lexogon
22765,Real Hockey
188692,Battles of the English Civil Wars 1642 - 1651 Volume I
14489,Electric Base Ball Game
27160,Se og Hør: Det store sladderspil
299790,Advanced Salvo! European Theater: Tactical WWII Naval Combat Game
297434,"Mers-el-Kebir, 1940: An Historical Advanced Salvo! WW2 Naval Game"
28296,Gruble
15490,Geni
11132,Hitler's Last Gamble
9150,Dark December
2000,True or False
204,Stephenson's Rocket
184866,Wings for the Baron (Second Edition)
13948,Kampfgruppe Commander: Clash of Armor II – Fast-Playing Rules for Grand Tactical WWII Miniatures
28627,1644
30687,Taliesin Starter Game
30686,Taliesin Master Game
234137,Mondrian
147863,Loop-the-Loops
327617,Six Gun Sound: Devil's Elbow
10738,Six Gun Sound
323653,White Steeds and Seax
304887,Run the Guns: Volume II – Birth of the Broadside
301364,The Age of Eagles (2nd Edition): The Napoleonic Wars in Miniature Based on Fire & Fury
12355,Brigade Fire and Fury: Wargaming the Civil War with Miniatures
28458,Road Cycling Tour
142611,Game of Familiar Quotations
18501,På Kryds Og Tværs
10150,TriBond for Kids
152428,Pip•Pip
569,Maestro
92702,Junior Dessinez c'est gagné
157002,The Confederate Rebellion
23550,WordSpot
157528,The Dauphin and the Sword
14499,Stellar Slaughter: A Game of Science Fiction Horror Movie Madness
17927,"Cats, Dogs & Hogs"
297805,Action Stations: Atlantic – Tactical WWII Naval Combat Game: Core Rules
255192,Battle of the River Plate: A Battle Game Book
297785,"Tsushima, 1905: Pre-Dreadnought Naval Battle Miniatures Rules 2nd Edition"
40429,"Tsushima: Tactical Naval Combat in the Pre-Dreadnought Era, 1890-1906"
11734,Clock-A-Word
5295,Tactics (25th Anniversary Edition)
1574,Tactics II
1961,5 Alive
23638,WWF Taktinen Luontopeli
8046,Alien Space Battle Manual
3667,Star Fleet Battle Manual
254,Empires in Arms
25635,Island War
19336,Lee at Gettysburg: The Battle for Cemetery Ridge
159736,Racławice/Maciejowice 1794
317,The Mob
23257,Antarctica
6954,InterUrban
19657,Wargaming: An Introduction
172978,"Pit, such mit!"
10851,Mr. President USA
32474,1943: Battalion Level Ground Combat For WWII
32473,1916: Land War in the Age of Machines
5720,Bridge for One
32636,Official Baseball Game
32635,Official Baseball Card Game
3844,Pez
25522,Holy Hack: Hacking by the Book
3570,Chicken Cha Cha Cha
269646,Mini Race
39768,Derby Horse Racing Game Of Chance
56604,Veto! Szlachecka Gra Karciana 2 edycja (2ed)
1710,The Siege of Jerusalem (Third Edition)
5048,Candy Land
1958,The Game of Nations
14342,Scene It? TV
28509,Scene It? TV  Deluxe Edition
37284,De Ronde van Frankrijk
327642,Digest No. 1 for Ultra Modern Army Lists and Organisations
282076,Ultra Modern Army Lists and Organisations Volume 1
13182,Korsun Pocket: Little Stalingrad on the Dnepr
52011,Scene It? Marvel
25967,Scene It? Marvel Deluxe
87580,CrystalicuM: Kryształowa Gra Karciana (second edition)
124013,The War Game Rules
198478,Matanga Kids
165651,Merry Yard
27335,24 Countdown Game
57775,Jukem Football
78011,AirWar: C21
219345,Caro Cane
6153,Crisis: 2000
159087,"I Say, Holmes! (Second Edition)"
458,Sherlock Holmes: The Card Game
156453,Tutti Frutti
184369,Isle at War 2
34943,Double Shutter
238305,"Caldiero, 1796 (Second Edition)"
29613,DICEcapades
9725,Monopoly: National Parks Edition
17968,N30: We Are Winning!
195217,Travel Olympic Challenge
10293,En busca del Imperio Cobra
22924,Card Football: Premiere Edition
305265,Panzer Korps: Divisional Level Warfare 1936-1945 – 10th Anniversary Edition
302536,Historical Battlelines
186961,Pulp City: Supreme Edition
291157,"Bear Yourselves Valiantly: Look, Sarge, No Charts – Fantasy, Ancient, and Mediaeval"
291160,"Fate of Battle: Look, Sarge, No Charts – Napoleonic Wars"
61488,"A Union So Tested:  Look, Sarge, No Charts – American Civil War"
154388,Charków 1942-1943
54372,Erosion
2883,The Book of Classic Board Games
9149,Zitternix
26492,Ancient Warfare
17677,Flying Fortress
179795,Deutsch-englischer Seekrieg
27383,New World Disorder: Urban Combat in a Dark Future
216855,Knot Tying Game: Fisherman's Challenge
11564,Green Alligators
42305,Max-I-Nim
131581,Soccero (Second Edition)
275713,0079 Gundam
149906,Capt'n Sharky: Abenteuer auf der kleinen Schatzinsel
242374,"Pickett's Charge: The Last Attack at Gettysburg July 3, 1863"
38769,DICE Quick Play Baseball
42444,Batt'l Kha'os
316077,Napoleon in Italy (2nd edition)
304260,Western: Battles in the Old West 1830-85
5588,Perfection
33736,Tafel Tour
246046,Sacramento
350968,Bug Squash
350966,Giant Japanese Monster Squash
350964,Mec Squash
16640,Monster Squash
350965,Mutant Squash
179222,Panzer Squash
350967,People Squash
14945,"Infierno Verde: Vietnam, Tierras Altas 1967"
332576,Monopoly: Disney Villains Collectors Edition
5608,Zeppelin Battles of the Great War
260334,Winston
222703,Delmer E. Esau's Blak Dragon
307541,Panzer Grenadier Deluxe: Tactical World War II Rules
8258,"Solomons Campaign: Air, Land, and Sea Warfare, Pacific 1942"
2532,New York
7034,Deluxe Fighter Pilot
257138,Time Vault Soccer: Football card game
23344,Cold Harbor
16030,Volley & Bayonet
295878,Tilly's Very Bad Day: Fast Play Rules for the 30 Years War
16114,Élan
36963,DICE Baseball
8544,Battle for China
5831,Britain Stands Alone
21677,Scene It? Music
89341,LIGHT BIKES
73525,Potlatch
141058,Great War at Sea: U.S. Navy Plan Crimson (Second Edition)
297564,NavTac: Coronel & Falklands – World War I Naval Miniatures Rules: Tactical Naval Combat in the Great War
7380,Rubberneckers
8783,European Theater of Operations
133102,Mark My Words
138325,Bannockburn 1314
294882,Génies en Herbe: Les vrais génies
22186,Shako: Rules and Army Lists for Napoleonic Wargaming
25602,Iron and Fire: Naval Rules for the American Civil War and Ironclad Period 1850-1880
17597,Suomi Tietopeli
33400,Gee Wiz Racing Game
155201,Breitseite
148758,Thunder Gods: Kamikazes Over Okinawa (Second Edition)
221109,Olympia 1988
72153,Colonial Battlefleet: Core Rules
40615,Ki az úr a tengeren?
279272,Merchant Princes of Byzantium
13879,Scene it? Jr.
15830,Scene It? Disney
31716,Battleship Captain
37997,Zombie Cinema
321934,Trivial Pursuit: Édition Gastronomie
174101,Larger Than Life: The Director's Cut – The Game of Pulp Adventures
69479,Clovis: The Dice Game
1797,Pay Day
260488,Arena Deathmatch (Third Edition)
306898,Beneath the Lily Banners: The War of Three Kings
168788,Rum & Bones
40230,Ki az úr a tengeren?
299911,Napoleons Battles: Marechal (4th) Edition
2757,Marine: 2002 – A Game of the First Lunar War
107017,Blitzkrieg Challenged: Dinant
4838,Blitzkrieg Unleashed: Sedan
181957,Der kleine Rabe Socke: Das große Rennen
229712,Baroque: Europe at War 1550-1700
36604,Basic Impetus
145649,Nowheresville: Bandit Paradise
10518,I Spy Memory Game
347065,Bild-A-Word for Tots
6888,The Ashes of Empire
63183,Nitaya
348734,Word Gin
12747,Scarabeo
41870,Star Saga: Two – The Clathran Menace
41869,Star Saga: One – Beyond The Boundary
146920,MLB Chipz
349872,America The New Game
36537,Pennywise
232267,"Red Typhoon: The Soviet Winter Counter-Offensive, 1942"
222731,Swordplay 2015
318483,Antwerpen
16291,Fliegenfänger
32639,Politico
170931,Europolis Global
170930,Europolis orase din romania
22644,La Guerra Civil Española (1936)
158894,KelDice
230745,1-48TACTIC
180849,48STORM
330676,"Somewhere Far Beyond: The Battle of Prairie Grove, December 7, 1862"
173127,Pocket Sports Test Cricket
10660,Micropul
270657,Twilight of Divine Right: From Defenestration to Restoration – Wargame Rules for 1618 to 1660
303503,Twilight of the Soldier Kings: Wargame Rules for the Battles in the Age of Frederick the Great 1730-1780
125609,Pixel Lincoln: The Deckbuilding Game
188690,Battles of the Thirty Years War 1618 - 1648
158488,Meet the Missus at the Broadcast
62274,Hell Revised
1538,Het 1845 Spel
51383,Draw out Junior: Travel
15020,Draw Out
193647,Blitzkrieg: règle de jeu avec figurines pour la seconde guerre mondiale
14774,Belisha
12784,Twister Moves
69278,Nuklear Winter '68
17114,I've Never... The Outrageous Game of Truth
173824,Picture Puzzles: Familiar Phrases
160898,Heavy Gear Silhouette Core Miniature Rules
316767,Tacticum
66665,Recicle: Tempos de Crise
3553,Close Action: The Age of Fighting Sail Vol. 1
186721,Healthy Heart Hospital
11050,Bastogne or Bust (Second Edition)
253363,PlusMinus: The Boardgame
180397,Abriss (Zweite Edition)
321933,Trivial Pursuit: Édition Bretagne
18618,Capitaly
333813,Death In The Dark Continent: Lite – Wargames in 19th Century Africa
42783,What Price Glory?
68202,Ladybug Lunch
291629,I Am: Celebrity Edition
154498,Till Dawn
171752,Till Dawn: Four-Player Expansion
171753,Till Dawn: Kickstarter Promos
171754,Till Dawn: The Ring Expansion
267469,TRITT Reloaded
313433,Lycee Overture
160592,Oklahoma Boomers
193862,Grand Fleets: Third Edition Rulebook
16740,Grand Fleets
176647,"El Plan, tú decides"
95138,Le Synapse
153585,Whole Armor of God
120310,C'est pas sorcier DVD Game
120311,C'est pas sorcier écologie
155581,Asrus: Zodiac
35812,Wild Vikings
21874,The Black Heritage Trivia Game
174054,Famous Missions
103844,Castle Dash
213169,Inquizitor 2: The game
18015,Shelters
162141,Swedish Parliament 2014
35703,"Look, Sarge, No Charts:  WWII – Innovative Rules for Battalion-Level World War Two Miniatures Gaming"
4934,Battling Tops
169998,The Mule Shoe Salient
47344,Hell: A Game of Trench Warfare
1220,Looping
12530,A Fistfull of Miniatures
296112,Silk Road: Merchants of Silk Road
169192,Supersystem (4th Edition)
355563,Pékin Express
41580,Stakato
16630,Dr. Futsch
158231,Tixel
158921,Tixel: Tix Expansion Pieces
13718,The Cottage of Content
109835,Hammerin' Iron 2011
11261,Hammerin' Iron
148918,Scriba
261492,Zwoggel
26884,Escalation!
66950,Trigami
3825,Breakthrough
11042,Trhyme
263698,"Rome, GP.: From Camillus to Augustus"
262564,"Rome, IInc.: From Diocletian to Heraclius"
196676,"Rome, Inc.: From Augustus to Diocletian"
891,Cranium
16912,Pure Greed
170006,Hornet Hoops (2nd Ed)
27343,Mundialito (Gold Cup)
29111,Nya Företagspelet Kapital
15139,Rapidcroco
221139,Sticko
85558,Electronic Sea Battle
65762,Trivia Junior Russia
65760,Trivia Junior Russia
308181,Ruba Memo
5481,Vive l'Empereur
247944,Attack
63849,Bugami
37589,Clue: Discover the Secrets
327618,Spouse-ology 2nd Edition
288871,Tactile Touch!
153891,Flip Flash
297700,Naval Wargames Rules for the Pre-Dreadnought Era 1880-1906 (Second Edition)
20269,Pikemen
57783,The Gaston Game
274178,"Poland Defiant: The German Invasion, September 1939"
5422,Verba Volant International
252667,Battlecraft: Paper Combat
40502,Clovis
97456,Battle of 4 Armies
296773,Major Arcana: The Tarot Game
3728,Ker Plunk
147708,Fierce fight ! Stalingrad Blitzkrieg
225909,Burning Mountains
3360,Lexicon
143145,Hot War: Battle for Oil
128103,TactDecks: Reign of Heroes
170951,The Foreign King
108524,Zouave II
319705,Reimraupe
334789,Indianapolis In-A-box
80351,Mission Patrol 2
40227,Battlestar Galactica: Colonial Battlefleet
6898,Toss Across
254365,Captain Kangaroo's Colors Game
208916,Rulers of the Continent Soccer
258290,All Around Mackinac Island
13919,"Shiloh: The Battle for Tennessee, 6-7 April, 1862"
38994,The Great Potlatch
75989,Flintloque Reloaded
5692,Flintloque
32849,Cat in The Hat:  I Can do that!
41326,Curious George: Discovery Beach Game
14820,The Decisive Battle Guadalcanal
34413,AirWar: C21 (2nd Edition)
72081,Mission Patrol
5298,Curses!
26103,Primo Calculino
112210,Metro 2033
269975,Storm Over Dublin
140830,King Size
271052,Hilal Hattı
128716,PARSEC Deluxe
16513,Chronicles of the Three Kingdoms
246873,"Königsberg: The Soviet Attack on East Prussia, 1945"
34024,CrystalicuM: Kryształowa Gra Karciana
305343,ShadowSea: Conquest of the Underground World
306003,XXXopoly Pride
167505,Star Wars Force Grab
313254,Americana!
358011,Raon: 10th Anniversary
332563,라온 더하기 (Raon Plus)
332561,라온 주사위 (Raon Dice)
179064,Guesstimaster
38987,Speed Rally
352625,Tiger Stripes: The Card Game
206854,Hurjan hauska autokilpa
304333,Zoollywood
301912,Kaiju Kaos: Smackdown
31581,Dessinez c'est gagné !
28010,Camp
1973,Outburst Junior
230036,Noble Armada: 3rd Edition
11689,Noble Armada
98953,鬼戏•巅峰之争 Ghost Play
1986,Spy Alley
16130,Trivial Pursuit Junior: Fourth Edition
14624,Wordplay for Kids
129814,Volk ans Gewehr
252987,Six Days of War
175498,This or That?
167416,Mister Mailman
232025,ATS: Band of '44 Brothers
40853,Trivial Pursuit: Genus VI
10693,"Red Sand, Blue Sky: Death in the Arenas of Rome"
58907,Synapse-Ice
10226,"Thunder at the Crossroads: The Battle of Gettysburg, July 1-3, 1863  (Second Edition)"
183,Stonehenge
156291,Iron Horses:  The Board Game
24923,Margo
279307,1942 USS Yorktown
1321,Catch the Match
16516,Operation Dovecote
260465,"Across The Narva: The Soviet Assault on Estonia, February 1944"
96480,Safari
27715,Safari
41860,Kangaroo
4381,Back to Iraq
71569,Kuni Tori!
204546,Zoo Keeper
69598,Nex
312075,Knot Tying Game: Boater's Challenge
8846,Word for Word
322241,The Mini Quest 2
189944,The Bermuda Crisis: Discovery Dawning (Second Edition)
16664,Read'em
20610,Rapid Fire! (Second Edition): Fast Play World War Two Wargames Rules
6587,Coodju
27507,Physogs
93763,Ghost Play
10232,"Freikorps: The Bolsheviks Invade Germany, 1920"
300622,Pakjesavond
286377,Hurricane Ball
4810,BattleBoard
6578,Electronic Dream Phone
324183,Distant Armada: Unity Edition
1401,Crash!
211913,Seikkailujen saari
29562,Spider-Man 3: The Ultimate Game
143304,Arachnid Trap War
267990,Dark City
214824,Win or Go Home
323602,Dicey Curves: Road Rally
53279,Wo war's?
121893,Puzzle of Oz
9409,Meister Scheibenkleister
299430,Command Combat: Civil War – The Hornet's Nest
139780,Merlin Zinzin
112111,Xodd
299085,Balance of Power
19339,Picasso
47414,City of Guilds
34785,Murder Mystery Mansion
227,Knightmare Chess
296556,Hit Manga
309327,Forged in Blood: Rules for Company Level Battles in the Late Renaissance
71460,Zouave
13229,Trap
26855,5150
138311,Machine of Death: The Game of Creative Assassination
333023,Vojvodina (Second Edition)
141086,Triopolit
110115,Fast Play Rules for the Pike & Shot Period (1550 - 1720 AD)
110113,Constantinople to Vienna: Wargames Rules for the Period 1450 to 1700 AD
239226,空飛ぶチーズ (Flying Cheese)
287173,Hamsterdam
25807,Combat Storm
17396,Manoeuvre
105173,Yodd
14156,Countdown!
179782,Het Grote Smurfenspel
51197,Hippos & Crocodiles
311967,Fivalath
176743,5150: Urban Renewal
344699,CARU UTA (狩歌)
347830,イロトリトリ (Irotoritori)
347829,パタルタ (Pataruta)
144450,Rumble Pie
497,Vampire
904,Dream Factory
18455,The Rules According to Ral
317549,Kinder-Quiz
258560,Gangfight Skirmish Game System
118330,Roll to the South Pole
2421,Tell Me: The Grand Quiz Game
137156,Zombie House Blitz
19204,Scavenger Hunt for Kids Board Game
15075,Stocking Stuffers
139901,Wireheads
65282,Tanto Cuore
68858,Tanto Cuore: Expanding the House
238083,Tanks+
11809,Hidden Empires
201013,Birds
240142,Dark Legacy: The Rising
5251,Camelot
28499,Suomirokkia trivia
191063,Die drei ??? Kids: Gespensterjagd
168838,Dead Things: The Zombie Boardgame (Third Edition)
8813,Shocking Roulette
118558,Knight's Cross
118521,Numé Cat's Kid
118520,Numé Cat's
118514,Samurai in the Sky
26775,Black Powder Battles
193818,Basketball Age
281485,FNG: Tour of Duty
3720,Subbuteo
26547,Ein toller Käfer
39180,Wordquest
144593,Flag Frenzy USA
174811,Mario Super Star Boardwalk Game
254178,Gnomeland
286595,Resa genom Sverige
58993,C'est pas Sorcier
161620,"Omertà, el poder de la mafia"
10075,Claim to Fame
302291,DeepWars: Core Rules
104439,Oz
319425,MEGAcquire GOLD
5464,Calypso
172696,Dark Age Core Rules
13936,Dark Age
310820,Il viaggio di Marco Polo
681,Quarto
109612,Mondriaan 2020
2057,Starship Command II
17754,Horror House
34029,The War Game
255702,Cool Runnings
199149,Double Play
133470,Versatiletters
183509,Antarctic Fleet
202186,Iron Lady's Fleet 2: Modern Naval Combat in Falkland '82
124221,Solar Starfire
196358,Sound Quartett
152123,Dogfight
140995,Colonial Space Wars: New Horizons
10245,Bloody Omaha: D-Day 1944
327005,ATS Pork Chop Hill 2016
192638,Multiuniversum
178519,Street Empire
289997,BrainBox Board Game
243927,Boom & Zoom (Second Edition)
257213,GourmetSmarts (Second Edition)
19825,Connex'Oh
173463,Awkward Moment at Work
176565,Ninja Camp
1480,Imperator
70740,TactDecks
17167,Double Some'R'Set
3404,The Legend of Landlock
334012,The Battle of Armageddon: Deluxe Edition
10243,The Battle of Armageddon
15689,Panzer Division Kommandeur
163078,Strike Legion Tactical Rules Compendium
128697,Multitu
128696,At Home in Sunderland
85021,PARSEC
139705,Das Prestel Kunstspiel
136146,Hell's Gate
335636,Nähdään Kosken Rannassa
335462,Nähdään Täl Pual Jokke
14951,Danmark-spillet
284740,Cat & Mouse
304617,Close Quarters: Skirmish
10985,Fortune's Colony
19009,Star Fleet Battles Cadet Training Manual
314364,StarSpeed
5686,Stargrunt II
184709,Firestorm Planetfall
176366,Demonic Toys vs. Blood Dolls Game:  Battle of the Tiny Terrors
306272,Godzilla Rampage: Kaiju Unleashed
143883,Ultimate Warriors Death Battle Game
160835,Heavy Gear Blitz! Field Support Guide
68947,Arvuutin
94263,Jungdeutschlands Schlachtenspiel
196745,Mythic Wars: Clash of the Gods
321937,Trivial Pursuit: Édition des Vins
188292,Ten
186436,Ten Cats
145198,Bionic: Nano Edition
329727,Que Ves II
329767,Que Ves Junior
227314,Kensei: The Awakening
171672,Why First?
348346,ZombieZone (BGotMC edition)
348332,ZombieZone (Postcard edition)
269621,Länder Europas
246824,Ultimate Soldier Reloaded
315512,Gloop (Second Edition)
313574,Colonists
39241,Letter
321329,Wizkrieg
4914,"Great War at Sea: 1898, The Spanish American War"
124156,Word Wars I.II.III
203669,The Vampyre of Mons
36333,Dirge: Carnage in Crimson
175979,Cosplay Showdown
258708,Trivio 2.000: La Fuerza del Saber
213815,All Things Zombie: Miniatures – Fade to Black
75529,Bhazum
1771,Cosmic Coasters
134259,Hex Rampart
224815,Deca Slayer
133923,Rampart
172453,[d0x3d!] v2: a network security game
317614,PTG College Basketball
213645,Oshi-jō no tatakai (忍城の戦い)
151532,Draw Something Party
170365,Tõeline Eestlane
180820,11 Swing States
32702,Foodie Fight
122327,Pirates of the Spanish Main: Shuffling the Deck
188235,Hide and Seek Audio: The Friendly Farm
102608,Hunt and Seek France
66286,Hunt and Seek Through History
26842,Hunt and Seek Worldwide
150187,Hunt and Seek Young Xpert
18516,Imagine That! The Puzzling Memory Matching Game! Under the Sea Edition
157593,Krash Karts
98122,Monster Trap
174297,Mauseschlau & Bärenstark: Wissen & Lachen – Deutschland
103016,Expedition Sumatra: Dadu Dadu
98371,Jolly Octopus
3522,LCR
19786,Wargaming Airborne Operations
12569,Fletcher Pratt's Naval War Game
168653,Wilderness Empires
182869,Hong
141747,Impact Factor
39282,Stirling 1297
158355,Name the Advertisements
13742,Void 1.1
128839,Das Prestel Kinder Kunstspiel 2
163126,Solo Football Bones
115474,Expell
271516,Top Trumps Match
353676,Espionaje
114684,Villages
158758,KiCKeT!: ARENA
281417,Hoarders
106929,Top-A-Top
183610,The Chu–Han Contention
146624,Silhouette Cards
260999,Silhouette gratis Demo-Spiel
143967,Silhouette Junior
154976,Silhouette Pocket
185850,The Task of Ezrok: Deluxe Edition
6487,Fantasy Warriors
38995,Great War at Sea: U.S. Navy Plan Crimson
110107,Triopolis
16239,Wikinder
4916,"Great War at Sea: 1904-1905, The Russo-Japanese War"
164937,Star Wars: Face Off Dice Game – Luke Skywalker vs. Darth Vader
164939,Ultimate Spider-Man: Face Off Dice Game – Spider-Man vs. Rhino
138180,SQUAR3
207625,Game of Liners and Transports
223671,Isle of Domination: Tabletop Version
340100,ZAC!
16714,Strange Tydes: Fantasy Age of Sails Naval Wargame Rules
273448,Cthulhu: The Great Old One – Deluxe Edition
143447,The Cottonwood Contest: Cousins
195000,Control Tower: LAX Airport
31182,New Game of Familiar Quotations from Popular Authors
231281,Snowflake Rebellion: Snowflakes vs. Patriots
25050,Warrior Heroes
9866,Normandie 1944
255191,"Battle Over Britain: Tactical Air Combat Game, RAF vs Luftwaffe, 1940 (Second Edition)"
70461,Art of Tactic
199092,Meeple Maker
102622,Linebreakers
182233,Dominimum
142508,The Cottonwood Contest
5215,Australian Menagerie
7090,Scottish Corridor: Lion Rampant
122242,Charlie Don't Surf: Wargame Rules for the Vietnam War
22029,"I Ain't Been Shot, Mum"
225966,Magische Geschichten Würfel: Piraten
154795,"The First Battle of the Marne, 1914 AD"
346250,PMC 2670
129513,Godzilla Rampage
140650,Silhouette
253210,You'd Rather What?!
232407,À Descoberta da Madeira
113342,KaPOW!
119855,Flag Frenzy!
11276,Patton's Finest
6722,Revanche: The Battle of Dompaire
107870,Tough Hombres: The Battle of Mairy
27155,J'te Gage Que...
213371,"Teutons!: Assaults on the West, 1870-1940"
1859,Doomtrooper
17676,Gundam War
4545,Upper Hand
130735,Bionic
96266,Aether Captains: Triad
102194,Aether Captains: Triad 2
299977,人生ゲーム MOVE ! (Jinsei Game Move!)
23387,Conan Collectible Card Game
273661,Lords & Servants: Medieval Skirmish Rules
284126,"Warhammer 40,000: Apocalypse"
33048,"Warhammer 40,000: Apocalypse"
7567,Proteus
12252,Clash Along the Psel: The Battle of Kursk 1943
42241,ATS: Snakeshead Ridge
12054,Oosterbeek Perimeter
10230,Santa Maria Infante: On the Road to Rome 1944
12067,Little Wars
282913,"Rifles, Railroads and Rebellions: Fast Play Wargame for the American Civil War and Later 19th Century Conflicts"
313014,Challengers of the Great Beyond
3039,Swordquest
333583,Siva Afi: The Fireknife Dance of Samoa
4058,Chaos Progenitus
41888,WWE Chipz
237030,Gunsmoke Card Game
3439,HeroClix
339,Quiddler
299082,COMBAT: 1948 Arab-Israeli War
299083,COMBAT: The American Civil War
23485,"Dice 10,000"
70362,Stalingrad Campaign
30765,Miro
5799,Mattix
267377,WWII Commander: Battle of the Bulge
181342,Guess What!
146152,Flash 10
1513,The Republic of Rome
28203,I Obey: The Campaign of Bezzecca 1866
28202,Montebello: First Step to Freedom
65308,Pastrengo
13411,Great War Spearhead
166095,Thrash-Car: Collector's Edition
336965,Diddly
128419,Dice of Arkham
199403,Draw Blood: Remix
40079,Thunder Gods: Kamikazes at Okinawa
301683,Galaxy Dice EX
2711,Buntbär & Co.
168274,Mistfall
134884,ZnajZnak
1872,Hurricane: The Game of the Tropics
36727,Capt'n Sharky: Abenteuer auf der Schatzinsel
104858,Rock Science
308022,Third Lebanon War
26292,Bzura 1939
3525,Act One
276342,Hemlock
185142,Quiz Chef Junior
185143,Quiz Chef Vini
198450,First to Find
295477,Jim Henson's Labyrinth: The Card Game
5339,Monopoly Junior
241805,A Victory Awaits: Operation Barbarossa 1941
134683,Draw Something
299821,Resistance Is Futile (Version 4): Science Fiction Wargame Rules
19991,London 1888
24079,Katoiz
210183,Moon Harvesters
67542,Essentia
125058,Dogfight: Free Trial Version
232999,The Junior Bible Game
31494,Shannon
7308,Rock 'Em Sock 'Em Robots
66590,Just4Fun Colours
175472,President Wars
167190,Of Dungeons Deep! (Second Edition)
285273,Raft & Scupper
58927,The Armor of God
6727,WWF World Wrestling Federation Wrestling Trivia Game
153763,The Temple of the Flying Blades
153762,The House of the Flying Blades
223573,Supervillain: This Galaxy Is Mine!
67626,Nay-Jay!
131221,MindMaze
154232,Cast of Toys
154230,Cast of Thousands
25245,WWII: The Struggle for Europe and Asia
35754,Charków 1942
143747,Miracle on the Marne
248403,Journey to the Overland (2nd Edition)
43411,Pentomino
11184,Talk Dirty to Me
247618,Hedbanz Electronic
27840,88: Digital Dramatic
39977,Ombakado
176803,Overseers
182725,Privateers! The Golden Decade
59039,Asrus
164205,King's Pouch
163171,Super Turbo bitCrawl FX: Alpha Xtreme
2032,Now You See It
171361,Spy Tag
13172,Kung Fu Fighting
25087,More Kung Fu Fighting
95758,Iron Horses
5445,Rod Hockey
4173,Anzio
301572,The Great Crisis of Frederick II
321654,War of 1812: Andrew Jackson's War
311842,War Of 1812: The Early Battles
312666,War of 1812: The Later Battles
12318,Typo
223436,Ukrainian Crisis & The Little War
26487,Huzzah!
119474,Act Too
9045,Switzerland must be Swallowed!
116593,UNO Dice Game
263182,Poka Yoke
172470,Regatta
63339,Tix
182877,Ocracoke: Gold and Glory
139106,More Well-known Advertisements
340832,Arcana of Love: Spicy Deck
17184,Blankety Blank
46656,Meet the Missus
6930,Sweden Fights On
341809,Forward Operations
16355,The Difference Between Women & Men
140702,Cat Hiding
140469,KiCKeT!
43403,Lost Dice
359158,Go Extinct!: Stardust Catches the Carnivores
4952,"Trivial Pursuit: TV Edition – 4,800 Questions and Answers"
184885,Pocket N30N City RUMBLE
515,6-Tage Rennen
7416,Battle of the Bands: Backstage Pass
2331,Spill and Spell
32205,Ostroleka 1831
168760,Teenage Mutant Ninja Turtles: Adventures In Turtleopolis Game
3889,Ali Baba
100734,My Happy Farm
20192,Meikyu Kingdom Card Game: Make You Conquest
339068,Scutarii: Tournament Edition
23846,Crash and Scramble
160612,Myriades
160609,Infinito
317311,Switch & Signal
93688,The Sneaky Snacky Squirrel Game
288935,Happy Doomsday
178997,Hero Heads
195477,Madness At Midnight
136910,Roll & Play
182012,Game Over: Remix
354628,Death of an Army: Ypres 1914
8651,Pi mal Daumen
352765,A Story of the Three Kingdoms
295951,Spot On
9132,18C2C: Manifest Destiny
306931,Battlegroup 2009 for The War In Angola
196062,Time Wars: Supreme Command – Core Set: Humanity
170977,Dungeon Escape Micro Edition: The Classic Game of Memory
2238,PanzerBlitz
4641,Life on the Farm Board Game
1977,Tor
128556,Strike Legion: Combined Arms Combat – Main Rulebook
301240,Strike Legion: Module One – The Genome Gambit
301241,Strike Legion: Module Two – The Clockwork Armies
139828,Football Bones
299060,Fields of Fire: Crucible of Force
155657,bit Crawl Portable
319968,Monster Busters
261451,Egemonia
38679,Tenka
309517,The Korner'D Challenge
64604,Hammer's Anvils
19119,The Hammer's Slammers Handbook
224081,Jaque Quince
198537,Buck: Legacy (2nd Edition)
5995,Giant
165449,Stabil-IT
209644,The Pacific War: From Pearl Harbor to the Philippines
160423,Pacific War: War at Sea in the Pacific 1941-1944
177478,IKI
141726,Justice League: Face Off Dice Game
13301,Caribbean
164640,Stabil-IT
14042,Team Work Original
3669,Moon Base Clavius
96026,18OE: On the Rails of the Orient Express
201516,Advanced Platoon Leader
19169,Crossfire Hurricane: The Battle of Long Than – August 1966
148349,Thrash-Car
40508,Scrabble Slam!
22861,Feed the Kitty
207884,MasterChef Junior
198692,Sticks & Stunts
4077,Who Wants to Be a Millionaire
172158,Oath of the Brotherhood
175238,A Colmeia: Micro-game
11036,No Middle Ground
16755,Target: Damascus
121429,Ascari: African Battles of the Italian Army 1890-1895
94686,Mister Mailman Junior
261490,Ringo
23352,Pomarańczowa Rewolucja
286781,Franky: Rock'n Vegas
173323,Character Quest: Heroes – Goblin Raiders Adventure
293495,StoneFire
244991,Ardor: Bending Time
3725,Qwitch
265082,エルタイルズ (L-tiles)
316167,2 Hour Dungeon Crawl
168431,Shut the F*** Up!
168354,Shut the Front Door
281679,Fallen Frontiers: The Battle of Hextrom VI
2733,Stimmvieh
286076,Indian Wars: Custer
159766,Teenage Mutant Ninja Turtles: Adventures Under Turtleopolis
118184,Dead Things
198608,A Wing and a Prayer: Bombing the Reich
179254,Formula Freeway: 4 Player Edition
294919,Unternehmen Rösselsprung: Caccia a Tito – Drvar 1944
14985,Batalla del Metauro
9817,Whatchamacallit
6513,Don't Panic!
169653,Before Scotland: 750 AD – Empires
169591,Before Scotland: 750 AD – Kingdoms
150016,Shephy
262213,精霊回路ドライヴEXE (Spirit Circuit Drive EXE)
62216,Tomorrow A Corps
65055,Hornet Hoops
10229,Mannerheim's Cross: Finland at War 1939-1945
5749,Simon
194352,Iron League Junior
208112,Iron League: Black Stadium
255197,Combat Leader: Core Rules
308530,Combat Leader: Ostkrieg
217012,Alchemical Crystal Quest (Second Edition)
280633,Bushido: Risen Sun
280634,Bushido: Risen Sun – Two Player Starter Set
101644,Bushido
135330,Raamat
280738,幻影探偵団〈新装改訂版〉 (Phantom Detectives: Revised edition)
4185,B.S.: The Game of Being Sneaky
137550,Story War
18426,PerSiVic
10246,Darkest December: Battle of the Bulge 1944
230590,Empires
43103,Europolis
183186,Appalachian Trail Game: Special Edition
162556,Dungeon Escape: A classic game of memory with a twist!
64204,The Logo Board Game
155854,Stink-Alarm!
3347,Solo
15167,King Arthur: The Card Game
171556,Ani-gram-it To Go
171555,Ani-Gram-It
30640,Rio
148007,A Spoiled Victory: Dunkirk 1940
256064,Kingdom of Fools
191998,Lost Legacy: Fourth Chronicle – The Werewolf & Undying Heart
160868,Last Starfleet
223779,Pocket Mars
245780,Take Care of Polar Bears (Second Edition)
134274,[d0x3d!]
275283,Tixel: Poka Yoke Expansion Pieces
207246,Werewolf House
26501,SeaTac
173004,Harriers in Action
174592,Helicopter and Tank Battle Game
173124,Naval Battle
174595,Tiger Meet
32423,Pino Sortino
172883,Saratoga
204281,Baby Clues
213634,Naval Battle in Archipelago
43710,Pocket Cricket
187527,The Buildings
179521,1941: Fire in the Sky Above Belgrade
308652,Age of Dogfights: WW1
179519,Battle of France
168031,Character Quest: Heroes The Card Game – Game Pack #1: King's Guard
173322,Character Quest: Heroes The Card Game – Game Pack #2: Savage Beasts
86169,King's Valley
179529,Formula indi
176300,Balonijada
127506,Awkward Moment
19357,Teenage Mutant Ninja Turtles Tower of Doom
233872,Le Tour de France
52880,Picture Puzzles
59813,Famous Missions
158256,Last One Lost
40474,Larger Than Life: The Game of Pulp Adventures
176292,CPS Ekspres
322840,Swap
136461,Mauseschlau & Bärenstark: Deutschland entdecken
284926,"278th Squadron ""the same 4 cats"": SM79 Damned Hunchback"
298460,Necronomicon
119864,Mario Party: The Real Life Game
207168,Procurado: Mosquito da Dengue !
347932,Pop for Blends
347931,Pop for Letters
347930,Pop for Word Families
166851,A Colmeia
153066,President Wars: Battle Through The Centuries
94487,This or That?
1304,Credo!: the Game of Dueling Dogmas
6236,Wood Wars: Fantasy Miniatures Game
22274,Star Mogul: Ruins of an Empire
179812,Leva Livets Stora Bibelbingo & Bibelmemory
133602,Zomboozle
174220,Forsaž express
173455,Zmajarenje
132839,Puppet Master: Puppet Wars Game
224108,Magus: Aura Mortis
147427,King's Ransom
20031,Ahoy
331305,Wish you were here ...? Travel Edition
338967,赤い糸大作戦 (Secret Admirer)
58641,El Plan: la Aventura de Emprender
112836,5150: New Beginnings
330684,Wolf in the Fold Print & Play Edition
218608,Edamame
6929,Ranger
179966,Escape Plan 9: Deluxe Edition
308688,Anarcade Deck Building Game: Champion Gold
285042,New Sakura
358113,You Win
180602,Game of Trains
6321,Tank Hunter
218958,Yam Yam
24311,Rommel at Gazala
231299,Shadows in the Weald (2nd Edition)
192536,Kepi & Pickelhaube: A Study in 19th Century Warfare
270629,Battle Axe 3.0
241384,Nuts!: Man-to-Man Combat (4th edition)
125965,The Game: Drugs and the Street
313016,The WitchBorn: Enter Perdition
11621,She's Charmed and Dangerous
2472,Grave Robbers From Outer Space
268665,Suzume-Jong
160919,Crisis Averted
88859,Guesstimates
158268,Karma
169226,Formula Freeway
179367,"Find It, Say It For Children"
179366,"Find It, Say It"
210112,Battle of France Junior
173454,Formula 1
194952,Mauseschlau & Bärenstark: Meeresabenteuer
112268,Carnaval Festival
36295,Klar Zum Gefecht
175836,Bibelbingo & Bibelmemory
184072,Flying Saucers Junior
177117,Escape Plan 9
214195,Kendo Duel
202329,ACTOP: Ancient Construct Tower of Philosopher
6300,Panic High School
215482,Road Hog: Rule the Road
323099,Chill Pill
56479,Abriss
203665,Senatus
5418,Victory By Any Means: Campaign Guide
75782,The Phantom League
267397,Fired Up
352602,Squabblin Goblins
135429,U.S. President
43471,1-48Combat
218615,Tropico
41107,Onexeno
248584,Pantone: The Game
237029,War on the High Seas (2nd Edition)
181670,Wolf & Hound
233625,Eskimo Fishes
4974,"Wellington's Victory: Battle of Waterloo Game – June 18th, 1815"
147975,Trix
142205,Ronin: Skirmish Wargames in the Age of the Samurai
15549,Roulette
40937,Taxi
161209,Game Over
352443,Lingering Hues
298490,Skirmish Ragers: Skirmish Wargames Rules for the Zombie Apocalypse
336290,Skull Fiesta
266732,Hexdominup
266734,Hexdominimum
143436,Mystique Energy
266733,Hexdominomega
266725,Toutilix Access
337430,Fire Team Vietnam 2: Platoon Command
155481,Predoni dei mari
158248,Town of Enchanted Mist
27389,Smart Ass
170973,Appalachian Trail Game: Backpacking Edition
92876,Jurassik
124413,Iron Lady's Fleet: The Falklands War
26928,Fortaleses
140629,Chuhan War
95710,Bop It!
129735,Boom Boom Balloon
3992,Advanced Tobruk
179931,Flying Saucers
191560,Union
192260,Universe
34827,Isle at War
41076,Panzer Grenadier: Kokoda Trail
40455,Skirmish Wars: Advance Tactics
99258,Skirmish Wars: Blitz
129378,Firestorm Invasion: Planetfall
271039,Gwiezdny wyścig
159383,N30N City RUMBLE
7278,Against All Odds
3297,Grabsch
150965,Quiz Chef
182238,Joe Connaissant
140866,The Task of Ezrok
115793,The Big Bang Theory: Fact or Fiction Game
186569,Bezzerwizzer Musik
23323,Multinational
11448,Autumn Mist: The Battle of the Bulge
303322,Chroni: L'Histoire de France
187360,Neo-Hunt 2
42892,The Isle of Doctor Necreaux
35684,Pulp City
240001,What's up? Junior
177210,Eight Epics
186688,Neo-Hunt 3
187361,Neo-Hunt
218512,Platoon Commander: Poland Strikes
134615,Zogar's Gaze
92644,Schnappt Hubi!
173149,Sky Scrapers
90870,Pelican Cove
207961,Ogoola Karuta: 1-100 English Complete
243220,Sainome Colosseum R
249863,The Marching Cats
275984,What Are The Odds? Family Edition
254923,That's Not Lemonade
202732,Raise Your Goblets
258347,Global War 1936-1945 (Third Edition)
113337,Global War 1939
24234,The Name Game: The Celebrity Guessing Game
51865,Ill Met in Flanders: Fleurus 1622
68039,"Sword of Fire: the Battle of Lutter, 27th August 1626"
46420,White Mountain
31988,1st Newbury
29913,Edgehill: Dawning of the Revolution
40897,Marston Moor
29809,Naseby: The End of a Reign
130907,Jungle Brunch
98255,Bermuda Crisis: Discovery Dawning
299710,Sound the Charge!
144412,Power Play: Schemes & Skulduggery
268005,Westbrooke: Out Last – Deluxe Edition
2164,Square Off
135851,Connect the Thoughts
338965,ベストフレンドShiitake. (BestFriendShiitake.)
253438,Kust Ma Seda Kuulsin? 2
123991,Taggle
118080,Der kleine Drache Kokosnuss und das Geheimnis der Mumie
233071,The Spooks Journey Game II: The Killer Sequel
220248,Grimdark Future
14117,Soldier Raj
184083,Take Out the Trash
21613,Diabolo
219594,Paris 1800' (Second Edition)
262160,Mr. Cabbagehead is Away and Neddance Saves the Day
263700,"Ironsides: First Newbury, Second Newbury, Preston and Worcester"
264685,Grimdark Future: Firefight
220249,Age of Fantasy
264748,Age of Fantasy: Skirmish
18163,Balancing Moon
209562,Pipe Work Duo
177843,Mix It
184269,The Universe
314082,A Murder Most Fowl: Bloody Plumage
178402,Pour It To 'Em Boys: Fast Play Civil War Rules
299912,Enterprize
8652,The Haunted Clock Tower
153002,Koboldbande
66852,Neuron
198822,Iron & Brass: Duel
215755,Iron Infantry
193524,The Olive Tree Reformation
193523,The Olive Tree
51424,BlitzKrieg (2ème Edition)
180850,Queen of the Hill
220333,Metal Dawn
271268,Admirals' War: World War II at Sea
220852,Emblems: NHL
170047,Iron League
250590,Quirkies
19285,Snake Oil
143487,In Her Majesty's Name: Steampunk Skirmish Wargaming Rules
179736,Mauseschlau & Bärenstark: Abenteuer unter Wasser
11997,*Star
307530,The Last Stand: Operation Berlin 1945
142534,Control Tower
251535,Invocación Fronteras
206500,Fantasy Stables: Junior Edition
35143,Olympic Challenge: The Boardgame
248362,Ancient World Multi Game System
203430,Fuji Flush
211882,Beyond the Gates of Antares: The Dice Game
213520,Lego Nexo Knights Trading Card Game
249047,The Abandons
332492,SSTR: Tabletop Miniature Skirmish Game
162428,Time Wars: Supreme Command Premiere Core Set – Humanity
124846,Tetteretet
341563,Frogger: The Board Game
176435,Thrash'n Roll
130079,MythWars: Clash of the Gods
229224,Stratego Quickplay
92125,Battle for Moscow Expansion Kit
14707,Truth or Dare?
181694,Cha dango
155081,POOP: The Game
79413,Wer war's?: Mitbringspiel
3753,Estanciero
255875,Détective Mathéo
34104,Matanga!
187782,マタンガ！キッズ＆エキスパート (Matanga! Kids & Experts)
268251,Praise
7709,Hands Down
64875,Yahtzee Hands Down Card Game
24336,Empire
166328,Family Bingo
249817,The Bark Side
193382,Iron & Brass
143146,Pick Smarter
148632,Draw Blood
568,Rage
26859,Kragmortha
244323,Esport Manager
1855,Hedbanz for Adults!
201383,Mystery Solitaire
11277,War Plan: Crimson
5312,Family Feud
239449,Lion of Malaya: The Defense and Fall of Singapore
7114,Second World War at Sea: SOPAC
5635,Second World War at Sea: Bomb Alley
116473,Countries
201281,Apocalypse: The Game of Nuclear Devastation
2574,Classic Warlord
81588,OMEGA
200326,Superhero Solitaire
6474,L-Game
165753,Platoon Leader
223950,Fantasy Defense
228943,Barbaria
220478,BARPIG
180030,Ancient Construct
274230,Corsairs of Valeria
283000,Canine Chaos: Celebrity Edition
342258,Noah Planet
252962,Sports Dice: Football
180416,100 A.D.
133519,Survival Horror Tabletop Game
233932,Mountaineers
7889,Untrivia
326572,This That & Everything: Merry X-Mas Edition
321475,SideLinks
97312,Nova's Ark
66986,MERCS
40803,Bussaco 20
317314,Twin Princes: Reborn Edition
205500,Tobi-Sugoroku
205497,Joudo-Sugoroku
256838,Nessos
276209,Coal & Guns!: Tactical level naval rules for the pre-dreadnought era
14324,Aeronef: Victorian Science Fiction Flyer Combat Rules
322560,Maeshowe: an Orkney Saga
173752,The Cookie
267565,Brain Fart
286280,At Villers Cottérêts: Mons 1914
109801,Sticky Stickz
207728,Optimo+
195182,Fantasy Stables: Regular Edition
302418,Battles Before Time: Knucklebones (Dice) Edition – A Prehistoric Fantasy Miniatures Game
91545,Hot Wheels Speed Rallye
206857,Are You the Cultist? Party Edition
206856,Are You the Cultist? Intrigue Edition
352629,When Gods Collide
224128,Highest Bidder: Art Auction
174953,Todos contra a Dengue!
172733,Werewolf House
284585,World of Draghan: Once Upon a Dragon
289086,Missing Persons
141876,The New U.S. Merchant Marine and International Salesman
206365,Optimo!
166309,MasterChef
187675,Ogoola Karuta: 50 English Classics
232360,Voyagers' Venture
212694,Cooks of Cthulhu
287738,Flipcard
5455,Tobruk:  Tank Battles in North Africa 1942
344525,Morlox
234473,Coral Reef
324862,Etsi ja löydä: Safariseikkailu
267902,Ortho 4x4
72847,The Dream to End All Dreams: World Cup Soccer
236178,Mini DiverCity
288473,Thud & Blunder: Fantasy Skirmish Wargaming Rules
235938,Intrigues of Asgard
192207,Pipe Work
209599,QB8 Words
209597,QB8
343904,Backyard Birds: Wetlands
5958,"NATO, Nukes & Nazis"
193136,Make 'n' Break Architect
170423,Comment j'ai adopté un gnou
218166,Panzer Strike: France 1944 – Pocket
270238,Panzer Strike: Western Front 1
210113,Tank Chess
152096,The Bitcoin Harvest
352572,Wine Rating Pocket
12385,Bladestorm
319713,Sucesos Argentinos: Volumen 1 – Gobiernos y Conflictos
319715,Sucesos Argentinos: Volumen 2 – Economía y Sociedad
319716,Sucesos Argentinos: Volumen 3 – Ciencia y Cultura
347403,Sucesos Argentinos: Volumen 4 – Cambalache
102544,Ihmevekotin
212565,Say Cheese Cafe
212563,Say Cheese
208165,Ricochet Postcard
238701,Giftmas at Dungeon Abbey
19968,Kampfgruppe Commander II
60369,Inquizitor
144956,"Blitzkrieg! Attack on the West, 1940"
144829,France 1914
5541,Barbarossa: The Russo-German War 1941-45
36911,"Barbarossa: The Russo-German War, 1941-45"
195496,Lego Ninjago Trading Card Game: Master of Spinjitzu
134357,Battle of Oshi-jou
347437,Evil In The North
179978,Kendo Taikai
248726,Soul Puzzler: Turbo Edition
103195,Charioteer: Racing at the Famous Circus Maximus
255552,HashTagIt!: Family Edition
103670,Dust Warfare: Core Rulebook
236305,Combo Fighter
261982,Combo Fighter: VS Pack 1
261984,Combo Fighter: VS pack 2
261985,Combo Fighter: VS pack 3
3730,Statis Pro Baseball
276161,MOON
36423,The Fisherman's Knot Tying Game
21859,Figaro
8903,Zama: Hannibal versus Scipio
258627,Stalin's World War III
4815,The Campaign for North Africa: The Desert War 1940-43
3662,BattleFleet Mars: Space Combat in the 21st Century
191910,Chicken Wings
91430,None of a Kind
88881,Zoo Yatzy
7625,Tomorrow the World
219987,ColourCards
293703,Milites Mundi: Ancient and Medieval Wargames Rules for Smaller Scale Figures
319347,Swordpoint: Ancient and Medieval Wargames Rules – Second Edition
187431,Poland Strikes!
28148,Lust auf Ometepe
176852,Dragon
191285,Less: Like Chess but Less!
284326,Italian-Ottoman War 1911-1912
177975,Smic Smac
235534,Pummeleinhorn: Der Kekfe Marathon
34438,Hund und ...?
247760,かくされた部屋 (Hidden Rooms)
191943,Paris 1800
218262,KaleidoCards
286487,Eid
192139,One Page Fantasy
193796,Agents & Operatives
264780,Quick Link
194293,Emblems
40131,Sportmagazin
65588,Stucco
166210,Blend Off!
177245,Cosmic Kaboom
69785,Good Help
166658,Bakerspeed
163081,Galaxy of Trian
10687,Tipsy Tower
37712,Blak Dragon
33406,Who Am I?
42482,Chain Reaction 3.0: Swordplay
130997,Flames of War: Open Fire!
157573,Ukrainian Crisis
240958,Sightseer: Holiday Island
141938,Isle of Domination
25097,Die Maus: Mausefalle
247649,Starport Scum: Space Adventure on the Wrong Side of Hyperspace
4896,Bulls and Bears
247839,Primar
164378,Jaque!
207159,Highest Bidder
112557,Guild
205072,Disney Eye Found It!: Hidden Picture Card Game
2734,Hossa!
226485,Zuirius
272172,Discovery: The Evolution Game – Prehistory
279418,Blitzkrieg Commander: 4th Edition
19145,Disposable Heroes and Coffin For Seven Brothers: Infantry and Vehicle Small Unit Skirmish Wargaming in WWII
276922,Dark Ages: II Edition – Britannia & France
355946,Auf der Hut
292136,David and Khanjar: Yom Kippur War in 1973
28446,At Close Quarters
143744,Magic and Fairy-Tale Dice
14036,Jok-R-ummy
249536,Pawn Command 2
284446,Wonder Tales
226423,Kickin' Your Ass!: The Drunk Edition
226194,Kickin' Your Ass!
224802,Krona
248134,Focus
7688,Memory
9278,HumAliens
298583,Alien Express
131024,Kensei
152245,Cards vs Dice: Strategically Lucky
3990,Fact or Crap
229996,Roll 4 Gold
29402,Grandmama's Improved Game of Useful Knowledge
10753,Ações Exame
257667,Tag City
271301,Kyoto Dangan
326762,Gravelotte 1870
233973,Huns
253734,Executive Order
227546,RollOut Game
12023,Omaha:  The Battle for the Beach
230120,Wizard Chess
230119,Warlord Chess
349947,"A game about quickly grabbing creatures that are totally different, and watching out for turnips."
354983,Last Full Measure: The Battle of Gettysburg (Second Edition)
230818,War Games Rules 1000 BC to 1000 AD
230816,War Games Rules 1000 BC to 500 AD
244891,SPAT
9398,War Games Rules  3000 BC to 1485 AD
142677,American Revolution 20??-The Rebirth of America
270661,Profile in Courage: PT-109
178327,Shadows in the Weald
183831,DEER LORD!
94493,Zaibatsu
231657,First Dates: The Game
231655,Can of Squirms
94821,ATS TT: Drop Zone Normandy
214899,Watch Ya' Mouth
33604,Say Anything
301687,Quartieri
301199,Azzelij (Second Edition)
208105,Priate Theory
144229,Exploring Azores
13015,Der Rattenfänger von Hameln
644,Shipwrecked
28219,Konarmiya Year of the Red Tide
152313,The Bible Game
175510,Soulfall
122691,Magnum Opus
191249,The Spooks Journey Game
254614,HurriCount Mathitude
233393,Lost Gemma
233104,Lost Gemma W
181205,Kegonsa
173782,Linkeballen
24961,"What's the Time, Mr Wolf?"
30691,Mondrian
1439,Penguin Pile-Up
60210,Korruptivity
161726,Sword & Spear: Wargames Rules for Ancient and Medieval Battles
28989,Garçon
27904,Wikinger an Bord
261248,One Session Gettysburg
166509,Pinocchio: True or False
258126,"Tremble, Humans! Card Game"
209362,Exlibrium
191065,Castle Flutterstone
10742,Foxy
324471,Czółko: Junior
327842,Ничего человеческого Мини
137958,Wild West Exodus
357463,Wild West Exodus: Showdown at Retribution
181142,War on the High Seas
146925,Gunslingers Card Game
300420,Batman Miniature Game (Third Edition)
137141,Batman Miniature Game
263153,Master Sweets: Second Edition
151251,Castle Crush!
264201,Immortal Paths
178038,Think It Up!
258210,Blitzkrieg!: World War Two in 20 Minutes
16327,Blitzkrieg to Moscow
357138,Dark Hand
333234,Tanks β
116228,Tanks
326543,Moods of the Mad King
34977,Caldiero 1796
283850,Orconomics (Second Edition)
238343,Economicus
238342,Orconomics
212762,Giftmas with the Grimms
262974,...and then we died.
289957,Lost Lights
26033,Maratón Clásico
110590,Flying Cheese
200521,Lion of Malaya
1754,Kiek
187091,What's Up?
261592,Going Further: Multiplayer edition
255039,RenFest!
223557,CON521: The Game Convention Game
42206,7 Ate 9
85800,Octopus' Garden
265023,CardsLab Countries (Third Edition)
256478,Flotsam Fight
8707,"Jacob Marley, Esq."
205458,Fierce fight! Kiev Blitzkrieg
151441,Fierce fight! Leningrad Blitzkrieg
169396,Fierce fight! Smolensk Blitzkrieg
242212,5-Minute Hydra Slayer
242146,5-Minute Dragon Slayer
299239,Fighting Brothers: American Civil War Rules
242346,Caduta Libera Junior
242345,Caduta Libera
318347,Ant Trails
36818,Pickett's Charge: Day Three of Gettysburg
19277,Tschu-Tschu
183305,Science Ninjas: Valence
5591,Clue Jr.: The Case of the Hidden Toys
9852,Clue Jr.: The Case of the Missing Cake
76101,Clue Jr.: The Case of the Missing Glasses
310195,Black-Pot
22939,Marvel Heroes Jogo
336026,Vertellis Family Edition: Parents & Kids
246797,Vertellis: Relationship Edition
11017,Crazy Eights
187718,Sainome Colosseum
11815,Tactics: The Military Game
102,Klunker
200002,Fejm
3181,Farkle
230848,SPET
168111,Ardor
260704,TonTon
235019,Reilu Kimble
172303,Take care of Polar Bears
310896,Lightning & Bolt
10014,Norway 1940: The Kriegsmarine Strikes
246039,Scrollhammer 2nd Edition
246038,Scrollhammer
37363,Take five
4218,O Zoo le Mio
207242,Pentaquark
349593,Santander '37
242992,Vertellis
132574,Ultimate Soldier
97332,Malifaux Rules Manual
309827,Glass Bead
1197,Blink
189359,Second World War at Sea: South American Navies
151357,SEVEN
330953,Pummelomis Knusperkekse
155153,Hedbanz Charades
223871,Dungeon Scum
305800,Frumentaria
219360,Kidnap Machine
66586,Batalj
142963,Cache Me If You Can!: The Geocaching Board Game
226596,FocusX
63743,The World Cup Card Game 2010
195274,Ancient Conflict Treasure Chest
154838,Journey to the Overland
1730,Trap the Cap
144150,Four Tribes
214667,Soul Puzzler
295785,Euthia: Torment of Resurrection
13639,The Saxon Shore is Burning
16450,Epées de France
43480,Epées Normandes
23857,Epées Royales
226082,Pawn Command
37196,Sorry! Sliders
187727,The Waltzing Cat
181265,BrilliAnts
219661,Crop Rotation
308694,Blood in Space: 2nd Edition
194412,Spirot
169755,Woof Meow Biscuits
9476,L'Armee' du Nord: the Belgian Campaign
144036,Diamonsters
226529,Bitten: A Game of Survival
222741,DIG
251472,Civitates Bellantes: Rules for Ancient Wargames in the Classical Era
253515,Legio VI Constantiniani
253516,Legio VI Diadochi
251474,Legio VI Julia Augusta
253514,Legio VI Macedonica
251500,Shieldwall
253674,The Tree of Battles: European Warfare AD1300-1500 Wargame Rules
251471,Comitatus: Warfare in the Dark Ages AD250-1100
301617,Close Fire & European Order: 16th C
301615,Close Fire & European Order: XVII – The Field of Battle - 1600-1700
301618,Malbrook s'en va-t-en Guerre: Wargaming Rules for Large Battles 1700-1715
195012,Invocation Frontiers
333523,KamiMaï
7014,"Lebensraum: The Campaign in the East, 1941-1945"
7023,West Front: The Campaign in Europe 1943-1945
281023,Mosaic
216856,Demon Worker
252139,2d6 Sci-Fi Combat
252138,2d6 Sword & Sorcery
7954,Confederate Rails
36905,Eesti mälumäng
354045,Sparrow: A Game of Triumphs
12940,War Against White Comet
8031,Citadel Combat Cards
69069,Flipit Paper Combat
349788,Knock Knock Jr.
341143,Fistful of Lead: Horse & Musket – 2nd Edition
37352,Fistful of Lead
94343,"6 Days of War: The Arab-Israeli Conflict, 1967"
327156,Combat HQ: 2nd Edition
143983,Stab A Panda
169926,To the Strongest!
56171,PlusMinus
239847,HeroTec
190604,Kust Ma Seda Kuulsin?
335637,Mist Fleet
146963,Let Them Eat Shrimp!
200729,Game of Blame
39564,ego
229702,Trump Card
355921,Serial Killer Second Edition
358637,Star Flix
27852,Taifa
332813,Drop Racer Battles
311542,Football Fortunes
254344,Die Nacht der Wehrmacht 2: The Conqueror of the Orient 1937
254343,Die Nacht der Wehrmacht 1935
72778,Captain Kangaroo's Numbers Game
307462,The Gallant Few
233081,HurriCount
143050,Battle over Britain
100216,Battle of the River Plate
17621,Masada
170118,Combat Leader: East Front '41
303441,Five Klicks From the Zone: Chapter 1 – Post collapse skirmish campaigns
337864,Five Parsecs From Home: Solo Adventure Wargaming
313106,Five Parsecs: Salvage Crew
216630,Traveller Customizable Card Game: Two Player Starter Set
305949,AstroNavigators
215497,HashTagIt
15505,The Last Straw
255768,Dungeon Furry
255767,Nonstop Dungeon
28508,Loaded Questions: Adult Version
2838,Loaded Questions
197997,Détective Mathéo (Second Edition)
258941,Patrol: A Coloring Card Game – Power Patrol
22289,Geni!
327402,DreamQuest
173302,News@11
357198,As Long As The Grass Grows
38404,Football Resurrection
127113,GourmetSmarts
338750,Secret Squad
338070,Five Leagues From The Borderlands: 2nd Edition
165414,Dudab
148215,Sárkánytojás
333442,Victory Line
248157,Deadpool vs The World
264679,Oscar Bait
688,Manchu: The Taiping Rebellion – 1852-1868
235905,"Tremble, Humans!"
73004,The Game of Christmas Cheer
285204,My Hero Academia Collectible Card Game
299024,9 Figure
113898,Blackwater Gulch
217143,Stalin's Final War: What if the Soviet Union Attacked in 1953?
161413,Trivio 3000 la fuerza del saber
133661,Trivio 6000
160762,Oni
256058,Patrol: A Coloring Card Game
241083,City Explorer: Kyoto
29262,La Bataille de Deutsch-Wagram
10437,Rally 'Round the Flag
313141,Arena Deathmatch 4th edition
40540,Arena DeathMatch
353921,Legends of Hellas
17053,Sleeping Queens
144223,Blocky Mountains
205475,Tark Laps Taskus
159865,Tark Mees Taskus
179457,Tark Mees Taskus 2
256510,Tark Naine Taskus
235523,Meade's Turn: The Mine Run Campaign and Gettysburg
285250,Pencilvillage
85899,Sphactérie (425 av. J.-C.)
163613,A Peloponnesian War
63682,Yengo
240651,Going Further
195073,Das verdrehte Labyrinth
192043,A Wanderer in the Forest of Wyr
169927,精霊回路ドライヴ (Seirei Kairo Drive)
451,Beutelschneider
7314,Mystery Date
165041,Cargotrain
183626,Internal Affairs
3053,Bonaparte in Italy
357118,Best Candy on the Block: Rewrapped
238933,Confabula Rasa
237569,MasterSweets
70222,7TV
349373,Wars of the Republic: Ancient Roman Wargaming 343–50 BC
313964,Drinking Quest: Old Habits
265813,Prime Number Lv.0
18664,Victory: The Blocks of War – Elite Blocksets
87,Victory: World War II
192069,Ironsides Preston 1648 Worcester 1651
107549,Crocodile
141991,Yorsh
10105,Dirty Words
307421,Emporous: Roll & Sail
345586,迷宮推理 (Labyrinthine Mystery)
237925,Line: The Skateboard Game
36648,Pyramid of Pengqueen
211810,Sweets Stack
276477,Cyber Siege
258109,Thieves Market
192138,One Page Kill Team
324806,Borel Dice Edition
192140,One Page Skirmish
220705,Akin
339937,Battle for the Carolinas Dice
293549,The In-famous Gulch War of Gutterman's Gulch
323716,Stalemate!
241146,Cardslab: Countries
131362,Catan Geographies: Mallorca
132481,Catan: New York
265073,Rushmore Sports Edition
265072,Rushmore Original
168211,L-Tiles
16723,Crystal Maze
288893,နှစ်သစ်ပုဂံခရီးစဉ် (Bagan Journey: New Year)
166081,Bucket of Doom
263390,素数大富豪 (Prime Daifugo)
159401,Trivial Pursuit: Junior II
208808,Cinco Linko
340813,Heckin Hounds
182333,Toutilix
182232,Dominup
182298,Dominomega
326018,Puppy Park: Secret Mission
130004,Think Again!
126404,Area 1851
236931,Battle Hymn Vol. 1: Gettysburg and Pea Ridge
58124,TRITT
206063,Qubosity: Name It & Claim It
34390,Bakugan Battle Brawlers
208752,Match 3+
302085,Paper Pinball: Season 2
102755,BGCon Fusão
190292,Westbrooke: Out Last
198481,Homero
262547,Don't Get Got!
4192,Warhammer: The Mass Combat Fantasy Roleplaying Game (1st Edition)
12826,Tumblin' Monkeys
300019,Grendha: Origins
124954,Color Addict
4035,Man Bites Dog
272397,Paths of Peril: A Mysterious Island Card Game
35416,Panzer Grenadier: March on Leningrad
35415,Panzer Grenadier: Siege of Leningrad
18963,En Garde!
256957,Monkey Temple
57139,Infection Express
131485,The European Countries
33295,Car Race
318079,Misión Marte
238102,Jokes de Papa
82298,"Easter Week, Dublin 1916 1922"
325333,Catan: First Adventure
97683,South African Railroads
320241,Electric Orchard
312322,Penny Dreadfun Second Edition: The Great London Adventure
170855,Exodus: Edge of Extinction
211963,Exodus: Event Horizon
122842,Exodus: Proxima Centauri
11024,"Lass nichts fallen, Kleiner Rabe"
178414,Battle Axe
45703,Twilight of the Sun King: Birth of the Age of Reason Wargame Rules for the Period 1680-1721
231285,PT 109
67917,Colonialism
352055,CoderMarz
12691,Warmaster Chess 2000
3745,Bioviva
318935,5150 Back Alley Bright Lights
184752,J'ai mon voyage
84866,TAMGA
5994,Tsushima
8989,Hansa
228662,Tokyo Dangan
313951,Kurrüf
117555,CLACK!
140053,X-Plus
251228,Radetzky's March: The Hundred Hours Campaign
25475,Whoopies
315913,Age Of Hunting Deluxe Edition
224805,Discovery: The Evolution Game – Prehistory
269100,Mysterious Island
267989,Tempus Imperium
289585,Defender of the Order
290773,Esquire
290031,Shadow Master
289759,Warrior of the Wastes
265489,Gettysburg
26447,Clash of Monarchs
142398,Cthulhu: The Great Old One
145795,Smooth & Rifled
278901,OverBattle: Rise of Kings
17507,Flags World Tour
2016,The Gothic Game
286290,4XL
117558,Escape: Fighting for Freedom
237745,Rifles in the Ardennes
334289,Histórias de Pescador (Edição Mini)
334691,Judgement: Eternal Champions
36638,One Year War
3408,This Accursed Civil War
279783,Bidders!
187741,What Are The Odds?
193272,Bücherwurm
150882,Hemlock
264671,All About Cubes
2818,UNO Attack!
351369,Castle of Mind for Kids
276757,Face Another Foe: Wargaming the Lace Wars
276756,Mad Dogs & Englishmen: Colonial Wargaming in Times When the Sun Never Set
118536,Police Precinct
225083,Dark Ages Britannia
335757,Wilderness Dice: Bring Your Own Dice
303734,Golems
277114,Warlord: Advance Guard – Fast Action Wargames Rules for Battles Set in the Period 3000BC - 1100AD
277113,"Warlord II: 1000AD to 1765AD – Fast Action Wargames Rules for Medieval, Renaissance, Pike & Shot and 18th Century Warfare"
277112,Warlord: Ancients & Dark Ages Warfare – Fast Action Wargames Rules for Battles Set in the Period 3000BC - 1100AD
26676,Wilderness Wars
237171,Last One Standing: The Battle Royale Board Game
300073,The G.A.S.L.I.G.H.T. Compendium: Quick Start Rules
303281,Sblocca la porta pocket
70519,Cruel Necessity: The English Civil Wars 1640-1653
273755,OverBattle: The All War
49397,Battleground Fantasy Warfare: Men of Hawkshold
164147,Rayguns and Rocketships
15815,FAST Boxing
40275,Merchant Princes
23604,The World Cup Game
319099,Hegemonia Senki
224832,Blitzkrieg Commander: Fast Play Tabletop Wargame Rules for WWII – 3rd Edition
312590,Dad Joke Face-Off 2nd Ed
312589,Dad Joke Face-Off After Dark
209383,Savage Planet: The Fate of Fantos
275978,Reputation
41916,The Magic Labyrinth
202513,BattleGoats
587,Sumera
103814,Streams
170374,Phantom Detectives
298618,Hatairo
329537,Mosaic Mini
329536,Mosaic Quo
252063,Laplace
24706,Where is Moldova?
209741,Avignon: Pilgrimage
316493,Fistful of Lead: Starfighters!
306141,斯くして我は独裁者に成れり－幕末－ (Kakushite ware ha dokusaisha ni nareri -Bakumatsu-)
198634,Möbi
14010,Nonsense Classic
337677,Antiquity of Mars
297702,Fury at Midway
119342,FNG: Second Tour
294531,A Dance of Spiders
356039,Volto
168449,Fallen Frontiers
238550,Necromunda: Underhive – Gang War
247429,Necromunda: Underhive – Gang War II
254128,Necromunda: Underhive – Gang War III
258181,Necromunda: Underhive – Gang War IV
21658,Quad-S
147021,Hollywood
317312,Kombo Klash!
7785,Flying Tigers
196379,Shit Happens
338545,SPQR: Revised edition – Warband Skirmishes in the Ancient World
219807,Test of Honour: The Samurai Miniatures Game
146351,C'est la Guerre: Fast Play Wargame for the Age of Muskets
202852,Canine Chaos
257324,The Lord of the Rings: Quest to Mount Doom
284577,Baby Dragon Bedtime
265286,War of the Three Kingdoms
142401,Dwarven Miner
189520,Politisk ukorrekt
359479,Wig Masters micro
218684,Windhoek
153830,Tic Talk
299222,Chevauchee: A Medieval Skirmish Wargame
291953,Five Men at Kursk WW2 Skirmish Warfare
283336,Baby Dragon Bedtime 2nd Edition
9334,Ancient Warfare
356633,Oganika: KIDS
325068,トレンド・ザ・ブランチ (Trend: The Branch)
128958,Cheesed off!
57215,Googly Eyes
174731,SM79 Damned Hunchback
11844,Varsity: The Scientific Football Game
177292,桜 (Sakura)
258301,Universal Fighting System
10946,The American Civil War
153423,Syrtis
188465,Otrio
326358,Cryptid Cafe
35023,The Origin of Expressions
2970,Squatter
26822,World Safari
301587,Gogo CHALLENGE: Round 02
164022,On to Paris 1870-1871: The Franco-Prussian War
168678,Guerres Indiennes Volume I: Custer
260156,Ocean Crisis
206106,At Villers Cottérêts
274581,4XS
225481,Lowdown
112532,Feed the ducks
100049,Hoppin' Poppin' Spaceballs
16085,Legends of Wrestling
170274,Never Have I Ever: The Game of Poor Life Decisions
220237,Asymmetry
29576,Der kleine Eisbär und die Schnee-Iglus
120135,Reise durch Nord- und Mitteldeutschland
267030,The Singaporean Dream
167951,Franky Reloaded
5107,Pyramid: Home Game
84913,Caminos
255293,One Night Ultimate Super Villains
9091,The Newlywed Game
11228,Beach Maze
295373,"Say What You See, Music Edition"
110987,Hamsterdam
21569,Adigma
235616,Valhal
233070,Aikamatka: Suomi
34297,The Climbers
288022,Raid on Taihoku: Keelung Expansion – Conflagration
237834,Rattaneer
240744,Fire in the Library
135019,Formula E
8700,Empire (Third Edition)
318661,Carbon City Zero: World Edition
220406,Oh Sh*t!
209310,Blood Eagle: Skirmish Wargaming in the Legendary Dark Ages
162022,6 nimmt! Schnupperspiel
27536,Der kleine Sprechdachs
242705,Aeon Trespass: Odyssey
67430,Feeling & Touching
265382,Bagan Journey
2068,Der Herr der Wichtel
206068,Xenofera
207500,Great Comics Adventure
289470,Federation Planetary Force
272853,Federation Stellar Force
220558,Ancient Civilizations of the Inner Sea
239029,Cube War
126678,BrainBox: Travel
290551,Movie Clichés: Complete Edition
290549,Movie Clichés: Action Edition
290550,Movie Clichés: Horror Edition
68820,Enemy Action: Ardennes
319097,Gunshi: The Art of Strategy
144181,Axis Empires Expansion Kit
32990,Axis Empires: Dai Senso!
3157,All-Star Baseball
57994,I Am: Sport Edition
7227,Plunder: The Great Cayman Treasure Quest
284488,FiveCore: Skirmish Gaming Evolved 3rd Edition – 20th Century. Modern and Futuristic Skirmish Campaigns
281515,Company of Heroes
225239,Lion of Sinai
328830,Zulu Skirmish
235451,GROWL
4628,Ice Cube
23049,Hedbanz for Kids
309501,Imperial Bayonets: We Were Not Cowards – Sedan 1870
1029,Lieber bairisch sterben
23407,18SX
2922,Chairs
142829,Flick Wars
297557,Corps Command: Warfare in the Age of Napoleon – Divisional Level Rules: 3rd Edition
17308,Yukimura Gaiden
265009,Battle for the Carolinas
218383,Swordpoint: Ancient and Medieval Wargames Rules
7060,NORAD
323849,Fantastic Battles
296623,Wortblitz Kartenspiel
17181,Stad - Land - Rivier
294463,Trench Club
6003,Donau Front
7109,Fifth Corps: The Soviet Breakthrough at Fulda
8722,BAOR
8720,North German Plain
281519,Rect
349202,Steel Colosseum
294771,Warmachine: Two-Player Battle Box
322624,Fellowships of Fate
294592,WARMACHINE Mk III Two Player Battle Box (Second Edition)
39532,Génies en herbe
169231,Caccia a Tito Drvar 1944
324467,Hey Yo
287073,Say What You See!
2452,Jenga
355433,boop.
316352,Gekitai²
150998,The Tarot of Loka
305488,ZENタイル ベーシック (Zen Tiles Basic)
315639,カッパたん (Kappa tan)
38624,Rupert's Very Bad Day: Battle of Marston Moor (1644 AD)
161770,Deutschland: Das Kartenspiel
310766,Kettle Hill
313876,The Landing: Gallipoli 1915
16780,Way of the Warrior
62626,Gelini Nightlife
4143,Guess Who?
187806,TimeBomb II
338969,ナンテッタ (Nantetta)
107979,Manga Party
8798,Winter War: The Russo-Finnish Conflict
358997,Wortblitz Junior Kartenspiel
296625,Wortblitz Kartenspiel: Free Demo version
296807,La Grande Armée: Furia Francese
296725,Au Nom de la Loi
296724,En Garde !
70114,The Tarot of the Black Cat
303501,Au Son du Clairon
303497,Marie-Louise
220199,Snappy Dressers
242742,Keys to the Castle
18154,The Old West 1816-1900
199413,Poor Bloody Infantry: Somme – Campaign Expansion
30080,Advanced Salvo! 1939-1941
293260,Corps Command IV: Warfare in the Age of Napoleon
39047,NavTac 1914
347733,Stingbad!: Mass Skirmish Fantasy Wargame Rules
67934,Tsushima: Naval Wargame Rules For Pre-Dreadnought Actions 1880 - 1906
5878,Loteria
8264,Yellow Submarine
112102,Pantolino
283849,The Only Word: the Party Word Game
297835,Panzer Kids Deluxe: Easy Wargame Rules for Quick Tank Battles with Optional Rules & Source Material
297834,Panzer Kids Basic: Easy Wargame Rules for Quick Tank Battles
17220,Pirates!  Miniature Battles on the High Seas
21780,On to Richmond American Civil War Miniature Rules
26370,Who Is The Biggest Pervert?
7349,The Korean War June 1950-May 1951
207062,Dungeons & Dragons: Rock Paper Wizard
25568,Metropolys
18314,Day of Battle: Historical Miniatures Rules
12346,Spooky Stairs
341973,Battle of Legends: Rome vs Macedon
174768,The Writer: Lovecraft Playing Cards
182229,Skirmish Outbreak
227086,Speed Clay Maker
25421,Action Stations! (Third Edition)
313023,Patata Burgesa
258314,Go Figure
299436,Fear God & Dread Nought 2nd Edition: Jumpstart – An Introduction to ATG's WWI Tactical Naval Game
6540,Fear God and Dread Nought
163152,Fields of Fire:  Miniatures Rules for Modern Combat
18477,Battle: Practical Wargaming
147141,COMBAT: WWII
105355,March Attack: Napoleonic Wargame Rules
38204,How to Host a Dungeon
308355,Chrome Hammer: A Cyberpunk Skirmish Game
299224,Trench Hammer: A Mini Miniatures Game for WW1
299223,Squad Hammer: Dirt simple war gaming for many settings...or all of them
242263,Best Allies: Rules for Gaming 18th Century Battles
105035,Command Combat: Civil War 1861 – Core Rulebook
171544,Think Str8!
190035,Commit the Garde!
299750,Oiling Raiders: Rules for WWI Naval Fleet and Squadron Actions
299749,Coaling Stations: Rules for Pre Dreadnought Naval Fleet Actions
299787,No Stars in Sight: Hard sci-fi platoon level warfare
299786,No End in Sight: Cold war and contemporary platoon level campaigns
151795,RIF (Resistance is Futile)
343899,Coral
299852,A Sergeant's War: Free Intro Version – Rules for WWII Small Unit Combat
299851,A Sergeant's War: Rules for Wargaming Small Unit Combat in WWII
12202,Battle of the Atlantic
40679,Napoleon's Battles (Third Edition)
192857,Captaincy
136712,"Linus, der kleine Magier"
145428,Jinsei Game
268400,Grendha: Search For Lost Triumphs
11139,"Bloody April: The Battle of Shiloh, 1862"
277974,The G.A.S.L.I.G.H.T. Compendium
192656,Nightmarium
300444,Micro Melee: Modern Warfare – Company Level Rules for 6mm Miniatures
300443,Micro Melee
99408,Omatako
314048,Harpoon V: Jumpstart
25546,Field of Battle
356618,1814: The Norwegian War of Independence
225316,Discovery: The Era of Voyage
298573,航海の時代 王家の書簡 (Kōkai no jidai ōke no shokan)
36598,Impetus
320077,Renegade Scout 2: Bleeding Edge Retro Gaming
185302,Xtronaut: The Game of Solar System Exploration
301128,"Bloody Kingdom: Wargame Rules for the Civil War in England, Ireland, Scotland & Wales"
301131,Father Tilly: Escalade – Skirmish Rules for the Seventeenth Century
301127,Father Tilly: Wargame Rules for the Thirty Years War
232223,Azzelij
331412,Cold War 3! Rules for Modern Warfare 1960-1990: 4th Edition
285991,Gogo CHALLENGE: Round 01
251503,Close Fire & European Order: The Field of Battle – 1700-1720
178900,Codenames
148907,Galaxy Dice
232213,Polar
301829,Get Some!: Future Warfare – Playtest Rules
301779,Get Some!: Fantasy Warfare – Playtest Rules
92181,Kaiju Kaos: The Miniatures Game
102897,Farmageddon
159456,Farmageddon: The Frankencrops Expansion Pack
305107,Patriots & Loyalists & Zombies
25415,Bulldogs Away!! Modern Fast Attack Craft Rules 1950 - 2010
302025,Pandora's Fury!: Post Apocalyptic Table Top Skirmish Rules
302024,F.o.E: Fury of Elyzium – Fantasy Tabletop Miniatures Game
283809,Paper Pinball: Championship Boogerball
283808,Paper Pinball: Chromastodon
295926,Paper Pinball: Goblin Circus
295925,Paper Pinball: Holiday Gauntlet 2019
267988,Paper Pinball: Laser Sisters
271334,Paper Pinball: Sherwood 2146
301215,Paper Pinball: Sorcery School Sleuths
271332,Paper Pinball: Wolf Hackers
121626,DeepWars
304211,Rules for Wargames: World War II – Infantry Combat
206511,Battles Before Time
304207,Air Combat: Rules for Wargames
35569,American Battlelines
302547,The Well of Tarka
302546,Zulu!
148660,Clumsy Thief
303725,Ne Plus Ultra +: Rules for playing Miniature Battles Set in the High Baroque Period
338353,Soda Smugglers
278012,Sblocca la porta
186557,Chronicards: L'histoire à l'école primaire
257357,Five Leagues from the Borderlands
296877,Billy Yank
15827,"Blitzkrieg Commander: Fast-Play Tabletop Wargame Rules for Combined-Arms Operations, 1936-45"
304513,Chef de Char: Campagnes d'Afrique et d'Europe
302684,Ne Plus Ultra
313730,Harsh Shadows
7181,Myths and Legends
316700,TIC TOC
302422,Air Combat 1930-1960
302393,Cambrai to Sinai: Wargame Rules for WWII and all Land Warfare in the Period 1917-1967
265381,DANY
27754,Bloody Barons
37238,Hey You in the Jail!
202026,Hundreds of Horses
177515,SEAL Team Flix
25972,Victory at Sea: World War II Naval Combat Game
303563,Chef de Char: 1944-1945
128973,Close Quarters: The Prometheus Incident
304747,Absolute Dice: Kids
304744,Absolute Dice: Sport
304743,Absolute Dice: Word
304740,Absolute Dice
30845,Run the Guns
220508,Blue Water Navy: The War at Sea
301974,Pike & Shot & Zombies
10310,Warfare in the Age of Reason
35187,Panzer Korps:  Divisional Level Warfare 1936-1945
87856,ShadowSea
295555,ZENタイル ソロ (Zen Tiles Solo)
25806,Les 12000 tours minute: Michel Vaillant
247683,Quaterni Lapilli
255531,LunaTix: Star Trackers
87873,XXXopoly
281144,Kakushite ware ha dokusaisha ni nareri
139374,DTC
323835,Adder: Realtime Chase System
183420,Kung Fu Zoo
217680,Mexican Standoff
330791,Presidents Versus
306529,FinanCity (Second Edition)
306528,FinanCity: Organiza tu dinero
202771,Punderdome: A Card Game for Pun Lovers
7784,Mustangs and Messerschmitts
40544,Beneath the Lily Banners Second Edition: Wargame Rules for 1660 - 1721
126119,Muskets & Tomahawks: Skirmishes in North America during the 18th century
162273,BattleGroup: Modern Wargaming Rules – For Battalion Level Miniature Based Games
257284,Timeline: Classic
336373,La Isla Perdida
289601,Combo Color
263980,Emporous
254411,Jet Ace
194975,The Road To Berlin! Feb-Apr 1945
37719,Battlegroup Panzer Grenadier: World War II Fast Play Rules
25576,"One Bold Move: Battle for Tay Ninh, 1968"
306996,War Zone C: The Summer Offensive 1968
13316,Operation Overlord: Normandy 1944
321018,ASCII Planets
4180,Pizza Wars Imperium
19046,Ruckus
194088,Fast Flip
307962,"Huns in the Sun: A Game of Aerial Combat in World War I, 1915 to 1918"
19719,Contemptible Little Armies: Third Edition – World War I Era: Fast Play Wargame Rules 1910-1928
307955,Day of Eagles: A Game of Aerial Combat in WW2
307993,F.E.B.A.+: Forward Edge of the Battle Area – Skirmish to Company Level Rules for Modern Land Wargaming (1970 to Present Date)
307992,East of Suez: Moderate Level Rules for Modern and Middle Eastern Wargaming (1950 to 1970)
150427,The Next War in Lebanon
65979,Extrem Memo
324340,Карты Правды
167715,Moral Dilemma
308635,"Into Glory Ride: Fast table-top gaming with model soldiers, dice and rules covering the period 1500AD - 1900AD"
308634,"Phalanx: Fast table-top gaming with model soldiers, dice and rules covering the period 3000 BC to 1500 AD"
177123,Anarcade Deck Building Game: Raster Red
250559,Blood in Space
308717,Tabletop Napoleonics
308716,Tabletop WWII
56022,Dice of the Living Dead
108310,Flashing Steel
222951,Mini WWII
292816,Imperial Bayonets: For Liberty & Lombardy – 1859
164346,Korner'D
14018,Biplane Barmy
262731,Magic: The Gathering – Spellslinger Starter Kit
341055,"Iron, Blood, Snow & Mud"
247258,Kuzushi
172662,Seven7s
334599,Violet and the Grumpy Nisse
37168,El Palé
207442,Turbo Drift
242891,X-O
9181,TacForce
123116,Arithmetical Croquet
7562,Monty's D-Day
245825,Lightning & Bolt
236370,Blood Red Skies: Battle of Britain
174584,Orcs Must Die! The Board Game: Order Edition
311404,ババカード (Baba Cards)
311305,っていうか、ババじゃん。 (BABA the Mahjongish)
254196,Brian Clough's Football Fortunes
182228,Hordes of Grimoor
315,Bagh Chal
231045,Speed Colors
157084,War of 1812 Battle Collection
25623,Mmm ... Brains!
112745,Squava
97660,The Boater's Knot Tying Kit
270327,"PENNY DREADFUN: Duchy, Demony, Dickensy"
260238,Claim Kingdoms
145642,The Cards of Cthulhu
192896,The Cards of Cthulhu: Beyond the Veil
279443,Dad Joke Face-Off
312612,Robots
312611,Flowers
15529,Grand Prix Manager
313755,Puerto Miau
145632,NFL Game Day
146458,BattleSworn: Bid for Victory
178600,The WitchBorn: Enter Perdition
298949,Patata Burgesa
88397,Americana! Travel Edition
58392,Lycèe Trading Card Game
132946,Plenty of Fish in the Sea?
312809,Puerto Miau: Roll and Steal
232980,Dream On!
149241,Assault on Doomrock
206686,Fanhunter: Urban Warfare
271390,Toskasi
263317,Drinking Quest: Liquor Before Honor
192319,A Murder Most Fowl
129283,StarSpeed 17: Rocket Racers of Galaxy 5000
136888,Bruges
154678,Bruges: The City on the Zwin
166504,Brügge: Die Haustiere
55670,Macao
176,Give Me the Brain!
2946,Pipeline
353635,ターンアップシャークリターンズ～超B級サメの逆襲～ (Turn Up Shark Returns ～The super B-class shark strikes back!～)
316947,"Moskva Bistro!(/Fast!), Oct-Dec41"
132664,Gloop
295721,Kappa Bros!
17903,"Fuzzi, Heinz und Schlendrian"
2728,The Generals
271827,狩猟の時代 (Shuryou no Jidai)
298575,狩猟の時代~大河の恵み~ (Shuryo no Jidai~Taiga no Megumi~)
111105,Agents of SMERSH
102548,Dungeon Fighter
17582,Mein Panzer
37206,Napoleon in Italy
330240,The Moon Ant Mow Down at Lunar Base: Dirty Ankle
168353,2 Hour Dungeon Crawl
4217,Alexandros
324896,Mocarstwa: Wydanie II Rozszerzone
295449,Gekitai
223996,"Minuit, Meurtre en Mer"
266720,"Minuit, Meurtre en Mer: Le Jour et la Nuit"
6431,Air & Armor
281121,Fistful of Lead: Core Rulebook
303970,Castle Rooms
315363,"Barbarossa Fast, Jun-Dec41"
7640,The Fall of Tobruk
26475,Programmed Wargames Scenarios
204759,Twin Princes
350954,Witches of Wickville
113572,Junior Quiz
134305,Basketball Bones
10213,Fox and Geese
64431,Buraco
65262,Connect 4 (Revised Edition)
242370,Mycelium
249868,What A Tanker!
42678,Het Antwerps Gezelschapsspel
331439,Star Travelers: The Game
232509,Feelinks
155994,Movie Plotz
288179,Carbon City Zero
271006,"5150: Back Alleys, Bright Lights"
38786,"Red Winter: The Soviet Attack at Tolvajärvi, Finland – 8-12 December 1939"
188866,Awkward Guests
291382,Strategist Strategy
279366,ヘゲモニア戦記 (Epic of Hegemonia)
256479,TomaTomato
349085,Truth or Drink: On The Rocks
352734,Truth or Drink: Second Edition
5297,World War I: 1914-1918
122346,MEGAcquire
71978,Der reimende Sprechdachs
211457,Sucesos Argentinos
342974,Don't Look Back: The Core Game
337867,Tribu de Sinvergüenzas: Sigamos Pecando
163275,Attack on Monster
15391,"Death in the Trenches: The Great War, 1914-1918"
301007,Renegade Scout: Retro-inspired Sci-Fi Miniatures Rules
3208,Dragonland
270167,Hidden Paths
88900,Yaniv
24207,Burger Quiz
13507,WINK
342824,Traders of Cardonia
92190,Super Dungeon Explore
1860,Dragon Dice
30334,Fort Boyard
20422,Beat the Parents
145493,The King's Armory
288317,Black Seas
232141,Sakura Arms: Kikou Kakumei
224917,Sakura Arms: Yaten Kaishin
304043,新幕 桜降る代に決闘を 達人セット (A Duel for Falling Cherry Blossoms: New Act – Master Set)
240429,Sakura Arms: Inyou Jihen
34974,Pasapalabra
307670,ASCII Empires
133132,Advanced Wizard's Quest
204165,Connections Card Game
283353,Tee oder Kaffee
342233,Those Who Seek Death
94338,Paradisio
19171,Hanau 1813
322135,Trivial Pursuit: Rhône-Alpes
56635,Trivial Pursuit: Bretagne
40460,Trivial Pursuit: Gastronomie en France
130153,Trivial Pursuit: Édition des Vins
321930,Trivial Pursuit: Édition Rhône-Alpes
322137,Trivial Pursuit: Édition Aquitaine
322136,Trivial Pursuit: Aquitaine
17484,Silent War
84614,Silent War: IJN – Imperial Japanese Navy
5058,Operation Crusader
351486,Topic_
12269,Manassas
98120,The Mini Quest
2091,Legions of Steel
163805,Transatlantic
342762,A Walk in the Park
294637,宿命の旅団 (Fellowships of Fate)
182,Knights of Charlemagne
220988,Criss Cross
322659,Margin
174251,Полинезия
207796,Ahead in the Clouds
180296,Fever Chill
216407,Dwar7s Fall: Royal Decrees
148744,City of Zombies
533,Labyrinth: The Card Game
103461,Dicey Curves
140519,Myth
30843,Dark Age Infantry Slog
306249,Adder: Realtime Chase System
293980,Irregular Wars: Conflict at the World's End – A Wargaming System for Small Actions in the Age of Discovery
102029,Distant Armada
308227,Карты конфликта (выкидыш №2)
294788,Conqueror: Final Conquest
236302,Czółko
232254,KAPOW!
324534,Megawatt: Discover Energy (Second Edition)
281442,Trismegistus: The Ultimate Formula
264747,Borel
316259,Mocarstwa
284730,トレンド (TREND)
25556,NFL Gridiron Trivia Challenge
325388,Trip 1907: Interactive Escape the Book Game
269978,Catan Junior Mitbringspiel
21685,Rok 1920
332026,The Bank Job: Mint Tin Edition
346621,Nirvana
351809,Stick Collection ( スティックコレクション )
350061,ブブカ (Bubka)
143195,Spell Saga
54,Tikal
227127,Europe in Turmoil: Prelude to the Great War
289916,T-Rex's Holiday
357709,Gundalow Kids
327166,CLIMB!
326862,曇天／斬合 Tactics (Donten no Kiriai Tactics)
285313,Harry's Place
7245,Blacks & Whites
130486,Small City
238190,Moods of the Mad King
203958,This That & Everything
340685,The Feds Express
119899,Gunrunners
332269,Volley and Charge!
229412,HOUTEN 1905 (奉天1905)
32164,Borneo
326198,曇天／斬合 Legend (Donten no Kiriai Legend)
310578,Paleontologists
40280,Monopoly: Beauvais
125758,ATS TT: The Battle of Pork Chop Hill
10657,Fleet Admiral
253167,Combat HQ
326183,TOZAN
24210,This Very Ground: Skirmish Wargaming in the French & Indian War
4050,Fortress Europa
256376,DreamQuest: L'épouvanpaille
67280,Spouse-ology
357183,"Domesday, The Norman Conquest 1066-1106"
342675,Fisheries of Gloucester Express
236909,Are You a Human?
1891,Portal
235865,Skogen
328066,レディファースト (Lady First)
328064,レディファースト (Lady First)
328529,The Best of Christmas Game
10882,Verba Game
328129,The Best of Christmas Game: Not For Kids
272533,Kingdom Rush: Rift in Time
34383,Kalle Kanalratte
324680,I Am… Alias
267313,Plażing: parawany w dłoń
292337,Zulu: Rules for Miniatures
169141,Fallen Land: A Post Apocalyptic Board Game
38343,Ad Astra
130955,Que Ves
329950,Elbűvölő Magyarország Junior
329949,Elbűvölő Magyarország kvízjáték
7070,Monstrosity
172365,Assault on Doomrock: Doompocalypse
232661,Ada Lovelace: Consulting Mathematician
340684,Alpujarras Express
316119,The Fire Ant Mow Down at Dirty Ankle
65242,"Shiloh: Bloody April, 1862"
85999,Black Stories Stadt-Land-Tod
43505,Somewhere far beyond: Prairie Grove 1862
176773,Wolf In The Fold
10017,Strike it Rich
306483,Presidents versus Trump
247483,Popeye: Bis ans Limit!
176574,Wish You Were Here...?
301485,Cold War 3! Rules for Modern Warfare 1960-1990
312968,Pitch&Plakks
318529,Star Travelers: The Game
332582,Garbage Gatherers
129294,Campaign Trail
137626,The Road to Cheren
332008,Absolute Zero Junior
332007,Absolute Zero
325461,The Bank Job
326638,Steady Bayonets 1756
5620,Vietnam 1965-1975
204734,Stick Stack
195903,2184 Generation War
88633,Raon
37500,Monopoly: My Disney Villains
331657,Honey Hunt
161297,Paradox
6887,Hearts
254179,Drop Racers
109554,Vojvodina
13904,Floresta Encantada
280655,Zoom in Barcelona
257767,Vanguard: War on the Frontline 1410
251691,HIKTORUNE
236577,Five Ravens
146650,Fireknife!
318702,Tumbleweed
57064,Death In The Dark Continent: Wargames in the 19th Century Africa
257706,Zoo-ography
300905,Top Ten
238915,Dragoon: Heads Will Roll
275518,Histórias de Pescador
3699,Killer Bunnies and the Quest for the Magic Carrot
334435,Trivial Pursuit: Édition Alsace
334432,Trivial Pursuit: Alsace
135492,Minderheiten-Quartett
163465,Flames of War: Great War
205506,Huh?
309838,The Grumpy Nisse
85652,Dystopian Wars
148204,Pulp Alley
275561,Judgement
288513,Tranquility
71991,Indianapolis-opoly
289020,Incohearent
128877,Nähdään Kellon Alla
213578,Yōkai Quest
253570,Liar Battleship
277026,Defcon Dice
24118,Pictionary Mania
8789,Fußball
11028,Lotto
182230,Panda!
307172,Kingdom Maps
8872,Atlanta: Civil War Campaign Game
287810,"New Phone, Who Dis?"
338461,KFC's Actiespel
148415,Diddly: The Game of Squat!
12453,Atmosfear: The DVD Board Game
17909,PS
14233,Caramba!
272215,Glory
258131,1759 Siege of Quebec
182401,Fire Team Vietnam
353808,Turn Over
281370,Antiquity of Mars: Chronicles of a Dying Planet
147919,Guiscard
319918,Tribu de Sinvergüenzas
341785,Goldenstar: the Galactic Tournament
304987,Sock Monsters
158572,Waggle Dance
354790,Once Upon a Crime
302695,Heisse Ware: Krimi-Kartenspiel
12289,Rooster Booster
139131,Hoplomachus: Rise of Rome
124839,Hoplomachus: The Lost Cities
336715,KFC's Assano
282699,SPQR: Warband Combat in the Ancient World
267246,Blade Rondo
257246,#no secrets
339359,Stadt Land Unseriös: XMAS-Special
7960,Flags of the World
190582,Best Friend S
176630,Be My Valentine
159984,Scutarii
218996,Pixel Glory: Light & Shadow
338840,Take It Serious: Stadt Land Unseriös
180956,One Night Ultimate Vampire
163166,One Night Ultimate Werewolf: Daybreak
343289,Բժշկությունն ԱՅԼ ԿԵՐՊ ( Another way Medical)
169102,Slaughterville
218043,Slaughterville II
199598,Slaughterville: Jack the Ripper Expansion
314583,Slaughterville: The Cult Invades
199595,Slaughterville: The Dream Demon Expansion
199596,Slaughterville: The Headless Horseman Expansion
199594,Slaughterville: The House on Haunted Hill Expansion
199597,Slaughterville: Walker's Carnival Expansion
85005,The Boss
344644,Monsters and the Things That Destroy Them: The Deep
142037,Family Farm
346152,Impro: hullunhauska seurapeli
330208,Alpujarras
266382,Walking Doggos
87104,Arkana Miłości
117893,Arkana Miłości: Kochankowie
158473,Arkana Miłości: Dominacja
222509,Lords of Hellas
248722,Daring Contest
18481,Racetrack
309776,"Ferro, Fango e Neve: L'operazione Barbarossa in 50 minuti"
18232,L'échappée Infernale
252978,Fistful of Lead: Horse & Musket
5274,Triumphant Fox: Rommel's Finest Hour  – The Gazala Battles May-June 1942
168609,"Artifacts, Inc."
32838,The Battle for Normandy
196570,Jumping Frog
126443,The Lord of the Rings: The Battle for Middle-Earth
291431,Share it!
27999,Quran Challenge Game: 600 Quran Questions
338017,Final Fusion
158575,Battleground: Hostile Intentions
341913,Hordes & Heroes: Medieval Fantasy
245655,The King's Dilemma
341855,Hordes & Heroes: Medieval
298410,Battle of Legends: Print & Play Edition
804,Thunder Road
1933,Key to the Kingdom
343743,5 Pillars: Junior Edition
4962,1914
321636,Inferno and Glory
264989,Flushin' Frenzy
202906,Ktizo: An Ecosystem Building Cardgame
12889,Steeplechase
327839,Fisheries of Gloucester
218025,The Little Flower Shop
322568,The Gardens
320457,Dyad
85256,Timeline: Inventions
319902,Don't Look Back
343009,Göbeklitepe Ancient Board Game
342982,Göbeklitepe Ancient Board Game
2785,Game of Goose
274841,Cóatl
339942,Այլ կերպ (Another way)
3086,The Omega Virus
10816,Blackjack
261831,Avocado Smash!
11868,Playmobil: Alarm! Alarm!
3406,Lines of Action
342105,5 Pillars: Seerah Edition
2114,"Duck, Duck, Bruce"
299841,Block Builders
209624,Backyard Birds
37770,Palio
344842,Mugrugni
208437,Morphos
275469,Floor Plan
340080,Monsters and the Things That Destroy Them
312259,Rollway Station
112963,Karuta
202884,Temporal Odyssey
22396,Tour of Switzerland
321928,Penalty Challenge
344070,SGRUNT: Conquista la Sardegna
12238,Switch 16
345101,Slipstream
345100,Slipstream Pocket
16398,War
3886,Nine Men's Morris
325834,Candy Crush DUEL
15069,Ekonos
358571,"Sherlock Holmes, Consulting Detective ー Baker Street 221B"
264006,Mystery Homes
251252,Battle of the Sexes
247342,Village Pillage
25069,Med andra ord
324345,キャットインザボックス (Cat in the box)
37731,Manille
182694,Watson & Holmes
340255,Impro the Board Game
278824,Rollecate
143761,PMC 2640
325507,ロールライト ⚅富豪 (Roll Write Daifugō)
119591,Rialto
5755,Guadalcanal
129086,Startropolis
292339,La Casa de Papel Escape Game
41360,Bild-A-Word
6748,Scum: The Food Chain Game
223040,Fantasy Realms
213964,Black Metal
349901,A Tale of Bravery
297582,"Sacre Bleu!: Mass Skirmish Wargame Rules for the Age of Pirates, Reason & Wayfare! – 17th & 18th Centuries + Napoleonic Wars"
196256,TRIUMPH: A card-arranging strategy game
157487,Birth
173337,Drachenhort
175028,Pop for Sight Words
192296,The Pirate Republic
129948,The Palaces of Carrara
209450,Länder toppen!
4561,Carrera de Mente
23312,Free At Last
131364,ZombieZone
259554,Spoilers: Popcorn Edition
225313,Spoilers: The Beginning
41597,Gin-A-Word
173805,Lobotomy
574,Devil Take the Hindmost
319307,Truth or Drink: The Card Game
288969,Puzzle-Memo
349784,Memorace: Fedezzük fel Európát!
350233,Memorace: Ismerkedjünk a betűkkel
350232,Memorace: Meghökkentő rekordok
294547,Robot Fight Club
153815,Ghosts Love Candy
263185,Men of Bronze: Ancient Greek Hoplite Battles
9364,Doppelkopf
251538,Star Wars: Han Solo Card Game
246751,Corpo Truppe Volontarie: Santander 1937
8983,I.Q. 2000
125752,Race! Formula 90
349166,Memorace: Elképesztő találmányok
252958,Knock Knock
41925,The Game of Chicago
347698,A Tale of Bravery: Demo Game
230774,Grabbell
137330,Cube Quest
125675,Doctor Who: The Card Game
325564,MAST BUY
288920,Hội Phố
257924,Globe Twister
307002,Regicide
285253,Fiesta de los Muertos
176247,Mixtape Massacre
317516,Quantum Loop
11753,Nim
222887,Twin It!
276629,Castle of Mind
5675,The Rolling Moon
295486,My City
322204,워드캡처 (Word Capture)
298130,Amalfi
12370,Maya Code
233364,Cultistorm
148282,Black Hat
302734,Master Word
171964,The Order of Vampire Hunters
134453,The Little Prince: Make Me a Planet
256640,H.D.P.: Hasta Donde Puedas
351989,Rescue Punda
351988,Operation Khedda
4884,The Legend Begins
270747,CoderMindz
295609,For the Queen
26117,Rechen-Kapitän
191189,Aeon's End
194626,Happy Salmon
353741,Things... Schitt's Creek: Bébé Game
352407,Guca 5
352406,Guca 3
182086,Lingering Hues
151936,Paul Koenig's The Bulge: 6th Panzer Army
210499,Wine RATING
180688,Heartcatchers
89977,Tiger Stripes
207043,MetaCheckers
357582,Truth or Drink: On the Turps (Aussie Edition)
161728,Rivalry of Local Barons
198961,Yeti in My Spaghetti
40819,Cheese Chasers
235922,King of the Dice
164190,Diex Aïe
259005,Farben
319604,Ricochet: A la poursuite du Comte courant
341963,Tides
29455,Barcode Battler
315334,ターンアップシャーク (TURN UP SHARK)
140155,Espionaje: Cartas
63951,Lasalle
337581,Eternam
119500,Wanna Bet?
260933,Escape Now!
235017,Santa's Workshop
358813,Geneva 1955
252541,Talon: A Tarot Card Game
1293,Boggle
7320,Elefun
239464,Palm Island
260300,Dungeon Mayhem
228409,Lusitania
170669,Old School Tactical: Volume 1 – Fighting on the Eastern Front 1941/42
194879,Not Alone
161511,Ypres 1914
275973,Curios
338352,Once Upon A Crime
244521,The Quacks of Quedlinburg
230781,Last Full Measure: The Battle of Gettysburg
154906,Isle of Trains
5122,Charades
39976,Volta
302510,Mining Colony
62875,Pekin Express
359,Bucket Brigade
1381,Pokémon Master Trainer
299169,Spicy
141920,Supremacy 2020
7682,Go Fish
253742,Serial Killer
230081,Pizza Master
225144,Magic Hat
261525,Untamed: Feral Factions
281559,ORC
18136,Hitler's Stalingrad: Breslau February to May 1945
274093,Quirky Circuits
174243,Bridges to Nowhere
228855,Set a Watch
300929,The Norwegian War of Independence 1807-1814
284627,Oganika
14048,Sixty Seconds
202296,Wizardry to the Power of Three
272438,Blockbuster
313834,Blockbuster Returns
190247,Bloc by Bloc: The Insurrection Game
139030,Mascarade
10435,Grand Army
262930,Best Candy on the Block
238034,Janken Deck
327731,Domesday (COIN)
257109,As Long as the Grass Grows: The Conquest of the American West 1845-1881
236938,Wild West Exodus: Gunfight at Red Oak
28756,Dungeonrunner
178335,Biergarten
326136,Gundalow
262520,Chachapoya
316750,The Princess Bride Adventure Book Game
65272,Cyrano
169341,Birds of a Feather
177351,Flip MMCG
358288,5 sekund Junior 2.0: edycja 2019
358286,5 sekund
345574,Шерлок Холмс (Sherlock Holmes)
253835,Air Flix
56758,BasketBoss
353945,Infiltraitors
17861,Huis Clos
359111,Fuego Caliente!
359110,Fuego Card Game
158965,Go Extinct!
183481,Rackare!
271519,Ecosystem
13714,Qubic
283932,Wig Masters
296164,Yura Yura Penguin
2181,Bridge
15839,Bonaparte at Marengo
147101,Viticulture: Tuscany – Expand the World of Viticulture
355958,Dominion: Seaside (Second Edition)
316380,7 Wonders (Second Edition): Leaders
316378,7 Wonders (Second Edition): Cities
257344,Agricola: Farmers of the Moor
359451,Great Western Trail: Rails to the North (Second Edition)
347149,Arkham Horror: The Card Game – The Dunwich Legacy: Campaign Expansion
347148,Arkham Horror: The Card Game – The Dunwich Legacy: Investigator Expansion
202174,Viticulture: Tuscany Essential Edition
83445,7 Wonders: Manneken Pis
358212,Arkham Horror: The Card Game – The Path to Carcosa: Campaign Expansion
358213,Arkham Horror: The Card Game – The Path to Carcosa: Investigator Expansion
271918,Star Wars: X-Wing (Second Edition) – Millennium Falcon Expansion Pack
316382,7 Wonders (Second Edition): Armada
121288,Dixit: Journey
188189,Complots: Saint Barthélemy
95683,Arkham Horror: The Curse of the Dark Pharaoh Expansion (Revised Edition)
358536,Sentinels of the Multiverse: Definitive Edition – Rook City Renegades
252705,Star Wars: X-Wing (Second Edition) – TIE Advanced x1 Expansion Pack
322749,Star Wars: X-Wing (Second Edition) – Jango Fett's Slave I Expansion Pack
258738,Star Wars: X-Wing (Second Edition) – Slave I Expansion Pack
288375,Star Wars: X-Wing (Second Edition) – TIE/in Interceptor Expansion Pack
252674,Star Wars: X-Wing (Second Edition) – BTL-A4 Y-Wing Expansion Pack
252507,Star Wars: X-Wing (Second Edition) – T-65 X-Wing Expansion Pack
131751,Mansions of Madness: Call of the Wild
108150,Mansions of Madness: Forbidden Alchemy
40834,Dominion: Intrigue
288377,Star Wars: X-Wing (Second Edition) – RZ-1 A-Wing Expansion Pack
252675,Star Wars: X-Wing (Second Edition) – TIE/ln Fighter Expansion Pack
271919,Star Wars: X-Wing (Second Edition) – A/SF-01 B-Wing Expansion Pack
206548,Mansions of Madness: Second Edition – Suppressed Memories: Figure and Tile Collection
247898,Smash Up: The Bigger Geekier Box
170576,Saint Petersburg (Second Edition): New Society Completition Pack
22172,Arkham Horror: Curse of the Dark Pharaoh Expansion
274522,Memoir '44: New Flight Plan
133412,Railways of Great Britain
294546,Eclipse: Second Dawn for the Galaxy – Supernova
27112,Memoir '44: Overlord
348354,Summoner Wars (Second Edition): Cloaks Faction Deck
207480,Yanks: ASL Module 3a
260303,Mr. Jack: Extension
133993,7 Wonders: Wonder Pack
238530,Arkham Horror: The Card Game – Beta Cards from Arkham Night 2017
288376,Star Wars: X-Wing (Second Edition) – TIE/D Defender Expansion Pack
92828,Dixit: Odyssey
132195,The Resistance: Avalon Promo Cards
209456,Red Factories: ASL Historical Module 10
213298,Blood Bowl (2016 edition): Death Zone – Season One
10223,Blood Bowl: Death Zone
238135,Catan: Hawaii (Szenario für Seefahrer)
265512,Star Wars: X-Wing (Second Edition) – Z-95-AF4 Headhunter Expansion Pack
271916,Star Wars: X-Wing (Second Edition) – VT-49 Decimator Expansion Pack
329755,Colt Super Express: The Time Travel Car
135895,Rising Sun: ASL Module 13
299065,Croix de Guerre (Second Edition)
316229,Catan: Starfarers – 5-6 Player Extension
9800,For King and Country: ASL module 5a
288362,Star Wars: X-Wing (Second Edition) – Tantive IV Expansion Pack
8605,West of Alamein: ASL Module 5
357750,Hollow Legions: ASL Module 7a
43018,Agricola: Farmers of the Moor
5290,Partisan: ASL Module 4
31638,Memoir '44: Air Pack
157464,Ruins
37911,Memoir '44: Operation Overlord
107551,Шахматы Хаоса
85405,Catacombs: Cavern of Soloth
264439,"Cards Against Humanity: The Bigger, Blacker Box 2"
11040,Armies of Oblivion: ASL Module 12
198576,Catacombs: Cavern of Soloth (Third Edition)
223931,Sherlock Holmes Consulting Detective: Carlton House & Queen's Park
8607,Code of Bushido: ASL Module 8
8609,Gung Ho!: ASL Module 9
166518,Carcassonne: Die Belagerer
288370,Star Wars: X-Wing (Second Edition) – Imperial Raider Expansion Pack
288374,Star Wars: X-Wing (Second Edition) – Hound's Tooth Expansion Pack
312489,Quartermaster General (Second Edition): Total War
92539,7 Wonders: Leaders
231167,7 Wonders: Leaders Anniversary Pack
231924,Battletech: Battlemech Manual
913,High Bohn
281987,Star Wars: X-Wing (Second Edition) – Ghost Expansion Pack
278752,Star Wars: X-Wing (Second Edition) – M3-A Interceptor
42964,Railways of England and Wales
265485,Star Wars: X-Wing (Second Edition) – T-70 X-Wing Expansion Pack
206829,Boss Monster: Klonos Promo Card
281988,Star Wars: X-Wing (Second Edition) – Inquisitors' TIE Expansion Pack
111661,7 Wonders: Cities
231168,7 Wonders: Cities Anniversary Pack
265486,Star Wars: X-Wing (Second Edition) – TIE/fo Fighter Expansion Pack
275585,Arkham Horror: The Card Game – Beta Cards from Arkham Night 2018
281989,Star Wars: X-Wing (Second Edition) – Punishing One Expansion Pack
5288,Paratrooper: ASL Module 2
5289,Yanks: ASL Module 3
208655,A Song of Ice and Fief (fan expansion for Fief 1429)
321697,Agropolis: Points of Interest
157427,Smash Up: The Big Geeky Box
216980,Snow Tails: Polar Plunge Track
321696,Agropolis: Invasion
12108,Runebound: Shadows of Margath
168432,Clinic Expansion: ICU free bonus tile
168261,Clinic Expansion: Medical Dossier 1
168427,Clinic Expansion: Medical Dossier 2
187953,Clinic Expansion: Medical Dossier 3
265508,Star Wars: X-Wing (Second Edition) – ARC-170 Starfighter Expansion Pack
247315,7 Wonders: Armada
229676,Ghost Fightin' Treasure Hunters: Expansion Pack
81,"EuroFront: War in Europe, 1939-45"
79,MedFront: War in North Africa 1940-43
252708,Star Wars: X-Wing (Second Edition) – Fang Fighter Expansion Pack
265511,Star Wars: X-Wing (Second Edition) – TIE/sk Striker Expansion Pack
80571,Munchkin Reloaded!
196832,Tiny Epic Kingdoms 2nd Edition: Deluxe Promo Pack
271914,Star Wars: X-Wing (Second Edition) – TIE/sf Fighter Expansion Pack
333155,Tsukuyumi: Full Moon Down (Second Edition) – After the Moonfall Expansion
333144,Stronghold: Undead (Second Edition)
206593,Stronghold: Undead (Second Edition) – Kickstarter Edition
241535,D-Day Dice (Second Edition): Atlantikwall
252147,Virus!: Especial Festivos
294584,Virus!: Fármaco Experimental
12677,High Bohn Plus
176575,デザインタウン: 再利用 (Design Town: Reuse)
32456,Neuroshima Hex! Doomsday Machine 1.0
160796,Tragedy Looper: Midnight Zone
148320,Tragedy Looper: Mystery Circle
129765,Khet 2.0: Eye of Horus Beam Splitter
283798,Star Fleet Battles: Captain's SSD Pack
333174,Battletech: Alpha Strike – Commander's Edition
40509,Battletech: Strategic Operations – Advanced Aerospace Rules
15593,Unentschieden
162837,Zombicide: Experience Deck
286657,Beasty Bar 3: Born to Be Wild
8611,Red Barricades: ASL Historical Module 1
14580,Munchkin Dice
210696,51st State: Master Set – Scavengers
219782,Hold the Line: French and Indian War Expansion Set
336044,Blood Bowl (Second Season Edition): Death Zone
1676,Blood Bowl: DeathZone
191182,Vudù: Double Trouble
182173,Snowdonia: Trans-Australian Railway & The Daffodil Line
219507,Star Realms: Rescue Run Promo Card
288373,Star Wars: X-Wing (Second Edition) – Saw's Renegades Expansion Pack
147695,Snowdonia: The Daffodil Line
271915,Star Wars: X-Wing (Second Edition) – TIE/vn Silencer Expansion Pack
8610,Croix de Guerre: ASL Module 10
288363,Star Wars: X-Wing (Second Edition) – C-ROC Cruiser Expansion Pack
323104,Dwar7s Fall
162078,Munchkin Holidazed
30362,Mr. Jack Extension
152097,Neuroshima Hex! 3.0: Doomsday Machine
287963,Star Wars: X-Wing (Second Edition) – TIE Reaper Expansion Pack
213777,Black Orchestra: Classified Promo Pack
23665,Runebound: Shadows of Margath (Second Edition)
123764,Star Wars: X-Wing Miniatures Game – TIE Advanced Expansion Pack
148321,Tragedy Looper: Haunted Stage
207674,Tragedy Looper: Weird Mythology
19898,"Age of Steam Expansion: Austria, Switzerland & The Netherlands"
180203,Age of Steam Expansion: New England
31544,Age of Steam Expansions: Southern US & Pittsburgh
162608,Zombicide: Ultimate Survivors #1
346935,Ultimate Werewolf: Bonus Roles
256608,Ghost Fightin' Treasure Hunters: Creepy Cellar Expansion
262044,Sprawlopolis: Points of Interest
13300,Carcassonne: Die Katharer
188000,Attack! Deluxe
44338,Ninja Burger: Secret Ninja Death Touch Edition
291592,The Fantasy Trip: Death Test and Death Test 2
184560,Lock 'n Load Tactical: Heroes of the Falklands
262043,Sprawlopolis: Wrecktar
181362,Super Dungeon Explore: Brave-Mode Candy
172561,Quartermaster General: Air Marshal
193139,Quartermaster General: Alternate Histories
102061,D-Day Dice: Atlantikwall
247567,D-Day Dice Pocket
243505,Marco Bohno
123763,Star Wars: X-Wing Miniatures Game – Y-Wing Expansion Pack
129433,Star Wars: X-Wing Miniatures Game – Slave I Expansion Pack
169800,Vudù: Ninjas vs Pygmies
353841,Aventuria: Bornländische Katzenhexe Heldenset
350839,Battletech: Tactical Operations – Advanced Rules
350840,Battletech: Tactical Operations – Advanced Units & Equipment
286294,Ogre: Battlefields
142526,BattleTech: Alpha Strike
47038,Flames of War: North Africa – and the Mediterranean 1942-1943
104746,Eclipse: Supernova
155530,Tiny Epic Kingdoms: Deluxe Promo Pack
303627,Onslaught to Orsha 2: Operation Bagration
131564,Level XI
123755,Star Wars: X-Wing Miniatures Game – X-Wing Expansion Pack
39942,Warhammer: Arcane Magic
84870,Munchkin Sammlerkoffer
96016,Wargamer's Guide to Midway
25572,Khet: Eye of Horus Beam Splitter
117753,Super Dungeon Explore: Candy and Cola
256249,Black Orchestra: Conspirator Pack #1
348222,Hostage Negotiator: Abductor Pack 10
151173,The Agents: Black Ops
183139,Catan: 999 Games 25 jaar Expansion
1675,Illuminati: Brainwash
129432,Star Wars: X-Wing Miniatures Game – Millennium Falcon Expansion Pack
264197,Perdition's Mouth: Abyssal Rift – The Cannibal's Howl
221210,Into the Rubble 2
99298,Flames of War: Eastern Front 1942-1943
40473,Flames of War: Fortress Europe
257613,Star Realms: Frontiers – Kickstarter Promos
4100,Starfarers of Catan: 5-6 Player Expansion
303490,Tsukuyumi: Full Moon Down – Sentinels Expansion
208071,Star Wars: X-Wing Miniatures Game – TIE Striker Expansion Pack
142546,Star Wars: X-Wing Miniatures Game – B-Wing Expansion Pack
25786,Flames of War: Festung Europa (Late War 1944)
268494,Warhammer (Sixth Edition): Ogre Kingdoms
268344,Warhammer Armies (Fifth Edition): Bretonnia
268360,Warhammer Armies (Fifth Edition): Dogs of War
268349,Warhammer Armies (Fifth Edition): Lizardmen
268328,Warhammer Armies (Fourth Edition): Chaos
268337,Warhammer Armies (Fourth Edition): Dark Elves
268325,Warhammer Armies (Fourth Edition): Dwarfs
268323,Warhammer Armies (Fourth Edition): High Elves
268324,Warhammer Armies (Fourth Edition): Orcs & Goblins
268326,Warhammer Armies (Fourth Edition): Skaven
268322,Warhammer Armies (Fourth Edition): The Empire
268327,Warhammer Armies (Fourth Edition): Undead
268338,Warhammer Armies (Fourth Edition): Wood Elves
268329,White Dwarf Presents: Warhammer (Fourth Edition) – Chaos Dwarfs
69345,Ravening Hordes: The Official Warhammer Battle Army Lists
229615,Blood Bowl (2016 edition): The Orcland Raiders – Orc Blood Bowl Team
7168,"Arctic Front: Finland's War, 1939-1944 – A Panzer Grenadier Scenario Book"
201310,Star Wars: X-Wing Miniatures Game – Protectorate Starfighter Expansion Pack
339591,Interstellar
201313,Star Wars: X-Wing Miniatures Game – ARC-170 Expansion Pack
147402,The Agents: Mission: Critical
37900,Hold the Line: French and Indian War Expansion Set
285205,Slovakia's War: A Panzer Grenadier Scenario Book
305666,Flames of War: Armoured Fist – British Forces in North Africa 1942-1943
24014,Flames of War: Afrika
295930,Uncharted Empires: A Gaming Supplement for Kings of War
123759,Star Wars: X-Wing Miniatures Game – TIE Fighter Expansion Pack
31919,Forces of Warmachine: Pirates of the Broken Coast
35609,"Arctic Front: Finland's War, 1939-1944 – A Panzer Grenadier Scenario Book: Deluxe Edition"
133572,Munchkin Holiday Surprise
205867,Bohnanza: The Duel
22263,Munchkin Sammlerbox
326583,Zendo Cards
248255,D-Day Dice (Second Edition): Gott Mit Uns
294606,Age of Steam Deluxe Expansion: New England/Pittsburgh & Switzerland Maps
175178,Car Wars Arenas
141308,Hammer & Sickle: A Panzer Grenadier Scenario Book
128695,Iron Curtain: Patton's Nightmare – A Panzer Grenadier Scenario Book
157532,Règlement de l'An XXX
264364,Tsukuyumi: Sentinels
168891,Star Trek: Attack Wing – Deep Space Nine Expansion Pack (Retail Variant)
268249,Warhammer (Fifth Edition): Siege
346600,Federation & Empire: Combined Operations – Rulebook 2021 Edition
176427,Zombicide Survivor: Gabriel
7690,Scorched Earth
141820,"Flames of War: Market Garden – The Allied Invasion of Holland, September-November 1944"
323710,Dig Down Dwarf (Second Edition): Gems of Norcia!
147209,"Cards Against Humanity: The Bigger, Blacker Box"
42971,Snow Tails: The Leap of Death
34101,Warhammer: Skirmish
265030,Catan: Big Box Jubileumeditie
3616,Battletech: Battleforce
74766,Forces of Warmachine: Mercenaries
74762,Forces of Warmachine: Protectorate of Menoth
227725,Warhammer Age of Sigmar: Skirmish
70528,Insecta: Expansion Kit
5732,Illuminati Expansion Set 3
188070,Car Wars Arenas 2
167573,Mayfair Games' Limited Edition Promo Expansion Set #17
257841,Yogi Guru
31419,Bohnröschen
19953,Warhammer (Fifth Edition): Magic
12233,Warhammer (Fourth Edition): Battle Magic
52,Mighty Empires
298478,MindMaze: Bits and Bobs
287912,MindMaze: Jeunes Detectives
172508,"MindMaze: Verzwickte Rätsel – Geld, Ruhm und Macht"
154010,MindMaze: Verzwickte Rätsel – Kriminalfälle
164722,MindMaze: Verzwickte Rätsel – Rabenschwarze Geschichten
154011,MindMaze: Verzwickte Rätsel – Wahre Geschichten
234513,Takie Życie 4: Niezwykłe przypadki
123648,Starship Command (3rd Edition)
959,Luftschiff
357423,Advanced Tobruk 2016: Electric Whiskers – Expansion 1
357514,Advanced Tobruk 2016: Expansion 3 – Tobruk Perimeter
308452,ASL Comp: Afrikakorps – Benghazi Handicap
230308,Advanced Tobruk 2016: Expansion 3 – Kasserine Pass
333526,ASL Comp: Behind Utah Beach – The Battle for Hill 30 and Chef du Pont
148191,Great War Spearhead II
17344,Flames of War: Old Ironsides – Intelligence Handbook on US Armored Forces
17339,Flames of War: Stars and Stripes – Intelligence Handbook on US Armored and Infantry Forces
129601,ASL Comp: Orders For The Major – The Battle Of Normandy 1944
129602,ASL Comp: Shout For PIATS – The Battle Of Normandy 1944
125796,ASL Comp: Genesis II – The Arab-Israeli Wars
332935,ASL Comp: Jerusalem – Siege: 1948 and 1967 Action
332926,Jerusalem: '48
299435,"Mighty Midgets (Second Edition): Scenarios for Small Craft in WWII – A Supplement for Command at Sea, 4th Edition"
17895,For Whom the Bell Tolls
299661,Baltic Arena: Scenarios for WWII Naval Warfare in the Baltic Theater (2012 Standard)
156160,Roman Glory II: ATS
309556,Harpoon Player's Handbook: 5th Edition
27270,Silent Death Annex: Rules of Warfare
27253,Silent Death Annex: Rules of Warfare II
307909,Angriff! German Army Book for Disposable Heroes II
307907,Blood & Guts: U.S. Army Guide for Disposable Heroes II
184537,ATS Spanish Blue Division: Eastern Front 1941
156157,Red Christmas II: ATS
269163,Gates of Leningrad: A Panzer Grenadier Game
265477,Fistful of Lead: Galactic Heroes
281151,Fistful of Lead: Reloaded
159433,Second World War at Sea: The Habsburg Fleet
184506,The Kokoda Campaign: Jungle Battles in New Guinea – A Panzer Grenadier Game
4917,Great War at Sea: U.S. Navy Plan Black
146214,ATS TT Cassino I: Gustav Graveyard
227257,Napoleonic 20 Expansion Kit (with Hanau 20)
154236,Railway Rivals Map FR: France
154235,Railway Rivals Map SV: South Sweden
321143,ASL Action Pack #15: Swedish Volunteers
324154,Klingon Armada: Unity Edition
205687,Bohnedikt (2016 Edition)
168228,Second World War at Sea: Royal Netherlands Navy
160834,Heavy Gear Blitz! Lion's Wrath: Northern Army List
141703,Heavy Gear Blitz! Forged in Fire; Southern Field Guide
67321,Talisman (Third Edition): White Dwarf #177 Characters
67320,Talisman (Third Edition): White Dwarf #179 Characters
67253,Talisman (Third Edition): Lost Characters
285254,Afrika 1944: A Panzer Grenadier Expansion Book
318063,"Warhammer 40,000 (Third Edition): Codex – Necrons"
317631,"Warhammer 40,000 (Third Edition): Codex – Witch Hunters"
26343,Warhammer Armies
69341,Warhammer: Forces of Fantasy
324176,Romulan Armada: Unity Edition
4795,Insecta: Rainforest
162004,Iron Curtain: Red and White – A Panzer Grenadier Scenario Book
151741,Army Lists Book One: 3000 BC – 75 AD
287431,Middle-Earth Strategy Battle Game: Scouring of the Shire
324180,Alien Armada: Unity Edition
130412,Great War at Sea: Confederate States Navy (Second Edition)
229799,Battletech: Handbook – House Liao
7202,Pacific Theatre Via Midway
238793,ATS: Broken Arrow
299669,American Fleets: The United States Navy in World War II (2012 Standard)
283751,Star Fleet Battles: Tournament Book 1991
24016,Flames of War: Ostfront – Eastern Front 1942-1943
299668,Emperor's Fleet: The Imperial Japanese Navy in World War II (2012 Standard)
187701,Flames of War: Atlantik Wall – The German Defence of France June-September 1944
187702,Flames of War: Overlord – The Allied Invasion of France
340830,Arcana of Love: Passionate Deck
299665,Steel Typhoon: The Second Half of WWII in the Pacific (2012 Standard)
19017,The Mighty Hood
332615,ASL Comp: Genesis III – Arab-Israeli War 1948-67
17438,Genesis 48: The First Arab-Israeli War
152475,Heavy Gear Blitz! Blood Debt; Peace River Army List
29986,Panzer Grenadier: Iron Curtain
333580,ASL Comp: Scottish Corridor 1 – The Battle of Normandy 1944
333581,ASL Comp: Scottish Corridor 2 – The Battle of Normandy 1944
17436,"Scotland the Brave: The Epsom Offensive – June 28-30, 1944"
17437,"Scotland the Brave II: The Epsom Offensive – June 28-30, 1944"
305918,"Flames of War: The Ardennes Offensive – German Forces in Lorraine and the Ardennes, Sep 1944 – Feb 1945"
305960,"Flames of War: The Battle of the Bulge – Allied Forces on the German Border, Sep 1944 – Feb 1945"
88560,Great War at Sea: Confederate States Navy
226171,Munchkin Metal Pin
169828,Nuns on the Run: Father Fréderic
326964,Mountain Goats: Expansion Pack
336609,Battlegroup: Overlord – D-Day
184984,ATS Historical Module: Backhand Blow '43 – The Third Battle of Kharkov 1943
266227,ATS To The Volga II: Mamayev Kurgan
60955,Heavy Gear Blitz! Swords of Pride
67302,Flames of War: A Bridge Too Far – The Battles for Oosterbeek and Arnhem
61479,Flames of War: Hell's Highway
324152,Battleships Armada: Unity Edition
236046,Battles of 1866: Blood & Iron
299672,"Mediterranean Fleets: The Italian, Greek, Turkish and Yugoslav Navies in WWII (2012 Standard)"
181173,Tragedy Looper: Midnight Circle
205324,Tragedy Looper: Cosmic Evil
149342,Palacio de Viana: Las llaves de palacio
148676,Templar Queenie 4: The Keys
334464,ASL Comp: Operation Lens Nord – Eastern Front Partisan Warfare
81937,Army Lists Volume 1: Armies of the Ancient Near East 3000BC - 500 BC
81939,"Army Lists Volume 2: Armies of the Far East, Asia, and America"
211263,Army Lists 3000BC - 1250AD
126423,Heavy Gear Blitz! Shields of Freedom
48205,Railway Rivals Map SWE: Southern Sweden
48190,Railway Rivals Map L: France
32110,ATS: Avanti Savoia!  ATS – Avanti Savoia! Christmas Battles – CSIR Volume II
26542,ATS: Nikitovka 1941
16115,Regulations of the Year XXII
265815,Trivial Pursuit Junior: Third Edition
39808,Second World War at Sea: Imperial and Royal Navy
60953,Heavy Gear Blitz! Hammers of Faith
160896,Heavy Gear Blitz! Operation: Drop Bears Dive!
129596,Black Talon: Return to Cat's Eye
129594,Shattered Peace: The War for Terra Nova Book 1
129595,Terra Nova Gambit: The War for Terra Nova Book 2
53095,Heavy Gear Tactical Miniatures Rules
73541,Panzer Grenadier: Polish Steel 1948
334524,Flames of War: Firestorm Battle – Villers-Bretonneux: 24 - 27 April 1918
32072,Song of Gold and Darkness
176966,Catan: Catan Day 2015 Exclusive Expansion
60012,Second World War at Sea: Spice Islands
279547,Clinic: Deluxe Edition – The Extension
149422,Star Trek: Attack Wing – Deep Space 9 Expansion Pack
130906,Nuns on the Run: The Monk
29549,Saint Petersburg: New Society & Banquet Expansion
11615,The AADA Duel Circuit: L'Outrance – A Car Wars Supplement
13467,Car Wars Arena Book
336729,Zombicide (2nd Edition): Gabriel
193495,Flip City: Reuse
246623,Wings of War: World War 1 – De Havilland D.H.4
189097,Catan Scenarios:  Easter Bunny
29793,ATS: Axis Legion – Spanish Division Azul on the Eastern Front
6251,Arnhem: Defiant Stand
141229,ATS TT: Kharkov – Battle for the Square
99719,Flames of War: Earth & Steel – The German Defence of France June-September 1944
99722,Flames of War: Turning Tide – The Allied Invasion of France June-September 1944
35276,Attack! Deluxe Expansion
247297,Second Great War at Sea: Tropic of Capricorn
317553,"Warhammer 40,000 (Fourth Edition): Codex – Eldar"
223916,The Hobbit: Motion Picture Trilogy – There and Back Again
297428,Battle of the Somme
275651,Vampire: The Eternal Struggle – Keepers of Tradition 2
275652,Vampire: The Eternal Struggle – Heirs to the Blood 1
275653,Vampire: The Eternal Struggle – Heirs to the Blood 2
59416,Bohnedikt
202831,Boss Monster: Crash Landing
153805,Fief: France 1429 – Crusades Expansion
172154,Fief: France 1429 – Expansions Pack
169149,Fief: France 1429 – Politics
169148,Fief: France 1429 – Tactics
153242,Fief: France 1429 – Templars Expansion
156184,Army Lists Book Three: Armies originating after 1000 AD
156183,Army Lists Book Two: 55 BC – 1000 AD
337641,World War III: Team Yankee – West German
264766,Super Dungeon: Clan Tanchyo Warband
264774,Super Dungeon: Clan Kitsune Warband
264764,Super Dungeon: Karura
264772,Super Dungeon: Uzumaki
264762,Super Dungeon: Moon Princess
264769,Super Dungeon: Hanzo
264765,Super Dungeon: Dark Kitsune
264761,Super Dungeon: Tengu
264771,Super Dungeon: Jorogumo
37867,Into The Rubble
287742,TIME Stories Revolution: The Hadal Project
195152,The Hobbit: The Battle of the Five Armies Strategy Battle Game
195151,The Hobbit: the Desolation of Smaug Strategy Battle Game
191041,Carrotia
320858,Sakura Arms: Saine Box
130826,Munchkin Pins
305845,World War III: Team Yankee – British
42837,Napoleonic 20 Expansion Kit
224887,Blood Bowl (2016 edition): The Gouged Eye – Orc Blood Bowl Team
91683,House Liao: The Capellan Confederation
7275,Tobruk Expansion Pack 5A: Kasserine & Beyond
31760,BattleTech: Total Warfare
324035,World War III: Team Yankee – Soviet
20538,Star Fleet Battles: Advanced Missions
19091,Star Fleet Battles: Module C1 – New Worlds 1
19090,Star Fleet Battles: Module C2 – New Worlds 2
146279,Battles of 1866: German Armies
331749,"Warhammer 40,000 (Ninth Edition): Codex – Death Guard"
19343,The Settlers of Catan: The Fishermen of Catan
267974,Arkham Horror: The Card Game – For the Greater Good: Mythos Pack
262754,Arkham Horror: The Card Game – The Circle Undone: Expansion
98256,ATS TT: LZ X-Ray
312062,World War III: Team Yankee – American
359419,Magic: The Gathering — Time Spiral Remastered
320859,Sakura Arms: Yatsuha Box
308848,新幕 桜降る代に決闘を 第壱拡張：神語起譚 (A Duel for Falling Cherry Blossoms: New Act – 1st Expansion)
308849,新幕 桜降る代に決闘を 第弐拡張：神語転晴 (A Duel for Falling Cherry Blossoms: New Act – 2nd Expansion)
260419,Warhammer Age of Sigmar: General's Handbook 2017
181518,Wings of Glory: World War 1 – Airco DH.4
246847,Wings of Glory: World War 2 – Messerschmitt Bf. 109 E–3 Squadron Pack
246836,Wings of War: World War 2 – Messerschmitt Bf 109
102143,D-Day Dice: Gott Mit Uns
323242,Virus! Halloween
332435,Blood Bowl (Second Season Edition): Skaven Team Card Pack
338090,Blood Bowl (Second Season Edition): Chaos Chosen Team Card Pack
332436,Blood Bowl (Second Season Edition): Dwarf Team Card Pack
262247,Warhammer Age of Sigmar (Second Edition): General's Handbook 2018
243973,Warhammer Age of Sigmar: General's Handbook
268313,Warhammer (Sixth Edition): Ravening Hordes
283315,Warhammer Age of Sigmar (Second Edition): General's Handbook 2019
309585,Magic: The Gathering – Core Set 2020 Spellslinger Starter Kit
220658,Perdition's Mouth: Abyssal Rift – Mogba'gh
219333,Ninja All-Stars: Tengu
219324,Ninja All-Stars: Moon Princess
219319,Ninja All-Stars: Karura
219330,Ninja All-Stars: Dark Kitsune
216215,Ninja All-Stars: Clan Tanchyo
219325,Ninja All-Stars: Hanzo
219336,Ninja All-Stars: Jorogumo
219320,Ninja All-Stars: Uzumaki
216217,Ninja All-Stars: Clan Kitsune
183966,Star Wars: X-Wing Miniatures Game – T-70 X-Wing Expansion Pack
183967,Star Wars: X-Wing Miniatures Game – TIE/fo Fighter Expansion Pack
154766,Star Wars: X-Wing Miniatures Game – Z-95 Headhunter Expansion Pack
141230,ATS TT: Hill of Blood – Mamayev Kurgan
31065,Warhammer Siege
268491,Warhammer (Sixth Edition): Beasts of Chaos
268492,Warhammer (Sixth Edition): Bretonnia
268478,Warhammer (Sixth Edition): Dark Elves
268474,Warhammer (Sixth Edition): Dwarfs
268479,Warhammer (Sixth Edition): High Elves
268485,Warhammer (Sixth Edition): Hordes of Chaos
268490,Warhammer (Sixth Edition): Lizardmen
268472,Warhammer (Sixth Edition): Orcs & Goblins
268483,Warhammer (Sixth Edition): Skaven
268470,Warhammer (Sixth Edition): The Empire
268489,Warhammer (Sixth Edition): Tomb Kings
268477,Warhammer (Sixth Edition): Vampire Counts
268496,Warhammer (Sixth Edition): Wood Elves
268357,Warhammer (Fifth Edition): Champions of Chaos
260838,Warhammer (Fifth Edition): Realm of Chaos
268352,Warhammer Armies (Fifth Edition): High Elves
268361,Warhammer Armies (Fifth Edition): Vampire Counts
316570,Warhammer Armies (Fifth Edition): The Empire
268595,Warhammer (Seventh Edition): The Empire
268594,Warhammer (Seventh Edition): Orcs & Goblins
268497,Warhammer (Sixth Edition): Dwarfs
268600,Warhammer (Seventh Edition): Vampire Counts
268603,Warhammer (Seventh Edition): Dark Elves
268598,Warhammer (Seventh Edition): High Elves
268606,Warhammer (Seventh Edition): Skaven
268599,Warhammer (Seventh Edition): Daemons of Chaos
268604,Warhammer (Seventh Edition): Warriors of Chaos
268685,Warhammer (Eighth Edition): Tomb Kings
268605,Warhammer (Seventh Edition): Lizardmen
268608,Warhammer (Seventh Edition): Beastmen
268686,Warhammer (Eighth Edition): Ogre Kingdoms
268695,Warhammer (Eighth Edition): Wood Elves
268694,Warhammer (Eighth Edition): Dwarfs
268684,Warhammer (Eighth Edition): Orcs & Goblins
268688,Warhammer (Eighth Edition): The Empire
268691,Warhammer (Eighth Edition): High Elves
268690,Warhammer (Eighth Edition): Daemons of Chaos
268687,Warhammer (Eighth Edition): Vampire Counts
268693,Warhammer (Eighth Edition): Dark Elves
268689,Warhammer (Eighth Edition): Warriors of Chaos
268692,Warhammer (Eighth Edition): Lizardmen
201312,Star Wars: X-Wing Miniatures Game – Special Forces TIE Expansion Pack
237192,Star Wars: X-Wing Miniatures Game – TIE Silencer Expansion Pack
161031,Star Wars: X-Wing Miniatures Game – VT-49 Decimator Expansion Pack
20053,Red Vengeance
302213,Arkham Horror: The Card Game – Return to the Forgotten Age
201212,Vampire: The Eternal Struggle – Keepers of Tradition
201873,Vampire: The Eternal Struggle – Heirs to the Blood
164166,Star Wars: X-Wing Miniatures Game – M3-A Interceptor Expansion Pack
281414,Warhammer Age of Sigmar: Chaos Battletome – Khorne Bloodbound
336041,Blood Bowl (Second Season Edition): Halfling Team Card Pack
280562,Warhammer Age of Sigmar: Order Battletome – Fyreslayers
280135,Warhammer Age of Sigmar (Second Edition): Order Battletome – Fyreslayers
278764,Warhammer Age of Sigmar (Second Edition): Chaos Battletome – Blades of Khorne
311060,Warhammer Age of Sigmar (Second Edition): Chaos Battletome – Disciples of Tzeentch
182370,Star Wars: X-Wing Miniatures Game – Ghost Expansion Pack
235608,Star Wars: X-Wing Miniatures Game – Phantom II Expansion Pack
182369,Star Wars: X-Wing Miniatures Game – Inquisitor's TIE Expansion Pack
182373,Star Wars: X-Wing Miniatures Game – Punishing One Expansion Pack
33854,Ultra Modern Army Lists and Organisations: Second Edition
322541,Warhammer Age of Sigmar (Second Edition): General's Handbook 2020
98725,Star Fleet Battles: Captain's Module T – Tournament Book
36248,First Axis: Slovakia at War 1939-1945 – A Panzer Grenadier Scenario Book
69220,Panzer Grenadier: DAK '44
12482,Ogre Battlefields
308483,Warhammer Age of Sigmar: Warcry – Gloomspite Gitz
326275,Warhammer Age of Sigmar: Warcry – Ironjawz
308712,Warhammer Age of Sigmar: Warcry – Nighthaunt
308715,Warhammer Age of Sigmar: Warcry – Stormcast Eternals
84964,The Lord of the Rings Strategy Battle Game: The Scouring of the Shire
246718,Star Wars: X-Wing Miniatures Game – TIE Reaper Expansion Pack
146766,Star Wars: X-Wing Miniatures Game – Tantive IV Expansion Pack
217973,Star Wars: X-Wing Miniatures Game – C-ROC Cruiser Expansion Pack
170728,Star Wars: X-Wing Miniatures Game – Imperial Raider Expansion Pack
246719,Star Wars: X-Wing Miniatures Game – Saw's Renegades Expansion Pack
176742,Star Wars: X-Wing Miniatures Game – Hound's Tooth Expansion Pack
129431,Star Wars: X-Wing Miniatures Game – TIE Interceptor Expansion Pack
154767,Star Wars: X-Wing Miniatures Game – TIE Defender Expansion Pack
129430,Star Wars: X-Wing Miniatures Game – A-Wing Expansion Pack
126021,Dropzone Commander
17729,Death Test
19605,Death Test 2
188612,Uncharted Empires: An Army Supplement Book for Kings of War
296722,Képis Rouges
22155,Dien Bien Phu ATS Upgrade: French Indochina 1954
319601,Wings of War WWI: RAF R.E.8
20298,Mighty Midgets: Scenarios & Rules for Small Craft in WWII – An Expansion for Command at Sea
23633,Baltic Arena: Scenarios for World War II Naval Warfare in the Baltic Theatre – An Expansion for Command at Sea (Volume VI)
119683,Command at Sea (4th Edition): Steel Typhoon – The Second Half of WWII in the Pacific
99627,Command at Sea: Volume IX – Emperor's Fleet: The Imperial Japanese Navy in World War II
98321,Command at Sea: Volume VIII – American Fleets: The American Navy in World War II
146924,"Command at Sea (4th Edition): Mediterranean Fleets – The Italian, Greek, Turkish and Yugoslav Navies in WWII"
11429,The Rising Sun: Command at Sea Volume I
11428,Supermarina I: Command at Sea Volume II
32660,Supermarina I: The First Part of the Mediterranean War – Scenarios and Statistics for Command at Sea
9858,The Russo-Japanese War: Dawn of the Rising Sun
301888,Grand Fleets (Second Edition): King & Kaiser – The Great War in the Atlantic: 1914-1915
331757,"Warhammer 40,000 (Ninth Edition): Codex Supplement – Dark Angels"
316681,"Warhammer 40,000 (Seventh Edition): Codex Adeptus Astartes – Dark Angels"
301818,Get Some!: Fantasy Warfare – The Legions
301817,Get Some!: Fantasy Warfare – The Legions of Rome
299868,"Grand Fleets (Third Edition): King & Kaiser – The Great War in the Atlantic, 1914-1915"
358222,"Warhammer 40,000 (Ninth Edition): Codex – T'au Empire"
316690,"Warhammer 40,000 (Seventh Edition): Codex – Tau Empire"
347129,"Warhammer 40,000 (Ninth Edition): Codex – Orks"
316684,"Warhammer 40,000 (Seventh Edition): Codex – Orks"
337027,"Warhammer 40,000 (Ninth Edition): Codex – Drukhari"
316687,"Warhammer 40,000 (Seventh Edition): Codex – Dark Eldar"
321367,"Warhammer 40,000 (Ninth Edition): Codex – Necrons"
317538,"Warhammer 40,000 (Seventh Edition): Codex – Necrons"
340693,"Warhammer 40,000 (Ninth Edition) Codex: Adeptus Mechanicus"
316683,"Warhammer 40,000 (Seventh Edition): Codex Adeptus Mechanicus – Cult Mechanicus"
316682,"Warhammer 40,000 (Seventh Edition): Codex Adeptus Mechanicus – Skitarii"
316677,"Warhammer 40,000 (Seventh Edition): Codex Eldar – Craftworlds"
316685,"Warhammer 40,000 (Seventh Edition): Codex – Grey Knights"
324215,"Warhammer 40,000 (Ninth Edition): Codex Supplement – Deathwatch"
316675,"Warhammer 40,000 (Seventh Edition): Codex Adeptus Astartes – Deathwatch"
331756,"Warhammer 40,000 (Ninth Edition): Codex Supplement – Blood Angels"
316679,"Warhammer 40,000 (Seventh Edition): Codex Adeptus Astartes – Blood Angels"
321368,"Warhammer 40,000 (Ninth Edition): Codex – Space Marines"
303231,"Warhammer 40,000 (Eighth Edition): Codex Adeptus Astartes – Space Marines"
340694,"Warhammer 40,000 (Ninth Edition) Codex: Adepta Sororitas"
317543,"Warhammer 40,000 (Sixth Edition): Codex – Adepta Sororitas"
324214,"Warhammer 40,000 (Ninth Edition): Codex Supplement – Space Wolves"
316686,"Warhammer 40,000 (Seventh Edition): Codex – Space Wolves"
317349,"Warhammer 40,000 (Sixth Edition): Codex – Astra Militarum"
317303,"Warhammer 40,000 (Sixth Edition): Codex – Chaos Space Marines"
316676,"Warhammer 40,000 (Seventh Edition): Codex Eldar – Harlequins"
355933,"Warhammer 40,000 (Ninth Edition): Codex – Adeptus Custodes"
316689,"Warhammer 40,000 (Seventh Edition): Codex – Imperial Knights"
303087,"Warhammer 40,000 (Eighth Edition): Codex – Space Marines"
20653,Onslaught to Orsha: Operation Bagration
226507,Team Yankee: Iron Maiden
130231,"Flames of War: Blood, Guts, & Glory – Tank Battles in the Lorraine, September 1944-January 1945"
130234,"Flames of War: Devil's Charge – The German Offensive: Battle of the Bulge, December 1944"
133475,"Flames of War: NUTS – The Siege of Bastogne – Battle of the Bulge, December 1944"
28482,Blood and Guts! Complete Guide to the US Army in WWII
28432,Angriff! The German Army in WW2 1939-1945
7274,Tobruk Expansion Pack 2: Benghazi Handicap
286769,Warhammer Age of Sigmar: Warcry – Gloomspite Gitz
170304,Combat Leader: Expansion Module
351934,Warhammer Age of Sigmar (Third Edition): Destruction Battletome – Orruk Warclans
286855,Warhammer Age of Sigmar: Warcry – Nighthaunt
286856,Warhammer Age of Sigmar: Warcry – Stormcast Eternals
26917,Harpoon 4: Player's Handbook
208804,The Captain Is Dead: Lockdown
348932,Core Space: Black Star Rising
281484,Warhammer Age of Sigmar: Chaos Battletome – Disciples of Tzeentch
238923,Team Yankee: Stripes – US Forces in World War III
303085,"Warhammer 40,000 (Eighth Edition): Codex – Deathwatch"
303092,"Warhammer 40,000 (Eighth Edition): Codex – Harlequins"
303083,"Warhammer 40,000 (Eighth Edition): Codex – Craftworlds"
317310,"Warhammer 40,000 (Sixth Edition): Codex – Eldar"
303086,"Warhammer 40,000 (Eighth Edition): Codex – Blood Angels"
317531,"Warhammer 40,000 (Fifth Edition): Codex – Blood Angels"
300374,"Warhammer 40,000 (Eighth Edition): Codex Adeptus Astartes – Dark Angels"
317251,"Warhammer 40,000 (Sixth Edition): Codex – Dark Angels"
303081,"Warhammer 40,000 (Eighth Edition): Codex – Adeptus Mechanicus"
302941,"Warhammer 40,000 (Eighth Edition): Codex – Orks"
317547,"Warhammer 40,000 (Fourth Edition): Codex – Orks"
303084,"Warhammer 40,000 (Eighth Edition): Codex – Grey Knights"
317542,"Warhammer 40,000 (Fifth Edition): Codex – Grey Knights"
303089,"Warhammer 40,000 (Eighth Edition): Codex – Space Wolves"
317530,"Warhammer 40,000 (Fifth Edition): Codex – Space Wolves"
303078,"Warhammer 40,000 (Eighth Edition): Codex – Drukhari"
303095,"Warhammer 40,000 (Eighth Edition): Codex – Imperial Knights"
317351,"Warhammer 40,000 (Sixth Edition): Codex – Imperial Knights"
302940,"Warhammer 40,000 (Eighth Edition): Codex – T'au"
317327,"Warhammer 40,000 (Sixth Edition): Codex – Tau Empire"
317630,"Warhammer 40,000 (Third Edition): Codex – Assassins"
317619,"Warhammer 40,000 (Third Edition): Codex – Blood Angels"
317620,"Warhammer 40,000 (Third Edition): Codex – Dark Angels"
317622,"Warhammer 40,000 (Third Edition): Codex – Chaos Space Marines"
317556,"Warhammer 40,000 (Third Edition): Codex – Imperial Guard"
317618,"Warhammer 40,000 (Third Edition): Codex – Space Marines"
317635,"Warhammer 40,000 (Third Edition): Codex – Tyranids"
317634,"Warhammer 40,000 (Third Edition): Codex – Orks"
317621,"Warhammer 40,000 (Third Edition): Codex – Space Wolves"
317161,"Warhammer 40,000: Imperial Armour – Apocalypse Second Edition"
317165,"Warhammer 40,000: Imperial Armour – Update 2006"
317162,"Warhammer 40,000: Imperial Armour – Apocalypse"
317159,"Warhammer 40,000: Imperial Armour – Apocalypse"
317166,"Warhammer 40,000: Imperial Armour – Update 2005"
317167,"Warhammer 40,000: Imperial Armour – Update 2004"
317168,"Warhammer 40,000: Imperial Armour – Update"
317184,"Warhammer 40,000: Imperial Armour – Volume Four: The Anphelion Project"
317183,"Warhammer 40,000: Imperial Armour – Volume Three: Second Edition – The Taros Campaign"
317182,"Warhammer 40,000: Imperial Armour – Volume Three: The Taros Campaign"
317181,"Warhammer 40,000: Imperial Armour – Volume Four: The Anphelion Project"
317187,"Warhammer 40,000: Imperial Armour – Volume One: Second Edition – Imperial Guard"
317186,"Warhammer 40,000: Imperial Armour – Volume One: Imperial Guard and Imperial Navy"
317546,"Warhammer 40,000 (Fourth Edition): Codex – Dark Angels"
317529,"Warhammer 40,000 (Fifth Edition): Codex – Space Marines"
317551,"Warhammer 40,000 (Fourth Edition): Codex – Black Templars"
303091,"Warhammer 40,000 (Eighth Edition): Codex Heretic Astartes – Chaos Space Marines"
317552,"Warhammer 40,000 (Fourth Edition): Codex – Chaos Space Marines"
317307,"Warhammer 40,000 (Seventh Edition): Codex Supplement – Crimson Slaughter"
317304,"Warhammer 40,000 (Sixth Edition): Codex Supplement – Crimson Slaughter"
317309,"Warhammer 40,000 (Seventh Edition): Codex Supplement – Traitor Legions"
317308,"Warhammer 40,000 (Seventh Edition): Codex Supplement – Black Legion"
317326,"Warhammer 40,000 (Sixth Edition): Codex Supplement – Farsight Enclaves"
317325,"Warhammer 40,000 (Seventh Edition): Codex Supplement – Farsight Enclaves"
317548,"Warhammer 40,000 (Fourth Edition): Codex – Tau Empire"
317555,"Warhammer 40,000 (Fourth Edition): Codex – Chaos Daemons"
317535,"Warhammer 40,000 (Fifth Edition): Codex – Tyranids"
303090,"Warhammer 40,000 (Eighth Edition): Codex – Astra Militarum"
317534,"Warhammer 40,000 (Fifth Edition): Codex – Imperial Guard"
317253,"Warhammer 40,000 (Sixth Edition): Codex – Space Marines"
317550,"Warhammer 40,000 (Fourth Edition): Codex – Space Marines"
317342,"Warhammer 40,000 (Sixth Edition): Codex – Tyranids"
317554,"Warhammer 40,000 (Fourth Edition): Codex – Tyranids"
317624,"Warhammer 40,000 (Third Edition): Codex – Dark Eldar"
303079,"Warhammer 40,000 (Eighth Edition): Codex – Necrons"
317536,"Warhammer 40,000 (Fifth Edition): Codex – Necrons"
317632,"Warhammer 40,000 (Third Edition): Codex – Daemonhunters"
303088,"Warhammer 40,000 (Eighth Edition): Codex – Adepta Sororitas"
317628,"Warhammer 40,000 (Third Edition): Codex – Tau"
317623,"Warhammer 40,000 (Third Edition): Codex – Craftworld Eldar"
194990,"Warhammer 40,000 (Third Edition): Codex – Eldar"
317339,"Warhammer 40,000 (Sixth Edition): Codex – Chaos Daemons"
317004,"Warhammer 40,000 (Second Edition): Codex – Imperial Guard"
317005,"Warhammer 40,000 (Second Edition): Codex – Ultramarines"
317002,"Warhammer 40,000 (Second Edition): Codex – Angels of Death"
317009,"Warhammer 40,000 (Second Edition): Codex – Space Wolves"
317003,"Warhammer 40,000 (Second Edition): Codex – Chaos"
317537,"Warhammer 40,000 (Fifth Edition): Codex – Dark Eldar"
317000,"Warhammer 40,000 (Second Edition): Codex – Assassins"
317001,"Warhammer 40,000 (Second Edition): Codex – Sisters of Battle"
69247,"Warhammer 40,000 (Third Edition): Chapter Approved – 2001 Edition"
317007,"Warhammer 40,000 (Second Edition): Codex – Orks"
317006,"Warhammer 40,000 (Second Edition): Codex – Tyranids"
319448,Phoenix Command: Civilian Weapon Data Supplement
319447,Phoenix Command: Civilian & Police Weapon Data Supplement
319453,Phoenix Command: High Tech Weapon Data Supplement (Second Edition)
319452,Phoenix Command: High Tech Weapon Data Supplement
299244,Wings of Glory: World War 1 – RAF R.E.8
331962,Campaign Trail (Second Edition): Green Party Expansion
55942,Swedish Volunteers
158470,Dig Down Dwarf: Gems of Norcia!
232968,Team Yankee: Red Thunder – Soviets in World War III
141903,Battleships Armada
56336,Klingon Armada
70332,Romulan Armada
88471,Alien Armada
350742,Warhammer Age of Sigmar (Third Edition): Order Battletome – Stormcast Eternals
324655,Warhammer Age of Sigmar: Order Battletome – Stormcast Eternals
324649,Warhammer Age of Sigmar: Order Battletome – Stormcast Eternals
286853,Warhammer Age of Sigmar: Warcry – Ironjawz
255169,Zendo: Rules Expansion #1
318391,Zendo: Rules Expansion #2
22154,Toktong Pass: Escape from Chosin
303621,Tiny Acrobats
186064,Colt Express: The Time Travel Car
236512,"Warhammer 40,000 (Eighth Edition): Codex Heretic Astartes – Death Guard"
319750,Campaign Trail: Green Party Expansion
254840,Blood Bowl (2016 Edition): Skaven Team Card Pack
256766,Blood Bowl (2016 Edition): Dwarf Team Card Pack
236515,Tsukuyumi: After the Moonfall
167344,BattleTech: Alpha Strike Companion
8718,"All American: The 82nd Airborne at Shanley's Hill – June 6-9, 1944"
149716,ASL Comp: Bandenkrieg – Hell Behind the Eastern Front
340695,"Warhammer 40,000 (Ninth Edition): Chapter Approved – Grand Tournament 2021 Mission Pack and Munitorum Field Manual 2021 MkII"
279980,Blood Bowl (2016 Edition): Halfling Team Card Pack
227336,Blood Bowl (2016 edition): Death Zone – Season Two
138515,Battlegroup: Overlord
214443,Team Yankee: Leopard – West Germans in World War III
254841,Blood Bowl (2016 Edition): Chaos Chosen Team Card Pack
335676,"Warhammer 40,000 (Ninth Edition): Chapter Approved – Munitorium Field Manual 2021 Mk1"
14656,Federation & Empire: Combined Operations
67161,Ultimate Werewolf: Classic Movie Monsters
226008,Ultimate Werewolf: Hunting Party
102746,Ultimate Werewolf: Night Terrors
136171,Ultimate Werewolf: Urban Legends
152244,Ultimate Werewolf: Wolfpack
216556,Arkham Horror: The Card Game – Blood on the Altar: Mythos Pack
224363,Arkham Horror: The Card Game – Lost in Time and Space: Mythos Pack
208545,Arkham Horror: The Card Game – The Dunwich Legacy: Expansion
212734,Arkham Horror: The Card Game – The Essex County Express: Mythos Pack
210025,Arkham Horror: The Card Game – The Miskatonic Museum: Mythos Pack
219054,Arkham Horror: The Card Game – Undimensioned and Unseen: Mythos Pack
221725,Arkham Horror: The Card Game – Where Doom Awaits: Mythos Pack
291521,Hostage Negotiator: Abductor Pack 10
90316,Summoner Wars: Cloaks Faction Deck
310950,Core Space: Shift Change At Megacorp
37186,Classic Battletech: Tactical Operations
308643,Warhammer Age Of Sigmar (Second Edition): Destruction Battletome – Orruk Warclans
228962,Aventuria: Heroes' Struggle
303094,"Warhammer 40,000 (Eighth Edition): Codex – Adeptus Custodes"
51811,Dominion: Seaside
7273,"Tobruk Expansion Pack 1: Wavell's 30,000"
8608,Hollow Legions: ASL Module 7
235542,Arkham Horror: The Card Game – A Phantom of Truth: Mythos Pack
239330,Arkham Horror: The Card Game – Black Stars Rise: Mythos Pack
242088,Arkham Horror: The Card Game – Dim Carcosa: Mythos Pack
228778,Arkham Horror: The Card Game – Echoes of the Past: Mythos Pack
237234,Arkham Horror: The Card Game – The Pallid Mask: Mythos Pack
225563,Arkham Horror: The Card Game – The Path to Carcosa: Expansion
230510,Arkham Horror: The Card Game – The Unspeakable Oath: Mythos Pack
110242,Sentinels of the Multiverse: Rook City
240350,Magic: The Gathering – Future Sight
240348,Magic: The Gathering – Planar Chaos
240347,Magic: The Gathering – Time Spiral
245744,Great Western Trail: Rails to the North
