bg_id,id
161936,221107
161936,30549
224517,28720
167791,328871
167791,296108
233078,12493
220308,120677
182028,25613
115746,9609
193738,341169
169786,226320
84876,191977
84876,232988
173346,68448
124361,256916
28720,65901
28720,224517
120677,220308
183394,128621
164928,287275
266507,201808
96848,182340
246900,72125
3076,8217
3076,166669
102794,220520
102794,31260
170216,23985
31260,200680
31260,119890
31260,255262
31260,210625
31260,205418
31260,102794
221107,314040
221107,30549
221107,161936
205059,83330
256960,287682
256960,155255
256960,198843
284083,324856
2651,33434
2651,39336
2651,155873
2651,203780
2651,106662
2651,12166
164153,17226
164153,104162
180263,286063
180263,283317
244521,354886
161533,262477
230802,346965
230802,256226
230802,287954
72125,246900
25613,182028
191189,352179
124742,1301
28143,205597
28143,255692
28143,132531
314040,30549
314040,221107
201808,233371
201808,266507
121921,192455
171623,283948
68448,316377
68448,173346
68448,346703
200680,31260
62219,262941
62219,96260
122515,252446
122515,205507
324856,284083
18602,284818
18602,27364
37111,340466
12493,233078
12493,26055
73439,284584
40834,209419
170042,301880
146021,257499
146021,15987
281259,338460
163412,264239
163412,246639
42,19419
42,244114
284378,328124
284378,109276
178900,301628
132531,28143
36218,209418
36218,184207
233371,201808
30549,314040
30549,161936
30549,221107
30549,260428
30549,329670
30549,301919
30549,198928
30549,192153
30549,234671
30549,150658
30549,342848
198928,30549
196340,264637
196340,335736
175155,22827
127023,297562
127023,336849
175640,42052
233398,33160
4098,17133
4098,27833
146652,129437
147020,179303
147020,198994
103885,155689
103885,139771
103885,252328
34635,191004
271324,327711
14996,218208
14996,9209
233867,281075
233867,339789
233867,260937
148949,235488
77423,349067
244522,354892
244522,316546
244522,269210
287954,346965
287954,230802
287954,256226
104162,164153
104162,17226
9609,115746
254640,241611
220877,318553
256916,124361
283948,171623
10630,551
128882,316287
128882,317030
128882,162890
128882,163322
128882,41114
17133,142303
17133,68228
17133,4098
282524,343562
155426,258036
155426,326945
155426,223278
265188,66362
39463,298572
39463,313010
39463,204837
39463,15
39463,40529
39463,40531
221194,318009
221194,317457
103343,6472
14105,209003
14105,62222
14105,259066
123260,343588
123260,267367
31627,9209
104006,172381
171131,231819
126042,157809
223321,355276
223321,293531
223321,329713
223321,299255
224037,249821
239188,300300
239188,302098
239188,302312
148228,293296
268864,290359
12,59753
12,35503
12,12589
146886,341945
146886,195528
822,6779
822,230751
822,41010
822,206940
822,348685
822,163370
822,4390
822,182082
822,256065
822,147303
822,180564
822,7717
822,12902
822,16216
822,131014
822,34615
822,30662
9209,258140
9209,244525
9209,309113
9209,14996
9209,205125
9209,225244
9209,276894
9209,21348
9209,253284
9209,31627
9209,202670
9209,34127
209418,36218
306735,273779
129437,195571
129437,174570
129437,146652
129437,256874
129437,285157
129437,200171
129437,210290
176189,113924
109276,328124
109276,284378
194655,315631
194655,9963
283355,341165
283355,121
232832,209685
318977,338834
192291,133473
158600,322339
155068,179803
155068,257193
198994,147020
31481,336794
328871,167791
20551,226562
20551,109125
20551,3307
118,40381
128621,183394
27833,4098
19857,175199
19857,128063
3,35634
204583,281960
204583,260941
204583,340041
155873,2651
92828,138547
24181,54138
274637,3284
295486,351476
295486,359394
144344,296100
165722,270131
760,297985
760,340252
760,372
181279,20963
22545,173442
22545,187785
154203,270844
154203,270836
154203,73369
223040,359152
223040,347117
222509,340865
294484,3284
59294,25
54138,24181
46213,173761
46213,153016
46213,216798
46213,302463
146439,25417
187617,39232
187617,57804
172081,286537
139976,326485
209685,232832
234,227460
163967,317105
163967,285826
54,325923
136888,314580
40692,140135
40692,309630
40692,60
260605,153938
129622,198522
129622,200699
129622,304285
129622,158340
129622,158339
129622,277085
129622,196326
129622,175307
129622,168584
129622,339905
129622,189504
129622,169611
129622,198740
129622,294648
129622,353470
129622,324415
129622,300802
257499,15987
257499,146021
181304,301767
181304,113997
2653,24037
2653,315048
2653,177147
59959,190082
176920,18258
21241,238393
39856,284007
39856,307090
39856,329845
41114,316287
41114,128882
37046,285984
119890,31260
188866,319078
199042,254192
199042,282418
172,318709
192458,73369
182134,155703
17392,242722
17392,41066
8217,166669
8217,3076
50,34585
50,244795
24480,67593
33160,233398
9217,156943
144592,345155
144592,275913
186751,331398
186751,125996
204305,6266
256226,346965
256226,287954
256226,230802
21348,119637
21348,9209
70323,160499
70323,293141
40765,299659
155987,276042
260428,30549
166669,3076
166669,8217
166669,165355
236191,65781
36932,257518
71,184424
121,283355
121,341165
121,173486
121,104363
54625,165838
54625,63091
243,1035
215311,932
269210,316546
269210,244522
15987,257499
15987,146021
15987,34
55670,314582
66188,292013
215341,53953
215341,142961
215341,116998
245655,341870
100901,74596
128671,168512
79828,197320
79828,133632
34219,164506
34219,300523
34219,333553
34219,122943
270844,154203
27162,199966
27162,271349
27162,154509
15985,212445
15985,318472
15985,3071
15985,2288
15985,712
372,38387
372,760
372,297985
372,300930
372,340252
372,322864
66362,265188
11170,167698
192153,30549
105134,349769
105134,181
18833,3201
150658,30549
25417,146439
25417,67492
62222,14105
150,14254
246684,344768
157969,298638
157969,3705
157969,22237
157969,104640
5404,354568
5404,232303
17226,104162
17226,164153
17226,10640
83330,205059
83330,206547
712,212445
712,15985
712,356631
712,2288
136063,245271
136063,65244
146791,322984
341169,193738
158899,299027
233312,256883
478,205398
478,130060
15062,129904
13,123386
13,38749
13,103091
13,244144
13,67239
13,25234
13,161527
13,194097
13,284815
13,147240
13,3972
13,282853
13,172994
13,13831
13,229218
13,5824
13,52825
13,3655
13,38821
13,20899
13,4394
13,6778
13,27766
13,189
13,24511
13,117985
13,1897
13,5549
13,144418
205398,478
205398,13291
65781,236191
127398,295488
240196,10547
150145,191071
319966,172996
191862,255674
171668,231327
171668,335541
221965,288169
36553,1353
102652,335212
125618,356033
293141,70323
9674,219475
9674,32876
9674,243530
9674,22484
147949,176361
147949,339647
147949,142503
58421,267271
58421,308388
11,128412
11,261341
11,81100
11,217261
11,351605
11,313649
11,26946
11,256503
11,171419
11,20136
11,148000
11,138703
301880,170042
90419,43
90419,94
156009,147999
18,216201
133473,192291
133473,271869
34119,788
42052,175640
181530,21523
133038,271060
128780,284
316377,68448
6249,313274
6249,58099
6249,66190
6249,431
256952,147009
183251,234439
183251,235465
151022,224678
91312,249746
277085,129622
22827,175155
141572,223750
141572,338468
196326,129622
153938,260605
153938,192947
252328,103885
252328,183562
183562,252328
297562,127023
155703,182134
155703,71021
39938,248117
169427,323947
160010,222514
212445,247104
212445,318472
212445,3071
212445,2288
212445,712
212445,15985
172308,192735
172308,34084
175095,144568
6472,103343
9625,108429
9625,17710
258210,238024
274638,3284
4390,822
169255,39953
117959,271319
117959,209886
113924,264164
113924,137988
113924,161866
113924,286751
113924,176189
113924,224710
113924,248065
284435,200853
247367,342857
174785,3931
131357,188188
131357,233085
131357,148943
216734,291794
216734,322561
216734,322562
216734,322563
216734,320527
30869,114387
30869,13883
119432,228959
119432,255924
1513,148057
130960,300323
130960,256872
135219,263177
37904,173
163166,339647
10547,228660
10547,358504
10547,302809
10547,240196
209778,242740
209778,283135
1353,46158
1353,37141
1353,38713
1353,57660
1353,174219
1353,230262
1353,36553
248490,92120
24508,188076
198953,308119
198953,2299
58281,332800
58281,339263
224710,113924
46,202288
46,291511
121288,119657
3201,18833
21763,145645
21763,55427
21763,72287
5782,27588
150997,322985
107529,303554
245961,328326
245961,121297
116998,215341
116998,53953
296912,249106
113294,310198
113294,149809
699,22192
699,328586
88,4432
20963,181279
20963,936
155624,235544
258036,168435
258036,155426
432,63706
432,268586
432,286533
432,40958
432,31503
432,153
432,136117
432,205885
65532,169464
65532,311731
123540,275215
181521,254591
154825,300664
153016,46213
3307,20551
3307,109125
168584,129622
29603,217201
29603,67601
29603,355459
29603,67600
72321,292489
190082,59959
143741,177697
143741,3955
156336,71836
242574,283619
69789,304531
69789,325810
69789,145633
226320,169786
7717,822
22345,269725
256382,302336
256382,335528
270970,312318
168435,258036
179803,155068
173442,187785
173442,22545
36235,257601
2163,63091
143515,192945
483,250
137988,161866
137988,113924
20100,47046
20100,232121
20100,66588
20100,123239
20100,187362
20100,286428
255692,28143
220520,102794
249381,32944
156943,9217
160499,70323
169654,330403
110277,200954
214887,72225
38996,620
266830,209136
2453,6411
2453,286310
2453,16395
2453,97469
2453,342097
290359,268864
281442,324609
1035,243
30957,292899
156566,3800
156566,21355
299659,40765
299659,146244
299659,167825
117915,281466
24800,286343
24800,132028
244992,357319
244992,287607
202670,9209
45,245136
148575,91536
194879,354521
244114,42
113997,181304
35570,321277
12902,822
94,90419
94,43
175117,632
41,217547
41,4082
41,344268
41,43144
139898,154905
234671,30549
179172,315881
300300,239188
155362,19237
195137,228553
195137,57390
15512,46800
16747,29140
53953,142961
53953,116998
53953,215341
53953,140951
204472,281258
129948,348070
41066,17392
1041,4401
132028,286343
132028,24800
65244,136063
91514,321711
91514,356301
29368,231942
37380,270971
37380,150926
37380,167828
26990,229892
2181,359591
1465,25866
1465,286547
1465,191475
227460,99181
227460,234
223953,287938
216459,240957
9440,298378
98229,252526
13642,217466
131260,151835
131260,208775
131260,287691
131260,212551
160851,274090
239464,354335
491,18100
491,153625
491,270109
65901,28720
256999,171726
240,280106
332800,58281
191977,84876
904,113511
8051,249410
27588,232481
27588,117942
27588,5782
147151,247314
147151,343307
147151,307230
285984,37046
207830,253618
38054,147707
169124,207016
169124,232880
219215,245422
254386,312767
198740,129622
25669,171489
25669,39813
248065,113924
154086,280041
235488,148949
177478,164878
174570,129437
19600,104955
19600,166857
69779,303551
293296,148228
158275,91536
939,183880
66505,193739
224,46007
72287,21763
165838,54625
182340,96848
161866,113924
161866,137988
199966,27162
199966,39775
131646,230
72225,214887
66056,27802
66056,278
200954,110277
104710,324937
104710,589
218509,98347
1382,383
104363,121
253284,9209
157809,126042
141517,178054
284818,18602
228504,344839
340466,37111
229892,26990
22825,174402
1301,124742
284777,3284
244654,275034
136991,152757
60,40692
45986,179460
272739,156840
25568,298231
222514,160010
217861,130548
35497,84088
35497,153507
35052,98
55427,21763
135382,226501
135382,254123
135382,182961
191300,31105
18100,153625
18100,270109
18100,491
91536,138649
91536,173294
91536,219985
91536,182770
91536,160902
91536,183572
91536,298345
91536,130912
91536,168998
91536,148575
91536,187353
91536,177939
91536,158275
91536,191579
91536,217471
91536,147363
159473,331979
159473,208773
159473,247704
159473,195227
270971,37380
197070,315610
21523,181530
21523,9829
1608,1666
223750,141572
551,88827
551,10630
146312,201037
67492,25417
142326,131366
71671,284333
1634,264198
1634,332075
1634,218933
1634,197572
1634,1758
207336,260332
16992,123107
16992,124172
16992,266177
68264,42104
68264,38877
68264,59064
5737,66
17329,111081
17329,230890
17329,104805
17329,111379
156091,255332
156091,351616
11971,129736
24068,337262
24068,288098
276894,9209
681,123163
182694,346142
256589,60435
327,4410
327,32048
327,173341
262941,62219
175199,19857
286751,339300
286751,351817
286751,338630
286751,331224
286751,113924
184151,1887
183880,939
27364,18602
257518,36932
17396,111890
205597,103649
205597,28143
278,27802
278,66056
206931,285894
206931,320677
34084,172308
8989,271150
143884,199799
143884,340364
143884,259081
143884,356615
143884,205494
143884,244716
121297,245961
204836,311539
204836,260000
204836,291105
204836,296948
204836,327107
204836,276760
204836,353679
204836,325704
204836,311541
204836,343309
204836,266802
204836,337690
204836,352687
204836,351224
281466,117915
50768,264141
137297,300936
105,329450
105,718
105,1367
42910,181501
271869,133473
126100,138963
123955,2154
22141,265784
173090,345283
173090,209325
173090,236461
173090,296512
152470,278304
152470,107704
152470,6909
152470,1014
316546,244522
316546,269210
147303,822
228855,356587
16395,2453
19100,285133
35815,308970
38159,152242
38159,162944
38159,27682
213266,227266
213266,245206
102548,357028
102548,321047
102548,321044
102548,315976
102548,315975
102548,334349
855,249411
18258,176920
43443,133437
43443,156786
43443,267314
43443,193737
43443,256126
251412,300129
39953,129976
39953,169255
39953,4286
131014,822
12995,42124
12995,144525
134253,277659
25821,236475
25821,343981
25821,311912
230,131646
1540,31759
1540,296694
132372,226170
132372,196305
132372,196306
132372,202755
132372,205491
38823,286344
346703,68448
57390,194286
57390,195137
10,180325
10,229
10,711
60435,312959
60435,256589
1159,107255
119591,346645
192074,4396
165986,38778
1261,167270
338834,318977
41916,279861
129736,11971
61692,520
228660,10547
16986,46396
16986,31479
16986,118568
16986,28258
16986,266421
16986,34969
16986,180595
85256,342924
318553,220877
53093,319264
53093,208700
53093,228051
53093,29078
301767,181304
276042,155987
317457,221194
233020,345435
233020,1768
826,224031
826,25823
183006,217470
269595,282463
184424,338980
184424,267304
184424,177
184424,71
9220,245214
83195,244702
83195,329533
83195,235296
83195,118705
83195,148532
83195,197760
83195,12287
9203,208754
9203,119866
9203,31552
9203,36482
9203,22532
117985,13
134453,351972
2842,171197
2842,16267
2842,260799
2842,287552
2842,34508
2338,153425
309630,40692
1897,282853
1897,13
325635,3284
150312,227110
10640,17226
10640,205317
299169,355737
33604,232122
232988,84876
63268,340354
63268,125048
63268,117995
63268,167774
63268,153820
63268,117997
63268,143843
179460,45986
15,39463
15,40529
15,40531
15,298572
394,4330
394,309
223770,176458
339789,233867
281655,172737
281655,124147
281655,68305
281655,5525
252526,98229
308119,198953
254591,181521
142992,340834
264982,161813
302524,353311
302524,328826
205418,31260
179572,227171
22038,1143
204505,301019
5716,141791
255674,191862
245422,219215
9446,147154
139030,356907
272533,328555
176229,195544
176229,272756
75165,275010
3284,6841
3284,295564
3284,274637
3284,335764
3284,315060
3284,294484
3284,326937
3284,326934
3284,354544
3284,284778
3284,284777
3284,325635
3284,326933
3284,274638
3284,326936
42487,34585
167270,1261
19237,30324
19237,155362
19237,174221
902,72
66,5737
242722,17392
163474,260789
120523,287450
181810,277611
181810,168700
55829,1262
492,53103
492,294
109125,226562
109125,20551
109125,3307
196,161782
6411,2453
624,13875
624,7581
15818,66798
15818,66797
299684,268846
3072,234521
3072,256534
3072,223619
191894,300908
101785,233208
101785,61028
318009,221194
71836,156336
195544,176229
43022,84838
43022,274080
43022,163047
43022,163048
165950,181617
24417,183284
22877,139433
216201,18
481,341286
166857,19600
594,11572
288169,221965
205317,10640
227456,280748
438,55763
438,534
438,261844
438,171665
438,148740
438,100881
438,216301
438,94837
438,264970
438,255744
438,332664
148943,131357
307002,350604
131366,142326
47055,172737
47055,174333
47055,5525
225244,9209
225244,119637
225244,171897
204,30365
172381,104006
194626,352262
106662,2651
281946,256883
13884,1491
3955,143741
3955,182094
3955,164930
3955,168752
3955,160567
3955,176774
3955,269564
3955,128667
3955,156042
3955,319336
226501,135382
38862,314401
156714,1037
131111,215437
181524,162476
115,294127
115,125605
38343,329128
143986,229453
336794,31481
22484,9674
223931,3224
223931,3225
223931,134674
223931,124001
304285,129622
40270,8817
61487,316238
61487,88253
1829,181
123607,350079
123607,67928
195043,227110
264198,1634
5206,29026
283317,180263
148951,286447
248158,358588
248158,308329
248158,283211
248158,304728
248158,280986
40209,3202
34297,287658
3800,156566
119,29308
195571,129437
26457,325348
26457,68
24773,281152
123499,195503
10093,41863
10093,98
178054,141517
168609,341325
268620,197551
271319,117959
271319,149975
929,1814
14254,150
1544,163
6351,175088
88827,551
149951,320459
149951,249421
149951,196496
123570,300329
123570,246228
147253,259298
73369,192458
73369,154203
73369,143105
205046,299607
205046,316343
254,32005
163805,322467
200853,353152
200853,284435
200853,309105
8098,274651
8098,313352
8098,155577
8098,104769
8098,21015
8098,56294
8098,144468
494,459
21133,326767
221769,97915
175307,129622
1198,356667
1198,34583
1198,128290
1198,168390
1198,324784
249746,91312
29937,172996
208895,319593
208895,37371
38545,153498
38545,110245
38545,26151
142079,123096
172996,319966
172996,29937
259298,147253
138649,91536
223215,342021
139771,240143
139771,103885
171726,256999
107255,1159
206940,822
252446,122515
136280,351155
206915,170587
206915,236217
297985,760
297985,372
98,10093
98,123185
98,35052
98,41863
171011,21632
361,204599
287938,223953
122842,270408
160902,91536
112138,256940
19622,14821
38713,1353
123239,20100
300442,255708
70,261424
277659,134253
268201,348406
104955,19600
211716,332686
2808,10156
15511,322564
254192,199042
169611,129622
275913,144592
4636,249670
3097,334353
46396,16986
270109,18100
270109,153625
270109,491
310448,147009
41010,822
155255,256960
4396,192074
238393,21241
35503,12
1887,184151
124172,16992
24742,160964
235375,2610
235375,5795
27627,274690
27627,273976
27627,714
38765,255659
57660,1353
142961,215341
142961,53953
259081,143884
295564,3284
163370,822
267271,58421
146418,397
268586,432
3931,174785
125752,349703
297486,161885
66588,20100
241590,297006
241590,303994
241590,340722
241590,354031
284584,73439
168998,91536
302098,239188
85005,340030
67877,250834
67877,225062
67877,142271
811,183233
811,237792
195528,146886
192945,143515
129459,346597
129459,6050
245931,280812
21551,11057
21551,1444
274841,343028
16267,260799
16267,2842
73,2570
232,135281
253618,207830
49,41239
28259,279348
260300,354342
31105,191300
31105,28060
23679,15086
1219,274205
1219,130601
1219,1218
1219,8985
1219,437
1219,176193
1219,1217
1219,130600
1219,264968
128667,3955
179303,147020
36648,264429
266083,325853
266083,313473
266083,310104
65564,6927
22192,699
37141,1353
17710,97
17710,9625
342848,30549
193737,43443
248861,346482
269725,22345
283619,242574
184824,334286
184824,274428
67239,13
172737,281655
172737,47055
172737,124147
172737,149689
398,34701
398,95345
9910,36482
9910,22532
526,266553
526,31968
526,89951
42124,144525
42124,12995
155695,28086
1117,193062
1117,56786
238656,155708
120217,16772
111105,315943
169318,266102
235555,29256
41863,10093
41863,98
140,26922
9441,280979
153507,192297
153507,343959
153507,236264
153507,168497
153507,318562
153507,35497
81640,284825
81640,143484
81640,311464
12589,12
472,359127
472,310636
472,5177
472,71061
123096,142079
620,3409
620,38996
172933,272993
168788,40604
177354,232166
177354,317519
177354,338124
40760,200924
40393,67910
215312,1992
34585,40832
34585,66085
34585,41003
34585,42487
34585,50
75476,310692
75476,11096
205125,218208
205125,9209
46255,200834
153064,287821
153064,195237
153064,228483
16772,120217
222407,174155
466,353
137330,350015
193739,78750
193739,66505
92190,320499
71061,157958
71061,472
68182,1305
31552,208754
31552,119866
31552,9203
286537,172081
312318,270970
27225,284845
27225,202477
27225,164917
27225,76322
27225,202478
163,6512
163,1544
163,250331
65282,115680
301919,30549
6779,822
67254,199076
67254,4741
89910,257096
144553,161226
195503,123499
128,60126
128,25294
191963,638
150293,274445
3720,119369
3720,330176
31759,296694
31759,283768
31759,1540
148601,190572
148601,359443
12166,33434
12166,39336
12166,2651
15953,36482
15953,22532
66214,38637
2570,73
210290,129437
40237,295374
66171,288828
236217,206915
236217,231748
236217,170587
180564,822
337,18791
133632,197320
133632,79828
227072,306745
227072,205420
125921,27766
6887,332756
118536,276804
58110,245658
197572,1634
233208,101785
233208,61028
1563,283
1563,2904
1563,249775
1563,7614
320,13464
320,353598
157958,71061
559,58602
295785,248907
158339,129622
227758,205045
443,616
99,115293
5781,152567
5781,14
281960,204583
282853,13
282853,1897
197097,309721
197097,308533
197097,306921
197097,307191
197097,268398
36399,3409
28,316093
28,859
2596,3751
183284,24417
1270,12488
21632,171011
196496,149951
3570,33212
3570,148530
195372,231962
281152,322076
281152,24773
288513,334717
154509,199382
154509,27162
73664,271321
203430,195330
29972,267
208773,159473
15510,204323
66849,313718
205494,143884
204135,301242
38531,222821
40990,63778
328565,232824
29073,128885
15839,359613
309105,200853
638,191963
281075,233867
67185,234949
67185,332944
137031,343665
137031,202450
137031,223449
191004,34635
1111,97747
1111,177799
1111,8998
1111,297783
1111,286408
37371,208895
37371,319593
228959,119432
205045,227758
589,104710
72,902
173761,46213
327711,271324
298638,157969
298638,226065
144568,175095
144568,99130
68820,291155
142121,226170
142121,196305
142121,196306
142121,202755
142121,205491
205507,122515
262477,161533
205867,2571
229218,13
229218,1361
158572,338351
22143,77
9341,130605
185538,299450
247104,212445
175621,39998
278553,271321
311715,199242
14,152567
14,5781
218208,14996
218208,205125
4218,246543
40529,39463
40529,40531
40529,298572
40529,15
17240,257273
17240,167185
17240,40491
154906,355224
203780,2651
10997,297661
4192,268266
340041,204583
130060,478
142271,67877
253664,315882
253664,313802
253664,338678
180956,339647
255615,186864
76150,128733
76150,69851
83667,39927
318472,352026
318472,212445
318472,15985
256066,344697
256066,223619
256066,207653
191925,299571
4394,13
4741,67254
4741,199076
123609,350079
67928,350079
67928,123607
39206,123228
118705,244702
118705,83195
40381,118
209325,173090
9364,349416
9364,353129
631,5389
11057,176596
11057,21551
11057,5233
39927,83667
343562,282524
245271,136063
8107,4324
4209,321757
170587,253786
170587,206915
170587,231748
170587,236217
17053,260998
83734,42396
1155,12538
1155,54643
21791,266141
231327,171668
80771,257164
285894,206931
193867,253607
193867,277538
103649,205597
62871,204175
62871,125368
62871,155119
62871,102940
303672,344415
302336,256382
16991,91034
77,22143
119637,225244
119637,21348
40398,164840
40398,265797
40398,129395
19427,39440
19427,162012
300905,334137
37196,249683
145633,308755
145633,69789
274093,356133
249411,855
192455,121921
66587,123536
299121,144743
251890,30356
798,7118
145645,21763
23107,171630
23107,61269
156501,266447
158340,129622
271060,187687
271060,133038
32944,249381
105593,235944
251053,347013
251053,335678
161226,144553
91523,154009
78733,275067
256874,129437
262547,347200
262547,268254
153623,170296
153623,38657
223278,155426
192934,169925
40832,34585
32484,143238
32484,175177
274428,334286
274428,184824
20,16063
2288,212445
2288,712
2288,15985
2288,3071
8195,59543
8195,21562
207016,169124
277927,34004
3972,172994
3972,13
32674,348934
32674,248641
31479,41291
31479,16986
279869,188018
160081,93895
160081,100798
128445,193670
2533,144526
2533,38195
276925,351652
276925,322523
248949,166776
128554,30024
19841,21012
38309,57998
164812,129090
632,175117
236461,173090
1262,55829
140535,218610
140535,161943
140535,280897
112373,113066
112373,76203
112373,186073
193557,133747
321277,35570
59753,12
936,20963
125311,28738
245658,58110
231819,259809
231819,171131
102104,258
22532,216710
22532,131183
22532,42306
22532,15953
22532,9203
22532,9910
303551,69779
124839,338434
883,37376
883,174065
883,292
232824,328565
232824,180256
1491,13884
153,432
168274,349333
168274,149374
2381,64219
2381,40115
1589,158098
1589,37061
1589,29663
59,93724
38786,319033
932,215311
932,7956
932,5389
932,2017
257193,155068
329845,39856
16216,822
714,5336
714,27627
169464,65532
149809,113294
23817,292187
37400,207783
70519,278337
129731,224141
8172,317981
8172,31545
187687,271060
315060,3284
12350,196712
34615,822
247585,174260
34969,16986
193670,128445
1293,354127
264239,163412
216403,280475
216403,39530
2266,13230
133528,256643
1194,156175
5622,314577
93724,59
254123,135382
1334,200
520,61692
32441,35137
32441,186243
32441,133337
32441,321602
32441,264267
3439,146977
3439,212607
315881,179172
5620,332402
217776,286439
149241,330116
149241,313859
223,136558
223,156
313010,39463
1621,187056
35505,219621
35505,219622
197320,79828
197320,133632
130486,326538
182082,822
208775,131260
208775,167305
90870,187606
24037,315048
24037,2653
119866,31552
119866,9203
247342,345792
256680,30
134520,41490
281515,292070
198522,129622
23451,137238
4174,151684
2162,13362
2162,316655
25729,209877
235922,352810
202288,46
101,5389
273779,306735
27463,279581
230769,318474
235591,46007
36708,41474
41302,5770
95105,260218
135281,232
11168,38784
11168,334505
11168,338951
11168,307885
11168,190700
296,245645
788,34119
209003,14105
25951,168839
127493,135732
127493,319093
127493,319091
127493,319092
127493,319090
3202,40209
100679,51367
56786,1117
508,158982
508,10501
46007,235591
46007,224
27048,140164
305985,63975
16,11335
140343,275802
3421,102159
189,13
271321,278553
271321,278554
271321,302926
271321,318098
271321,73664
280748,227456
7806,254191
7806,224907
58602,559
6050,129459
8924,254227
8924,151228
255708,300442
255708,154428
223779,172244
300936,137297
1917,6272
1917,215227
1917,232822
1917,40432
1917,130841
1917,484
1917,197108
1917,174064
1917,9246
815,71676
815,268276
63091,54625
63091,2163
169,9735
299,28096
299,8495
299,31583
299,12715
299,284578
299,5369
299,31167
177939,91536
39336,12166
39336,2651
256804,172225
296167,254213
192638,125833
30,256680
181617,165950
257,120447
257,250963
635,27167
176565,127526
71655,253149
1758,1634
192947,153938
5205,29026
150926,37380
2238,162734
22551,150049
22551,181
140951,53953
58,2252
23604,279322
8829,21277
8829,313934
420,24225
349067,77423
248117,39938
309113,9209
183308,7935
183308,4613
8124,66076
2795,291828
2795,13354
2795,1126
2795,12676
295488,127398
130792,298397
148532,244702
148532,83195
260332,207336
186721,54914
18460,150005
285253,350670
1037,156714
67600,29603
246639,163412
208480,39635
147537,281657
147537,52328
260407,344254
117942,27588
207062,298190
1561,1294
155708,238656
437,8985
437,130600
437,1219
189848,1927
18500,181235
141791,5716
174155,222407
293531,223321
114387,30869
287742,222543
264476,295604
2582,242186
2582,135262
3409,36399
3409,620
295374,40237
234190,268936
234190,346838
234190,358153
234190,311086
83040,41474
39813,25669
256065,822
20806,138127
20806,63196
20806,280501
3605,316410
287607,244992
160418,183578
160418,282033
2389,19702
183896,258
1017,164698
156373,224830
270836,154203
84838,43022
37165,126613
37165,13362
140519,323605
154428,255708
102148,225449
139131,338434
97915,221769
97915,639
25071,1927
285157,129437
17484,322198
3655,13
234248,302270
3348,308
302312,239188
317311,160726
204837,39463
626,267402
943,415
943,43017
943,293458
943,292831
943,46586
12346,298375
247314,147151
214,27683
214,1324
85769,4288
180602,177503
115293,99
3837,212663
3837,272078
300930,372
173341,327
156266,299104
3234,179386
34127,9209
149119,247034
179719,181
180198,163377
1038,21611
299027,158899
7349,297958
36367,203800
36367,161126
36367,160961
36367,160960
36367,160962
271519,359406
215308,2174
215308,2
284333,71671
35342,198630
35342,14860
200,1334
200,31410
200,35293
200,14017
264164,113924
186864,255615
260789,359187
260789,163474
103132,233956
215437,131111
140863,165469
68228,17133
274090,160851
68858,115680
202755,132372
202755,142121
128063,19857
5795,235375
5795,2610
25234,13
229370,205544
29663,26203
29663,233724
29663,1589
29663,158098
29663,37061
41490,134520
176803,155452
30662,822
356033,125618
1444,21551
2604,130053
46158,1353
204493,304042
107190,184145
107190,65334
167698,11170
164698,1017
188076,24508
177147,2653
283211,248158
275010,75165
3986,310880
299607,316343
299607,205046
23985,170216
31503,432
172881,304490
172881,357999
172881,357989
172881,254189
172881,94822
30356,251890
200171,129437
99358,4211
246228,300329
246228,123570
19679,209809
3141,159209
41003,244795
41003,34585
129294,331960
129294,331755
66085,34585
235544,155624
160964,24742
319793,250643
298586,330664
545,24209
22287,342807
22287,3349
2290,1735
152757,136991
24070,5699
335764,3284
10660,43774
13883,30869
1419,21047
86955,1927
38657,153623
13293,178892
13293,352817
1666,1608
258104,210663
174744,4562
2633,206925
2633,165587
2633,129615
6541,296449
6541,15866
257164,80771
180325,158
180325,10
180325,147542
180325,122213
180325,711
75789,165586
4204,193238
29308,119
249821,224037
31056,2316
3128,308
173294,91536
218995,180355
218995,182029
200924,40760
187353,91536
1710,33521
224133,262818
286428,20100
282418,199042
56933,155693
56933,152758
10383,181
195227,159473
171835,244820
247160,2406
183572,91536
3553,54620
1768,233020
75223,193105
278554,271321
173805,348877
40531,39463
40531,298572
40531,15
40531,40529
298572,39463
298572,15
298572,40531
298572,40529
98085,814
229427,314243
229427,160044
303554,107529
30804,182544
30804,181520
30804,165027
30804,162687
154634,158742
264637,196340
3464,263996
38749,13
27739,254588
216856,252135
32989,291434
32989,10829
32989,4258
265784,22141
273264,347900
273264,249675
271512,256620
257096,89910
299255,223321
859,28
63706,432
4095,1927
205885,432
155689,103885
283,7614
283,1563
52328,147537
52328,187676
235,25685
173319,147883
173319,158341
172225,246398
172225,256804
172225,343282
172225,341164
129090,198741
129090,164812
129090,157838
73538,258
130390,226254
286344,38823
192297,153507
254213,296167
254213,300367
254213,300369
804,342070
32114,609
36345,258
230408,249833
230408,287863
230408,1406
84159,192777
1431,31198
1431,32234
4212,215565
267,29972
92120,248490
173536,293925
20079,259
7929,37184
329450,105
110,22581
110,1310
550,172164
32838,341336
256707,359612
93971,40213
234521,281782
234521,3072
4211,99358
182770,91536
87821,244452
71021,155703
71021,344992
71021,151985
71021,330152
135262,32109
135262,2582
91034,16991
201308,358086
201308,2667
101865,248375
12140,2090
191177,265635
112869,1927
4471,247963
194286,228553
194286,57390
153425,2338
5336,714
5534,179835
5534,201393
171630,23107
13532,2994
226254,130390
346965,230802
346965,256226
346965,287954
8817,40270
96026,165740
6539,173
35248,4106
6688,213304
6688,64843
214996,7994
125924,333280
339,146994
339,179203
3406,343687
25823,224031
25823,826
29285,6203
431,6249
253786,170587
14634,334207
13362,37165
13362,2162
259066,14105
259066,122913
20295,26315
232979,166726
33468,41372
147623,312
215565,4212
215565,35458
215565,4206
231962,195372
222887,351106
69130,3985
4206,215565
317105,163967
313473,266083
101786,203800
101786,161126
101786,160961
101786,160962
30932,66982
300664,154825
322561,216734
275034,244654
24304,172207
98347,218509
320527,216734
22237,104640
22237,157969
22237,3705
179835,5534
224031,826
224031,25823
245645,296
40107,321537
236305,359131
236305,216157
15826,190462
3577,12139
67601,29603
58099,6249
12234,5452
4112,36422
4112,5242
261009,235902
122159,258
312767,254386
228051,53093
38797,164027
168839,25951
34004,277927
68,26457
11096,75476
156,223
156,136558
293959,27898
293959,132019
293959,62225
293959,16020
293959,14683
266304,235360
255659,38765
255659,132501
206939,297892
233973,229516
25213,146157
25213,235113
130605,9341
8668,988
332944,67185
130552,180241
130552,215749
130552,74408
130552,268098
183578,160418
178892,13293
14683,293959
14683,16020
241164,4327
12157,261614
265204,224303
4286,39953
568,199938
31920,1927
233006,73650
282463,269595
335212,102652
277030,20646
47046,20100
13301,165016
3730,216347
26055,12493
26055,24
171110,217423
171110,240464
247704,159473
143484,81640
292187,23817
292187,227143
302809,10547
31545,317981
31545,8172
3661,2106
164506,34219
164506,122943
137909,171424
137909,172310
137909,322831
29805,143403
154905,139898
177515,304412
302734,351891
6542,184561
253756,305838
29387,258
6931,185793
6931,29138
4258,32989
4258,10829
196305,132372
196305,142121
209877,25729
147747,165719
3086,343373
834,13223
834,43856
834,31525
834,29810
272993,172933
199242,311715
155025,57998
259809,231819
316750,357956
3463,263996
144388,158882
161527,13
156840,272739
279644,1678
6778,13
206156,182260
275469,344614
229,10
227127,326019
178210,258
257601,36235
249675,273264
182094,3955
5445,156370
3413,236239
28805,134009
28805,260234
28805,259435
28805,3563
28805,153327
28805,98261
164840,40398
272438,356752
236239,3412
236239,7086
236239,3413
191475,1465
107704,152470
107704,6909
107704,1014
7935,183308
38318,159633
38318,24996
267304,184424
17027,59161
17027,176071
16497,287678
120669,96157
4173,156661
144743,299121
234877,302212
190247,356768
275067,78733
143981,211454
127784,172940
180241,256422
180241,130552
13005,286533
270131,165722
24,26055
65568,39914
156175,1194
235365,258
206175,203265
206175,307159
206175,282485
5770,41302
5770,41305
188188,131357
9963,194655
28396,20920
28396,286064
12171,41762
41239,49
41239,13530
165,31853
23995,340279
23995,230040
209136,266830
196306,132372
196306,142121
2129,30328
2129,342075
29256,235555
23890,33599
313,45319
313,247785
121193,281132
341165,283355
341165,121
230852,167604
33434,12166
33434,2651
181501,42910
128733,76150
11106,316655
248002,13094
10174,144607
10174,747
244144,13
172965,267609
171964,351896
42306,216710
42306,107148
42306,22532
321,325925
321,245131
321,2962
176361,147949
2,215308
2,2174
103091,13
123885,145186
123885,153225
123885,146262
1498,3226
3408,275849
72644,330309
72644,166583
72644,180050
13507,320383
165595,312182
184842,140743
184842,27766
63196,20806
216974,4388
28086,155695
6927,18781
6927,65564
175222,160436
322563,216734
62225,293959
4001,5316
177875,2210
325348,26457
2079,309081
240464,171110
283135,209778
267314,43443
10934,182090
10934,352292
66190,6249
145642,312570
169141,329106
340364,143884
5316,10431
5316,4001
5316,6516
10156,208974
10156,2808
9829,21523
1472,146997
1472,179204
163056,229965
85204,198670
85204,334720
193238,4204
162107,205790
162107,247643
235902,261009
130827,203104
211454,143981
1992,215312
216798,46213
296512,173090
4050,327386
1339,209812
1339,1370
1339,2301
1339,135672
912,251364
123185,98
3895,27266
3208,320202
204675,5869
256876,333136
1350,135557
147707,38054
86156,102676
161297,332614
71973,234438
17,226312
17,182412
17,226085
17,14867
8993,26804
8993,6942
57998,155025
57998,38309
123228,39206
1496,263301
1496,8740
254588,27739
143994,323707
1376,235468
23142,6209
296694,1540
296694,31759
159575,269847
25294,128
1720,10884
169341,358000
6203,29285
149896,226009
7742,30991
7742,15164
100734,159907
1143,22038
322562,216734
214296,39189
202732,188301
11231,158760
42142,233361
314243,229427
36482,15953
36482,9203
36482,9910
97,17710
97,1478
203719,256940
300,286667
218025,342676
315610,197070
1678,279644
6930,275849
6930,158491
299450,185538
13354,3183
13354,2795
257063,242343
56758,358812
92644,187489
19989,253763
118410,161553
118410,217379
256802,1942
148083,317298
3855,6551
7614,283
7614,5034
7614,1563
171672,131165
346482,248861
17835,285
233956,103132
264141,50768
37198,181
368,83197
182,322787
46782,7482
153625,270109
153625,18100
153625,491
142063,197333
298378,9440
230650,305221
230650,216300
55165,72800
99630,298154
22303,197786
30166,1927
13084,109019
8521,85147
3383,6900
3383,2664
144566,62143
62972,23343
196712,12350
10431,5316
107148,131183
107148,42306
183959,283542
157323,3710
64220,184383
64220,269530
64220,190264
621,22999
38026,1294
36424,202227
276779,255586
696,94724
279307,95805
170669,354402
41474,42493
41474,83040
41474,36708
136558,223
136558,156
4562,174744
184866,30531
814,98085
4324,8107
4324,181
245136,45
242227,269456
242227,326036
242227,294112
286343,132028
286343,24800
25685,235
277538,193867
191579,91536
7118,798
117995,63268
111081,17329
39232,187617
102,244234
26447,273437
38821,13
150016,169761
203270,283076
49276,197297
49276,6544
155496,211813
172994,13
172994,3972
259,249773
259,20079
253379,150930
10183,135840
232303,5404
6353,290872
265635,191177
265635,233803
124590,301399
124590,6137
220558,289937
280986,248158
186904,295503
242740,209778
34,15987
17988,161921
117838,258
235465,183251
342857,247367
30328,2129
195242,304620
317519,177354
317519,232166
334307,308500
132019,293959
132019,11488
436,5628
249410,8051
13089,50381
12194,1927
254976,159910
176596,11057
299571,191925
195237,153064
2579,316410
182260,242482
182260,206156
256883,281946
256883,233312
6137,124590
6137,301399
144567,97512
144567,113011
129976,39953
83325,54859
83325,34403
83325,13686
279135,275857
123536,66587
144574,12134
35369,258
261424,70
147451,258207
147451,31542
125048,63268
1899,4953
41762,12171
199780,258636
101929,153916
13530,41239
161943,280897
161943,140535
5297,319365
27658,268098
9735,169
247785,313
158991,179111
158991,172596
242343,257063
1275,2119
174402,22825
147021,282137
84869,258287
232980,313769
639,97915
38877,68264
534,438
6209,23142
6209,944
67917,270699
7086,236239
262818,224133
262818,234684
149910,206780
4401,1041
19419,42
539,25312
539,460
20734,359442
20734,312059
4974,181291
5511,316410
1942,256802
231748,170587
231748,236217
249670,4636
300523,34219
317981,8172
317981,31545
219475,270637
219475,9674
42444,37006
353470,129622
2968,41875
158544,286980
220988,322832
249421,149951
5369,12715
5369,31167
5369,299
5369,8495
197333,350793
197333,142063
66982,30932
128412,11
13230,2266
85108,126026
2281,272889
2281,321841
2281,262412
2281,335876
460,539
460,48159
240744,287872
132620,209366
4753,2672
300367,254213
1927,44805
1927,30166
1927,197414
1927,112869
1927,94915
1927,12194
1927,31920
1927,25071
1927,312346
1927,6607
1927,249824
1927,189848
1927,156786
1927,29678
1927,224134
1927,29288
1927,198776
1927,237991
1927,164031
1927,180816
1927,166026
1927,213670
1927,86955
1927,4095
1927,357116
1927,16933
200834,46255
275973,354729
28284,184559
122913,259066
194723,220499
293972,19765
711,10
711,180325
3119,244083
3119,217234
3119,357253
2154,123955
216865,328734
216865,150010
191071,150145
240905,13885
240905,5939
109548,306144
109548,224152
109548,172563
109548,145653
166776,248949
85424,15274
10206,30706
10206,65488
10206,129952
10206,35556
126613,160044
126613,37165
147194,265585
344768,246684
315631,194655
213670,1927
318474,230769
191387,282863
261525,355978
950,210937
79067,10659
79067,17859
5452,12234
66781,215155
150005,18460
150005,25731
91671,118699
204599,361
280501,20806
96260,62219
16804,249649
16804,2881
248584,181042
222821,38531
222821,56944
3321,489
22161,78
54643,1155
217466,13642
218933,1634
69851,76150
37672,129974
37672,169823
37672,14403
10226,95318
283748,72132
72132,283748
257284,307155
69278,52286
1536,258725
139433,22877
217020,283790
230590,170715
64897,173
265489,273436
23010,181
26946,11
26946,4377
63975,305985
85652,334606
28739,55763
228390,251153
228390,284003
111173,181955
224141,149178
224141,129731
3613,7251
217423,171110
27968,15683
27266,27265
27266,3895
10501,508
144526,2533
181440,234860
2580,316410
145186,146262
145186,123885
300369,254213
189192,42704
15045,181
272541,258
235017,353942
249505,252314
240957,216459
12355,31025
326485,139976
72800,55165
10527,241486
220784,176642
40432,1917
152567,14
152567,5781
13172,156233
131568,140279
125996,186751
718,105
55705,220443
83197,368
13266,12139
13266,9104
226009,149896
99437,203104
256422,341080
256422,180241
246873,86816
2583,183212
3586,52332
3864,176560
34166,305984
1197,247269
133405,299971
3412,236239
208808,266072
2316,31056
697,267991
697,31909
697,311232
217609,314672
147999,156009
250,483
257077,290768
344,39834
76203,128028
76203,112373
76203,113066
332075,1634
5455,208376
160567,3955
302926,271321
2872,15676
183420,306332
152241,206715
152241,162944
152241,311920
152241,255356
152241,67148
344697,256066
192735,172308
216710,22532
216710,42306
121764,199790
121764,42057
158886,285436
158886,207230
1582,202942
2447,9135
20195,21992
206715,152241
207242,246619
32990,291434
426,16444
173486,306651
173486,121
173486,42617
206844,229244
206844,259551
90,71304
90,39435
90,30852
151835,131260
178209,258
89668,114689
5217,5165
5217,172161
5217,6414
5233,11057
1668,28828
43,90419
43,94
129974,190740
129974,169823
129974,37672
217547,2371
217547,41
233015,220980
124545,160669
20646,277030
177697,143741
224271,160012
130592,1294
161757,260126
163377,180198
163377,187769
175088,6351
163081,222079
3852,40550
220508,304894
67593,24480
308970,35815
160044,229427
160044,126613
197760,244702
197760,83195
197760,12287
88253,61487
167828,37380
202942,1582
235451,292610
281132,121193
210663,258104
154892,326265
154892,255012
154892,356085
154892,212759
154892,181385
154892,225765
154892,191999
2371,217547
284825,81640
74,10681
74,4991
50381,338517
50381,317367
50381,13089
236931,267421
137238,23451
189869,306074
4014,6638
1412,31070
1412,310031
147363,91536
329670,30549
191998,171942
2667,201308
4388,216974
4388,280
450,24213
286439,217776
286439,218703
286439,239107
286439,234679
3992,183899
220778,335131
286657,184883
272085,258437
216864,129710
245214,9220
38429,86415
19765,293972
5243,4072
2114,343744
102897,301942
90474,303635
127920,284226
127920,238181
127920,284228
127920,284225
127920,284222
5869,204675
269456,242227
82402,1898
235944,105593
333553,34219
166988,174926
316287,41114
316287,128882
192656,300120
2891,20432
2891,114062
3710,157323
301019,204505
176435,196667
265381,304239
344254,260407
37589,67240
7251,3614
7251,3613
30216,10149
30216,11978
129615,2633
623,1405
55763,28739
55763,438
228766,246310
13403,8888
48,529
2379,36944
4086,3050
228553,194286
228553,195137
164031,1927
266177,16992
246530,258
27965,15102
172207,24304
35634,3
14403,37672
14403,169823
230262,1353
4884,351998
122943,164506
122943,34219
255516,309545
255516,293112
133437,43443
171544,299702
251433,172012
191073,37777
181265,249897
308,3128
308,3348
107635,72083
171136,5711
280812,245931
134524,181807
515,159513
3563,28805
3563,153327
3563,98261
302510,355521
5222,206463
145393,251350
15474,56128
199076,298773
199076,4741
199076,67254
34747,175619
11104,1974
11104,37777
6191,220541
118703,193291
87,263666
223996,316387
459,494
30024,128554
159910,254976
313718,66849
27766,184842
27766,125921
27766,13
352,3293
104805,17329
30958,75644
99459,258325
191790,53624
8325,182499
6431,316401
267661,5275
257706,333904
324345,345972
283768,31759
5711,171136
256478,241252
85800,241067
124047,89695
254189,172881
16933,1927
158237,4359
158237,7753
147568,181
29140,16747
5686,129285
206471,317983
76436,2422
8017,65516
8017,13832
29678,1927
36986,177977
3711,8380
499,169368
499,131308
65334,107190
137406,85332
339263,58281
319604,353153
10662,29199
230751,822
4368,59031
207230,158886
6607,1927
159209,3141
38387,372
337690,204836
34701,398
3226,1498
2254,250822
172662,309828
17465,292333
160012,183404
160012,224271
40491,17240
747,10174
747,144607
5635,200966
4106,35248
212551,131260
144525,12995
144525,42124
61028,233208
61028,101785
104640,157969
104640,3705
104640,22237
219621,219622
219621,35505
219621,141976
34334,181267
1475,12929
145475,190015
174298,4230
8192,20074
223950,201877
9615,296113
260218,95105
126021,288809
176,314671
174219,1353
5699,24070
227110,195043
227110,150312
249106,296912
260234,134009
260234,28805
35477,10361
267609,172965
1835,5456
103814,279989
103814,338783
8222,147145
259435,134009
259435,28805
19803,21074
99219,138015
12055,2236
8798,296562
458,34653
458,154881
181807,134524
4862,96420
4862,31767
4862,14525
4862,21275
188018,202564
188018,187257
188018,279869
39332,263212
56128,15474
318709,172
168700,181810
258437,272085
853,93138
14860,35342
12488,1270
253470,57201
291511,46
145493,320814
17863,8717
40,358263
40,137669
278824,346236
278824,359644
258207,147451
66798,15818
227693,60245
230898,16095
2665,92759
30324,19237
244820,171835
67,28678
67,20467
53624,191790
292489,72321
199309,263312
332686,211716
29017,180598
103670,216066
138963,126100
217471,91536
99130,144568
12134,144574
188181,267182
188181,281096
162378,258
74408,130552
156786,43443
156786,1927
228943,202023
114684,140455
192296,347979
4244,37912
219430,354541
219430,258
318098,271321
281657,147537
234438,71973
15167,171537
284306,108377
262520,357912
359,355622
313129,183212
328826,353311
328826,302524
38778,165986
64,22666
163047,43022
139572,16389
288828,66171
97683,270110
108377,284306
12318,157148
2613,137637
224303,265204
11122,99313
135840,231815
135840,10183
2944,15311
2944,20832
2944,217320
2944,312401
174893,139627
227171,179572
201037,146312
6861,17649
158982,508
147240,13
280,4388
2090,16090
2090,12140
340834,142992
56294,8098
312,147623
41875,2968
5772,257743
150012,129013
184561,12013
184561,6542
236370,310947
5251,117869
5251,117867
5251,117864
8495,28096
8495,12715
8495,5369
8495,31167
8495,299
40550,3852
286667,300
31821,280107
70532,25289
254193,344334
254193,230881
66076,8124
67148,152241
153498,38545
12747,41633
224907,254191
224907,7806
1463,254498
1463,254504
1463,254500
1463,254502
1463,254505
1463,1627
171339,223151
171339,177680
277,177927
20889,4915
39534,299573
39534,358126
4228,240902
65272,357974
255293,286927
2252,58
223449,343665
223449,137031
244452,87821
133747,193557
574,348968
42651,127721
174064,1917
108665,179804
108665,133176
131581,36637
12567,224374
249833,230408
7109,294489
274,14522
15274,85424
9132,162067
181385,154892
263177,135219
142503,147949
142503,344326
142503,280583
142503,185350
142503,166136
142503,185288
29199,10662
160853,3133
4928,1294
7634,17971
5928,41418
5928,11432
5928,28105
988,8668
35293,200
89695,124047
31853,165
3595,11413
161782,196
267377,147921
284446,226118
42396,83734
140279,131568
71272,219502
313730,303727
248375,101865
2268,317313
18747,6240
3836,143701
3836,155874
276760,204836
246531,258
208804,310508
39635,208480
507,109601
507,3528
150010,216865
152846,184648
229453,143986
223742,277017
223742,327600
223742,315077
335528,256382
11432,300724
11432,5928
38471,157254
137141,237181
176963,289802
2422,76436
174926,166988
13223,834
289601,307221
7453,288572
137,91995
137,15383
137,295124
137,350626
137,63052
137,331541
198630,250291
198630,35342
62030,266018
37184,7929
220193,258
75782,180617
144150,248425
308329,248158
18401,6253
260799,16267
260799,2842
28436,192562
28436,132616
28436,41185
28436,154860
28436,136086
28436,172262
317983,206471
204003,1844
86415,38429
151251,237586
1515,59602
226562,20551
226562,109125
300329,246228
300329,123570
3339,14867
2574,201278
2574,201279
31542,147451
2298,3523
180816,1927
164027,38797
255332,156091
61269,23107
61269,59061
149130,258
20082,209672
174260,247585
2938,138240
2938,24826
78,22161
183643,216985
181235,18500
122691,233041
131183,107148
131183,22532
205420,227072
205420,306745
144607,10174
144607,747
27710,47410
294294,209926
4613,183308
253607,193867
233932,203833
24511,13
170909,246862
304531,69789
233361,42142
1814,929
52,30643
158742,249414
158742,154634
2471,175778
2471,125395
9354,107604
7338,21845
165628,350006
165628,239435
266802,311541
266802,204836
283542,183959
337864,255233
131332,110407
131332,19544
20761,43080
20761,26932
63778,40990
3874,2392
251350,145393
2610,5795
2610,235375
287275,164928
867,37379
867,226
246862,170909
237629,237630
190462,15826
204175,62871
85147,8521
184145,107190
7239,227502
18333,258
211813,155496
5829,7636
4288,85769
129946,155322
66665,54140
182218,139
330403,169654
223619,256066
223619,3072
37362,11396
242482,182260
279348,28259
180256,232824
2133,2134
166280,234842
171419,11
203800,36367
203800,161126
203800,101786
9962,553
225316,300938
292899,38777
292899,30957
8630,2161
282033,160418
753,316962
753,9991
42206,241036
1782,36596
1782,6399
1782,12211
276161,216421
325853,266083
120447,257
210113,266843
210113,210007
36596,307703
36596,1782
36596,6399
36596,12211
8782,15990
147883,173319
147883,188198
29026,259369
29026,5205
29026,5206
187056,1621
275215,123540
302270,234248
298154,99630
152172,311823
338460,281259
41837,106523
232078,186089
148740,438
27802,66056
27802,278
6551,3855
9556,3359
202296,356744
3071,212445
3071,2288
3071,15985
102681,84922
5034,7614
3248,3625
119899,326609
2904,1563
155322,129946
8722,294490
182544,178150
182544,30804
256838,205589
6253,18401
184085,211146
291828,2795
291828,3183
277611,181810
268159,268098
268159,268183
234842,166280
73650,233006
224134,1927
208700,53093
63743,248153
280475,216403
6251,184983
497,113503
312059,20734
224374,12567
2838,255817
8790,56407
8790,341538
8790,56406
8790,129529
8790,42644
8790,56410
8790,56411
8790,41894
8790,205081
175510,233017
268936,234190
11396,188389
11396,37362
263,19591
164205,155584
333987,281619
2301,1339
2353,18265
232267,42412
153225,146262
153225,123885
229965,163056
6544,49276
248641,32674
226170,132372
226170,142121
208754,31552
208754,9203
37061,158098
37061,29663
37061,1589
274690,27627
155119,62871
31554,72200
4934,61549
9296,4978
18781,6927
17971,7632
17971,7635
17971,7634
300323,130960
192777,84159
146963,253666
161620,120674
938,287132
938,110525
938,309407
144223,261020
314672,217609
144468,8098
191895,218612
193062,1117
244795,41003
244795,50
10707,1250
10707,1248
273976,27627
19665,2415
170951,70875
274178,68716
281258,204472
1163,10658
13875,624
335678,251053
148975,180785
16444,426
163048,43022
179217,211492
189504,129622
310031,1412
314577,5622
3050,4086
31968,526
267402,626
53103,492
216985,183643
7662,64331
219122,294651
219122,229527
41291,31479
72941,6914
258636,199780
234439,183251
280041,154086
7753,158237
142401,283538
3712,8387
98122,136420
222951,309427
52825,13
322985,150997
301572,156680
160436,188561
160436,175222
204734,332472
224678,151022
1014,107704
1014,152470
1014,6909
34819,13226
280106,240
80933,117885
80933,353513
257667,228460
9149,35873
15827,303507
303734,277034
238181,127920
74596,100901
316343,205046
316343,299607
2884,15958
295604,264476
202564,187257
202564,188018
3818,354925
3818,229624
3818,16160
3818,262749
1844,204003
590,120618
590,330581
590,207686
590,313925
590,2099
590,2253
209450,348085
260156,286216
137626,331897
187777,291066
9476,250942
10681,74
232661,330196
6929,176948
105199,62809
129710,216864
207442,309952
2997,7861
118568,16986
195353,16195
9629,60015
9629,35003
9629,10996
158882,144388
172158,166435
28678,67
28678,20467
306745,227072
306745,205420
5242,179816
5242,4112
62291,7735
153815,349242
226312,17
266141,21791
269847,159575
4991,74
317,32208
5549,13
2994,13532
224830,156373
322523,351652
322523,276925
268252,240100
48863,91943
76322,27225
209886,117959
3053,262730
344415,303672
232509,318548
40213,93971
40213,69900
7114,200948
235113,25213
314401,38862
184560,20596
198671,246094
81850,207239
81850,118697
10149,30216
195232,73960
322984,146791
287899,27359
21569,287216
19878,150971
272542,258
296605,53840
209926,294294
209926,181441
236475,25821
236475,132780
236475,21713
236475,168680
60245,227693
9288,19201
27938,20113
333280,125924
148204,334608
66797,15818
3133,160853
270637,219475
6554,18588
12622,138682
20074,8192
287222,328365
5939,240905
6540,299044
89951,526
322564,15511
24207,320283
234949,67185
71676,815
267991,697
28828,1668
2728,315883
14017,200
24996,38318
24996,159633
258131,337416
249868,318368
308652,338851
308652,173163
223151,171339
330664,298586
237792,811
6266,204305
175177,32484
22029,143636
136146,128849
293925,173536
54372,35768
159566,194032
111379,17329
26203,29663
204601,230966
2995,39007
37875,19391
179280,254195
156108,258
203087,340279
203087,230040
289802,176963
6976,5239
225062,67877
60126,128
26147,73543
553,56342
553,9962
553,4604
553,6250
553,22169
2091,322408
154498,58010
286980,158544
219807,282713
94724,696
94724,15270
13512,140097
347013,251053
173337,347906
150364,203845
325810,69789
209672,20082
9918,223669
1722,1473
1722,18066
166436,190737
1836,13361
741,11278
9135,2447
256487,5656
673,193577
66986,204597
1950,17517
31198,1431
12266,28041
31612,217581
344839,228504
24225,420
148744,323365
166726,178177
166726,232979
17895,23088
258748,195163
261614,12157
62143,144566
293556,260277
191285,218609
207783,37400
240100,268252
323707,143994
4604,553
84088,35497
33259,122821
33259,226873
33259,3109
161921,17988
3662,217200
2541,2730
13455,30794
13455,30795
280655,333441
273993,11632
593,207063
126119,306910
162476,181524
129904,15062
232481,27588
172596,158991
2472,178826
167975,99976
1370,1339
10659,79067
156420,141430
295609,352061
232254,324512
232254,324558
249824,1927
242705,288839
17859,79067
271,64583
271,29018
158098,29663
158098,1589
158098,37061
206780,149910
4091,259134
4091,6516
304620,195242
248567,2972
217470,183006
30991,7742
30991,15164
40182,129504
40182,191374
238221,275293
238221,195842
1188,55597
172164,550
11429,299675
145042,104012
197786,22303
287691,131260
14042,165472
308755,145633
7989,171211
227143,292187
227143,184524
287450,120523
55781,16927
2881,16804
98975,5038
318079,269729
99313,11122
99313,11123
247567,113108
2339,197
397,4175
397,769
397,146418
397,156053
397,156054
23055,16875
228409,354378
3523,309128
3523,2298
215482,180230
8721,268901
223669,9870
223669,16455
223669,9918
223669,9865
10272,8383
198608,169158
285133,19100
251364,912
7994,214996
148471,26306
4330,309
4330,394
148036,181
260465,96238
259005,353148
2975,17967
10683,6338
174584,311165
164917,27225
11111,233018
285436,158886
193291,118703
217974,246508
331979,159473
109801,206170
772,3368
150930,253379
33018,15220
206925,2633
129395,40398
26884,309099
26884,63808
1572,1637
4916,141452
217261,11
261831,343518
25972,304509
891,64812
73960,195232
33030,10543
238676,301728
267313,328767
184207,36218
3269,314543
3015,28772
3015,12061
109285,25841
268274,258
29278,24862
6516,4426
6516,5316
6516,4091
268098,130552
268098,27658
268098,268159
309081,2079
322560,205688
26859,199969
140163,174852
302212,234877
130997,223123
15069,345520
190572,148601
246316,214486
245206,213266
202477,27225
304728,248158
9865,223669
43196,6476
5178,1211
5332,186
255013,258
268665,178878
67123,177061
29078,53093
31410,200
205544,229370
2888,20432
167604,230852
126026,85108
22843,9650
4358,235926
234860,181440
165586,75789
1375,1373
285570,38
94915,1927
177210,187329
45319,313
255356,152241
222502,329716
5831,38831
172563,224152
172563,109548
172563,145653
137140,299928
258376,201416
165719,147747
179804,108665
191374,191288
191374,40182
322339,158600
161820,254263
16435,26305
289916,326051
168512,128671
268846,299684
141428,269573
174243,356418
108429,9625
5195,93258
5195,26605
240926,224010
253149,71655
225981,4888
18481,340979
5480,12135
14525,4862
184559,28284
12135,5480
347900,273264
30795,13455
231045,311710
4978,138670
4978,13553
4978,9296
202884,344764
234292,238884
234292,292843
301728,238676
235360,266304
235360,203703
1373,1375
73543,26147
326945,155426
326945,174296
326945,186549
11139,300036
4915,20889
223096,287663
223096,266652
151645,225979
86458,134804
286533,432
286533,13005
22924,35183
202494,164778
337262,24068
220499,194723
326767,21133
181267,34334
825,6982
66088,139026
66088,217184
240902,4228
240902,86822
39710,39375
157449,12979
59161,17027
304333,91918
183212,313129
183212,2583
277017,223742
13182,33901
88079,19271
203885,181194
305221,230650
130729,17557
10445,129322
233016,5182
41372,33468
211996,258
153002,193153
24321,103857
24321,6529
296164,359515
301242,204135
310198,113294
53840,296605
416,27542
416,161098
288798,198670
321757,4209
206463,5222
286447,148951
5958,209640
21769,10910
2342,2343
60316,11215
342021,223215
1919,12168
251228,271638
206686,313936
250539,235696
143487,194808
42783,57314
36598,300982
310880,3986
316410,2579
316410,2580
316410,5511
316410,3605
338980,184424
2174,2
2174,215308
267397,180666
1324,214
92759,2665
134009,260234
134009,259435
134009,28805
1294,154633
1294,130592
1294,353206
1294,1561
1294,4928
1294,353426
1294,180147
1294,314126
1294,359135
1294,198328
1294,38026
1294,274151
1294,345582
1294,264717
1294,326569
1294,330210
1294,315898
1294,214224
1294,5467
1294,55222
1294,241014
1294,230121
1294,109296
1294,296297
1294,27663
1294,13682
226997,137498
227502,7239
258140,9209
32048,327
38195,2533
147919,337712
26315,20295
190700,305837
190700,11168
959,5570
271268,193948
256643,133528
261984,216157
7090,143625
7090,143624
298164,274735
1250,10707
102159,3421
184648,152846
7164,8863
247778,338763
161813,264982
161813,277448
36903,17022
199790,268962
199790,121764
215155,66781
20269,68063
265960,297821
293112,255516
8679,8666
8679,1477
342073,198
148007,171868
180785,148975
6914,72941
312259,344679
10467,7470
22666,64
191065,235945
272215,337316
233018,11111
5038,98975
618,218489
2236,14842
2236,17476
2236,12055
1860,320502
97332,247069
195163,258748
193818,118964
7950,8049
258,178209
258,244738
258,290025
258,178210
258,160814
258,220193
258,122159
258,235365
258,211996
258,255013
258,17816
258,325409
258,183896
258,314413
258,350764
258,280378
258,140796
258,162378
258,272542
258,35369
258,272541
258,219430
258,149130
258,36345
258,18333
258,356084
258,117838
258,73538
258,156108
258,302421
258,102104
258,246531
258,268274
258,246530
258,318392
258,8804
258,328926
258,334784
258,29387
166858,143250
4953,1899
37912,4244
288317,320817
351605,11
13218,337167
198,342073
198,18013
35188,200220
35188,200224
35188,159443
35188,145344
35188,159445
202026,304353
57201,253470
57201,171909
202513,279932
248702,2952
7774,14096
158861,1224
229527,219122
193105,75223
56690,21012
101644,170201
42057,121764
122435,25045
35812,59224
2444,6980
19145,225054
1891,327953
6240,18747
69318,135327
3084,24487
3084,5396
17022,36903
3985,69130
268276,815
177843,192212
183626,262634
7750,172493
209809,298773
209809,19679
209809,74771
278304,152470
212807,3100
2698,197
39189,214296
237745,275512
142205,181804
142829,292990
865,1436
21277,8829
8717,17863
158122,143663
333144,72851
65516,8017
65516,13832
121429,167177
287821,153064
300908,191894
181694,197544
181694,261251
135019,287903
18963,269203
5274,341189
93895,160081
164147,279137
24764,326978
24764,1406
261982,216157
12252,173840
12252,146212
2343,2342
3183,291828
3183,13354
20253,187959
5058,322199
6841,3284
297661,10997
149621,202025
9650,22843
180050,72644
169368,499
250822,2254
158445,72131
703,11278
286804,17608
72131,158445
145344,35188
145344,140065
10884,1720
484,1917
7635,17971
341496,289494
188465,285304
42101,133748
42101,20586
225449,102148
4222,11708
297892,206939
319402,232446
4914,133243
5953,166927
17557,33907
17557,130729
217581,31612
160814,258
216630,255400
28289,7638
1321,95807
130548,217861
63951,353728
236178,209255
10829,32989
10829,4258
109296,1294
90050,157061
944,6209
3667,31873
159160,128154
238136,270635
177245,221245
2629,274792
2629,236485
2629,8295
180387,189663
189663,180387
9870,223669
137958,236934
341080,256422
268183,268159
268183,268185
176193,1219
220443,55705
62809,105199
6399,36596
6399,163867
6399,12211
6399,1782
290,8337
225909,70398
334207,14634
232166,317519
232166,177354
606,2051
284,128780
284,69186
126404,267140
1898,82402
44338,15063
84913,286904
25,59294
310636,73510
310636,472
2672,4753
30706,10206
148000,11
9858,299795
38204,299195
201281,201278
169102,339991
9104,13266
9104,12139
3751,2596
91430,217365
294,492
11978,30216
159633,38318
159633,24996
3901,7963
3901,307358
294788,324404
125368,62871
19009,129173
23387,145674
4359,158237
179794,41190
72083,107635
171489,25669
39095,107649
125675,350028
134804,86458
77034,151215
77034,143780
77034,350280
1986,93823
1986,146926
24028,40530
24028,27603
267182,188181
63052,137
56342,553
6700,6699
6700,5835
303621,329184
258287,84869
145390,11136
187785,22545
187785,173442
198670,288798
198670,85204
285183,236479
255702,124152
274735,298164
143509,177437
304987,338098
34403,83325
35003,9629
280107,31821
91943,48863
91943,41970
3162,4320
247963,4471
229244,206844
232822,1917
129735,183888
166210,221245
122327,135719
122327,145504
122327,147498
5656,256487
11278,705
11278,742
11278,703
11278,741
11278,47162
6980,2444
164590,262291
205346,145068
99698,177411
63868,26250
107649,39095
294463,294464
11708,4222
383,1382
20586,42101
6732,8409
6732,8315
42617,173486
257273,17240
288572,7453
183,95491
3576,120509
1367,105
247034,149119
309545,255516
7638,28289
176458,223770
263996,3464
263996,3463
255381,8705
255381,13593
272889,321841
272889,2281
268962,199790
188997,311702
1218,1219
67910,40393
352026,318472
99976,167975
244716,143884
151936,352453
286063,180263
290872,6353
290872,58885
57139,269279
292339,346972
325409,258
687,2473
263312,199309
2025,18587
2025,4023
178335,357642
28060,31105
2965,7626
2452,295439
2452,333959
2452,327612
2452,296341
20467,67
20467,28678
224108,176487
177061,67123
64331,273009
64331,7662
135732,267404
135732,127493
1477,8679
1477,8666
297569,26635
201416,258376
316655,2162
316655,11106
226506,313875
274230,202468
6942,8993
204281,173123
169926,253271
203845,338739
203845,150364
299573,39534
9150,30165
26233,32598
311920,152241
239847,253387
9782,159577
9782,829
230966,204601
5239,6976
93138,853
169925,192934
25312,539
17816,258
79,22160
3641,14544
12054,146215
180355,218995
128154,159160
39976,355487
291066,187777
139,413
139,182218
85332,137406
41185,28436
8666,1477
8666,8679
12269,322235
769,397
1924,512
56604,168408
56604,140517
56604,33436
172012,251433
172012,187791
56641,178496
56641,20587
7278,184979
7278,184982
10245,125756
14036,226043
1974,37777
1974,11104
7636,5829
348406,268201
157528,31651
33048,145847
13978,12900
72200,31554
324467,295175
283935,126255
24209,545
230040,203087
230040,23995
129951,172599
129951,172597
151684,4174
254195,179280
315882,253664
150049,181
150049,22551
165633,170511
26250,63868
207653,256066
207653,154307
307191,197097
4917,41986
15990,8782
233070,287546
26305,16435
141430,156420
141430,217035
10310,305165
98261,28805
98261,153327
98261,3563
8707,241732
168752,3955
261490,167496
207796,323087
339905,129622
218610,140535
308500,334307
40455,184507
137498,226997
168653,137708
27613,39080
5182,233016
2554,22523
6476,43196
149296,181
12538,1155
206068,289017
266102,169318
13553,4978
68947,129694
24118,335876
160592,58519
11997,194969
8509,7948
127721,42651
242742,297341
242742,339310
130600,1219
130600,437
317312,282251
291431,348532
291431,341587
203265,206175
49397,278914
7033,26795
8036,11498
247643,162107
5467,1294
21685,325347
1381,355627
148282,351855
14781,241478
285,17835
10916,13410
211146,184085
315,311694
254923,187916
75644,30958
209741,281096
313834,356752
196676,64222
296044,173240
38830,8755
94822,172881
5835,6700
5835,16673
337167,153987
337167,13218
337167,16457
337167,14082
182593,67112
1305,68182
94493,231474
6909,107704
6909,1014
6909,152470
264970,438
162012,19427
705,11278
130907,189685
140743,184842
10246,170627
10246,130135
1590,3731
7623,18059
74678,806
3404,128214
3625,3248
20000,205345
20000,205348
252314,249505
40385,4252
260704,244999
279581,27463
4802,173931
172493,7750
286064,28396
12139,9104
12139,13266
12139,3577
8258,38286
28738,125311
20432,7539
20432,2891
20432,2888
40823,21957
12900,13978
218996,339294
280897,161943
280897,140535
5155,14273
5155,2671
299074,161148
16030,38565
298130,351594
195477,161075
205790,162107
263301,1496
147009,256952
147009,310448
26855,109001
5389,631
5389,101
5389,7956
5389,932
5389,2017
241478,14781
246310,228766
198328,1294
10230,172201
10230,146216
136910,161193
9143,2802
27480,6699
12211,36596
12211,163867
12211,1782
12211,6399
36911,213422
312182,165595
102940,62871
120509,3576
3359,7572
3359,9556
3359,115829
341164,172225
12067,146332
12067,175759
7640,316966
8049,7950
180598,29017
256620,271512
7941,10300
20445,4221
191288,129504
191288,191374
64583,271
64583,29018
260937,233867
256940,203719
256940,112138
181955,111173
143701,3836
8651,161539
205039,42702
281619,333987
219622,35505
219622,141976
219622,219621
259551,206844
10300,227847
10300,7941
266018,62030
161885,297486
261985,216157
5481,66547
215614,174057
2922,292908
3100,212807
11632,273993
341963,353338
272597,291100
272597,347748
7966,23605
189427,343010
189427,32949
189427,8538
267246,338627
51197,112293
297702,281418
6638,4014
162141,61165
25841,109285
328365,287222
161726,234713
247316,234512
251153,228390
246508,217974
84922,102681
233085,131357
233085,148931
108832,85948
132601,27347
742,11278
250963,257
71569,96870
71569,96954
75529,154583
75529,133750
350079,67928
350079,123609
350079,123607
220248,191312
182499,8325
182499,8334
37731,346121
243530,9674
430,2738
14082,337167
11110,14814
217012,170131
16455,223669
3377,22373
41604,144495
41604,92216
41604,29522
24923,95778
5464,122680
186,5332
4327,241164
5541,213422
165041,262562
2734,224610
40803,204659
5107,286876
20899,13
11500,11469
333136,256876
644,232635
3309,8313
22111,36790
234512,247316
209383,279719
256640,351980
125605,115
118330,113936
3109,122821
3109,33259
3109,329245
8538,32949
8538,189427
14814,11110
160762,258844
311702,188997
489,3321
208670,340741
208670,175274
11132,345054
11132,30165
233364,351828
253763,19989
4252,40385
16085,286398
211810,264448
3825,64051
22186,39632
129013,150012
7625,217679
3471,10700
297821,265960
157002,31601
2047,2048
20053,275060
161126,203800
161126,36367
161126,160961
161126,160960
161126,101786
161126,160962
79413,197711
19544,110407
19544,131332
310578,326943
70222,263171
307703,36596
4217,316170
85899,261450
187959,20253
7861,356300
7861,2997
109019,13084
413,139
298345,91536
94837,438
100798,160081
283353,321599
249817,198699
313352,8098
571,4713
5418,180547
130004,266877
224152,109548
224152,172563
224152,145653
106523,41837
106523,83755
137637,2613
232446,319402
97469,2453
200729,253677
200729,296349
22061,75877
22061,22392
193577,673
21015,8098
16457,337167
138670,213926
138670,4978
157487,347883
177977,36986
27359,287899
22126,26764
311823,152172
309721,197097
15383,137
38,285570
38,274296
127589,252141
318392,258
154633,352782
154633,1294
96157,120669
316767,354664
316767,54056
16450,249304
18265,2353
304042,320855
304042,204493
23912,5457
123635,145275
140796,258
205506,334582
250291,198630
261316,185987
8033,7026
40819,352797
43856,834
469,1132
224815,133965
2781,3999
2016,273955
21506,2392
39007,2995
59061,61269
5136,14059
158268,179201
158268,212874
19591,263
263763,231966
244738,258
176560,3864
179386,3234
117997,63268
268248,268185
268248,268266
191032,12978
296113,9615
280979,9441
34943,34942
154307,207653
109612,123490
322451,67022
322451,277671
322451,245516
255586,276779
39080,27613
29138,6931
317367,50381
180595,16986
11388,10266
167185,17240
203104,130827
203104,99437
172885,28817
5276,19297
328859,171447
343282,172225
10996,9629
312346,1927
14010,281266
14010,281267
14010,281396
11241,11993
97512,144567
220478,202275
209644,164747
153987,337167
20031,176570
23550,31642
8705,255381
242191,58764
35556,10206
8727,11707
4427,7712
299928,137140
13881,73252
6837,159843
6837,2425
6837,4122
6487,141033
143843,63268
282863,191387
112102,297789
317298,148083
290025,258
338763,247778
12715,327071
12715,31167
12715,299
12715,8495
12715,5369
3705,22237
3705,104640
3705,157969
8334,182499
1627,1463
3616,39056
241611,254640
3157,291548
330478,260980
128388,194094
250643,319793
10361,35477
6699,27480
6699,6700
340722,241590
110245,38545
344334,254193
344334,230881
143745,255235
143745,10590
147427,176548
983,21916
104012,145042
305838,253756
151357,247312
331398,186751
12168,1919
141437,316625
1721,7006
17649,6861
335541,171668
5177,472
351817,286751
122399,39252
36604,40973
317313,2268
230081,355922
42704,189192
8720,294491
223573,153788
202227,36424
6338,10683
5275,267661
25628,1878
219985,91536
283790,217020
2710,18902
153327,28805
153327,3563
153327,98261
260277,293556
143238,32484
312959,60435
312959,104733
322169,235819
15391,320061
143663,158122
130912,91536
235760,268255
325704,204836
194097,13
11499,8787
272502,57834
273009,64331
37777,191073
37777,1974
37777,11104
313274,6249
262291,164590
302463,46213
6250,553
164190,353139
136086,172262
136086,28436
344992,71021
235926,4358
130603,2086
217201,29603
298618,280780
239435,165628
1401,102259
2164,190484
285250,261328
102676,86156
256957,269209
9866,143034
81100,11
244702,235296
244702,83195
244702,118705
244702,148532
244702,197760
203788,231960
335131,220778
246094,198671
172597,129951
59031,4368
7943,3476
8754,6944
268185,268183
268185,268248
7470,10467
195842,238221
195842,275293
92876,183387
92876,312794
140995,125145
28096,299
28096,8495
309,394
309,4330
52332,3586
180850,193660
341286,481
292333,17465
231960,203788
23605,7966
167190,153220
185987,261316
288098,24068
156453,34734
251538,349490
251538,359368
1405,623
5590,118051
7735,62291
100881,438
17209,158267
181670,181198
163565,177995
36333,133563
25866,1465
64431,318164
56022,308773
20610,338857
20610,98452
306074,189869
312968,331433
11050,224392
11050,55154
18588,6554
123386,13
16432,38829
13919,73247
183404,160012
183404,177627
303635,90474
255235,143745
351155,136280
311731,65532
7723,8044
274445,150293
254263,161820
38829,16432
86169,173325
86169,342568
4815,217198
257841,177627
569,31505
11993,11241
12129,64778
12129,12128
12129,307397
235819,322169
27682,152242
27682,162944
27682,38159
20136,313649
20136,11
12676,2795
218489,618
267404,320680
267404,135732
177927,277
218612,191895
197,2698
197,2339
197,4997
13915,73241
13915,12465
5692,76092
130400,146747
257924,350567
257924,350566
279776,9988
81588,201368
155577,8098
173302,256607
8544,38827
268255,235760
388,21051
6529,24321
15683,316611
15683,27968
89478,2750
235865,328033
143403,29805
37997,40436
260238,333405
260238,312456
176071,17027
120580,165283
177995,163565
147145,8222
15267,237081
15267,2681
118051,5590
130053,2604
222741,251469
220541,6191
237834,287817
290768,257077
60158,249658
3646,31067
3646,19269
97747,177799
97747,1111
244083,3119
254498,1463
8985,1219
8985,437
39089,36639
304490,172881
790,4432
265585,147194
320677,206931
164022,286075
292013,66188
85124,9040
112557,224161
318702,358881
318702,333767
8888,13403
252962,203030
31067,3646
32639,43011
32639,133749
162022,288662
13094,248002
197414,1927
1304,175508
327392,121195
190264,299833
190264,64220
158341,173319
172599,129951
13593,255381
67542,152098
153916,101929
26306,148471
5298,85902
5298,80800
166633,197034
166633,214276
168077,27408
4780,237831
231801,320468
231801,29020
182228,311680
258325,99459
258325,146181
39530,216403
10266,11388
143195,325671
5755,346762
20587,56641
13742,139297
298545,188601
260980,330478
94338,321692
232358,89610
287552,2842
185350,142503
226,867
226,37379
36599,217015
36599,212873
36599,234371
24079,152082
47414,106782
289494,341496
193136,209690
146152,147979
146747,130400
112532,286350
37477,4580
316625,141437
218615,180927
8243,42826
8243,62533
313876,296009
185302,301061
334353,3097
16673,5835
56410,8790
104769,8098
67022,322451
283849,308858
283849,297797
153723,211202
153723,173673
153723,244338
144412,190290
1053,1000
284845,27225
173240,296044
4320,3162
146262,123885
146262,145186
146262,153225
39914,65568
176247,350729
2161,8630
26795,7033
12202,299857
142996,10472
10946,285213
2284,622
2284,2283
2284,20717
2284,16324
512,1924
512,400
38637,66214
199382,154509
161148,299074
192016,212688
146157,25213
155700,88402
196256,347775
7567,145881
16874,28321
8046,31873
284003,228390
22999,621
2392,6906
2392,3664
2392,16802
2392,13164
2392,21506
2392,13609
2392,3874
241486,10527
135557,1350
209734,281245
35047,166
232238,142039
34890,4674
213304,6688
204323,15510
176642,220784
211492,179217
38679,164072
88402,155700
191999,154892
218459,66277
138682,12622
197551,268620
1029,292903
139627,174893
41305,5770
183305,242551
113066,76203
113066,112373
25045,122435
20920,28396
263212,39332
7562,310892
36944,2379
2415,19665
11469,11500
90002,27032
36790,22111
3528,507
138127,20806
127093,21055
125609,46245
121663,141577
266421,16986
9988,279776
181194,203885
9973,73244
5893,6361
39375,39710
219502,71272
1268,320813
1268,616
283076,203270
198537,164563
310990,269072
102698,159501
8804,258
15731,2921
13936,229988
13936,122751
182869,137751
17967,2975
255696,67144
96266,145277
266071,184525
6982,825
28817,172885
2733,168450
3725,168165
202478,27225
347748,272597
73244,9973
129322,10445
2119,1275
113337,188364
186089,232078
272078,3837
11707,8727
195489,34218
126471,7811
7506,12118
204496,162654
164930,3955
173121,228419
5396,3084
158267,17209
18791,337
325834,345475
13316,307580
16875,23055
6456,8252
126255,283935
145649,41043
260334,37604
242186,2582
255744,438
2757,40682
159865,261159
319593,208895
319593,37371
171665,438
286310,2453
220199,297007
108862,2086
236577,333540
164778,202494
170423,209862
257743,5772
231126,277410
5778,13614
116735,5382
151191,192409
103016,136912
205072,224175
243927,126807
13885,240905
1000,1021
1000,1714
1000,1053
8787,11499
252141,127589
32598,26233
248722,340917
250834,67877
501,9254
14324,205613
210937,950
188198,147883
284585,207420
287678,16497
688,258115
13361,1836
220980,233015
288654,4093
274205,1219
219661,250472
15676,2872
187769,163377
117555,271448
117555,325842
117555,345118
194088,307823
3370,11052
829,205669
829,9782
829,159577
3620,3829
23030,17136
162654,204496
488,23293
134884,255488
134884,149465
134884,156784
134884,159893
134884,159894
134884,159895
134884,159896
134884,159897
134884,159898
134884,159899
134884,159901
134884,159902
134884,159904
134884,159900
134884,183065
40958,432
316093,28
6748,347097
275857,279135
22392,352995
22392,140153
22392,41009
22392,198823
22392,75877
22392,22061
42493,41474
2843,189001
2843,205873
27852,254130
15110,356559
15110,246822
199799,143884
4971,16298
58764,242191
276622,215526
6414,5165
6414,5217
57865,103806
274296,38
153830,284472
1637,1572
73243,25460
117558,275033
117558,274908
258725,1536
314893,277434
135327,69318
129952,10206
17754,123882
288969,349106
225979,151645
3337,7803
205345,20000
194998,315058
71304,39435
71304,90
26033,325165
26033,239172
35354,1122
121195,327392
4962,342218
3731,1590
184525,266071
184525,266073
223332,72766
7956,932
7956,5389
215526,276622
173752,205789
226085,17
806,74678
175778,2471
38784,11168
160868,172200
15066,17687
311541,204836
311541,266802
212688,192016
287863,230408
231966,263763
231966,339616
292,37376
292,883
292,174065
235482,161928
6944,8754
150971,19878
3829,3620
31302,11187
112210,81843
187806,296302
57834,272502
235696,250539
266652,287663
266652,223096
39998,175621
886,997
141577,121663
2134,2133
89610,232358
1310,110
249658,60158
25069,345971
141997,101660
533,323495
1878,25628
185288,142503
9398,230900
37770,344037
157838,129090
13832,65516
13832,8017
321711,91514
314413,258
130841,1917
159501,102698
67112,182593
138015,99219
9181,310298
16355,158595
42275,17452
145653,224152
145653,172563
145653,109548
10014,246001
237171,277716
237171,284496
216301,438
2532,38350
3920,252580
237831,4780
298397,130792
277410,231126
136712,299947
7026,8033
142963,326032
142963,248027
66533,19524
213578,335581
137156,114404
2487,4903
169652,148668
188292,130677
41107,181038
2299,198953
35137,225085
35137,32441
66969,147931
173673,153723
4784,16635
29879,27821
17909,337025
19399,40774
19399,237698
178038,237975
178038,242221
19201,9288
153820,63268
129086,346879
148668,169652
242649,181
158760,11231
73241,13915
9189,15213
91313,19914
24083,154180
249047,195509
186905,215609
186905,5758
186905,66238
55222,1294
10472,142996
139026,66088
107604,9354
39834,344
228419,173121
7181,303933
31159,67026
338678,253664
2970,285621
147931,66969
16389,139572
302421,258
198886,150659
21012,56690
21012,19841
230065,259897
7948,8509
165587,2633
269072,310990
98197,175274
66277,218459
192235,54395
587,279972
1132,469
1132,26204
11689,93650
415,943
5994,271130
140097,13512
4082,41
24826,2938
267989,272544
267989,273476
267989,309043
267989,307727
267989,307435
267989,276955
267989,281333
267989,298481
267989,298482
267989,297718
267989,298079
267989,309042
267989,298454
269564,3955
217680,306363
139374,306237
85948,108832
10753,228296
237630,237629
3664,91941
3664,2392
117885,80933
8755,38830
3293,352
212610,166026
209812,1339
209812,135672
21412,28613
198634,281208
110407,131332
110407,19544
4580,3904
4580,37477
226529,251467
268901,8721
230890,17329
178177,166726
270635,238136
29020,231801
237991,1927
85999,330506
15164,30991
15164,7742
7712,4427
40774,19399
197641,8996
280378,258
184266,284598
184266,165888
143250,166858
32410,198991
37376,174065
37376,292
37376,883
2051,606
34218,195489
5086,70372
5086,15162
200115,230881
238915,334266
43080,20761
6003,294487
277671,322451
254227,8924
8652,193150
180238,70262
70262,180238
265286,283492
246822,15110
175274,208670
175274,98197
140702,158638
104858,150273
104858,159842
104858,159246
14117,191528
264267,32441
28258,314402
28258,16986
141920,355848
41326,76701
277434,314893
211882,195478
19046,307821
15139,65467
236479,285183
2609,5907
194094,128388
301399,124590
301399,6137
166,35047
248157,258027
9409,104800
216695,858
8740,1496
178028,304861
178028,34342
20192,159970
31070,1412
15311,2944
16802,2392
6578,101861
8044,7723
155994,318644
235616,287285
118697,81850
137331,26043
2730,2541
6725,2425
6725,4122
2210,177875
88900,320253
225481,286308
224010,240926
65242,330479
11136,145390
4410,327
41860,96719
8863,7164
22644,43243
32409,19484
11187,31302
1274,27838
151215,77034
190015,145475
128419,148580
202025,149621
252580,3920
145068,205346
166927,5953
173931,4802
32109,135262
148215,257596
7006,1721
15958,2884
9246,306630
9246,1917
3181,343520
3181,256015
3181,244679
264282,136143
12584,19347
3349,22287
217015,36599
6954,32263
34342,178028
34342,40199
11413,3595
180147,1294
154180,24083
11498,8036
2943,1964
1735,2290
8945,23653
167723,1512
36639,39089
132616,172262
132616,28436
451,262383
146997,1472
207063,593
5295,31766
188389,11396
46800,15512
65488,10206
56406,8790
42227,2935
281417,140607
3946,140477
3946,11405
39435,71304
39435,90
73252,13881
177411,99698
314543,3269
7060,293786
150276,136143
2473,687
27408,168077
67144,255696
21990,36267
21990,10575
259554,348535
60210,234590
3039,146467
22169,553
174057,215614
8409,6732
27155,144771
3844,32833
176898,41783
900,27800
217320,2944
5377,2166
1512,167723
201243,155157
169328,75
172940,127784
5382,116735
1127,5899
4997,197
165888,184266
165888,284598
3669,165474
234473,208698
145275,123635
13614,5778
60579,217177
28296,30130
10543,33030
42644,8790
16253,17081
13226,34819
57775,206328
57775,34190
8252,6456
2760,752
235468,1376
29018,64583
29018,271
182090,10934
17517,1950
114689,89668
8903,217138
1211,5178
135851,190552
214486,246316
101660,141997
165651,196742
165651,34113
143780,77034
313875,226506
124954,331794
124954,331793
124954,268767
3360,254752
3360,70455
26292,150441
10742,236009
9610,3582
9610,10629
4093,288654
151985,71021
25988,13658
25988,338742
106929,140627
17136,23030
245528,206588
7553,131199
166026,212610
166026,1927
2972,248567
30852,90
32154,1238
281245,209734
7539,124586
7539,20432
17181,294315
148660,302676
100758,19772
23613,10974
157593,136305
170511,165633
206588,245528
33907,17557
16067,2425
16067,4122
215609,5758
215609,66238
215609,186905
259897,230065
120618,590
51367,100679
8700,288017
23485,147376
23485,170090
238884,234292
195073,261707
220406,288333
91995,137
5165,5217
5165,6414
235471,161928
64219,2381
775,2537
118699,91671
103806,57865
37379,226
37379,867
128290,1198
1500,154008
21677,38946
177437,143509
112844,46147
3999,2781
40853,94941
18902,2710
119474,157683
268008,4888
2940,205101
107549,263729
11441,15717
11441,307167
11215,60316
159087,34653
31767,4862
23656,30248
257324,283075
62533,8243
152245,227334
139780,159465
139780,105053
157061,90050
325388,325235
59602,1515
14233,337118
133337,32441
87104,340829
6272,1917
27982,3737
182238,244906
182238,185744
21613,191913
13464,122832
13464,320
5215,143560
3571,7031
148918,63581
20832,2944
6153,34652
198991,32410
66047,28607
4426,6516
183960,46147
230881,344334
230881,254193
230881,200115
25967,33903
188601,348535
188601,298545
214276,166633
205873,2843
10590,143745
4903,2487
34383,328557
41783,176898
42702,205039
462,13575
32164,326851
145632,312879
5799,147881
69785,221846
33950,30009
177680,171339
171211,7989
7963,3901
7031,3571
111426,101718
168390,1198
41894,8790
24487,3084
16145,24716
18163,192184
18163,192183
18163,192181
18163,192182
126443,341575
21051,388
31909,697
190737,166436
10075,121090
177807,6368
14001,14002
329716,222502
12057,8964
183481,359204
241083,259062
4299,147858
4299,27583
4299,38732
2935,42227
5429,28910
5429,1607
7811,126471
2577,15065
269573,329151
269573,141428
19475,11829
166509,235863
13164,2392
53279,104368
66852,193255
27712,8906
4221,20445
344268,41
344268,43144
40115,2381
1480,127543
150659,198886
1977,162905
23293,488
191910,217233
128885,29073
27663,1294
15162,5086
136117,432
10368,28906
39180,119534
39180,181074
39180,284857
12289,338364
15613,1748
1859,144893
4185,170384
119500,353814
4810,100753
2946,314887
209366,132620
288920,350468
193272,276124
16130,93965
14625,2855
155912,11950
103844,60057
36905,252382
28298,28299
191133,1406
191133,145842
3525,337542
3525,150565
2537,775
33406,222728
33406,240107
110525,938
41190,179794
1122,35354
7960,338953
169755,250678
13972,269471
13972,29268
35023,285390
6977,2598
29268,13972
34974,320897
2771,1255
4175,397
267030,286745
1473,1722
54395,192235
8998,1111
165414,257595
34785,107376
684,13608
72766,223332
30334,320560
158256,174055
12304,2593
1607,5429
1607,33092
225313,348535
254178,120022
6006,8311
140153,22392
147523,181
2492,17042
135492,334482
4952,159198
24706,281078
11052,3370
4023,2025
1542,1946
37168,309874
171447,328859
161553,118410
1961,31807
2664,3383
134615,187459
227847,10300
13879,40394
997,886
92497,2593
21705,28510
19914,91313
858,216695
261307,86073
2406,247160
172310,137909
33599,23890
246398,172225
217177,60579
27374,2484
30248,23656
40507,1269
2068,288985
184383,202248
184383,64220
154009,91523
75,169328
4561,348276
256479,319283
16160,328733
16160,51382
16160,3818
1973,93446
13714,359474
24009,2425
243093,86073
3745,270873
41186,331807
41186,1406
286547,1465
1299,25984
1299,94941
16191,33112
22289,256146
66590,152796
196379,282594
4893,1613
2962,321
28508,255816
400,512
23257,32213
174065,292
174065,37376
174065,883
137669,40
8996,197641
42892,186808
15830,40395
2681,15267
2681,276719
2681,237081
149328,2952
123991,191882
123991,245361
123991,190772
19991,151876
266031,229902
14342,33676
125395,2471
1946,1542
5427,1962
4381,96777
6513,169439
6513,352802
205101,2940
5646,2099
5646,2253
32702,135677
5312,332571
5312,200447
38950,2386
38950,338742
39252,122399
39252,237203
1714,1021
1714,1000
38337,10807
98371,137360
27800,900
24254,8173
25754,28104
22525,2593
101718,111426
101718,63216
127,24814
145621,30393
14156,112134
141991,263730
144036,251359
161928,235471
161928,235482
1126,2795
8964,225602
8964,355987
8964,12057
2295,18774
165294,21866
165294,677
12453,337017
32863,19370
194032,159566
2283,2284
186212,47082
88881,217545
2750,89478
46147,112844
46147,183960
287810,336705
36380,26420
2738,430
235534,219185
10575,21990
10575,36267
10575,298419
10575,118257
38418,29408
17755,159801
17755,17003
183831,231345
19484,32409
19484,95695
15497,28137
3427,28408
189520,283865
3297,185050
622,2284
15490,30135
353,466
3753,197969
55597,1188
5899,1127
3476,7943
220546,204543
154008,1500
155157,201243
2331,159621
5675,351392
9581,9208
289020,334988
9454,1410
30009,33950
21866,165294
4058,146752
2106,3661
214224,1294
13982,2407
2635,158867
2635,29316
10518,41321
2426,2322
313121,2407
145842,203301
145842,188190
145842,191133
145842,1406
13682,1294
167505,88130
2598,6977
610,4384
212873,36599
14951,128909
4384,610
7860,2120
275802,140343
32849,76670
10807,38337
171424,137909
33292,3737
315058,194998
26204,1132
11739,10613
11200,6552
10293,35170
128028,76203
198450,150993
12238,345081
1255,2771
165283,120580
311659,226610
6368,177807
8295,2629
251252,345617
22516,2593
899,10123
16723,265276
172237,2223
29408,38418
131199,7553
192409,151191
8337,290
23049,292732
17687,15066
238102,269904
238102,269905
67026,31159
12837,23482
249414,158742
3889,159847
2099,590
2099,5646
2099,2253
10105,263802
9725,35095
9725,257954
18618,56687
18618,56686
30640,171783
265297,1406
15020,51384
8173,24254
25475,271821
264989,342252
140830,82343
140830,132701
33112,16191
8676,13402
8676,15599
1964,2943
46586,943
11950,155912
12784,66354
12784,52107
25097,223688
138311,109002
8813,118257
28989,234819
61916,19370
95695,19484
6474,201440
34583,1198
7803,3337
305984,34166
12826,268279
4641,162740
8133,14702
64875,198598
1771,133903
25623,311848
27961,170408
27961,181
116821,1269
181,170408
181,37198
181,1829
181,105134
181,23010
181,147523
181,179719
181,10383
181,150049
181,148036
181,15045
181,22551
181,291741
181,149296
181,275280
181,4324
181,147568
181,27961
181,242649
181,9294
21859,217136
5878,297781
10687,222389
17597,39734
7314,262397
20281,5130
2421,114189
2253,4506
2253,590
2253,2099
2253,5646
208583,18755
329713,223321
34390,267578
2206,18893
2120,7860
66213,1406
40851,2425
1958,33673
57215,284772
9852,242615
39564,253678
1574,31766
184159,2679
191041,223975
191041,223978
191041,223980
4781,2425
4781,4122
229902,266031
35524,28288
2855,14625
142303,17133
9091,287030
1269,286312
1269,116821
1269,40507
1269,324189
15599,4378
15599,8676
27335,34160
2322,2426
15505,255715
38561,5895
11753,351039
752,2760
30393,145621
47082,151091
47082,186212
10613,11739
271349,27162
3007,10205
28010,92961
1933,342071
64610,1410
86073,261307
86073,243093
86073,352290
86073,261157
170274,286532
170274,286403
1436,865
19478,25668
1855,200296
6614,9392
4779,226316
4779,29316
8121,24253
9392,6614
5591,242615
167715,308263
1439,234372
1613,142363
1613,4893
2166,5377
5960,16937
27389,182994
136143,264282
136143,150276
95710,183612
7709,198598
116593,157945
2387,17987
2818,276495
4062,22188
5824,13
240142,116823
9516,9927
12691,270846
214899,232099
154343,2407
8031,252554
1217,1219
198961,352781
166658,221918
2086,108862
2086,130603
5253,15728
3886,345265
166081,265584
289363,1406
5758,66238
5758,215609
5758,186905
2000,30182
155693,152758
155693,56933
321928,344837
3347,291297
3347,249735
3347,171368
137550,170407
93688,160757
202771,306555
2484,27374
10213,317934
8983,349676
65262,318293
1730,248417
3699,334341
5457,23912
6898,72660
155081,197585
155081,246702
6787,10484
115793,186074
1962,14436
1962,5427
5122,355412
11670,15585
2593,12304
2593,92497
2593,22525
2593,22516
6552,35282
6552,11200
20422,320795
20422,324925
18755,267021
18755,208583
64204,171317
22861,166278
4122,6725
4122,6837
4122,4781
4122,16067
4122,65629
4122,2425
29613,35042
29613,127052
2223,172237
2223,331830
2223,358924
204543,262442
204543,232683
204543,220546
204543,297783
7308,152463
7320,354202
40508,166239
152758,155693
152758,56933
19370,61916
19370,32863
226610,351389
226610,316165
226610,311659
226610,325179
24985,2679
11028,335921
17003,17755
17003,159801
17003,358982
1094,5458
1748,35310
1748,15613
4035,292653
4035,268837
2272,8632
2952,248702
2952,149328
2386,38950
4077,166429
4888,268008
4888,225981
677,228895
677,292733
677,165294
3728,357874
3728,70174
5130,20281
5130,265810
11017,243142
10816,343398
1797,40537
5749,290512
5749,316268
5749,170034
5749,216146
3990,227510
5588,37246
5588,332259
7688,226959
4143,296297
4143,302584
5339,151220
5339,263733
5339,226490
15549,181936
15549,344291
2785,343025
2425,24009
2425,300379
2425,327900
2425,309094
2425,6725
2425,40851
2425,320831
2425,4122
2425,6837
2425,4781
2425,16067
2425,65629
4378,15599
5895,38561
5895,345111
2407,316268
2407,313121
2407,264715
2407,154343
2407,351661
2407,13982
2407,25481
2679,184159
2679,24985
2679,11725
7682,355918
3737,264716
3737,33292
3737,332259
3737,325732
3737,27982
3522,137481
2921,327898
2921,15731
1410,9454
1410,327898
1410,245107
1410,289231
1410,64610
1410,297594
1406,41186
1406,356071
1406,145842
1406,265297
1406,230408
1406,201890
1406,296341
1406,295391
1406,66213
1406,6964
1406,191133
1406,310883
1406,24146
1406,351967
1406,24764
1406,289363
1406,158867
1406,29316
16398,345231
5048,296226
5048,33568
5048,309097
267367,123260
267367,171007
267367,145196
267367,176806
267367,128386
296100,144344
45358,326355
291794,216734
255924,119432
173,37904
173,6539
173,64897
157820,232894
147154,9446
155731,186375
255262,31260
139993,229130
186375,155731
152242,162944
152242,38159
152242,27682
285826,163967
277448,161813
229130,139993
328326,245961
232894,157820
4230,174298
140135,40692
299104,156266
142039,169122
142039,277403
142039,232238
168680,236475
323947,169427
266447,156501
300129,251412
160669,124545
231942,29368
317030,128882
311464,81640
165469,281038
165469,286169
165469,140863
165469,147827
336849,127023
206593,72851
315048,24037
315048,2653
308388,58421
174852,140163
2802,9143
2883,35863
260000,204836
162944,152241
162944,152242
162944,38159
162944,27682
259134,4091
295503,186904
291105,327107
291105,204836
8070,12379
321537,40107
326355,45358
175619,34747
8383,10272
140065,145344
299971,133405
11428,299676
140164,27048
260126,161757
157254,38471
39786,175696
39786,26129
47410,27710
327107,204836
327107,291105
296948,204836
26635,297569
529,48
609,32114
616,443
616,1268
732,733
733,732
1021,1000
1021,1714
1166,11574
1220,62280
1224,158861
1238,32154
1478,97
1538,47694
1609,5792
1733,12516
1754,239770
1872,149635
1980,27020
2017,5389
2017,932
2032,155815
2048,2047
2671,5155
2691,6815
2711,149075
2810,17784
2865,20838
3123,12587
3300,20265
3368,772
3474,3506
3506,3474
3582,9610
3904,4580
3963,10378
4072,5243
4180,307719
4191,14862
4334,16936
4341,18078
4432,790
4432,88
4506,13479
4506,2253
4545,144982
4628,292650
4674,34890
4713,571
4838,40898
4859,7946
4882,24435
4896,223951
4896,291430
5313,14486
5422,68988
5456,1835
5458,1094
5525,47055
5525,281655
5608,37539
5628,436
5633,18223
5720,32533
5792,1609
5907,2609
5995,164564
6236,175759
6300,180051
6321,177537
6361,5893
6512,163
6547,12183
6547,154934
6587,98667
6685,13292
6722,144670
6727,153627
6815,2691
6852,8830
6856,26341
6864,24986
6888,41542
6900,3383
6906,2392
6964,1406
7014,251826
7023,251826
7034,38374
7070,330111
7130,8311
7227,291832
7245,326432
7380,39049
7482,46782
7572,3359
7581,624
7626,2965
7643,27827
7784,306741
7785,282457
7816,22286
7878,7885
7885,7878
7889,203858
7946,4859
7954,252361
8264,297786
8311,7130
8311,6006
8313,3309
8315,6732
8345,9101
8380,3711
8387,3712
8437,23491
8493,25987
8623,28910
8632,2272
8783,39057
8789,335920
8830,6852
8846,97701
8846,97699
8872,336550
8906,27712
9040,85124
9045,157773
9101,8345
9184,16187
9208,9581
9245,17191
9254,501
9262,23572
9278,227003
9294,181
9334,284579
9391,17098
9391,282079
9401,21083
9407,27032
9592,23971
9817,169412
9885,12998
9927,9516
9991,753
10017,330775
10071,10074
10074,10071
10123,899
10124,28461
10150,31362
10205,3007
10229,170020
10232,99045
10232,247732
10243,128433
10378,3963
10389,14396
10435,357100
10437,259737
10484,6787
10532,18527
10629,9610
10629,282533
10657,327116
10658,1163
10693,95022
10697,29522
10700,3471
10738,30834
10851,32458
10882,328379
10910,21769
10965,19565
10974,23613
10985,129149
11024,270627
11036,166915
11042,64184
11184,155022
11212,11405
11228,287040
11261,63557
11276,144670
11277,200383
11335,16
11405,140477
11405,3946
11405,11212
11448,186514
11488,132019
11564,36428
11564,36427
11564,100378
11572,594
11574,1166
11621,178683
11725,2679
11734,31746
11809,116405
11815,243632
11829,19475
11844,285020
11868,343522
12023,230075
12061,3015
12117,16484
12118,7506
12128,12129
12183,6547
12183,154934
12213,23836
12287,83195
12287,197760
12287,189005
12303,22591
12370,351715
12379,8070
12385,211086
12465,13915
12516,1733
12530,62397
12569,137659
12585,28451
12585,119608
12587,3123
12889,342640
12929,1475
12940,252550
12978,191032
12979,157449
12998,9885
13015,232444
13181,14289
13229,108716
13292,6685
13402,8676
13410,10916
13479,4506
13575,462
13608,684
13609,2392
13639,248933
13658,25988
13686,83325
13718,63420
13748,14197
13831,13
13904,333386
13948,30551
14002,14001
14018,309570
14048,356711
14059,5136
14066,14067
14067,14066
14096,7774
14197,13748
14210,26345
14273,5155
14289,13181
14396,10389
14409,17287
14409,200623
14436,1962
14486,5313
14489,29956
14489,67973
14489,33609
14499,31671
14522,274
14544,3641
14624,93985
14661,19570
14702,8133
14707,197501
14774,51475
14820,77577
14821,19622
14839,15054
14842,2236
14862,4191
14867,17
14867,3339
14945,37456
14985,169333
15054,14839
15065,2577
15068,306506
15068,24819
15075,115343
15086,23679
15102,27965
15108,27079
15213,17682
15213,9189
15220,33018
15297,15378
15378,15297
15529,312630
15585,11670
15689,128500
15717,11441
15728,5253
15736,256855
15736,15760
15760,15736
15812,26365
15815,279263
15866,6541
15925,21775
16020,14683
16020,293959
16027,22536
16027,34752
16027,95073
16027,304820
16063,20
16090,2090
16095,230898
16114,38748
16166,20839
16187,9184
16195,195353
16239,141116
16291,42944
16298,4971
16324,2284
16327,238025
16484,12117
16513,85965
16516,96004
16553,23504
16629,27496
16630,63238
16635,4784
16640,37364
16664,98292
16714,142232
16740,58538
16755,166915
16780,296045
16912,64993
16927,55781
16927,241920
16936,4334
16937,5960
16944,18190
17042,2492
17081,16253
17098,9391
17114,52514
17167,358147
17167,128111
17184,158486
17191,9245
17220,297881
17287,200623
17287,14409
17308,293262
17379,299192
17379,26717
17452,42275
17476,2236
17507,273919
17582,316054
17608,286804
17621,255194
17646,17657
17657,17646
17676,144924
17677,36291
17682,15213
17711,29636
17784,2810
17861,359002
17903,315673
17927,31679
17968,35136
17987,2387
18013,198
18015,60707
18059,7623
18066,1722
18078,4341
18136,356042
18154,297346
18190,16944
18223,5633
18232,341106
18314,298284
18396,22774
18426,170480
18455,113548
18477,299073
18501,31347
18516,135810
18527,10532
18587,2025
18774,2295
18817,23082
18817,30566
18817,35827
18817,39397
18893,2206
18959,23717
19017,121098
19119,164363
19169,166064
19171,321727
19204,115034
19269,3646
19271,88079
19277,242547
19285,194755
19297,5276
19336,229356
19336,32186
19339,105364
19347,12584
19357,173646
19391,37875
19524,66533
19565,10965
19570,14661
19657,32404
19669,24255
19702,2389
19719,307960
19772,100758
19786,137490
19800,25773
19825,127260
19968,212960
20113,27938
20241,24314
20265,3300
20555,20978
20717,2284
20838,2865
20839,16166
20978,20555
21047,1419
21055,127093
21074,19803
21083,9401
21275,4862
21281,25064
21562,8195
21562,59543
21611,1038
21658,281940
21775,15925
21780,297883
21845,7338
21874,59254
21916,983
21942,25209
21957,40823
21992,20195
22154,327131
22155,297201
22188,4062
22274,175818
22286,7816
22373,3377
22396,344766
22408,22564
22523,2554
22536,16027
22564,22408
22581,110
22591,12303
22765,29769
22774,18396
22939,242985
23082,18817
23312,348303
23323,186344
23343,62972
23344,38501
23352,167707
23407,292904
23482,12837
23491,8437
23504,16553
23572,9262
23638,31856
23653,8945
23717,18959
23836,12213
23846,160584
23857,249304
23971,9592
24146,1406
24162,25581
24210,327228
24213,450
24234,188468
24253,8121
24255,19669
24311,178096
24314,62708
24314,20241
24336,288017
24336,198629
24435,4882
24716,16145
24797,26998
24814,127
24819,306506
24819,15068
24862,29278
24961,233995
24986,6864
25050,142747
25064,21281
25209,21942
25245,154249
25245,154247
25289,70532
25415,302007
25421,298584
25460,73243
25481,2407
25522,32868
25546,300826
25556,325089
25576,307544
25581,24162
25602,298100
25602,39644
25635,32159
25635,230076
25668,19478
25773,19800
25806,305576
25807,111126
25984,1299
25987,8493
26043,137331
26103,81819
26103,251679
26117,352130
26129,39786
26129,339249
26151,38545
26341,6856
26345,14210
26365,15812
26370,297945
26420,36380
26475,317281
26487,157625
26492,35975
26501,172778
26547,119465
26605,5195
26673,29508
26676,277545
26717,299193
26717,17379
26764,22126
26775,118625
26804,8993
26822,285823
26842,135737
26922,140
26922,335946
26928,183526
26932,20761
26998,304266
26998,24797
27020,1980
27032,90002
27032,9407
27079,15108
27160,30049
27167,635
27265,27266
27343,65113
27347,132601
27383,36337
27496,16629
27507,98802
27536,288803
27540,28313
27542,416
27583,4299
27603,24028
27683,214
27715,96473
27754,304259
27821,29879
27827,7643
27838,1274
27840,155194
27904,235469
27999,341708
28041,12266
28104,25754
28105,5928
28105,329127
28137,15497
28148,218588
28202,148185
28203,148183
28219,232792
28288,35524
28299,28298
28313,28528
28313,27540
28321,16874
28408,3427
28446,225289
28451,119608
28451,12585
28458,31115
28461,10124
28499,166216
28499,117968
28509,33676
28510,21705
28528,28313
28607,66047
28613,21412
28627,30561
28756,357638
28756,357699
28756,357683
28756,357702
28756,357652
28756,357685
28756,357696
28756,357651
28756,357682
28756,357640
28756,357684
28756,357697
28756,357703
28756,357681
28756,357700
28772,3015
28906,10368
28910,8623
28910,5429
29111,65317
29262,259499
29316,4779
29316,2635
29316,1406
29402,227607
29455,353341
29508,26673
29522,41604
29522,10697
29562,102599
29576,286572
29636,17711
29769,22765
29809,188692
29810,834
29913,188692
29956,67973
29956,33609
29956,14489
30049,27160
30080,299790
30080,297434
30130,28296
30135,15490
30165,11132
30165,9150
30182,2000
30365,204
30531,184866
30551,13948
30561,28627
30566,18817
30686,30687
30687,30686
30691,234137
30765,147863
30834,327617
30834,10738
30843,323653
30845,304887
31025,301364
31025,12355
31115,28458
31167,299
31167,8495
31167,12715
31167,5369
31182,142611
31347,18501
31362,10150
31494,152428
31505,569
31525,834
31581,92702
31583,299
31601,157002
31642,23550
31651,157528
31671,14499
31679,17927
31716,297805
31716,255192
31716,297785
31716,40429
31746,11734
31766,5295
31766,1574
31807,1961
31856,23638
31873,8046
31873,3667
31988,188692
32005,254
32159,230076
32159,25635
32186,229356
32186,19336
32205,159736
32208,317
32213,23257
32234,1431
32263,6954
32404,19657
32423,172978
32458,10851
32473,32474
32474,32473
32533,5720
32635,32636
32636,32635
32833,3844
32868,25522
32876,9674
32949,189427
32949,8538
33092,1607
33212,3570
33295,269646
33400,39768
33436,56604
33436,140517
33521,1710
33568,5048
33609,14489
33609,29956
33673,1958
33676,14342
33676,28509
33736,37284
33854,327642
33854,282076
33901,13182
33903,52011
33903,25967
34024,87580
34029,124013
34104,198478
34113,165651
34160,27335
34190,57775
34413,78011
34438,219345
34508,2842
34652,6153
34653,159087
34653,458
34734,156453
34752,16027
34827,184369
34942,34943
34977,238305
35042,29613
35095,257954
35095,9725
35136,17968
35143,195217
35170,10293
35183,22924
35187,305265
35282,6552
35310,1748
35569,302536
35684,186961
35703,291157
35703,291160
35703,61488
35754,154388
35768,54372
35827,18817
35863,2883
35873,9149
35975,26492
36267,10575
36267,21990
36291,17677
36295,179795
36337,27383
36422,4112
36423,216855
36427,11564
36428,11564
36537,42305
36637,131581
36638,275713
36727,149906
36818,242374
36963,38769
37006,42444
37206,316077
37238,304260
37246,5588
37284,33736
37363,246046
37364,350968
37364,350966
37364,350964
37364,16640
37364,350965
37364,179222
37364,350967
37456,14945
37500,332576
37539,5608
37604,260334
37712,222703
37719,307541
38286,8258
38350,2532
38374,7034
38404,257138
38501,23344
38565,16030
38624,295878
38732,4299
38748,16114
38769,36963
38827,8544
38831,5831
38946,21677
38987,89341
38994,73525
38995,141058
39047,297564
39049,7380
39057,8783
39241,133102
39282,138325
39397,18817
39440,19427
39532,294882
39632,22186
39644,25602
39734,17597
39768,33400
39977,155201
40079,148758
40131,221109
40199,34342
40227,72153
40230,40615
40275,279272
40280,326978
40394,13879
40395,15830
40429,297785
40429,31716
40436,37997
40460,321934
40474,174101
40502,69479
40530,24028
40537,1797
40540,260488
40544,306898
40604,168788
40615,40230
40679,299911
40682,2757
40897,188692
40898,107017
40898,4838
40937,181957
40973,229712
40973,36604
41009,22392
41043,145649
41321,10518
41360,347065
41542,6888
41580,63183
41597,348734
41633,12747
41869,41870
41870,41869
41888,146920
41925,349872
42305,36537
42412,232267
42482,222731
42678,318483
42826,8243
42944,16291
43011,32639
43017,943
43103,170931
43103,170930
43144,41
43144,344268
43243,22644
43403,158894
43411,154934
43471,230745
43471,180849
43480,249304
43505,330676
43710,173127
43774,10660
45703,270657
45703,303503
46245,125609
46420,188690
46656,158488
47344,62274
47694,1538
48159,460
51382,16160
51383,51384
51384,51383
51384,15020
51424,193647
51475,14774
51865,188690
52011,33903
52107,12784
52286,69278
52514,17114
52880,173824
53095,160898
54056,316767
54140,66665
54620,3553
54859,83325
54914,186721
55154,11050
56171,253363
56407,8790
56411,8790
56479,180397
56635,321933
56686,18618
56687,18618
57064,333813
57314,42783
57783,68202
57994,291629
58010,154498
58010,171752
58010,171753
58010,171754
58124,267469
58392,313433
58519,160592
58538,193862
58538,16740
58641,176647
58907,95138
58927,153585
58993,120310
58993,120311
59039,155581
59224,35812
59254,21874
59543,21562
59543,8195
59813,174054
60015,9629
60057,103844
60369,213169
60707,18015
61165,162141
61488,35703
61549,4934
62216,169998
62274,47344
62280,1220
62397,12530
62626,296112
62708,169192
62708,24314
62875,355563
63183,41580
63216,101718
63238,16630
63339,158231
63339,158921
63420,13718
63557,109835
63557,11261
63581,148918
63682,261492
63808,309099
63808,26884
63849,66950
64051,3825
64184,11042
64222,263698
64222,262564
64222,196676
64778,307397
64778,12129
64812,891
64843,6688
64993,16912
65055,170006
65113,27343
65308,148185
65317,29111
65467,15139
65588,221139
65629,2425
65629,4122
65629,85558
65760,65762
65762,65760
65979,308181
66238,215609
66238,186905
66238,5758
66286,135737
66354,12784
66547,5481
66586,247944
66950,63849
67240,37589
67280,327618
67430,288871
67626,153891
67934,297700
67973,14489
67973,29956
68039,188690
68063,20269
68202,57783
68716,274178
68988,5422
69069,252667
69186,284
69479,40502
69598,97456
69900,40213
70114,296773
70174,3728
70362,147708
70372,5086
70398,225909
70455,3360
70461,143145
70740,128103
70875,170951
71460,108524
71978,319705
71991,334789
72081,80351
72153,40227
72660,6898
72778,254365
72847,208916
73004,258290
73247,13919
73525,38994
75877,22392
75877,22061
75989,76092
76092,75989
76092,5692
76101,242615
76670,32849
76701,41326
77577,14820
78011,34413
80351,72081
80800,5298
81819,26103
81843,112210
82298,269975
82343,132701
82343,140830
84866,271052
85021,128716
85558,65629
85902,5298
85965,16513
86816,246873
87580,34024
87856,305343
87873,306003
88130,167505
88397,313254
88633,358011
88633,332563
88633,332561
88859,179064
89341,38987
89977,352625
91545,206854
91918,304333
91941,3664
92181,301912
92216,41604
92702,31581
92961,28010
93258,5195
93446,1973
93650,230036
93650,11689
93763,98953
93823,1986
93965,16130
93985,14624
94263,129814
94343,252987
94487,175498
94686,167416
94821,232025
94941,1299
94941,40853
95022,10693
95073,16027
95138,58907
95318,10226
95345,398
95491,183
95758,156291
95778,24923
95805,279307
95807,1321
96004,16516
96238,260465
96420,4862
96473,96480
96473,27715
96480,96473
96719,41860
96777,4381
96870,71569
96954,71569
97312,204546
97456,69598
97660,312075
97699,8846
97701,8846
98120,322241
98255,189944
98292,16664
98452,20610
98667,6587
98802,27507
98953,93763
99045,10232
99408,300622
100049,286377
100378,11564
100753,4810
101861,6578
102029,324183
102259,1401
102544,211913
102599,29562
102608,135737
102622,143304
102755,267990
103195,214824
103461,323602
104368,53279
104439,121893
104800,9409
105035,299430
105053,139780
105173,112111
105355,299085
105364,19339
106782,47414
107017,40898
107376,34785
107551,227
107870,144670
107979,296556
108310,309327
108524,71460
108716,13229
109001,26855
109002,138311
109554,333023
109601,507
109835,63557
110107,141086
110113,110115
110115,110113
110590,239226
110987,287173
111126,25807
111890,17396
112111,105173
112134,14156
112268,179782
112293,51197
112745,311967
112836,176743
112963,344699
112963,347830
112963,347829
113342,144450
113503,497
113511,904
113548,18455
113572,317549
113898,258560
113936,118330
114062,2891
114189,2421
114404,137156
115034,19204
115343,15075
115474,139901
115680,65282
115680,68858
115829,3359
116228,238083
116405,11809
116473,201013
116823,240142
117864,5251
117867,5251
117869,5251
117968,28499
118080,191063
118184,168838
118257,10575
118257,8813
118514,118558
118520,118521
118521,118520
118558,118514
118625,26775
118964,193818
119342,281485
119369,3720
119465,26547
119534,39180
119608,28451
119608,12585
119855,144593
119864,174811
120022,254178
120135,286595
120310,58993
120311,58993
120674,161620
121090,10075
121626,302291
121893,104439
122242,143636
122346,319425
122680,5464
122751,172696
122751,13936
122821,226873
122821,3109
122821,33259
122832,13464
123107,16992
123116,310820
123163,681
123490,109612
123648,2057
123882,17754
124013,34029
124152,255702
124156,199149
124156,133470
124221,124586
124413,183509
124413,202186
124586,124221
124586,7539
124846,196358
125058,152123
125145,140995
125756,10245
125758,327005
125833,192638
125965,178519
126678,289997
126807,243927
127052,29613
127113,257213
127260,19825
127506,173463
127526,176565
127543,1480
128103,70740
128111,17167
128214,3404
128433,334012
128433,10243
128500,15689
128556,163078
128696,128697
128697,128696
128716,85021
128839,139705
128849,136146
128877,335636
128877,335462
128909,14951
128958,284740
128973,304617
129149,10985
129173,19009
129283,314364
129285,5686
129378,184709
129504,191288
129504,40182
129513,176366
129513,306272
129513,143883
129529,8790
129594,160835
129694,68947
129814,94263
130079,196745
130153,321937
130601,1219
130677,188292
130677,186436
130735,145198
130955,329727
130955,329767
131024,227314
131165,171672
131308,499
131364,348346
131364,348332
131485,269621
132574,246824
132664,315512
132701,82343
132701,140830
132839,176366
132946,313574
133102,39241
133132,321329
133176,108665
133243,4914
133470,124156
133519,203669
133563,36333
133602,175979
133661,258708
133748,213815
133748,42101
133749,32639
133750,75529
133903,1771
133923,134259
133965,224815
134259,133923
134274,172453
134305,317614
134357,213645
134683,151532
135330,170365
135429,180820
135672,209812
135672,1339
135677,32702
135719,122327
135737,188235
135737,102608
135737,66286
135737,26842
135737,150187
135810,18516
136305,157593
136420,98122
136461,174297
136912,103016
137360,98371
137481,3522
137490,19786
137659,12569
137708,168653
137751,182869
138180,141747
138240,2938
138325,39282
138703,11
139106,158355
139297,13742
139705,128839
139828,163126
139901,115474
140053,271516
140155,353676
140455,114684
140469,158758
140477,11405
140477,3946
140517,33436
140517,56604
140607,281417
140627,106929
140629,183610
140650,146624
140650,260999
140650,143967
140650,154976
140866,185850
141033,6487
141058,38995
141086,110107
141116,16239
141452,4916
141726,164937
141726,164939
141747,138180
141876,207625
141938,223671
142037,340100
142232,16714
142363,1613
142398,273448
142508,143447
142534,195000
142611,31182
142677,231281
142747,25050
143034,9866
143050,255191
143105,73369
143145,70461
143146,199092
143304,102622
143436,182233
143447,142508
143560,5215
143624,7090
143625,7090
143636,122242
143636,22029
143744,225966
143747,154795
143761,346250
143883,176366
143883,129513
143967,140650
143983,253210
144229,232407
144418,13
144450,113342
144495,41604
144593,119855
144670,11276
144670,6722
144670,107870
144771,27155
144829,213371
144893,1859
144924,17676
144956,213371
144982,4545
145198,130735
145277,96266
145277,102194
145428,299977
145504,122327
145674,23387
145795,273661
145847,284126
145847,33048
145881,7567
146212,12252
146214,42241
146215,12054
146216,10230
146332,12067
146351,282913
146458,313014
146467,3039
146624,260999
146624,140650
146650,333583
146752,4058
146920,41888
146925,237030
146926,1986
146977,3439
146994,339
147141,299082
147141,299083
147376,23485
147498,122327
147708,70362
147858,4299
147863,30765
147881,5799
147921,267377
147975,181342
147979,146152
148057,1513
148183,28203
148185,28202
148185,65308
148191,13411
148349,166095
148415,336965
148530,3570
148580,128419
148632,199403
148758,40079
148907,301683
149075,2711
149374,168274
149465,134884
149635,1872
149906,36727
150187,135737
150273,104858
150427,308022
150441,26292
150565,3525
150882,276342
150965,185142
150965,185143
150993,198450
150998,295477
151091,47082
151220,5339
151228,8924
151441,241805
151532,134683
151795,299821
151876,19991
152082,24079
152096,210183
152098,67542
152123,125058
152313,232999
152428,31494
152463,7308
152796,66590
153066,175472
153220,167190
153423,285273
153585,58927
153627,6727
153762,153763
153763,153762
153788,223573
153891,67626
154010,131221
154011,131221
154230,154232
154232,154230
154247,25245
154249,25245
154388,35754
154583,75529
154795,143747
154838,248403
154860,28436
154881,458
154934,12183
154934,43411
154934,6547
154976,140650
155022,11184
155153,247618
155194,27840
155201,39977
155452,176803
155481,182725
155581,59039
155584,164205
155657,163171
155815,2032
155854,171361
156233,13172
156233,25087
156291,95758
156370,5445
156661,4173
156680,301572
156784,134884
157084,321654
157084,311842
157084,312666
157148,12318
157573,223436
157625,26487
157683,119474
157773,9045
157945,116593
158231,263182
158231,172470
158231,63339
158248,182877
158355,139106
158473,340832
158486,17184
158488,46656
158491,6930
158575,341809
158595,16355
158638,140702
158758,140469
158867,2635
158867,1406
158894,43403
158965,359158
159198,4952
159246,104858
159383,184885
159443,159445
159443,35188
159445,35188
159445,159443
159465,139780
159513,515
159577,829
159577,7416
159577,9782
159621,2331
159736,32205
159766,168760
159801,17755
159801,17003
159842,104858
159843,6837
159847,3889
159893,134884
159894,134884
159895,134884
159896,134884
159897,134884
159898,134884
159899,134884
159900,134884
159901,134884
159902,134884
159904,134884
159907,100734
159970,20192
159984,339068
160423,164747
160584,23846
160609,160612
160612,160609
160726,317311
160757,93688
160919,288935
160919,178997
160960,161126
160960,36367
160961,161126
160961,36367
160961,101786
160962,161126
160962,36367
160962,101786
161075,195477
161098,416
161193,136910
161209,182012
161413,258708
161511,354628
161539,8651
161728,352765
161770,295951
162067,9132
162273,306931
162428,196062
162556,170977
162687,30804
162734,2238
162740,4641
162905,1977
163078,128556
163078,301240
163078,301241
163126,139828
163152,299060
163171,155657
163275,319968
163613,261451
163867,6399
163867,12211
164072,38679
164346,309517
164363,64604
164363,19119
164378,224081
164563,198537
164564,5995
164640,165449
164722,131221
164747,209644
164747,160423
164878,177478
164937,141726
164939,141726
165016,13301
165449,165449
165449,164640
165472,14042
165474,3669
165740,96026
165753,201516
166064,19169
166095,148349
166136,142503
166216,28499
166239,40508
166278,22861
166309,207884
166328,198692
166429,4077
166435,172158
166583,72644
166851,175238
166915,11036
166915,16755
167177,121429
167416,94686
167496,261490
167707,23352
167774,63268
167951,286781
168031,173323
168031,293495
168111,244991
168165,3725
168211,265082
168353,316167
168354,168431
168408,56604
168431,168354
168449,281679
168450,2733
168497,153507
168678,286076
168760,159766
168838,118184
169122,142039
169158,198608
169192,62708
169226,179254
169231,294919
169333,14985
169396,241805
169412,9817
169439,6513
169591,169653
169653,169591
169761,150016
169823,37672
169823,14403
169823,129974
169927,262213
169998,62216
170006,65055
170020,10229
170034,5749
170047,194352
170047,208112
170090,23485
170118,255197
170118,308530
170131,217012
170201,280633
170201,280634
170201,101644
170296,153623
170365,135330
170374,280738
170384,4185
170407,137550
170408,181
170408,27961
170480,18426
170627,130135
170627,10246
170715,230590
170930,43103
170931,43103
170973,183186
170977,162556
171197,2842
171317,64204
171361,155854
171368,3347
171537,15167
171555,171556
171556,171555
171783,30640
171868,148007
171909,256064
171909,57201
171942,191998
172161,5217
172200,160868
172244,223779
172262,28436
172262,132616
172262,136086
172303,245780
172453,134274
172470,263182
172470,275283
172470,158231
172508,131221
172696,229988
172696,122751
172733,207246
172778,26501
172883,173004
172883,174592
172883,173124
172883,174595
172978,32423
173004,173163
173004,172883
173123,204281
173124,213634
173124,172883
173127,43710
173149,187527
173163,179521
173163,308652
173163,179519
173163,173004
173322,173323
173323,168031
173323,173322
173325,86169
173454,179529
173455,176300
173463,127506
173646,19357
173782,233872
173824,52880
174054,59813
174055,158256
174101,40474
174220,176292
174251,322840
174297,136461
174333,47055
174592,172883
174595,172883
174731,284926
174768,298460
174811,119864
174953,207168
175028,347932
175028,347931
175028,347930
175238,166851
175472,153066
175498,94487
175508,1304
175696,39786
175759,12067
175759,6236
175818,22274
175836,179812
175979,133602
176292,174220
176300,173455
176366,129513
176366,132839
176366,143883
176487,224108
176548,147427
176570,20031
176574,331305
176630,338967
176647,58641
176743,112836
176773,330684
176852,218608
176948,6929
177117,179966
177123,308688
177292,285042
177351,358113
177503,180602
177537,6321
177799,97747
177799,1111
177975,218958
178096,24311
178150,182544
178327,231299
178402,192536
178414,270629
178496,241384
178496,56641
178519,125965
178600,313016
178683,11621
178826,2472
178878,268665
178997,288935
178997,160919
179064,88859
179111,158991
179201,158268
179203,339
179204,1472
179222,37364
179254,169226
179366,179367
179367,179366
179457,261159
179519,210112
179519,173163
179521,173163
179529,173454
179736,194952
179782,112268
179795,36295
179812,175836
179816,194969
179816,5242
179931,184072
179966,177117
179978,214195
180030,202329
180051,6300
180230,215482
180296,323099
180397,56479
180416,203665
180547,5418
180617,75782
180666,267397
180688,352602
180820,135429
180849,43471
180927,218615
181038,41107
181042,248584
181074,39180
181142,237029
181198,181670
181205,233625
181291,4974
181342,147975
181441,209926
181520,30804
181804,142205
181936,15549
181957,40937
182012,161209
182086,352443
182229,298490
182230,336290
182232,266732
182233,266734
182233,143436
182298,266733
182333,266725
182401,337430
182412,17
182725,155481
182877,158248
182961,135382
182994,27389
183065,134884
183186,170973
183233,811
183387,92876
183509,124413
183526,26928
183610,140629
183612,95710
183888,129735
183899,3992
184072,179931
184083,191560
184269,192260
184369,34827
184506,41076
184507,40455
184507,99258
184709,129378
184752,271039
184885,159383
184979,7278
185050,3297
185142,150965
185143,150965
185744,182238
185793,6931
185850,140866
186073,112373
186074,115793
186243,186569
186243,32441
186344,23323
186436,130677
186514,11448
186557,303322
186569,186243
186688,187360
186808,42892
186961,35684
187091,240001
187257,202564
187257,188018
187329,177210
187360,186688
187360,187361
187361,187360
187362,20100
187431,218512
187459,134615
187489,92644
187527,173149
187606,90870
187675,207961
187676,52328
187718,243220
187727,249863
187741,275984
187791,172012
187916,254923
188190,145842
188235,135737
188301,202732
188364,258347
188364,113337
188468,24234
188561,160436
188690,51865
188690,68039
188690,46420
188692,31988
188692,29913
188692,40897
188692,29809
189001,2843
189005,12287
189685,130907
189944,98255
190035,299710
190290,144412
190292,268005
190484,2164
190552,135851
190582,338965
190604,253438
190740,129974
190772,123991
191063,118080
191249,233071
191312,220248
191528,14117
191560,184083
191882,123991
191913,21613
191943,219594
192043,262160
192069,263700
192138,264685
192139,220249
192140,264748
192181,18163
192182,18163
192183,18163
192184,18163
192207,209562
192212,177843
192260,184269
192319,314082
192536,178402
192562,28436
192857,299912
193150,8652
193153,153002
193255,66852
193382,198822
193382,215755
193523,193524
193524,193523
193647,51424
193660,180850
193796,220333
193862,58538
193948,271268
194293,220852
194352,170047
194412,250590
194755,19285
194808,143487
194952,179736
194969,11997
194969,179816
194975,307530
195000,142534
195012,251535
195182,206500
195217,35143
195274,248362
195330,203430
195478,211882
195496,213520
195509,249047
195903,332492
196062,162428
196358,124846
196570,341563
196667,176435
196742,165651
196745,130079
197034,166633
197108,229224
197108,1917
197297,92125
197297,49276
197501,14707
197544,261251
197544,181694
197585,155081
197711,79413
197969,3753
197997,255875
198478,34104
198478,187782
198481,268251
198598,7709
198598,64875
198629,24336
198692,166328
198699,249817
198741,129090
198776,1927
198822,193382
198823,22392
199092,143146
199149,124156
199403,148632
199938,568
199969,26859
200002,244323
200220,35188
200224,35188
200296,1855
200326,201383
200383,11277
200447,5312
200521,239449
200623,17287
200623,14409
200699,129622
200948,7114
200966,5635
201013,116473
201278,201281
201278,2574
201278,201279
201279,2574
201279,201278
201368,81588
201383,200326
201440,6474
201516,165753
201877,223950
201890,1406
202023,228943
202186,124413
202248,184383
202275,220478
202329,180030
202450,137031
202468,274230
202852,283000
202906,342258
203030,252962
203301,145842
203665,180416
203669,133519
203703,235360
203833,233932
203858,7889
203958,326572
204165,321475
204546,97312
204597,66986
204659,40803
204759,317314
205081,8790
205348,20000
205458,241805
205475,261159
205491,132372
205491,142121
205497,205500
205500,205497
205589,256838
205613,276209
205613,14324
205669,829
205688,322560
205789,173752
206063,267565
206106,286280
206170,109801
206328,57775
206365,207728
206500,195182
206511,302418
206854,91545
206856,206857
206857,206856
207043,352629
207159,224128
207168,174953
207239,81850
207246,172733
207420,284585
207500,289086
207625,141876
207686,590
207728,206365
207884,166309
207961,187675
208105,232360
208112,170047
208165,212694
208165,287738
208376,5455
208437,344525
208698,234473
208698,324862
208752,267902
208916,72847
208974,10156
209255,236178
209310,288473
209362,235938
209562,192207
209597,209599
209599,209597
209624,343904
209640,5958
209690,193136
209862,170423
210007,218166
210007,270238
210007,210113
210112,179519
210183,152096
210499,352572
211086,12385
211202,153723
211457,319713
211457,319715
211457,319716
211457,347403
211913,102544
212563,212565
212565,212563
212607,3439
212663,3837
212694,208165
212759,154892
212762,238701
212874,158268
212960,19968
213169,60369
213371,144956
213371,144829
213422,5541
213422,36911
213520,195496
213634,173124
213645,134357
213815,133748
213926,138670
213964,347437
214195,179978
214667,248726
214824,103195
215227,1917
215497,255552
215749,130552
215755,193382
216066,103670
216146,5749
216157,236305
216157,261982
216157,261984
216157,261985
216300,230650
216347,3730
216421,276161
216855,36423
217035,141430
217136,21859
217138,8903
217143,258627
217184,66088
217198,4815
217200,3662
217233,191910
217234,3119
217365,91430
217379,118410
217545,88881
217679,7625
218043,339991
218166,270238
218166,210007
218262,219987
218383,293703
218383,319347
218512,187431
218588,28148
218608,176852
218609,191285
218684,284326
218958,177975
219185,235534
219345,34438
219360,247760
219594,191943
219987,218262
220237,286487
220249,192139
220333,193796
220705,264780
220852,194293
221109,40131
221139,65588
221245,166210
221245,177245
221846,69785
221918,166658
222079,163081
222389,10687
222703,37712
222728,33406
222731,42482
223123,130997
223436,157573
223557,240958
223671,141938
223688,25097
223871,247649
223951,4896
224081,247839
224081,164378
224128,207159
224161,112557
224175,205072
224392,11050
224610,2734
224802,226485
224805,272172
224832,279418
224832,303507
225054,19145
225083,276922
225085,35137
225144,355946
225239,292136
225289,28446
225602,8964
225765,154892
225966,143744
226043,14036
226082,249536
226118,284446
226194,226423
226316,4779
226423,226194
226485,224802
226490,5339
226596,248134
226873,122821
226873,33259
226959,7688
227003,9278
227086,298583
227266,213266
227314,131024
227334,152245
227510,3990
227546,229996
227607,29402
228296,10753
228460,257667
228483,153064
228662,271301
228895,677
229224,197108
229356,19336
229356,32186
229412,326762
229516,233973
229624,3818
229702,253734
229712,40973
229988,13936
229988,172696
229996,227546
230036,93650
230075,12023
230076,25635
230076,32159
230119,230120
230120,230119
230121,1294
230745,43471
230774,349947
230781,354983
230816,230818
230818,230900
230818,230816
230848,244891
230900,9398
230900,230818
231281,142677
231285,270661
231299,178327
231345,183831
231474,94493
231655,231657
231657,231655
231815,135840
232025,94821
232099,214899
232121,20100
232122,33604
232213,301687
232223,301199
232360,208105
232407,144229
232444,13015
232635,644
232683,204543
232792,28219
232880,169124
232999,152313
233017,175510
233041,122691
233071,191249
233081,254614
233104,233393
233393,233104
233625,181205
233872,173782
233995,24961
234137,30691
234371,36599
234372,1439
234513,131221
234590,60210
234713,161726
234819,28989
235019,245107
235296,244702
235296,83195
235469,27904
235523,261248
235863,166509
235905,258126
235938,209362
235945,191065
236009,10742
236264,153507
236302,324471
236485,2629
236909,327842
236934,137958
236938,357463
237029,181142
237030,146925
237081,15267
237081,2681
237181,300420
237181,137141
237203,39252
237569,263153
237586,151251
237698,19399
237925,264201
237975,178038
238024,258210
238025,16327
238034,357138
238083,333234
238083,116228
238190,326543
238305,34977
238342,283850
238342,238343
238343,238342
238701,212762
238933,262974
239029,289957
239172,26033
239226,110590
239449,200521
239770,1754
240001,187091
240107,33406
240143,139771
240651,261592
240958,255039
240958,223557
241014,1294
241036,42206
241067,85800
241146,265023
241252,256478
241384,178496
241732,8707
241805,205458
241805,151441
241805,169396
241920,16927
242146,242212
242212,242146
242221,178038
242263,299239
242345,242346
242346,242345
242370,318347
242374,36818
242547,19277
242551,183305
242615,5591
242615,9852
242615,76101
242891,310195
242985,22939
242992,336026
242992,246797
243142,11017
243220,187718
243632,11815
244234,102
244323,200002
244338,153723
244525,9209
244679,3181
244891,230848
244906,182238
244991,168111
244999,260704
245107,235019
245107,1410
245131,321
245361,123991
245516,322451
245780,172303
245825,310896
246001,10014
246038,246039
246039,246038
246046,37363
246543,4218
246619,207242
246702,155081
246751,349593
246797,242992
246824,132574
247069,97332
247258,309827
247269,1197
247297,189359
247312,151357
247483,330953
247618,155153
247649,223871
247683,305800
247732,10232
247760,219360
247839,224081
247944,66586
248027,142963
248134,226596
248153,63743
248362,195274
248403,154838
248417,1730
248425,144150
248726,214667
248907,295785
248933,13639
249304,16450
249304,43480
249304,23857
249536,226082
249649,16804
249683,37196
249735,3347
249773,259
249775,1563
249863,187727
249897,181265
250331,163
250472,219661
250559,308694
250590,194412
250678,169755
250942,9476
251359,144036
251467,226529
251469,222741
251471,251472
251471,253515
251471,253516
251471,251474
251471,253514
251471,251500
251471,253674
251472,251471
251474,251471
251500,251471
251503,301617
251503,301615
251503,301618
251535,195012
251679,26103
251691,333523
251826,7014
251826,7023
252063,281023
252135,216856
252138,252139
252139,252138
252361,7954
252382,36905
252541,354045
252550,12940
252554,8031
252667,69069
252958,349788
252978,341143
252978,37352
252987,94343
253167,327156
253210,143983
253271,169926
253363,56171
253387,239847
253438,190604
253514,251471
253515,251471
253516,251471
253570,335637
253666,146963
253674,251471
253677,200729
253678,39564
253734,229702
253742,355921
253835,358637
254130,27852
254179,332813
254191,7806
254191,224907
254196,311542
254343,254344
254344,254343
254365,72778
254411,307462
254500,1463
254502,1463
254504,1463
254505,1463
254614,233081
254752,3360
255012,154892
255039,240958
255191,143050
255192,100216
255192,31716
255194,17621
255197,170118
255233,303441
255233,337864
255233,313106
255400,216630
255488,134884
255531,305949
255552,215497
255715,15505
255767,255768
255768,255767
255816,28508
255817,2838
255875,197997
256015,3181
256058,258941
256064,171909
256126,43443
256146,22289
256376,327402
256503,11
256510,261159
256607,173302
256855,15736
256872,130960
257109,357198
257138,38404
257213,127113
257246,338750
257357,303441
257357,338070
257595,165414
257596,148215
257767,333442
257954,35095
257954,9725
258027,248157
258109,264679
258115,688
258126,235905
258290,73004
258301,285204
258314,299024
258347,188364
258560,113898
258627,217143
258708,161413
258708,133661
258844,160762
258941,256058
259062,241083
259369,29026
259499,29262
259737,10437
260488,313141
260488,40540
260933,353921
260941,204583
260998,17053
260999,140650
260999,146624
261020,144223
261157,86073
261159,205475
261159,159865
261159,179457
261159,256510
261248,235523
261251,181694
261251,197544
261328,285250
261341,11
261450,85899
261451,163613
261492,63682
261592,240651
261707,195073
261844,438
262160,192043
262213,169927
262383,451
262397,7314
262412,2281
262442,204543
262562,165041
262564,64222
262634,183626
262730,3053
262749,3818
262930,357118
262974,238933
263153,237569
263171,70222
263182,172470
263182,158231
263185,349373
263317,313964
263390,265813
263666,18664
263666,87
263698,64222
263700,192069
263729,107549
263730,141991
263733,5339
263802,10105
263980,307421
264006,345586
264201,237925
264429,36648
264448,211810
264671,276477
264679,258109
264685,192138
264715,2407
264716,3737
264717,1294
264747,324806
264748,192140
264780,220705
264968,1219
265009,339937
265009,293549
265009,323716
265023,241146
265030,131362
265030,132481
265072,265073
265073,265072
265082,168211
265276,16723
265382,288893
265477,37352
265584,166081
265797,40398
265810,5130
265813,263390
265815,159401
266072,208808
266073,184525
266382,340813
266553,526
266725,182333
266732,182232
266733,182298
266734,326018
266734,182233
266843,210113
266877,130004
267021,18755
267140,126404
267421,236931
267469,58124
267565,206063
267578,34390
267902,208752
267988,302085
267990,102755
268005,190292
268251,198481
268254,262547
268266,268248
268266,4192
268279,12826
268398,306921
268398,197097
268400,300019
268767,124954
268837,4035
269100,272397
269163,35416
269163,35415
269203,18963
269209,256957
269279,57139
269471,13972
269530,64220
269621,131485
269646,33295
269729,318079
269904,238102
269905,238102
269975,82298
269978,325333
270110,97683
270167,320241
270238,210007
270238,218166
270327,312322
270408,170855
270408,211963
270408,122842
270627,11024
270629,178414
270657,45703
270661,231285
270699,67917
270747,352055
270846,12691
270873,3745
271006,318935
271039,184752
271052,84866
271130,5994
271150,8989
271301,228662
271332,302085
271334,302085
271390,313951
271448,117555
271516,140053
271638,251228
271821,25475
271827,315913
272172,224805
272397,269100
272544,267989
272756,176229
272853,289585
272853,290773
272853,290031
272853,289759
273436,265489
273437,26447
273448,142398
273476,267989
273661,145795
273755,278901
273919,17507
273955,2016
274080,43022
274151,1294
274581,286290
274651,8098
274792,2629
274908,117558
275033,117558
275280,181
275293,195842
275293,238221
275512,237745
275518,334289
275561,334691
275713,36638
275849,6930
275849,3408
275978,279783
275984,187741
276124,193272
276209,205613
276342,150882
276477,264671
276495,2818
276629,351369
276719,2681
276756,276757
276757,276756
276804,118536
276922,225083
276955,267989
277026,335757
277034,303734
277112,277114
277113,277114
277114,277113
277114,277112
277403,142039
277545,26676
277716,237171
277974,300073
278012,303281
278337,70519
278901,273755
278914,49397
279137,164147
279263,15815
279272,40275
279322,23604
279366,319099
279418,224832
279443,312590
279443,312589
279719,209383
279783,275978
279861,41916
279932,202513
279972,587
279989,103814
280583,142503
280633,170201
280634,170201
280738,170374
280780,298618
281023,329537
281023,329536
281023,252063
281038,165469
281078,24706
281096,188181
281096,209741
281121,316493
281121,37352
281144,306141
281208,198634
281266,14010
281267,14010
281333,267989
281370,337677
281396,14010
281418,297702
281485,119342
281519,294531
281559,356039
281679,168449
281782,234521
281782,238550
281782,247429
281782,254128
281782,258181
281940,21658
282079,9391
282137,147021
282251,317312
282457,7785
282485,206175
282533,10629
282594,196379
282699,338545
282713,219807
282913,146351
283000,202852
283075,257324
283336,284577
283492,265286
283538,142401
283808,302085
283809,302085
283850,238342
283865,189520
283932,359479
284007,39856
284126,145847
284326,218684
284472,153830
284488,299222
284488,291953
284496,237171
284577,283336
284578,299
284579,9334
284598,165888
284598,184266
284627,356633
284730,325068
284740,128958
284772,57215
284778,3284
284815,13
284857,39180
284926,174731
285020,11844
285042,177292
285204,258301
285213,10946
285273,153423
285304,188465
285313,326358
285390,35023
285621,2970
285823,26822
285991,301587
286075,164022
286076,168678
286169,165469
286169,147827
286216,260156
286280,206106
286290,274581
286308,225481
286312,1269
286350,112532
286377,100049
286398,16085
286403,170274
286408,1111
286487,220237
286532,170274
286572,29576
286595,120135
286745,267030
286781,167951
286876,5107
286904,84913
286927,255293
287030,9091
287040,11228
287073,295373
287132,938
287173,110987
287216,21569
287285,235616
287546,233070
287658,34297
287663,223096
287663,288022
287663,266652
287682,256960
287738,208165
287817,237834
287872,240744
287903,135019
287912,131221
288017,8700
288017,24336
288179,318661
288333,220406
288473,209310
288662,162022
288803,27536
288839,242705
288871,67430
288893,265382
288935,160919
288935,178997
288985,2068
289017,206068
289086,207500
289231,1410
289470,289585
289470,290773
289470,290031
289470,289759
289585,290773
289585,289470
289585,272853
289759,290773
289759,289470
289759,272853
289937,220558
289957,239029
289997,126678
290031,290773
290031,289470
290031,272853
290512,5749
290549,290551
290550,290551
290551,290549
290551,290550
290773,289585
290773,289470
290773,272853
290773,290031
290773,289759
291100,272597
291155,68820
291157,35703
291160,35703
291297,3347
291382,319097
291430,4896
291434,144181
291434,32990
291434,32989
291548,3157
291629,57994
291741,181
291832,7227
291953,284488
292070,281515
292136,225239
292337,328830
292610,235451
292650,4628
292653,4035
292732,23049
292733,677
292816,309501
292831,943
292843,234292
292903,1029
292904,23407
292908,2922
292990,142829
293260,297557
293262,17308
293458,943
293495,168031
293549,265009
293703,218383
293786,7060
293980,323849
294112,242227
294127,115
294315,296623
294315,17181
294464,294463
294487,6003
294489,7109
294490,8722
294491,8720
294531,281519
294547,349202
294592,294771
294637,322624
294648,129622
294651,219122
294771,294592
294882,39532
294919,169231
295124,137
295175,324467
295373,287073
295391,1406
295439,2452
295449,355433
295449,316352
295477,150998
295555,305488
295721,315639
295878,38624
295925,302085
295926,302085
295951,161770
296009,310766
296009,313876
296045,16780
296108,167791
296112,62626
296226,5048
296297,1294
296297,4143
296302,187806
296341,2452
296341,1406
296349,200729
296449,6541
296556,338969
296556,107979
296562,8798
296623,358997
296623,296625
296623,294315
296625,296623
296722,296807
296724,296725
296725,296724
296773,70114
296877,303501
296877,303497
297006,241590
297007,220199
297341,242742
297346,18154
297428,199413
297434,30080
297557,293260
297564,39047
297582,347733
297594,1410
297700,67934
297718,267989
297781,5878
297783,204543
297783,1111
297785,31716
297785,40429
297786,8264
297789,112102
297797,283849
297805,31716
297834,297835
297835,297834
297881,17220
297883,21780
297945,26370
297958,7349
298079,267989
298100,25602
298190,207062
298231,25568
298284,18314
298375,12346
298410,341973
298419,10575
298454,267989
298460,174768
298478,131221
298481,267989
298482,267989
298490,182229
298583,227086
298584,25421
298773,209809
298773,199076
298949,313023
299024,258314
299044,299436
299044,6540
299060,163152
299073,18477
299082,147141
299083,147141
299085,105355
299192,17379
299193,26717
299195,38204
299222,284488
299223,308355
299223,299224
299224,308355
299224,299223
299239,242263
299430,105035
299436,299044
299702,171544
299710,190035
299749,299750
299750,299749
299786,299787
299787,299786
299790,30080
299821,151795
299833,190264
299841,343899
299851,299852
299852,299851
299857,12202
299911,40679
299912,192857
299947,136712
299977,145428
300019,268400
300036,11139
300073,277974
300120,192656
300379,2425
300420,237181
300443,300444
300444,300443
300622,99408
300724,314048
300724,11432
300802,129622
300826,25546
300929,356618
300938,225316
300938,298573
300982,36598
301007,320077
301061,185302
301127,301128
301127,301131
301128,301127
301131,301127
301199,232223
301215,302085
301364,31025
301485,331412
301587,285991
301615,251503
301617,251503
301618,251503
301628,178900
301683,148907
301687,232213
301779,301829
301829,301779
301912,92181
301942,102897
301942,159456
301974,305107
302007,25415
302024,302025
302025,302024
302085,283809
302085,283808
302085,295926
302085,295925
302085,267988
302085,271334
302085,301215
302085,271332
302291,121626
302393,304211
302418,206511
302422,304207
302536,35569
302546,302547
302547,302546
302584,4143
302676,148660
302684,303725
302695,338353
303281,278012
303322,186557
303441,257357
303441,255233
303497,296877
303501,296877
303503,45703
303507,224832
303507,15827
303563,304513
303725,302684
303727,313730
303933,7181
303970,316700
303994,354031
303994,241590
304207,302422
304211,302393
304239,265381
304259,27754
304260,37238
304266,26998
304353,202026
304412,177515
304509,25972
304513,303563
304617,128973
304740,304747
304740,304744
304740,304743
304743,304740
304744,304740
304747,304740
304820,16027
304861,178028
304887,30845
304894,220508
305107,301974
305165,10310
305265,35187
305343,87856
305488,295555
305576,25806
305800,247683
305837,190700
305949,255531
306003,87873
306141,281144
306144,109548
306237,139374
306249,323835
306272,129513
306332,183420
306363,217680
306483,330791
306506,24819
306506,15068
306528,306529
306529,306528
306555,202771
306630,9246
306651,173486
306741,7784
306898,40544
306910,126119
306921,197097
306921,268398
306931,162273
306996,307544
307090,39856
307155,257284
307159,206175
307167,11441
307172,336373
307221,289601
307230,147151
307358,3901
307397,12129
307397,64778
307421,263980
307435,267989
307462,254411
307530,194975
307541,37719
307544,25576
307544,306996
307580,13316
307670,321018
307719,4180
307727,267989
307821,19046
307823,194088
307885,11168
307955,307962
307960,19719
307962,307955
307992,307993
307993,307992
308022,150427
308181,65979
308227,324340
308263,167715
308355,299223
308355,299224
308533,197097
308634,308635
308635,308634
308688,177123
308694,250559
308716,308717
308717,308716
308773,56022
308858,283849
309042,267989
309043,267989
309094,2425
309097,5048
309099,26884
309099,63808
309128,3523
309327,108310
309407,938
309427,222951
309501,292816
309517,164346
309570,14018
309585,262731
309776,341055
309827,247258
309828,172662
309838,334599
309874,37168
309952,207442
310104,266083
310195,242891
310298,9181
310692,75476
310766,296009
310820,123116
310883,1406
310892,7562
310896,245825
310947,236370
311086,234190
311165,174584
311232,697
311305,311404
311404,311305
311539,204836
311542,254196
311680,182228
311694,315
311710,231045
311842,157084
311848,25623
311912,25821
311967,112745
312075,97660
312322,270327
312401,2944
312456,260238
312570,145642
312570,192896
312589,279443
312590,279443
312611,312612
312611,316700
312612,316700
312612,312611
312630,15529
312666,157084
312794,92876
312809,313755
312879,145632
313014,146458
313016,178600
313023,298949
313106,255233
313141,260488
313254,88397
313433,58392
313574,132946
313649,11
313649,20136
313755,312809
313769,232980
313802,253664
313859,330116
313859,149241
313925,590
313934,8829
313936,206686
313951,271390
313964,263317
314048,300724
314082,192319
314126,1294
314364,129283
314402,28258
314580,136888
314580,154678
314580,166504
314582,55670
314671,176
314887,2946
315077,327600
315077,223742
315334,353635
315363,316947
315512,132664
315639,295721
315673,17903
315883,2728
315898,1294
315913,271827
315913,298575
315943,111105
315975,102548
315976,102548
316054,17582
316077,37206
316119,330240
316165,226610
316167,168353
316170,4217
316238,61487
316259,324896
316268,5749
316268,2407
316352,355433
316352,295449
316387,223996
316387,266720
316401,6431
316493,281121
316611,15683
316700,303970
316700,312611
316700,312612
316947,315363
316962,753
316966,7640
317281,26475
317314,204759
317516,350954
317549,113572
317614,134305
317934,10213
318164,64431
318293,65262
318347,242370
318368,249868
318483,42678
318529,331439
318548,232509
318562,153507
318644,155994
318661,288179
318935,271006
319033,38786
319078,188866
319090,127493
319091,127493
319092,127493
319093,127493
319097,291382
319099,279366
319264,53093
319283,256479
319307,349085
319307,352734
319336,3955
319347,218383
319365,5297
319425,122346
319705,71978
319713,211457
319715,211457
319716,211457
319902,342974
319918,337867
319968,163275
320061,15391
320077,301007
320202,3208
320241,270167
320253,88900
320283,24207
320383,13507
320457,342824
320459,149951
320468,231801
320499,92190
320502,1860
320560,30334
320680,267404
320795,20422
320813,1268
320814,145493
320817,288317
320831,2425
320855,304042
320858,232141
320858,224917
320858,304043
320859,240429
320897,34974
321018,307670
321044,102548
321047,102548
321329,133132
321475,204165
321599,283353
321602,32441
321636,342233
321654,157084
321692,94338
321727,19171
321841,2281
321841,272889
321930,322135
321933,56635
321934,40460
321937,130153
322076,281152
322135,321930
322136,322137
322137,322136
322198,17484
322198,84614
322199,5058
322204,351486
322235,12269
322241,98120
322408,2091
322467,163805
322568,342762
322624,294637
322659,322840
322787,182
322831,137909
322832,220988
322840,322659
322840,174251
322864,372
323087,207796
323099,180296
323104,216407
323365,148744
323495,533
323602,103461
323605,140519
323653,30843
323716,265009
323835,306249
323849,293980
324183,102029
324189,1269
324340,308227
324404,294788
324415,129622
324471,236302
324512,232254
324534,324534
324558,232254
324609,281442
324680,328733
324784,1198
324806,264747
324862,208698
324896,316259
324925,20422
324937,104710
325068,284730
325089,25556
325165,26033
325179,226610
325235,325388
325333,269978
325347,21685
325461,332026
325507,346621
325564,351809
325564,350061
325671,143195
325732,3737
325842,117555
325923,54
325925,321
326018,266734
326019,227127
326032,142963
326036,242227
326051,289916
326136,357709
326183,327166
326198,326862
326265,154892
326358,285313
326432,7245
326538,130486
326543,238190
326569,1294
326572,203958
326609,340685
326609,119899
326638,332269
326762,229412
326851,32164
326862,326198
326933,3284
326934,3284
326936,3284
326937,3284
326943,310578
326978,40280
326978,24764
327005,125758
327071,12715
327116,10657
327156,253167
327166,326183
327228,24210
327386,4050
327402,256376
327600,223742
327600,315077
327612,2452
327617,30834
327618,67280
327731,357183
327839,342675
327842,236909
327898,2921
327898,1410
327900,2425
327953,1891
328033,235865
328064,328066
328066,328064
328124,284378
328124,109276
328129,328529
328379,10882
328529,328129
328555,272533
328557,34383
328586,699
328733,324680
328733,16160
328734,216865
328767,267313
328830,292337
328926,258
329106,169141
329127,28105
329128,38343
329151,269573
329245,3109
329533,83195
329536,281023
329537,281023
329727,130955
329767,130955
329949,329950
329950,329949
330111,7070
330116,149241
330116,172365
330116,313859
330152,71021
330176,3720
330196,232661
330208,340684
330210,1294
330240,316119
330309,72644
330479,65242
330506,85999
330581,590
330676,43505
330684,176773
330775,10017
330791,306483
330953,247483
331224,286751
331305,176574
331412,301485
331433,312968
331439,318529
331541,137
331657,332582
331755,129294
331793,124954
331794,124954
331807,41186
331830,2223
331897,137626
331960,129294
332007,332008
332008,332007
332026,325461
332259,3737
332259,5588
332269,326638
332402,5620
332472,204734
332492,195903
332561,88633
332563,88633
332571,5312
332576,37500
332582,331657
332614,161297
332664,438
332756,6887
332813,254179
333023,109554
333234,238083
333386,13904
333405,260238
333441,280655
333442,257767
333523,251691
333540,236577
333583,146650
333767,358881
333767,318702
333813,57064
333904,257706
333959,2452
334012,128433
334137,300905
334266,238915
334289,275518
334341,3699
334349,102548
334432,334435
334435,334432
334482,135492
334505,11168
334524,163465
334582,205506
334599,309838
334606,85652
334608,148204
334691,275561
334717,288513
334720,85204
334784,258
334789,71991
334988,289020
335462,128877
335581,213578
335636,128877
335637,253570
335736,196340
335757,277026
335876,2281
335876,24118
335920,8789
335921,11028
335946,26922
336026,242992
336290,182230
336373,307172
336550,8872
336705,287810
336715,338461
336965,148415
337017,12453
337025,17909
337118,14233
337316,272215
337416,258131
337430,182401
337542,3525
337581,353808
337677,281370
337712,147919
337867,319918
338017,341785
338070,257357
338098,304987
338124,177354
338351,158572
338352,354790
338353,302695
338364,12289
338434,139131
338434,124839
338461,336715
338468,141572
338517,50381
338545,282699
338627,267246
338630,286751
338739,203845
338742,25988
338742,38950
338750,257246
338783,103814
338840,339359
338851,308652
338857,20610
338951,11168
338953,7960
338965,190582
338967,176630
338969,296556
339068,159984
339249,26129
339294,218996
339300,286751
339310,242742
339359,338840
339591,149689
339616,231966
339647,180956
339647,147949
339647,163166
339937,265009
339942,343289
339991,169102
339991,218043
339991,199598
339991,314583
339991,199595
339991,199596
339991,199594
339991,199597
340030,85005
340080,344644
340100,142037
340252,760
340252,372
340255,346152
340279,203087
340279,23995
340354,63268
340684,330208
340685,326609
340741,208670
340813,266382
340829,87104
340830,117893
340832,158473
340865,222509
340917,248722
340979,18481
341055,309776
341106,18232
341143,252978
341189,5274
341325,168609
341336,32838
341538,8790
341563,196570
341575,126443
341587,291431
341708,27999
341785,338017
341809,158575
341855,341913
341870,245655
341913,341855
341945,146886
341973,298410
342070,804
342071,1933
342075,2129
342097,2453
342105,343743
342218,4962
342233,321636
342252,264989
342258,202906
342568,86169
342640,12889
342675,327839
342676,218025
342762,322568
342807,22287
342824,320457
342924,85256
342974,319902
342982,343009
343009,342982
343010,189427
343025,2785
343028,274841
343289,339942
343307,147151
343309,204836
343373,3086
343398,10816
343518,261831
343520,3181
343522,11868
343588,123260
343665,137031
343665,223449
343687,3406
343743,342105
343744,2114
343899,299841
343904,209624
343959,153507
343981,25821
344037,37770
344070,344842
344291,15549
344326,142503
344525,208437
344614,275469
344644,340080
344679,312259
344699,112963
344764,202884
344766,22396
344837,321928
344842,344070
345054,11132
345081,12238
345100,345101
345101,345100
345111,5895
345118,117555
345155,144592
345231,16398
345265,3886
345283,173090
345435,233020
345475,325834
345520,15069
345574,358571
345582,1294
345586,264006
345617,251252
345792,247342
345971,25069
345972,324345
346121,37731
346142,182694
346152,340255
346236,278824
346250,143761
346597,129459
346621,325507
346645,119591
346762,5755
346879,129086
346972,292339
347065,41360
347097,6748
347117,223040
347200,262547
347403,211457
347437,213964
347698,349901
347733,297582
347775,196256
347829,112963
347830,112963
347883,157487
347906,173337
347930,175028
347931,175028
347932,175028
347979,192296
348070,129948
348085,209450
348276,4561
348303,23312
348332,131364
348346,131364
348532,291431
348535,259554
348535,225313
348535,188601
348685,822
348734,41597
348877,173805
348934,32674
348968,574
349085,319307
349106,288969
349166,349784
349166,350233
349166,350232
349202,294547
349242,153815
349333,168274
349373,263185
349416,9364
349490,359368
349490,251538
349593,246751
349676,8983
349703,125752
349769,105134
349784,349166
349788,252958
349872,41925
349901,349901
349901,347698
349947,230774
350006,165628
350015,137330
350028,125675
350061,325564
350232,349166
350233,349166
350280,77034
350468,288920
350566,257924
350567,257924
350604,307002
350626,137
350670,285253
350729,176247
350764,258
350793,197333
350954,317516
350964,37364
350965,37364
350966,37364
350967,37364
350968,37364
351039,11753
351106,222887
351224,204836
351369,276629
351389,226610
351392,5675
351476,295486
351486,322204
351594,298130
351616,156091
351652,276925
351652,322523
351661,2407
351715,12370
351809,325564
351828,233364
351855,148282
351891,302734
351896,171964
351967,1406
351972,134453
351980,256640
351988,351989
351989,351988
351998,4884
352055,270747
352061,295609
352130,26117
352179,191189
352262,194626
352290,86073
352292,353741
352292,10934
352406,352407
352407,352406
352443,182086
352453,151936
352572,210499
352602,180688
352625,89977
352629,207043
352687,204836
352734,357582
352734,319307
352765,161728
352781,198961
352782,154633
352797,40819
352802,6513
352810,235922
352995,22392
353129,9364
353139,164190
353148,259005
353152,200853
353153,319604
353206,1294
353311,302524
353311,328826
353338,341963
353341,29455
353426,1294
353513,80933
353598,320
353635,315334
353676,140155
353679,204836
353728,63951
353741,352292
353808,337581
353814,119500
353921,260933
353942,235017
353945,358813
354031,241590
354031,303994
354045,252541
354127,1293
354202,7320
354335,239464
354342,260300
354378,228409
354402,170669
354521,194879
354541,219430
354544,3284
354568,5404
354628,161511
354664,316767
354729,275973
354790,338352
354886,244521
354892,244522
354925,3818
354983,230781
355224,154906
355276,223321
355412,5122
355433,295449
355433,316352
355459,29603
355487,39976
355521,302510
355563,62875
355622,359
355627,1381
355737,299169
355848,141920
355918,7682
355921,253742
355922,230081
355946,225144
355978,261525
355987,8964
356039,281559
356042,18136
356071,1406
356084,258
356085,154892
356133,274093
356300,7861
356301,91514
356418,174243
356559,15110
356587,228855
356615,143884
356618,300929
356631,712
356633,284627
356667,1198
356711,14048
356744,202296
356752,272438
356752,313834
356768,190247
356907,139030
357028,102548
357100,10435
357116,1927
357118,262930
357138,238034
357183,327731
357198,257109
357253,3119
357319,244992
357463,236938
357582,352734
357638,28756
357640,28756
357642,178335
357651,28756
357652,28756
357681,28756
357682,28756
357683,28756
357684,28756
357685,28756
357696,28756
357697,28756
357699,28756
357700,28756
357702,28756
357703,28756
357709,326136
357874,3728
357912,262520
357956,316750
357974,65272
357989,172881
357999,172881
358000,169341
358011,88633
358086,201308
358113,177351
358126,39534
358147,17167
358153,234190
358263,40
358286,358288
358288,358286
358504,10547
358571,345574
358588,248158
358637,253835
358812,56758
358813,353945
358881,333767
358881,318702
358924,2223
358982,17003
358997,296623
359002,17861
359110,359111
359111,359110
359127,472
359131,236305
359135,1294
359152,223040
359158,158965
359187,260789
359204,183481
359368,349490
359368,251538
359394,295486
359406,271519
359442,20734
359443,148601
359474,13714
359479,283932
359515,296164
359591,2181
359613,15839
359644,278824
202174,147101
51811,355958
92539,316380
111661,316378
43018,257344
245744,359451
208545,347149
208545,347148
147101,202174
39775,199966
177,184424
133993,83445
145196,267367
225563,358212
225563,358213
129432,271918
247315,316382
119657,121288
212734,347149
212734,347148
148931,188189
148931,233085
210025,347149
210025,347148
22172,95683
110242,358536
123764,252705
129433,322749
129433,258738
13291,205398
129431,288375
216556,347149
216556,347148
123763,252674
123755,252507
206547,83330
206548,131751
206548,108150
209419,40834
129430,288377
123759,252675
224363,347149
224363,347148
142546,271919
146244,299659
226065,298638
131751,206548
157427,247898
221725,347149
221725,347148
174296,326945
219054,347149
219054,347148
154678,314580
29549,170576
95683,22172
108150,206548
31638,274522
230510,358212
230510,358213
231167,316380
231168,316378
237234,358212
237234,358213
228778,358212
228778,358213
42964,133412
104746,294546
37911,27112
239330,358212
239330,358213
235542,358212
235542,358213
90316,348354
5289,207480
30362,260303
242088,358212
242088,358213
149975,271319
83445,133993
262754,238530
154767,288376
138547,92828
162890,128882
162890,132195
8611,209456
1676,213298
1676,10223
5288,207480
19343,238135
154766,265512
78750,193739
161031,271916
186064,329755
8607,135895
8610,299065
163322,128882
163322,132195
4100,316229
8605,9800
146766,288362
104733,312959
9800,8605
8608,357750
21713,236475
257344,43018
8609,135895
38777,292899
11040,5290
274522,31638
210696,157464
27112,37911
171007,267367
158,180325
267974,238530
227,107551
198576,85405
147209,264439
5290,11040
1361,229218
156042,3955
85405,198576
167305,208775
68305,281655
68305,124147
170855,270408
3224,223931
135895,8607
135895,8609
13300,166518
170728,288370
132195,162890
132195,163322
176742,288374
172561,312489
316380,92539
316380,231167
31760,231924
12677,913
156053,397
182370,281987
156054,397
164166,278752
124147,172737
124147,281655
124147,68305
133412,42964
183966,265485
202831,206829
182369,281988
316378,111661
316378,231168
183967,265486
302213,275585
182373,281989
210625,31260
207480,5288
207480,5289
74771,209809
172154,208655
262044,321697
166504,314580
247898,157427
42971,216980
262043,321696
23665,12108
132780,236475
279547,168432
279547,168261
279547,168427
279547,187953
167825,299659
201313,265508
21355,156566
316382,247315
256608,229676
22160,81
22160,79
3225,223931
172365,330116
201310,252708
208071,265511
14580,80571
155530,196832
201312,271914
236515,333155
72851,333144
72851,206593
128386,267367
102061,241535
323242,252147
323242,294584
913,12677
147827,165469
147827,286169
193495,176575
152097,32456
198843,256960
181173,160796
181173,148320
25572,129765
20538,233724
20538,283798
165355,166669
142526,333174
142526,40509
7690,15593
162608,162837
184883,286657
3614,7251
209456,8611
193139,312489
80571,14580
184524,227143
157464,210696
37900,219782
213298,336044
213298,1676
25731,150005
211963,270408
171897,225244
169800,191182
147695,182173
132501,255659
257613,219507
246719,288373
182173,147695
237192,271915
169148,208655
299065,8610
217973,288363
216407,323104
133572,162078
169149,208655
176806,267367
260303,30362
235608,281987
32456,152097
246718,287963
25087,156233
256249,213777
12108,23665
19091,233724
19091,283798
84614,322198
252705,123764
205324,148321
205324,207674
186549,326945
294606,19898
294606,180203
294606,31544
153242,208655
162837,162608
67161,346935
56944,222821
229676,256608
321697,262044
166518,13300
35276,188000
153805,208655
15063,44338
102746,346935
17729,291592
20596,184560
321696,262043
15270,94724
44805,1927
117753,181362
32072,165027
19090,233724
19090,283798
73510,310636
312489,172561
312489,193139
4377,26946
241535,102061
81,22160
113108,247567
31419,243505
252674,123763
258738,129433
191182,169800
12013,184561
228962,353841
149178,224141
37186,350839
37186,350840
12482,286294
124001,223931
136171,346935
192896,312570
40509,142526
57804,187617
233803,265635
24014,47038
294546,104746
19605,291592
196832,155530
20653,303627
326964,131564
10223,1676
252507,123755
12233,39942
238550,281782
22263,84870
7202,96016
129765,25572
181362,117753
213777,256249
291521,348222
147402,151173
1248,10707
189097,183139
5732,1675
27898,293959
271918,129432
220658,264197
37867,221210
24016,99298
134674,223931
25786,40473
219507,257613
316229,4100
264364,303490
188189,148931
265511,208071
271919,142546
40473,25786
227336,336044
26343,268494
26343,268344
26343,268360
26343,268349
26343,268328
26343,268337
26343,268325
26343,268323
26343,268324
26343,268326
26343,268322
26343,268327
26343,268338
26343,268329
26343,69345
224887,229615
35609,7168
252708,201310
149689,172737
149689,339591
265508,201313
19953,39942
18664,263666
151173,147402
219782,37900
152244,346935
176774,3955
36248,285205
47038,305666
47038,24014
7416,159577
188612,295930
11123,99313
252675,123759
74766,31919
7168,35609
162078,133572
2571,205867
84870,22263
255169,326583
102143,248255
19898,294606
30794,13455
13467,175178
29986,141308
29986,128695
16115,157532
41970,91943
303490,264364
149422,168891
31065,268249
14656,346600
29288,1927
336729,176427
234679,286439
15593,7690
61479,141820
158470,323710
264439,147209
216980,42971
227725,34101
131362,265030
132481,265030
39056,3616
31919,74766
31919,74762
34101,227725
159456,301942
122213,180325
7632,17971
4795,70528
1675,5732
11615,175178
11615,188070
176966,167573
177627,183404
177627,257841
243505,31419
141976,219621
141976,219622
39942,19953
39942,12233
30643,52
131221,298478
131221,287912
131221,172508
131221,154010
131221,164722
131221,154011
131221,234513
2057,123648
5570,959
7273,357423
7274,357514
7274,308452
7275,230308
8718,333526
13411,148191
17339,17344
17344,17339
17436,129601
17437,129602
17438,125796
17438,332935
17438,332926
20298,299435
23088,17895
23633,299661
26542,156160
26917,309556
27253,27270
27270,27253
28432,307909
28482,307907
29793,184537
31544,294606
32110,156157
32660,299676
35415,269163
35416,269163
35458,215565
37352,281121
37352,265477
37352,252978
37352,281151
39808,159433
41076,184506
41418,5928
41986,4917
42104,68264
42241,146214
42837,227257
47162,11278
48190,154236
48205,154235
55942,321143
56336,324154
58885,290872
59064,68264
59416,205687
60012,168228
60953,160834
60955,141703
64604,164363
67253,67321
67253,67320
67302,141820
67320,67253
67321,67253
69220,285254
69247,318063
69247,317631
69341,69345
69345,26343
69345,69341
70332,324176
70528,4795
73541,162004
74762,31919
81937,151741
81939,151741
83755,106523
84964,287431
86822,240902
88471,324180
88560,130412
91683,229799
92125,197297
96016,7202
98256,238793
98321,299669
98725,283751
99181,227460
99258,184507
99298,24016
99627,299668
99719,187701
99722,187702
100216,255192
102194,145277
103857,24321
113011,144567
117893,340830
119683,299665
121098,19017
125796,332615
125796,17438
126423,152475
128695,29986
129595,160835
129596,160835
129601,333580
129601,333581
129601,17436
129602,17437
130135,170627
130135,10246
130231,305918
130231,305960
130234,305918
130234,305960
130412,88560
130826,226171
130906,169828
131564,326964
133475,305918
133475,305960
138515,336609
141229,184984
141230,266227
141308,29986
141703,60955
141820,67302
141820,61479
141903,324152
144181,291434
146181,258325
146279,236046
146924,299672
147542,180325
148320,181173
148321,205324
148676,149342
149342,148676
149716,334464
151741,81937
151741,81939
151741,211263
152475,126423
154235,48205
154236,48190
155874,3836
156157,32110
156160,26542
156183,211263
156184,211263
157532,16115
158921,63339
159401,265815
159433,39808
160796,181173
160834,60953
160834,160896
160835,129596
160835,129594
160835,129595
160896,160834
160898,53095
162004,73541
163465,334524
165027,30804
165027,32072
167344,333174
167573,176966
168228,60012
168261,279547
168427,279547
168432,279547
168891,149422
169828,130906
170304,308530
170576,29549
171752,58010
171753,58010
171754,58010
172201,10230
173840,12252
174221,19237
175178,11615
175178,13467
176427,336729
176575,193495
180203,294606
181518,246623
182029,218995
183139,189097
184537,29793
184982,7278
184983,6251
184984,141229
187701,99719
187702,99722
187782,198478
187953,279547
188000,35276
188070,11615
189359,247297
194990,317553
195151,223916
195152,223916
199413,297428
199594,339991
199595,339991
199596,339991
199597,339991
199598,339991
201212,275651
201393,5534
201873,275652
201873,275653
205687,59416
206829,202831
207674,205324
208655,153805
208655,172154
208655,169149
208655,169148
208655,153242
211263,151741
211263,156184
211263,156183
214443,337641
216215,264766
216217,264774
218703,286439
219319,264764
219320,264772
219324,264762
219325,264769
219330,264765
219333,264761
219336,264771
221210,37867
222543,287742
223916,195152
223916,195151
223975,191041
223978,191041
223980,191041
224917,320858
224917,304043
226008,346935
226171,130826
226507,305845
227257,42837
229615,224887
229799,91683
230308,7275
231924,31760
232141,320858
232141,304043
232968,324035
233724,20538
233724,29663
233724,19091
233724,19090
234684,262818
236046,146279
236512,331749
238135,19343
238530,267974
238530,262754
238793,98256
238923,312062
239107,286439
240347,359419
240348,359419
240350,359419
240429,320859
240429,308848
240429,308849
243973,260419
246623,181518
246836,246847
246847,246836
247429,281782
248255,102143
252147,323242
254128,281782
254840,332435
254841,338090
256534,3072
256766,332436
258181,281782
260419,262247
260419,243973
260838,268313
262247,283315
262247,260419
262731,309585
264197,220658
264761,219333
264762,219324
264764,219319
264765,219330
264766,216215
264769,219325
264771,219336
264772,219320
264774,216217
265485,183966
265486,183967
265512,154766
266227,141230
266720,316387
268249,31065
268313,268491
268313,268492
268313,268478
268313,268474
268313,268479
268313,268485
268313,268490
268313,268472
268313,268483
268313,268470
268313,268489
268313,268477
268313,268496
268313,268357
268313,260838
268313,268344
268313,268360
268313,268352
268313,268349
268313,268361
268313,268337
268313,268325
268313,268324
268313,268326
268313,268322
268313,268327
268313,268338
268313,268329
268322,268313
268322,316570
268322,26343
268323,268352
268323,26343
268324,268313
268324,26343
268325,268313
268325,26343
268326,268313
268326,26343
268327,268313
268327,268361
268327,26343
268328,26343
268329,268313
268329,26343
268337,268313
268337,26343
268338,268313
268338,26343
268344,268313
268344,26343
268349,268313
268349,26343
268352,268313
268352,268323
268357,268313
268360,268313
268360,26343
268361,268313
268361,268327
268470,268595
268470,268313
268472,268594
268472,268313
268474,268497
268474,268313
268477,268600
268477,268313
268478,268603
268478,268313
268479,268598
268479,268313
268483,268606
268483,268313
268485,268599
268485,268604
268485,268313
268489,268685
268489,268313
268490,268605
268490,268313
268491,268608
268491,268313
268492,268313
268494,268686
268494,26343
268496,268695
268496,268313
268497,268694
268497,268474
268594,268684
268594,268472
268595,268688
268595,268470
268598,268691
268598,268479
268599,268690
268599,268485
268600,268687
268600,268477
268603,268693
268603,268478
268604,268689
268604,268485
268605,268692
268605,268490
268606,268483
268608,268491
268684,268594
268685,268489
268686,268494
268687,268600
268688,268595
268689,268604
268690,268599
268691,268598
268692,268605
268693,268603
268694,268497
268695,268496
271914,201312
271915,237192
271916,161031
275060,20053
275283,172470
275585,302213
275651,201212
275652,201873
275653,201873
278752,164166
278764,281414
279980,336041
280135,280562
280562,280135
281151,37352
281414,278764
281484,311060
281987,182370
281987,235608
281988,182369
281989,182373
282076,33854
283315,322541
283315,262247
283751,98725
283798,20538
283798,19091
283798,19090
284222,127920
284225,127920
284226,127920
284228,127920
285205,36248
285254,69220
286294,12482
286769,308483
286853,326275
286855,308712
286856,308715
287431,84964
287963,246718
288022,287663
288362,146766
288363,217973
288370,170728
288373,246719
288374,176742
288375,129431
288376,154767
288377,129430
288809,126021
291592,17729
291592,19605
294584,323242
295930,188612
296807,296722
297201,22155
298573,300938
298575,315913
299244,319601
299435,20298
299661,23633
299665,119683
299668,99627
299669,98321
299672,146924
299675,11429
299676,11428
299676,32660
299795,9858
299868,301888
300374,331757
300374,316681
301240,163078
301241,163078
301817,301818
301818,301817
301888,299868
302940,358222
302940,316690
302941,347129
302941,316684
303078,337027
303078,316687
303079,321367
303079,317538
303081,340693
303081,316683
303081,316682
303083,316677
303084,316685
303085,324215
303085,316675
303086,331756
303086,316679
303087,321368
303087,303231
303088,340694
303088,317543
303089,324214
303089,316686
303090,317349
303091,317303
303092,316676
303094,355933
303095,316689
303231,303087
303627,20653
304043,320858
304043,232141
304043,224917
305666,47038
305845,226507
305918,130231
305918,130234
305918,133475
305960,130231
305960,130234
305960,133475
307907,28482
307909,28432
308452,7274
308483,286769
308530,170118
308530,170304
308643,351934
308712,286855
308715,286856
308848,240429
308849,240429
309556,26917
310508,208804
310950,348932
311060,281484
312062,238923
314583,339991
316570,268322
316675,303085
316676,303092
316677,303083
316677,317310
316679,303086
316679,317531
316681,300374
316681,317251
316682,303081
316683,303081
316684,302941
316684,317547
316685,303084
316685,317542
316686,303089
316686,317530
316687,303078
316689,303095
316689,317351
316690,302940
316690,317327
317000,317630
317001,317631
317002,317619
317002,317620
317003,317622
317004,317556
317005,317618
317006,317635
317007,317634
317009,317621
317159,317161
317159,317165
317161,317162
317161,317159
317162,317161
317165,317159
317165,317166
317166,317165
317166,317167
317167,317166
317167,317168
317168,317167
317181,317184
317182,317183
317183,317182
317184,317181
317186,317187
317187,317186
317251,316681
317251,317546
317253,317529
317253,317551
317303,303091
317303,317552
317304,317307
317307,317304
317308,317309
317309,317308
317310,316677
317310,317553
317325,317326
317326,317325
317327,316690
317327,317548
317339,317555
317342,317535
317349,303090
317349,317534
317351,316689
317529,317253
317529,317550
317530,316686
317530,317621
317531,316679
317534,317349
317534,317556
317535,317342
317535,317554
317536,317538
317536,318063
317537,317624
317538,303079
317538,317536
317542,316685
317542,317632
317543,303088
317546,317251
317546,317620
317547,316684
317547,317634
317548,317327
317548,317628
317550,317529
317550,317618
317551,317253
317552,317303
317552,317622
317553,317310
317553,317623
317553,194990
317554,317535
317554,317635
317555,317339
317556,317534
317556,317004
317618,317550
317618,317005
317619,317002
317620,317546
317620,317002
317621,317530
317621,317009
317622,317552
317622,317003
317623,317553
317624,317537
317628,317548
317630,317000
317631,317001
317631,69247
317632,317542
317634,317547
317634,317007
317635,317554
317635,317006
318063,317536
318063,69247
318391,326583
319447,319448
319448,319447
319452,319453
319453,319452
319601,299244
319750,331962
321143,55942
321367,303079
321368,303087
322541,283315
322749,129433
323710,158470
324035,232968
324152,141903
324154,56336
324176,70332
324180,88471
324214,303089
324215,303085
324649,350742
324649,324655
324655,324649
326275,286853
326583,255169
326583,318391
327131,22154
327642,33854
329184,303621
329755,186064
331749,236512
331756,303086
331757,300374
331962,319750
332435,254840
332436,256766
332615,125796
332926,332935
332926,17438
332935,17438
332935,332926
333155,236515
333174,142526
333174,167344
333526,8718
333580,129601
333581,129601
334286,184824
334286,274428
334464,149716
335676,340695
336041,279980
336044,213298
336044,227336
336609,138515
337027,303078
337641,214443
338090,254841
340693,303081
340694,303088
340695,335676
346600,14656
346838,234190
346935,67161
346935,226008
346935,102746
346935,136171
346935,152244
347129,302941
347148,216556
347148,224363
347148,208545
347148,212734
347148,210025
347148,219054
347148,221725
347149,216556
347149,224363
347149,208545
347149,212734
347149,210025
347149,219054
347149,221725
348222,291521
348354,90316
348932,310950
350742,324649
350839,37186
350840,37186
351934,308643
352817,13293
353841,228962
355933,303094
355958,51811
357423,7273
357514,7274
357750,8608
358212,235542
358212,239330
358212,242088
358212,228778
358212,237234
358212,225563
358212,230510
358213,235542
358213,239330
358213,242088
358213,228778
358213,237234
358213,225563
358213,230510
358222,302940
358536,110242
359419,240350
359419,240348
359419,240347
359451,245744
