bg_id,id
174430,295770
174430,291457
291457,295770
291457,174430
12333,300192
167355,310100
192135,347811
192135,235802
185343,329933
191189,241451
191189,299317
191189,270633
191189,218417
124742,345976
40834,36218
40834,209418
170042,176371
170042,75547
178900,205158
178900,220775
178900,224037
178900,249821
178900,220774
178900,198773
178900,290028
36218,40834
218417,191189
218417,241451
218417,299317
218417,270633
263918,315767
263918,322045
2511,307511
2511,223931
2511,204305
2511,296345
2511,238065
2511,6266
146652,195571
146652,174570
147020,182631
147020,230253
103885,183562
77423,259970
217372,271615
150376,193037
17133,214988
463,240480
463,242690
463,242694
463,231392
463,242693
463,242692
463,289793
463,289787
463,289792
463,289789
463,289790
463,289788
463,282781
463,283160
463,314377
463,183750
463,210402
463,203381
463,210396
463,210412
463,210400
463,210390
463,248927
463,210397
463,210410
463,210405
463,210401
463,238506
463,210465
463,210399
463,210406
463,207905
463,212298
463,265960
463,297821
463,310723
463,342089
463,280890
463,218575
463,242683
463,242689
463,281319
463,277273
463,312887
463,303552
463,281318
463,256727
221194,247236
195421,172818
182631,147020
182631,298628
182631,355199
182631,230253
224037,178900
822,45748
822,358124
209418,40834
129437,252985
129437,156689
176189,224710
176189,250534
7854,2346
7854,527
7854,217083
7854,19764
7854,108
7854,31999
7854,7854
7854,528
169426,254708
232832,312318
232832,283619
155068,179803
155068,181524
155068,223136
241451,191189
241451,299317
241451,270633
241451,218417
235802,192135
235802,347811
204583,232043
92828,39856
92828,121288
274637,295564
274637,335764
274637,315060
274637,294484
274637,326937
274637,326934
274637,354544
274637,284778
274637,284777
274637,325635
274637,326933
274637,274638
274637,326936
93260,58281
93260,158889
93260,260837
93260,82420
93260,82421
193037,150376
294484,295564
294484,274637
294484,335764
294484,315060
294484,326937
294484,326934
294484,354544
294484,284778
294484,284777
294484,325635
294484,326933
294484,274638
294484,326936
209685,270970
209685,242574
40692,97786
172818,185589
172818,195421
101721,172503
21241,43262
39856,121288
39856,92828
163745,322750
163745,322751
156546,283151
156546,255249
156546,283152
156546,179448
156546,195709
156546,217644
156546,221248
230253,147020
230253,298628
230253,182631
230253,355199
230253,216123
244271,268201
244271,216734
244271,291794
244271,320527
244271,348406
186751,331398
204305,223931
204305,2511
204305,270213
270633,191189
270633,241451
270633,299317
270633,218417
170771,262201
71,143347
71,131240
198773,178900
198773,205158
198773,220775
198773,220774
198773,290028
243,58601
243,306919
124708,179820
298047,336382
251658,314088
251658,352606
11170,24703
11170,54361
11170,27976
146791,212346
146791,273655
146791,150997
146791,322985
146791,273654
158899,192766
123123,298528
123123,162388
123123,204728
123123,174400
123123,89409
127398,198287
97786,40692
245654,306881
245654,306882
245654,251678
102652,220609
31999,2346
31999,527
31999,217083
31999,19764
31999,108
31999,7854
31999,528
147949,204431
147949,286927
147949,255293
147949,180956
147949,163166
232043,204583
156009,193265
97842,181796
6249,25491
256952,310448
84419,145976
2346,527
2346,31999
2346,7854
183562,103885
160010,212245
274638,295564
274638,274637
274638,335764
274638,315060
274638,294484
274638,326937
274638,326934
274638,354544
274638,284778
274638,284777
274638,325635
274638,326933
274638,326936
205359,234931
257501,272453
257501,316080
257501,301607
257501,351113
257501,285775
113924,336636
113924,137988
113924,161866
247367,358981
216734,268201
216734,268191
216734,320527
216734,244271
216734,266967
216734,266966
216734,266964
216734,266965
216734,348406
1513,64222
1513,148057
130960,300323
121408,157001
163166,204431
163166,286927
163166,255293
163166,180956
163166,147949
1353,320582
58281,158889
58281,82420
58281,93260
58281,82421
224710,176189
121288,39856
121288,92828
150997,146791
150997,322984
150997,212346
150997,273655
150997,273654
116998,142961
116998,152765
116998,140951
318184,318182
134726,122522
134726,216199
134726,198487
134726,358515
134726,177802
134726,306697
134726,160018
134726,162559
134726,247724
134726,168917
134726,151004
134726,241225
134726,143185
134726,216658
134726,274590
134726,266938
155624,235544
181521,225766
162007,298229
239942,342444
242574,270970
242574,209685
73761,147624
69789,200456
69789,341554
69789,144864
69789,172155
69789,249552
69789,261321
69789,185123
69789,215616
69789,122294
69789,157026
69789,95064
69789,138233
69789,108784
69789,230273
69789,241203
69789,213788
69789,180616
256382,352764
256382,331050
256382,284760
256382,299047
256382,271518
270970,242574
270970,209685
179803,155068
179803,181524
179803,223136
271518,256382
271518,352764
271518,331050
271518,284760
271518,299047
36235,331747
36235,170901
2163,8630
137988,113924
137988,161866
170416,252399
110277,170318
284760,256382
284760,352764
284760,331050
284760,299047
284760,271518
158889,58281
158889,82420
158889,93260
158889,82421
91872,126008
91872,124969
91872,124965
91872,122588
91872,124968
91872,59946
91872,172220
91872,228668
91872,264196
91872,66356
218333,91514
251678,306881
251678,306882
251678,245654
12002,136056
179275,224821
528,527
528,31999
528,7854
51,191543
148575,246895
148575,138649
148575,186772
148575,173294
148575,182770
148575,295574
148575,160902
148575,183482
148575,183572
148575,268355
148575,268356
148575,298345
148575,168998
148575,244196
148575,187353
148575,202096
148575,177939
148575,158275
148575,186773
148575,253564
148575,191579
148575,217471
148575,242753
148575,270939
148575,280472
148575,147363
166384,221371
166384,193308
166384,256085
11825,348849
224597,180241
224597,287754
224597,326624
224597,283077
224597,261594
224597,337397
176165,191597
176165,299452
176165,251551
195137,194286
195137,241726
53953,85897
82421,58281
82421,158889
82421,260837
82421,82420
82421,93260
156689,129437
156689,252985
156689,200171
156689,210290
91514,218333
29368,42939
29368,122240
82420,58281
82420,158889
82420,260837
82420,93260
82420,82421
151004,122522
151004,134726
151004,216199
151004,198487
151004,358515
151004,177802
151004,306697
151004,160018
151004,162559
151004,247724
151004,168917
151004,241225
151004,143185
151004,216658
151004,274590
151004,266938
27976,24703
27976,54361
27976,11170
108906,218948
108906,163163
66356,126008
66356,124969
66356,124965
66356,122588
66356,124968
66356,59946
66356,172220
66356,91872
66356,228668
66356,264196
332800,339263
108784,200456
108784,341554
108784,144864
108784,172155
108784,69789
108784,249552
108784,261321
108784,185123
108784,215616
108784,122294
108784,157026
108784,95064
108784,138233
108784,230273
108784,261588
108784,241203
108784,213788
27588,34194
27588,66120
59946,126008
59946,124969
59946,124965
59946,122588
59946,124968
59946,172220
59946,91872
59946,228668
59946,264196
59946,66356
238992,351077
238992,266993
125678,221368
125678,155463
125678,142852
125678,160958
125678,252576
125678,167763
125678,301665
125678,246535
125678,274128
125678,221369
248065,251723
95064,200456
95064,341554
95064,144864
95064,172155
95064,69789
95064,249552
95064,261321
95064,185123
95064,215616
95064,122294
95064,157026
95064,138233
95064,108784
95064,230273
95064,261588
95064,241203
95064,213788
95064,180616
174570,195571
174570,146652
158275,246895
158275,138649
158275,186772
158275,173294
158275,182770
158275,295574
158275,160902
158275,183482
158275,183572
158275,268355
158275,268356
158275,298345
158275,168998
158275,244196
158275,148575
158275,186775
158275,187353
158275,202096
158275,177939
158275,253564
158275,191579
158275,217471
158275,242753
158275,270939
158275,280472
158275,147363
161866,113924
161866,137988
299047,256382
299047,352764
299047,331050
299047,284760
299047,271518
168917,122522
168917,134726
168917,216199
168917,198487
168917,358515
168917,177802
168917,306697
168917,160018
168917,162559
168917,247724
168917,151004
168917,241225
168917,143185
168917,216658
168917,274590
168917,266938
150999,175223
150999,197065
85897,53953
185589,172818
160018,122522
160018,134726
160018,216199
160018,198487
160018,358515
160018,177802
160018,306697
160018,162559
160018,247724
160018,168917
160018,151004
160018,241225
160018,143185
160018,216658
160018,274590
160018,266938
89409,298528
89409,123123
89409,162388
89409,204728
89409,174400
177524,244513
284777,295564
284777,274637
284777,335764
284777,315060
284777,294484
284777,326937
284777,326934
284777,354544
284777,284778
284777,325635
284777,326933
284777,274638
284777,326936
244654,275034
35497,111275
122522,134726
122522,216199
122522,198487
122522,339244
122522,358515
122522,334627
122522,177802
122522,306697
122522,160018
122522,162559
122522,247724
122522,168917
122522,151004
122522,241225
122522,143185
122522,216658
122522,274590
122522,266938
315767,263918
91536,155702
176371,170042
176371,75547
183571,345055
145639,163929
17329,315670
17329,39210
318182,318184
256589,312959
181796,97842
184151,344084
17396,106113
206051,307997
247236,221194
204836,229315
218421,321628
123955,65564
527,2346
527,217083
527,19764
527,108
527,31999
527,7854
527,528
228855,307386
306881,306882
306881,251678
306881,245654
38159,193280
157001,121408
177802,122522
177802,134726
177802,216199
177802,198487
177802,358515
177802,306697
177802,160018
177802,162559
177802,247724
177802,168917
177802,151004
177802,241225
177802,143185
177802,216658
177802,274590
177802,266938
113873,347879
113873,189664
134253,198707
25821,56885
1540,8196
1540,7470
1540,3616
132372,142121
233571,283474
61692,55829
85256,337617
85256,173156
85256,156659
85256,161546
85256,161547
85256,210342
85256,255970
85256,195569
85256,268802
85256,257284
85256,99975
85256,323352
85256,113401
85256,131325
85256,195244
85256,145189
85256,203655
85256,170984
233961,249763
53093,248188
53093,162351
287084,313261
191597,176165
191597,299452
191597,251551
188547,335446
272453,257501
272453,316080
272453,301607
272453,351113
272453,285775
9220,168215
83195,118705
9203,15953
9203,9910
159503,271751
159109,189660
325635,295564
325635,274637
325635,335764
325635,315060
325635,294484
325635,326937
325635,326934
325635,354544
325635,284778
325635,284777
325635,326933
325635,274638
325635,326936
224821,179275
150312,195043
179460,333144
179460,206593
281655,235555
196202,168788
307305,343844
98527,329121
98527,238916
175223,150999
175223,197065
142852,125678
142852,221368
142852,155463
142852,142852
142852,167763
142852,301665
142852,246535
142852,221369
113401,337617
113401,173156
113401,156659
113401,161546
113401,161547
113401,210342
113401,255970
113401,195569
113401,268802
113401,257284
113401,99975
113401,323352
113401,131325
113401,195244
113401,85256
113401,196072
113401,145189
113401,203655
113401,170984
2122,201201
2122,201184
2122,201188
16496,56931
181810,252402
55829,61692
6411,24568
172220,126008
172220,124969
172220,124965
172220,122588
172220,124968
172220,59946
172220,91872
172220,228668
172220,264196
172220,66356
43022,170482
165950,286657
165950,181617
246761,348874
131325,337617
131325,173156
131325,156659
131325,161546
131325,161547
131325,210342
131325,255970
131325,195569
131325,268802
131325,257284
131325,99975
131325,323352
131325,113401
131325,195244
131325,85256
131325,145189
131325,203655
131325,170984
94104,212370
94104,232956
94104,274072
47055,235555
299317,191189
299317,241451
299317,270633
299317,218417
194626,246693
125548,214747
125548,212580
125548,212581
125548,137423
125548,152899
125548,169275
125548,172969
125548,169274
125548,269214
254708,169426
156714,353782
181524,155068
181524,179803
122294,200456
122294,341554
122294,144864
122294,172155
122294,69789
122294,249552
122294,261321
122294,185123
122294,215616
122294,157026
122294,95064
122294,138233
122294,108784
122294,230273
122294,261588
122294,241203
122294,158976
122294,213788
193308,221371
193308,166384
193308,256085
171662,156501
171662,266447
34194,27588
223931,204305
223931,2511
123607,123609
195043,150312
264198,229427
264198,256066
5206,5205
96007,73369
1499,7739
1499,8679
1499,2875
195571,174570
195571,146652
33451,24310
33451,66510
33451,142402
33451,173634
33451,212662
33451,244258
33451,330097
33451,237282
33451,46530
33451,237281
232595,292490
99975,173156
99975,156659
99975,161546
99975,161547
99975,210342
99975,255970
99975,195569
99975,268802
99975,323352
99975,113401
99975,131325
99975,195244
99975,85256
99975,145189
99975,203655
99975,170984
149951,261624
149951,320459
149951,261666
149951,337512
149951,337513
149951,249421
149951,196496
73369,96007
21133,248423
21133,262158
21133,163399
21133,203312
21133,284388
21133,283345
21133,180672
221769,98918
221769,318450
221769,235555
138233,200456
138233,341554
138233,144864
138233,172155
138233,69789
138233,249552
138233,261321
138233,185123
138233,215616
138233,122294
138233,157026
138233,95064
138233,108784
138233,230273
138233,261588
138233,241203
138233,158976
138233,180616
138649,246895
138649,173294
138649,219985
138649,182770
138649,295574
138649,160902
138649,183482
138649,183572
138649,268355
138649,268356
138649,298345
138649,168998
138649,244196
138649,148575
138649,186775
138649,187353
138649,202096
138649,177939
138649,158275
138649,186773
138649,253564
138649,191579
138649,217471
138649,242753
138649,270939
138649,280472
138649,147363
139771,275972
143185,122522
143185,134726
143185,216199
143185,198487
143185,358515
143185,177802
143185,306697
143185,160018
143185,162559
143185,247724
143185,168917
143185,151004
143185,241225
143185,143185
143185,216658
143185,274590
143185,266938
98,3618
160902,246895
160902,138649
160902,186772
160902,173294
160902,219985
160902,182770
160902,295574
160902,183572
160902,298345
160902,168998
160902,244196
160902,148575
160902,186775
160902,187353
160902,202096
160902,177939
160902,158275
160902,186773
160902,253564
160902,191579
160902,217471
160902,242753
160902,270939
160902,280472
160902,147363
112138,203719
112138,151456
112138,170568
112138,228116
112138,155827
145189,173156
145189,156659
145189,161546
145189,161547
145189,210342
145189,255970
145189,195569
145189,268802
145189,257284
145189,99975
145189,323352
145189,113401
145189,131325
145189,241761
145189,195244
145189,85256
145189,196072
145189,203655
145189,189341
145189,170984
271615,217372
198487,122522
198487,134726
198487,216199
198487,358515
198487,177802
198487,306697
198487,160018
198487,162559
198487,247724
198487,168917
198487,151004
198487,241225
198487,143185
198487,216658
198487,274590
198487,266938
268201,268191
268201,216734
268201,291794
268201,322561
268201,322562
268201,322563
268201,320527
268201,244271
268201,266967
268201,266966
268201,266964
268201,266965
24310,33451
24310,66510
24310,142402
24310,173634
24310,212662
24310,244258
24310,330097
24310,249578
24310,46530
314088,352606
314088,251658
310448,256952
6205,20609
1887,247840
1887,161562
142961,116998
142961,152765
142961,140951
296345,307511
296345,2511
295564,274637
295564,335764
295564,315060
295564,294484
295564,326937
295564,326934
295564,354544
295564,284778
295564,284777
295564,325635
295564,326933
295564,274638
295564,326936
24703,54361
24703,11170
24703,27976
261594,180241
261594,287754
261594,326624
261594,283077
261594,224597
261594,337397
217083,527
217083,31999
217083,7854
56931,16496
168998,246895
168998,138649
168998,186772
168998,173294
168998,219985
168998,182770
168998,160902
168998,183482
168998,183572
168998,268355
168998,268356
168998,298345
168998,244196
168998,148575
168998,186775
168998,187353
168998,202096
168998,177939
168998,158275
168998,186773
168998,253564
168998,191579
168998,217471
168998,242753
168998,270939
168998,280472
168998,147363
225167,283137
67877,142271
66510,24310
66510,33451
66510,142402
66510,173634
66510,212662
66510,244258
66510,330097
66510,237282
66510,46530
66510,237281
244513,177524
157026,200456
157026,341554
157026,144864
157026,172155
157026,69789
157026,249552
157026,261321
157026,185123
157026,215616
157026,122294
157026,95064
157026,138233
157026,108784
157026,230273
157026,158976
157026,213788
157026,180616
266966,268201
266966,216734
266966,322561
266966,322562
266966,322563
266966,320527
266966,266967
266966,266964
266966,266965
266966,348406
180771,299566
180771,263192
180771,257145
49,13530
260300,295577
260300,354342
223376,293387
223376,273482
223376,339062
223376,265039
223376,294756
310100,167355
65564,123955
216632,292974
283619,232832
283619,312318
172737,235555
251551,176165
251551,191597
251551,299452
9910,15953
9910,9203
113289,156097
54361,24703
54361,11170
54361,27976
235555,98918
235555,221769
235555,318450
235555,47055
235555,172737
235555,281655
98918,97915
98918,221769
98918,318450
98918,235555
153507,191872
152765,142961
152765,116998
152765,140951
240271,324657
242653,276090
168788,196202
424,42040
92190,187872
92190,156548
173156,128664
173156,161546
173156,161547
173156,291154
173156,210342
173156,255970
173156,195569
173156,268802
173156,319794
173156,257284
173156,99975
173156,323352
173156,113401
173156,131325
173156,195244
173156,85256
173156,196072
173156,287456
173156,145189
173156,203655
173156,189341
173156,266129
173156,284491
173156,170984
189660,159109
1442,21369
122240,42939
122240,29368
122240,231942
285775,272453
285775,257501
285775,316080
285775,301607
285775,351113
252399,170416
192802,236125
312318,232832
312318,283619
162388,298528
162388,123123
162388,204728
162388,174400
162388,89409
112686,301662
112686,221366
112686,248075
112686,173200
65282,68858
65282,158130
65282,75448
65282,232981
301919,329670
205158,178900
205158,220775
205158,220774
205158,198773
205158,290028
148203,178494
198287,127398
298229,162007
15953,9203
15953,9910
131904,156372
210290,156689
210290,200171
88408,143680
88408,96152
88408,113927
172503,101721
12692,95234
12692,172062
12692,214898
12692,267506
12692,316850
12692,164110
197572,180241
197572,218933
233208,247567
155463,125678
155463,221368
155463,142852
155463,167763
155463,301665
155463,246535
155463,221369
320,338732
320,287470
102237,284982
158339,158340
158339,191998
158339,188561
158339,173319
158339,175222
158339,188198
158339,158341
306882,306881
306882,251678
306882,245654
144864,200456
144864,341554
144864,172155
144864,69789
144864,249552
144864,261321
144864,185123
144864,215616
144864,122294
144864,157026
144864,95064
144864,138233
144864,108784
144864,230273
144864,261588
144864,241203
144864,158976
144864,180616
196496,320459
196496,149951
196496,337512
196496,337513
196496,249421
214484,331582
214484,244769
214484,285972
220775,178900
220775,205158
220775,220774
220775,198773
220775,290028
136056,12002
191004,234511
336382,298047
19764,527
19764,31999
19764,7854
249763,233961
142121,132372
266965,268201
266965,216734
266965,322561
266965,322562
266965,322563
266965,320527
266965,266967
266965,266966
266965,266964
266965,348406
22143,22161
247104,320698
175621,287608
175621,287611
278553,278554
278553,302926
278553,318098
198138,252688
40529,1566
234396,252776
234396,327313
266967,268201
266967,216734
266967,322561
266967,322562
266967,322563
266967,320527
266967,266966
266967,266964
266967,266965
266967,348406
142271,67877
253664,341876
180956,204431
180956,286927
180956,255293
180956,147949
180956,163166
212346,146791
212346,322984
212346,334203
212346,273655
212346,150997
212346,322985
212346,273654
131835,174973
131835,246855
318472,359065
8730,133518
8730,36597
8730,202989
256066,329748
256066,264198
191925,299571
123609,123607
118705,83195
137423,214747
137423,212580
137423,212581
137423,125548
137423,152899
137423,169275
137423,172969
137423,169274
137423,269214
45748,822
45748,329954
11229,222194
331050,256382
331050,352764
331050,284760
331050,299047
331050,271518
266964,268201
266964,216734
266964,322561
266964,322562
266964,322563
266964,320527
266964,266967
266964,266966
266964,266965
266964,348406
302336,335528
258074,330973
124965,126008
124965,124969
124965,122588
124965,124968
124965,59946
124965,172220
124965,91872
124965,228668
124965,264196
124965,66356
300905,340749
284775,332018
284775,302991
284775,292034
284775,292033
284775,302990
284775,313292
284775,292029
284775,299270
284775,292032
284775,292031
284775,319290
284775,303036
284775,299266
284775,299268
284775,337500
284775,355787
284775,292030
284775,336632
284775,309857
284775,355786
145633,341554
19643,241311
798,5736
798,7103
798,7104
156501,171662
158340,191998
158340,188561
158340,173319
158340,158339
158340,175222
158340,188198
158340,158341
185123,200456
185123,341554
185123,144864
185123,172155
185123,69789
185123,249552
185123,261321
185123,215616
185123,122294
185123,157026
185123,95064
185123,138233
185123,108784
185123,230273
185123,241203
185123,158976
185123,213788
185123,180616
41429,207587
41429,129122
216658,122522
216658,134726
216658,216199
216658,198487
216658,358515
216658,177802
216658,306697
216658,160018
216658,162559
216658,247724
216658,168917
216658,151004
216658,241225
216658,143185
216658,274590
216658,266938
216199,122522
216199,134726
216199,198487
216199,358515
216199,177802
216199,306697
216199,160018
216199,162559
216199,247724
216199,168917
216199,151004
216199,241225
216199,143185
216199,216658
216199,274590
216199,266938
204431,286927
204431,255293
204431,180956
204431,147949
204431,163166
262547,359300
262547,264373
262547,322543
122588,126008
122588,124969
122588,124965
122588,124968
122588,59946
122588,172220
122588,91872
122588,228668
122588,264196
122588,66356
2288,2287
127127,274128
127127,152510
127127,142555
32674,67426
276925,351652
276925,286862
276925,286861
168054,250865
176524,139131
176524,124839
145976,84419
130882,186799
108,527
108,31999
108,7854
258309,308367
173200,112686
173200,301662
173200,221366
173200,248075
168679,198029
168679,215392
295577,260300
295577,354342
191301,285783
225729,231573
225729,231574
22532,36482
124839,176524
124839,139131
124839,143370
171890,232823
204801,315525
197065,150999
197065,175223
168274,193953
168274,351487
153097,196418
173634,24310
173634,33451
173634,66510
173634,142402
173634,212662
173634,244258
173634,330097
173634,237282
173634,46530
173634,237281
129731,155411
315060,295564
315060,274637
315060,335764
315060,294484
315060,326937
315060,326934
315060,354544
315060,284778
315060,284777
315060,325635
315060,326933
315060,274638
315060,326936
203411,245389
203411,255678
216403,297612
167763,125678
167763,221368
167763,155463
167763,142852
167763,160958
167763,301665
167763,246535
167763,221369
234931,205359
8170,19653
8170,13751
96152,88408
96152,143680
96152,113927
32441,271540
32441,271527
32441,260751
32441,302327
32441,244359
32441,271643
32441,273280
32441,340078
32441,297542
32441,273282
32441,273281
32441,260752
32441,271535
32441,186243
32441,186569
3439,222193
3439,319313
3439,222192
3439,352211
3439,222191
3439,222190
156548,187872
156548,92190
124969,126008
124969,124965
124969,122588
124969,124968
124969,59946
124969,172220
124969,91872
124969,228668
124969,264196
124969,66356
23686,60682
142402,24310
142402,33451
142402,66510
142402,173634
142402,212662
142402,244258
142402,330097
142402,237282
142402,46530
142402,237281
90870,136284
119866,208754
119866,129165
224483,316291
224483,316289
224483,316290
224483,316288
224483,185381
224483,185378
224483,180543
224483,185380
224483,256742
224483,256778
224483,256779
224483,256780
224483,287325
224483,287326
224483,265755
224483,265754
224483,265752
224483,356904
224483,356908
224483,356900
224483,356901
224483,356903
247342,345792
198707,134253
2639,2238
160958,125678
160958,221368
160958,252576
160958,167763
160958,301665
2162,316664
124668,171978
42939,29368
42939,231942
42939,122240
228668,126008
228668,124969
228668,124965
228668,122588
228668,124968
228668,59946
228668,172220
228668,91872
228668,264196
228668,66356
36708,83040
11168,305882
11168,310672
11168,306431
11168,305879
2165,310953
127493,238805
127493,313829
127493,193699
124968,126008
124968,124969
124968,124965
124968,122588
124968,59946
124968,172220
124968,91872
124968,228668
124968,264196
124968,66356
128664,337617
128664,326235
128664,173156
128664,268802
128664,319794
128664,323352
20545,89415
20545,218913
20545,182952
20545,271227
20545,291440
20545,271225
20545,182541
20545,142556
20545,271228
20545,192320
20545,327645
20545,291381
20545,142557
20545,234614
20545,217428
20545,182953
20545,316585
20545,291380
20545,165522
20545,192322
20545,165521
20545,192324
20545,249036
20545,182955
20545,351623
20545,273005
20545,182954
20545,192355
20545,142558
20545,273007
20545,234615
20545,192323
20545,192321
20545,165523
20545,302725
20545,234616
20545,115233
20545,226588
274533,340420
287754,326624
287754,283077
287754,261594
287754,224597
287754,337397
292974,216632
84465,149361
815,9825
172155,200456
172155,341554
172155,144864
172155,69789
172155,249552
172155,261321
172155,185123
172155,215616
172155,122294
172155,157026
172155,95064
172155,138233
172155,108784
172155,230273
172155,261588
172155,158976
172155,213788
172155,180616
172242,172225
177939,246895
177939,138649
177939,173294
177939,219985
177939,182770
177939,295574
177939,160902
177939,183572
177939,298345
177939,168998
177939,244196
177939,148575
177939,187353
177939,202096
177939,158275
177939,253564
177939,191579
177939,217471
177939,242753
177939,270939
177939,280472
177939,147363
299452,176165
299452,191597
299452,251551
181617,165950
181617,286657
155451,210271
264196,126008
264196,124969
264196,124965
264196,122588
264196,124968
264196,59946
264196,172220
264196,91872
264196,228668
264196,66356
235344,270146
235344,290099
235344,257197
235344,268250
235344,236365
235344,235360
235344,257198
5205,5206
2238,2639
126008,124969
126008,124965
126008,122588
126008,124968
126008,59946
126008,172220
126008,91872
126008,228668
126008,264196
126008,66356
200456,341554
200456,144864
200456,172155
200456,69789
200456,249552
200456,261321
200456,185123
200456,215616
200456,122294
200456,157026
200456,95064
200456,138233
200456,108784
200456,230273
200456,241203
200456,158976
200456,213788
200456,180616
140951,142961
140951,116998
140951,152765
8829,313934
8829,153292
2795,13956
162559,122522
162559,134726
162559,216199
162559,198487
162559,358515
162559,177802
162559,306697
162559,160018
162559,247724
162559,168917
162559,151004
162559,241225
162559,143185
162559,216658
162559,274590
162559,266938
191612,259394
79073,91773
79073,127561
79073,111330
79073,100173
18985,94342
18985,49394
18985,49396
18985,49391
18985,49392
18985,49397
18985,49050
18985,233278
18985,49400
18985,49038
18985,49399
18985,168924
18985,159526
18985,49096
18460,193024
1037,342068
235655,285529
147537,247069
189848,22948
189848,213670
221248,156546
221248,255249
221248,283152
301607,272453
301607,257501
301607,316080
301607,351113
301607,285775
129122,207587
129122,41429
234190,260786
234190,260785
234190,287952
83040,36708
3605,2579
3605,2580
3605,5511
275870,247694
84838,170482
37165,33048
37165,37672
139131,176524
139131,124839
97915,98918
25071,22948
19854,21373
84889,186723
155122,260645
155122,312748
161546,173156
161546,156659
161546,161547
161546,210342
161546,255970
161546,195569
161546,268802
161546,257284
161546,99975
161546,323352
161546,113401
161546,131325
161546,241761
161546,195244
161546,85256
161546,196072
161546,145189
161546,203655
161546,189341
161546,170984
56885,25821
161547,173156
161547,156659
161547,161546
161547,210342
161547,255970
161547,257284
161547,99975
161547,323352
161547,113401
161547,131325
161547,195244
161547,85256
161547,145189
161547,203655
161547,170984
943,13648
85769,341306
3837,257965
252688,198138
228602,325889
95234,172062
95234,12692
95234,214898
95234,267506
95234,316850
95234,164110
169274,214747
169274,212580
169274,212581
169274,125548
169274,137423
169274,152899
169274,169275
169274,172969
169274,269214
152899,214747
152899,212580
152899,212581
152899,125548
152899,137423
152899,169275
152899,172969
152899,169274
152899,269214
215437,215436
68858,65282
68858,158130
68858,75448
68858,232981
214988,17133
202755,226170
202755,196305
202755,196306
75547,176371
75547,170042
247694,275870
293348,348588
193953,168274
292032,284775
292032,332018
292032,302991
292032,292034
292032,292033
292032,302990
292032,313292
292032,292029
292032,299270
292032,292031
292032,319290
292032,303036
292032,299266
292032,299268
292032,337500
292032,292030
292032,336632
292032,309857
167698,203204
713,2455
713,1213
713,338472
713,1212
713,12367
200171,156689
200171,210290
99358,4212
19679,174048
238916,329121
238916,98527
235544,155624
292034,284775
292034,332018
292034,302991
292034,292033
292034,302990
292034,313292
292034,292029
292034,299270
292034,292032
292034,292031
292034,319290
292034,303036
292034,299266
292034,299268
292034,337500
292034,292030
292034,336632
292034,309857
179820,124708
204728,298528
204728,123123
204728,162388
204728,89409
2290,262369
335764,295564
335764,274637
335764,315060
335764,294484
335764,326937
335764,326934
335764,354544
335764,284778
335764,284777
335764,325635
335764,326933
335764,274638
335764,326936
32341,38391
20609,6205
170318,110277
194230,274128
86955,22948
304985,295535
13293,238615
251723,248065
249821,178900
173294,246895
173294,138649
173294,219985
173294,182770
173294,295574
173294,160902
173294,183572
173294,298345
173294,168998
173294,244196
173294,148575
173294,187353
173294,202096
173294,177939
173294,158275
173294,253564
173294,191579
173294,217471
173294,242753
173294,270939
173294,280472
173294,147363
187353,246895
187353,138649
187353,173294
187353,219985
187353,182770
187353,295574
187353,160902
187353,183572
187353,298345
187353,168998
187353,244196
187353,148575
187353,202096
187353,177939
187353,158275
187353,253564
187353,191579
187353,217471
187353,242753
187353,270939
187353,280472
187353,147363
146735,1927
146735,22948
183572,246895
183572,138649
183572,173294
183572,219985
183572,182770
183572,295574
183572,160902
183572,298345
183572,168998
183572,244196
183572,148575
183572,187353
183572,202096
183572,177939
183572,158275
183572,253564
183572,191579
183572,217471
183572,242753
183572,270939
183572,280472
183572,147363
179448,156546
179448,255249
179448,283152
75448,65282
75448,68858
75448,158130
75448,232981
278554,278553
278554,302926
278554,318098
1323,147919
1323,5573
1323,5235
1323,352996
1323,5571
1323,6926
255249,156546
255249,283151
255249,283152
255249,179448
255249,195709
255249,217644
255249,221248
229427,288570
229427,227888
229427,264198
3464,3463
244769,331582
244769,285972
244769,214484
1213,1212
1213,713
1213,12367
32989,32990
7104,5736
7104,7103
7104,798
7104,7104
2455,713
215616,200456
215616,341554
215616,144864
215616,172155
215616,69789
215616,249552
215616,261321
215616,185123
215616,122294
215616,157026
215616,95064
215616,138233
215616,108784
215616,230273
215616,261588
215616,241203
215616,158976
215616,213788
215616,180616
4095,22948
4095,237991
42898,154125
42898,66081
42898,118385
9825,815
283,5034
173319,158340
173319,191998
173319,188561
173319,158339
173319,175222
172225,356226
172225,172242
2247,62230
115233,20545
115233,89415
115233,218913
115233,182952
115233,291440
115233,182541
115233,142556
115233,192320
115233,291381
115233,142557
115233,234614
115233,217428
115233,182953
115233,291380
115233,165522
115233,192322
115233,165521
115233,192324
115233,249036
115233,182955
115233,273005
115233,182954
115233,192355
115233,142558
115233,273007
115233,192323
115233,192321
115233,165523
115233,302725
115233,226588
1431,21369
4212,99358
173536,293925
241225,122522
241225,134726
241225,216199
241225,198487
241225,358515
241225,177802
241225,306697
241225,160018
241225,162559
241225,247724
241225,168917
241225,151004
241225,143185
241225,216658
241225,274590
241225,266938
1372,62230
266993,238992
160903,300591
110,293524
276090,242653
234521,281782
234521,293671
182770,246895
182770,138649
182770,173294
182770,219985
182770,295574
182770,160902
182770,183572
182770,298345
182770,168998
182770,244196
182770,148575
182770,187353
182770,202096
182770,177939
182770,158275
182770,253564
182770,191579
182770,217471
182770,242753
182770,270939
182770,280472
182770,147363
98242,111502
98242,122690
29581,43320
113927,88408
113927,143680
113927,96152
112869,22948
202982,311323
194286,195137
283152,156546
283152,283151
283152,255249
283152,179448
283152,195709
283152,217644
283152,221248
234469,288431
13532,29285
253399,344051
1800,308741
1800,308742
29285,13532
1552,4671
13362,33048
13362,14403
142555,127127
142555,152510
69130,135796
5576,11161
5576,16443
5576,11159
5576,19187
5576,8207
5576,22544
5576,28004
295535,304985
146408,171968
322561,268201
322561,320527
322561,266967
322561,266966
322561,266964
322561,266965
322561,348406
275034,244654
320527,268201
320527,216734
320527,322561
320527,322562
320527,322563
320527,244271
320527,266967
320527,266966
320527,266964
320527,266965
320527,348406
199182,286358
236305,261982
236305,261984
236305,261985
262341,262341
72809,86167
228051,231812
247724,122522
247724,220266
247724,134726
247724,216199
247724,198487
247724,358515
247724,322233
247724,177802
247724,344066
247724,306697
247724,160018
247724,162559
247724,285585
247724,168917
247724,151004
247724,220188
247724,241225
247724,143185
247724,216658
247724,274590
247724,266938
238094,289183
238094,305053
8207,11161
8207,16443
8207,11159
8207,19187
8207,5576
8207,22544
8207,28004
178892,194532
178892,225135
178892,234554
178892,200672
178892,265227
178892,189610
178892,352817
178892,225136
89415,20545
89415,218913
89415,182952
89415,291440
89415,182541
89415,142556
89415,192320
89415,291381
89415,142557
89415,234614
89415,217428
89415,182953
89415,291380
89415,165522
89415,192322
89415,165521
89415,192324
89415,249036
89415,182955
89415,273005
89415,182954
89415,192355
89415,142558
89415,273007
89415,192323
89415,192321
89415,165523
89415,302725
89415,115233
89415,226588
241164,297666
66081,42898
66081,154125
66081,118385
202721,287783
31920,22948
163163,218948
163163,108906
173275,195275
97803,115288
146784,180942
196305,226170
196305,196306
196305,202755
209877,262445
1212,1213
1212,338472
1212,713
1212,12367
198832,324671
198832,216179
3463,3464
195709,156546
195709,255249
195709,283152
146149,158100
307386,228855
4854,305840
257601,331747
91773,79073
91773,127561
91773,111330
91773,100173
283212,350011
66120,27588
28805,20044
3475,192382
272438,313834
155702,91536
176334,197269
203204,167698
257839,231574
25727,193531
267304,338980
159632,177513
130680,292556
130680,182135
130680,296698
130680,184987
130680,182136
130680,182137
130680,284985
246855,174973
246855,131835
263192,299566
263192,257145
263192,180771
180241,242892
180241,203270
180241,234722
180241,215749
180241,204397
180241,229685
180241,332075
180241,218933
180241,197572
180241,261594
180241,224597
180241,285871
114438,250394
206175,297478
188188,204803
262201,170771
122690,98242
122690,111502
144325,1927
144325,22948
144325,220141
144325,229640
196306,226170
196306,196305
196306,202755
257198,270146
257198,290099
257198,257197
257198,268250
257198,236365
257198,235360
257198,235344
257305,341139
212662,24310
212662,33451
212662,66510
212662,142402
212662,173634
212662,244258
212662,330097
212662,237282
212662,46530
212662,237281
11106,8630
11106,268248
152510,127127
152510,142555
42306,216710
13751,19653
13751,8170
159868,199907
287780,299908
193483,286001
193483,241334
24568,6411
226588,20545
226588,89415
226588,218913
226588,182952
226588,182541
226588,142556
226588,192320
226588,327645
226588,142557
226588,234614
226588,217428
226588,182953
226588,165522
226588,192322
226588,165521
226588,192324
226588,249036
226588,182955
226588,351623
226588,273005
226588,182954
226588,192355
226588,142558
226588,273007
226588,234615
226588,192323
226588,192321
226588,165523
226588,302725
226588,234616
226588,115233
175222,158340
175222,191998
175222,188561
175222,173319
175222,158339
322563,268201
322563,320527
322563,266967
322563,266966
322563,266964
322563,266965
322563,348406
158130,65282
158130,68858
158130,75448
158130,232981
4001,6516
320698,247104
322421,311829
10934,209488
25491,6249
25491,45358
25491,326355
25491,140709
25491,251830
316080,272453
316080,257501
316080,301607
316080,351113
316080,285775
149361,84465
299566,263192
299566,257145
299566,180771
111502,98242
111502,122690
292033,284775
292033,332018
292033,302991
292033,292034
292033,302990
292033,313292
292033,292029
292033,299270
292033,292032
292033,292031
292033,319290
292033,303036
292033,299266
292033,299268
292033,337500
292033,292030
292033,336632
292033,309857
130827,203104
130827,99437
193428,193430
193428,193429
156372,131904
189664,113873
10653,31053
170901,331747
170901,36235
178494,148203
131246,110102
86156,176330
17,226312
17,226085
24947,202493
292031,284775
292031,332018
292031,302991
292031,292034
292031,292033
292031,302990
292031,313292
292031,292029
292031,299270
292031,292032
292031,319290
292031,303036
292031,299266
292031,299268
292031,337500
292031,292030
292031,336632
292031,309857
10167,2471
296694,348762
149896,220933
163929,145639
322562,268201
322562,320527
322562,266967
322562,266966
322562,266964
322562,266965
322562,348406
62230,1372
62230,2247
278783,278784
222643,264742
36482,22532
203719,220630
203719,155822
203719,112138
203719,151456
203719,170568
203719,228116
203719,155827
129165,208754
129165,119866
257063,242343
21373,19854
7614,151952
7614,302517
209696,197333
313261,287084
30166,22948
266938,122522
266938,134726
266938,216199
266938,198487
266938,358515
266938,177802
266938,306697
266938,160018
266938,162559
266938,247724
266938,168917
266938,151004
266938,241225
266938,143185
266938,216658
266938,274590
196712,274085
107148,216710
4488,10908
249552,200456
249552,341554
249552,144864
249552,172155
249552,69789
249552,261321
249552,185123
249552,215616
249552,122294
249552,157026
249552,95064
249552,138233
249552,108784
249552,230273
249552,261588
249552,241203
249552,158976
249552,213788
249552,180616
170669,205164
170669,281945
155827,203719
155827,112138
155827,151456
155827,170568
165004,332070
191579,246895
191579,138649
191579,173294
191579,219985
191579,182770
191579,295574
191579,160902
191579,183572
191579,298345
191579,168998
191579,244196
191579,148575
191579,187353
191579,202096
191579,177939
191579,158275
191579,253564
191579,217471
191579,242753
191579,270939
191579,280472
191579,147363
220774,178900
220774,205158
220774,220775
220774,198773
220774,290028
217934,255902
203270,180241
169215,232478
172062,95234
172062,12692
172062,214898
172062,267506
172062,316850
172062,164110
209530,178147
178147,209530
210271,155451
274590,122522
274590,134726
274590,216199
274590,198487
274590,358515
274590,177802
274590,306697
274590,160018
274590,162559
274590,247724
274590,168917
274590,151004
274590,241225
274590,143185
274590,216658
274590,274590
274590,266938
132019,238919
13089,84989
12194,22948
299571,191925
2579,3605
5571,1323
5571,147919
5571,5573
5571,5235
5571,6926
43320,29581
180543,224483
180543,185381
180543,185378
180543,185380
180543,256779
180543,287325
168215,9220
168215,143147
168215,294508
295770,174430
295770,291457
169275,214747
169275,212580
169275,212581
169275,125548
169275,137423
169275,152899
169275,172969
169275,169274
169275,269214
129359,1927
129359,22948
129359,181192
129359,220141
129359,229640
129359,302244
129359,323210
13530,49
246535,125678
246535,221368
246535,155463
246535,142852
246535,167763
246535,301665
118385,42898
118385,154125
118385,66081
110102,131246
168770,209452
242343,257063
173018,206588
244258,24310
244258,33451
244258,66510
244258,142402
244258,173634
244258,212662
244258,330097
162351,53093
162351,319264
162351,248188
257145,299566
257145,263192
257145,180771
322543,262547
115288,97803
271064,341554
271064,312958
5511,3605
175334,192315
249421,320459
249421,149951
249421,337512
249421,337513
249421,196496
197333,209696
193265,156009
172969,214747
172969,212580
172969,212581
172969,125548
172969,137423
172969,152899
172969,169275
172969,169274
172969,269214
28907,300591
1927,197414
1927,146735
1927,356315
1927,181268
1927,112991
1927,258610
1927,312346
1927,284227
1927,208256
1927,22948
1927,193286
1927,144325
1927,171199
1927,181192
1927,129359
1927,325670
1927,220141
1927,229640
1927,302244
1927,323210
1927,257700
1927,260918
1927,263164
1927,275273
2800,6924
28284,193024
252402,181810
135796,69130
38391,32341
126613,129974
126613,154307
147194,326970
16000,937
16000,15999
213670,22948
213670,189848
283474,233571
252985,129437
252985,156689
191543,51
150005,193024
326624,287754
326624,283077
326624,350072
326624,261594
326624,224597
236709,315138
7103,5736
7103,798
7103,7104
221368,125678
221368,155428
221368,171033
221368,167762
221368,169642
221368,174551
221368,175465
221368,194542
221368,194543
221368,155463
221368,142852
221368,160958
221368,252576
221368,167763
221368,301665
221368,246535
22161,22143
221366,112686
221366,301662
221366,248075
221366,173200
218933,180241
218933,197572
937,16000
937,15999
37672,37165
306697,122522
306697,220266
306697,134726
306697,216199
306697,198487
306697,358515
306697,322233
306697,177802
306697,344066
306697,160018
306697,162559
306697,247724
306697,285585
306697,168917
306697,151004
306697,220188
306697,241225
306697,143185
306697,216658
306697,274590
306697,266938
285972,331582
285972,244769
285972,214484
257284,337617
257284,173156
257284,156659
257284,161546
257284,161547
257284,210342
257284,255970
257284,195569
257284,323352
257284,113401
257284,131325
257284,195244
257284,85256
257284,145189
257284,203655
257284,170984
218948,163163
218948,108906
165748,237384
1536,308042
1536,278782
1536,308041
1536,199729
1421,3969
1421,7113
1421,316424
1421,316426
1421,316414
1421,316451
1421,316428
1421,316417
1421,316446
1421,316430
1421,316431
1421,316432
1421,316452
1421,316453
1421,316433
1421,316512
1421,316438
1421,316454
1421,316455
1421,316418
1421,316440
1421,316419
1421,316511
1421,316441
1421,316443
1421,316449
1421,316425
1421,316427
1421,316456
1421,316516
1421,316457
1421,316518
1421,316517
1421,107996
1421,316509
1421,316508
1421,316507
1421,316506
1421,316505
1421,316513
1421,316458
1421,316459
1421,316460
1421,316514
1421,316461
1421,316462
1421,316434
1421,316435
1421,316436
1421,316437
1421,325637
1421,316420
1421,316463
1421,316421
1421,316464
1421,316439
1421,316524
1421,316515
1421,316465
1421,316466
1421,316467
1421,316447
1421,316468
1421,316469
1421,316470
1421,316471
1421,316472
1421,316473
1421,316444
1421,316448
1421,24894
1421,132263
1421,46313
1421,154227
1421,35904
172008,138026
85652,174045
235454,254239
212580,214747
212580,212581
212580,125548
212580,137423
212580,152899
212580,169275
212580,172969
212580,169274
212580,269214
127561,79073
127561,91773
2580,3605
145186,153225
216179,324671
216179,198832
216179,277980
3093,10096
326485,335451
230273,200456
230273,144864
230273,172155
230273,69789
230273,249552
230273,261321
230273,185123
230273,215616
230273,122294
230273,157026
230273,95064
230273,138233
230273,108784
230273,261588
230273,241203
230273,158976
230273,213788
230273,180616
99437,203104
99437,130827
256422,288570
256422,298847
15999,937
15999,16000
260645,155122
260645,312748
205164,170669
205164,281945
252776,234396
252776,327313
21414,97728
332075,180241
302926,278553
302926,278554
302926,318098
216710,131183
216710,107148
216710,42306
2447,8976
32990,32989
296483,337889
255902,217934
203655,173156
203655,161546
203655,161547
203655,210342
203655,255970
203655,195569
203655,268802
203655,257284
203655,99975
203655,323352
203655,113401
203655,131325
203655,241761
203655,195244
203655,85256
203655,196072
203655,145189
203655,189341
261321,200456
261321,341554
261321,144864
261321,172155
261321,69789
261321,249552
261321,185123
261321,215616
261321,122294
261321,157026
261321,95064
261321,138233
261321,108784
261321,230273
261321,241203
261321,158976
261321,213788
261321,180616
221848,63868
221848,35219
221848,224481
221848,35220
221848,177861
180942,146784
129974,126613
229315,204836
224271,257841
224271,235901
252212,324342
90568,216220
41833,349084
160044,317303
160044,207653
160044,190740
160044,169823
301665,125678
301665,221368
301665,155463
301665,142852
301665,160958
301665,252576
301665,167763
301665,246535
301665,221369
74,193350
74,150541
74,150540
74,253792
74,152421
50381,195685
50381,200096
50381,188972
50381,157943
50381,193895
50381,154709
50381,183145
50381,223516
50381,352062
50381,193316
50381,193481
50381,262528
50381,225834
50381,207385
50381,288873
50381,203352
50381,275158
50381,233131
50381,296143
50381,202729
50381,189539
221369,194233
221369,221367
221369,125678
221369,155463
221369,142852
221369,167763
221369,301665
210342,173156
210342,161546
210342,161547
210342,255970
210342,195569
210342,268802
210342,257284
210342,99975
210342,323352
210342,113401
210342,131325
210342,241761
210342,195244
210342,85256
210342,196072
210342,145189
210342,203655
210342,266129
163399,21133
163399,326767
163399,248423
163399,262158
163399,268500
147363,246895
147363,138649
147363,173294
147363,219985
147363,182770
147363,295574
147363,160902
147363,183572
147363,298345
147363,168998
147363,244196
147363,148575
147363,187353
147363,202096
147363,177939
147363,158275
147363,253564
147363,191579
147363,217471
147363,242753
147363,270939
147363,280472
329670,301919
191998,158340
191998,188561
191998,173319
191998,158339
191998,175222
36597,8730
36597,202989
286657,165950
286657,181617
161108,192663
274128,194230
274128,194233
274128,125678
274128,338322
274128,248075
274128,127127
274128,154804
265752,224483
265752,256779
265752,287325
265752,287326
245389,203411
245389,255678
269456,324426
284982,102237
2891,2888
16443,11161
16443,11159
16443,19187
16443,5576
16443,8207
16443,22544
16443,28004
158100,146149
11159,11161
11159,16443
11159,19187
11159,5576
11159,8207
11159,22544
11159,28004
142557,20545
142557,89415
142557,115233
142557,226588
292029,284775
292029,332018
292029,302991
292029,292034
292029,292033
292029,302990
292029,313292
292029,299270
292029,292032
292029,292031
292029,319290
292029,303036
292029,299266
292029,299268
292029,337500
292029,292030
292029,336632
292029,309857
254239,235454
176980,196104
241334,193483
164031,22948
1823,6937
14403,13362
18723,216014
5222,46369
199076,209809
199076,294592
199076,294771
19187,11161
19187,16443
19187,11159
19187,5576
19187,8207
19187,22544
19187,28004
212370,94104
212370,232956
212370,274072
299266,284775
299266,332018
299266,302991
299266,292034
299266,292033
299266,302990
299266,313292
299266,292029
299266,299270
299266,292032
299266,292031
299266,319290
299266,303036
299266,299268
299266,337500
299266,292030
299266,336632
299266,309857
142558,20545
142558,89415
142558,115233
142558,226588
11161,16443
11161,11159
11161,19187
11161,5576
11161,8207
11161,22544
11161,28004
8325,8334
16933,22948
144728,154560
144728,199007
144728,194234
144728,175121
144728,174552
144728,158978
138026,172008
339263,332800
6607,22948
135215,144988
135215,150996
112991,1927
112991,22948
112991,181192
112991,220141
112991,229640
112991,302244
112991,323210
248075,274128
248075,112686
248075,301662
248075,221366
248075,173200
299268,284775
299268,332018
299268,302991
299268,292034
299268,292033
299268,302990
299268,313292
299268,292029
299268,299270
299268,292032
299268,292031
299268,319290
299268,303036
299268,299266
299268,337500
299268,292030
299268,336632
299268,309857
259830,337249
56320,102253
163175,176826
99573,193024
221372,274606
221372,246534
248188,53093
248188,319264
248188,162351
126021,174046
185378,224483
185378,185381
185378,180543
185378,185380
185378,256779
185378,287325
275972,139771
139443,182198
139443,198950
139443,182200
139443,173875
139443,182199
345976,124742
197269,176334
227888,229427
227888,231035
227888,231036
8284,8285
8957,9376
265754,224483
265754,256779
265754,287325
265754,287326
276169,324458
276169,324459
142556,20545
142556,89415
142556,115233
142556,226588
144988,135215
144988,150996
217471,246895
217471,138649
217471,173294
217471,219985
217471,182770
217471,295574
217471,160902
217471,183572
217471,298345
217471,168998
217471,244196
217471,148575
217471,186775
217471,187353
217471,177939
217471,158275
217471,253564
217471,191579
217471,242753
217471,270939
217471,280472
217471,147363
188181,209741
147624,73761
318098,278553
318098,278554
318098,302926
195296,258474
195296,230064
295574,246899
295574,229132
295574,246895
295574,138649
295574,186772
295574,246897
295574,208918
295574,173294
295574,219985
295574,182770
295574,210875
295574,160902
295574,183572
295574,269757
295574,298345
295574,185109
295574,244196
295574,148575
295574,186775
295574,187353
295574,210876
295574,253566
295574,198618
295574,315272
295574,202096
295574,244295
295574,244296
295574,177939
295574,225643
295574,158275
295574,186773
295574,253565
295574,253564
295574,191579
295574,217471
295574,280472
295574,147363
86167,72809
194233,221367
194233,274128
194233,221369
185380,224483
185380,185381
185380,185378
185380,180543
185380,256779
185380,287325
121657,138589
2287,2288
174400,298528
174400,123123
174400,162388
174400,89409
292030,284775
292030,332018
292030,302991
292030,292034
292030,292033
292030,302990
292030,313292
292030,292029
292030,299270
292030,292032
292030,292031
292030,319290
292030,303036
292030,299266
292030,299268
292030,337500
292030,336632
292030,309857
265755,224483
265755,256779
265755,287325
265755,287326
177877,195708
220547,252277
138104,138105
138104,160664
173804,196698
173804,227326
173804,249677
173804,303543
128425,267139
2520,9376
252576,125678
252576,221368
252576,160958
252576,301665
184170,202245
136284,90870
158564,223498
184561,193531
185381,224483
185381,185378
185381,180543
185381,185380
185381,256779
185381,287325
42731,184560
146548,300601
146548,356844
106113,17396
154125,42898
154125,66081
154125,118385
255293,204431
255293,286927
255293,180956
255293,147949
255293,163166
60815,327249
60815,204594
60815,288317
133518,8730
133518,202989
142503,166136
260786,234190
260786,260785
260786,287952
143680,88408
143680,96152
143680,113927
37906,174038
37906,192392
37906,192393
37906,192394
22948,30166
22948,1927
22948,146735
22948,112869
22948,94915
22948,12194
22948,31920
22948,181268
22948,112991
22948,25071
22948,6607
22948,208256
22948,144325
22948,189848
22948,181192
22948,129359
22948,325670
22948,220141
22948,164031
22948,302244
22948,323210
22948,180816
22948,213670
22948,86955
22948,4095
22948,16933
337961,358561
192116,237114
76247,115976
94731,94732
94731,116877
94731,94734
94731,94733
335528,302336
212581,214747
212581,212580
212581,125548
212581,137423
212581,152899
212581,169275
212581,172969
212581,169274
158973,201560
158973,241227
158973,178098
137141,209254
59335,194249
178153,190017
178153,209773
178153,209774
13223,276759
13223,276758
13223,328056
18401,217197
310953,2165
250865,168054
259394,191612
150014,218996
154804,274128
287783,202721
3339,18248
3339,18247
3339,6750
3339,6555
261624,261666
261624,149951
180816,22948
180937,286196
178754,246568
236650,294594
236650,349692
78,79
260785,234190
260785,260786
260785,287952
154939,156474
131183,216710
184372,184371
184372,198700
184372,198701
184371,198700
184371,198701
184371,184372
296063,351600
184563,193024
214747,212580
214747,212581
214747,125548
214747,137423
214747,152899
214747,169275
214747,172969
214747,169274
2471,33040
2471,40416
2471,153802
2471,10167
2471,277371
9354,181866
138105,138104
138105,160664
22544,11161
22544,16443
22544,11159
22544,19187
22544,5576
22544,8207
22544,28004
165628,287473
221371,166384
221371,193308
221371,256085
4292,35823
4292,298127
337864,313179
337864,301884
337864,313106
163277,186799
131332,150323
140612,151310
237629,297478
4288,4289
4288,4291
186723,84889
165522,20545
165522,89415
165522,115233
165522,226588
10908,4488
203800,236925
8630,2163
8630,11106
2368,13956
276161,309600
147883,142039
147883,160436
40483,24935
40483,63385
220141,197414
220141,1927
220141,181268
220141,112991
220141,208256
220141,22948
220141,144325
220141,181192
220141,129359
220141,325670
220141,229640
220141,302244
220141,323210
1566,40529
1566,2739
42448,31016
42448,346821
5034,283
2904,8402
236125,192802
2838,172555
151456,203719
151456,155822
151456,112138
151456,155827
215436,215437
8285,8284
8976,2447
153225,145186
248641,348934
226170,196305
226170,196306
226170,202755
155411,129731
208754,129165
208754,119866
299908,287780
302991,284775
302991,332018
302991,292034
302991,292033
302991,302990
302991,313292
302991,292029
302991,299270
302991,292032
302991,292031
302991,319290
302991,303036
302991,299266
302991,299268
302991,337500
302991,292030
302991,336632
302991,309857
94733,94732
94733,94731
94733,116877
94733,94734
259121,320084
300323,130960
123129,346821
319529,339388
232981,65282
232981,68858
232981,158130
232981,75448
20044,28805
4289,4288
256779,224483
256779,294713
256779,257218
256779,257252
256779,257216
256779,287327
256779,257253
256779,257219
256779,185381
256779,185378
256779,180543
256779,185380
256779,256742
256779,256778
256779,256780
256779,287325
256779,287326
256779,257254
256779,287328
256779,265755
256779,265754
256779,265752
256779,257217
154560,199007
154560,144728
154560,194234
154560,175121
154560,174552
154560,158978
133689,231847
39210,17329
242753,246895
242753,138649
242753,208918
242753,173294
242753,182770
242753,160902
242753,183572
242753,298345
242753,168998
242753,244196
242753,148575
242753,187353
242753,202096
242753,177939
242753,158275
242753,253564
242753,191579
242753,217471
242753,270939
242753,280472
242753,147363
322985,146791
322985,212346
322985,273655
322985,273654
256742,224483
256742,256778
256742,256779
256742,256780
256742,287325
256742,287326
160436,142039
160436,147883
313292,284775
313292,332018
313292,302991
313292,292034
313292,292033
313292,302990
313292,292029
313292,299270
313292,292032
313292,292031
313292,319290
313292,303036
313292,299266
313292,299268
313292,337500
313292,292030
313292,336632
313292,309857
2192,21691
256778,224483
256778,256742
256778,256779
256778,256780
256778,287325
256778,287326
144479,147168
144479,158751
144479,158752
144479,244067
144479,167349
144479,171488
144479,244085
144479,244086
144479,244088
144479,244090
190017,209773
190017,178153
190017,209774
287952,234190
287952,260786
287952,260785
238181,319906
238181,238277
218314,269756
289183,238094
289183,305053
217428,20545
217428,89415
217428,291440
217428,291381
217428,291380
217428,273005
217428,273007
217428,115233
217428,226588
63385,40483
63385,24935
189030,265390
6926,1323
6926,164190
6926,147919
6926,5571
4291,4288
309857,284775
309857,332018
309857,302991
309857,292034
309857,292033
309857,302990
309857,313292
309857,292029
309857,299270
309857,292032
309857,292031
309857,319290
309857,303036
309857,299266
309857,299268
309857,337500
309857,292030
309857,336632
181192,197414
181192,1927
181192,181268
181192,112991
181192,208256
181192,22948
181192,129359
181192,325670
181192,220141
181192,229640
181192,302244
181192,323210
231854,262770
231854,324775
151310,140612
271751,159503
226312,17
226312,226085
88190,217197
156474,154939
269847,301935
150996,144988
150996,135215
6584,2472
164110,95234
164110,172062
164110,12692
164110,214898
164110,267506
164110,316850
322523,351652
202096,246895
202096,138649
202096,173294
202096,219985
202096,182770
202096,295574
202096,160902
202096,183572
202096,298345
202096,168998
202096,244196
202096,148575
202096,187353
202096,177939
202096,158275
202096,253564
202096,191579
202096,242753
202096,270939
202096,280472
202096,147363
146144,354050
146144,330005
232509,269072
232509,310990
201046,263186
201046,230316
184560,193531
184560,42731
322984,212346
322984,273655
322984,150997
322984,273654
287899,314837
287899,350758
214898,95234
214898,172062
214898,12692
214898,267506
214898,316850
214898,164110
307997,206051
182541,20545
182541,89415
182541,115233
182541,226588
24935,40483
24935,63385
193725,321476
303036,284775
303036,332018
303036,302991
303036,292034
303036,292033
303036,302990
303036,313292
303036,292029
303036,299270
303036,292032
303036,292031
303036,319290
303036,299266
303036,299268
303036,337500
303036,292030
303036,336632
303036,309857
5235,1323
5235,5571
286114,313776
232956,94104
232956,212370
232956,274072
230064,258474
230064,195296
209280,294714
59576,327309
59576,327370
59576,276803
59576,327373
59576,327401
59576,327399
256085,221371
256085,166384
256085,193308
6266,2511
293925,243228
293925,173536
293925,207369
293925,207360
293925,207363
293925,207359
208918,246895
208918,295574
208918,298345
208918,244196
208918,253564
208918,242753
208918,270939
208918,280472
208256,1927
208256,22948
208256,181192
208256,220141
208256,229640
208256,302244
208256,323210
2995,8037
94734,94732
94734,94731
94734,116877
94734,94733
255678,203411
255678,245389
150485,160617
150485,160591
244196,246895
244196,138649
244196,208918
244196,173294
244196,182770
244196,295574
244196,160902
244196,183572
244196,298345
244196,168998
244196,148575
244196,187353
244196,202096
244196,177939
244196,158275
244196,191579
244196,217471
244196,242753
244196,270939
244196,280472
244196,147363
324657,240271
232478,169215
238919,132019
237551,252320
237551,252321
237551,252322
158978,154560
158978,199007
158978,144728
158978,194234
158978,175121
158978,174552
116877,94732
116877,94731
116877,94734
116877,94733
293671,281782
293671,234521
9135,41611
264669,284072
86406,146006
152952,184861
152952,173372
148744,214603
140779,208377
19537,235980
232823,171890
199907,159868
94255,191048
156097,113289
156097,156096
12367,1213
12367,1212
12367,713
244121,198670
203560,332560
142687,168265
256780,224483
256780,256742
256780,256778
256780,256779
256780,287325
256780,287326
203312,21133
203312,326767
203312,248423
203312,262158
203312,268500
109922,273492
315138,236709
300591,28907
300591,160903
2472,13493
2472,30261
2472,6584
2472,66641
97377,313855
167975,298030
6555,18248
6555,3339
6555,18247
6555,6750
156420,285028
156420,340127
156420,279415
156420,279417
156420,341556
132766,193024
215392,168679
182953,20545
182953,89415
182953,115233
182953,226588
226860,268471
238221,356131
14042,32665
14042,24739
14042,24740
14042,32416
14042,33968
14042,21357
14042,20532
14042,24738
308755,341554
38062,181866
38062,83492
5573,200111
5573,1323
5573,164190
5573,147919
5573,258653
5573,5571
177823,210315
177823,280334
177823,251851
247567,233208
283077,287754
283077,326624
283077,261594
283077,224597
283077,337397
322124,341713
165521,20545
165521,89415
165521,115233
165521,226588
196698,173804
196698,227326
196698,249677
196698,303543
158876,241658
299270,284775
299270,332018
299270,302991
299270,292034
299270,292033
299270,302990
299270,313292
299270,292029
299270,292032
299270,292031
299270,319290
299270,303036
299270,299266
299270,299268
299270,337500
299270,292030
299270,336632
299270,309857
237114,192116
192315,175334
181268,1927
181268,22948
181268,181192
181268,220141
181268,302244
181268,323210
146451,191206
231392,463
198701,184371
198701,198700
198701,184372
189610,194532
189610,225135
189610,200672
189610,178892
189610,352817
189610,225136
28004,11161
28004,16443
28004,11159
28004,19187
28004,5576
28004,8207
28004,22544
185057,193531
211453,289306
204803,188188
174584,174646
198700,184371
198700,198701
198700,184372
288431,234469
265039,293387
265039,273482
265039,339062
265039,223376
265039,294756
169062,207347
300296,300298
300296,300076
182954,20545
182954,89415
182954,115233
182954,226588
193417,212469
194532,225135
194532,200672
194532,189610
194532,178892
194532,225136
177861,63868
177861,35219
177861,224481
177861,35220
177861,221848
6516,4001
5278,4020
84989,13089
255970,173156
255970,156659
255970,161546
255970,161547
255970,210342
255970,195569
255970,257284
255970,99975
255970,323352
255970,113401
255970,131325
255970,195244
255970,85256
255970,145189
255970,203655
189341,173156
189341,161546
189341,323352
189341,195244
189341,145189
189341,203655
175121,154560
175121,199007
175121,144728
175121,194234
175121,174552
175121,158978
2888,2891
290028,178900
290028,205158
290028,220775
290028,220774
290028,198773
94915,22948
5940,39007
258376,201416
286358,199182
274072,94104
274072,212370
274072,232956
177513,159632
67426,32674
135270,329385
184559,193024
155315,227842
155315,175689
287325,224483
287325,185381
287325,185378
287325,180543
287325,185380
287325,256742
287325,256778
287325,256779
287325,256780
287325,265755
287325,265754
287325,265752
231045,326038
182952,20545
182952,89415
182952,115233
182952,226588
235360,270146
235360,290099
235360,257197
235360,268250
235360,236365
235360,235344
235360,257198
2399,173264
861,4695
182510,294785
259970,77423
326767,312724
326767,248423
326767,262158
326767,163399
326767,203312
326767,284388
326767,283345
326767,180672
35220,26250
35220,63868
35220,35219
35220,221848
35220,177861
164446,229540
66088,169056
169675,266997
169675,325398
94732,94731
94732,116877
94732,94734
94732,94733
281945,170669
281945,205164
239877,336501
231573,225729
231573,231574
296164,359515
257700,1927
257700,275273
189123,203671
320084,259121
246895,138649
246895,208918
246895,173294
246895,182770
246895,295574
246895,160902
246895,183572
246895,298345
246895,168998
246895,244196
246895,148575
246895,187353
246895,202096
246895,177939
246895,158275
246895,253564
246895,191579
246895,217471
246895,242753
246895,270939
246895,280472
246895,147363
6937,1823
195180,263053
195180,309832
338980,267304
238277,238181
238277,319906
226997,258209
147919,200111
147919,3756
147919,1323
147919,164190
147919,5573
147919,5571
147919,6926
190700,254052
165046,127589
273482,293387
273482,339062
273482,265039
273482,223376
273482,294756
2229,17272
261984,236305
261984,261982
261984,261985
36903,265910
135577,200959
162480,101644
164627,243996
265960,463
46530,24310
46530,33451
46530,66510
46530,142402
46530,173634
46530,212662
46530,330097
46530,237282
46530,237281
294594,349692
294594,236650
231574,225729
231574,257839
231574,231573
5736,7103
5736,798
5736,7104
8679,1499
8679,255484
19653,8170
19653,13751
10467,9376
319290,284775
319290,332018
319290,302991
319290,292034
319290,292033
319290,302990
319290,313292
319290,292029
319290,299270
319290,292032
319290,292031
319290,303036
319290,299266
319290,299268
319290,337500
319290,292030
319290,336632
319290,309857
302990,284775
302990,332018
302990,302991
302990,292034
302990,292033
302990,313292
302990,292029
302990,299270
302990,292032
302990,292031
302990,319290
302990,303036
302990,299266
302990,299268
302990,337500
302990,292030
302990,336632
302990,309857
91425,180664
251726,337189
1860,320900
330973,258074
288317,60815
288317,296321
3618,98
329607,333136
101206,251026
101644,162480
262770,231854
262770,212097
262770,212098
262770,212971
262770,224505
262770,229275
262770,235441
244267,310479
216014,18723
5045,42641
337500,284775
337500,332018
337500,302991
337500,292034
337500,292033
337500,302990
337500,313292
337500,292029
337500,299270
337500,292032
337500,292031
337500,319290
337500,303036
337500,299266
337500,299268
337500,292030
337500,336632
337500,309857
209809,199076
142205,181804
227326,173804
227326,196698
227326,249677
227326,303543
333144,179460
246693,194626
200672,194532
200672,225135
200672,265227
200672,189610
200672,178892
200672,225136
221367,194233
221367,221369
195275,173275
93895,100798
261982,236305
261982,261984
261982,261985
4052,333220
4052,333218
4052,333219
249578,24310
29375,272233
203381,463
174646,174584
42101,249136
138589,121657
165523,20545
165523,89415
165523,115233
165523,226588
4020,5278
155822,203719
155822,151456
155822,170568
115976,76247
3667,8046
342444,239942
189663,264509
35219,63868
35219,224481
35219,35220
35219,221848
35219,177861
137958,174116
137958,174326
137958,174342
137958,174341
137958,174340
300076,300298
300076,300296
6399,127543
300298,300296
300298,300076
18881,30474
192924,205263
265569,336345
286861,276925
169102,218043
261666,261624
261666,149951
136229,89880
147168,158751
147168,158752
147168,244067
147168,167349
147168,171488
147168,144479
148209,191588
148209,191587
148209,191586
148209,191589
125675,189919
178958,207713
231035,227888
231035,231036
297666,241164
143323,258299
143323,210626
143323,155745
114504,346138
198670,210464
198670,334720
198670,242806
198670,244121
246568,178754
283137,225167
283137,257787
49396,18985
49396,94342
49396,49394
49396,49391
49396,49392
49396,49397
49396,49050
49396,49400
49396,49038
49396,49399
49396,168924
49396,159526
49396,49096
291855,327004
291855,353526
237384,165748
7739,2875
7739,1499
7739,255484
33040,2471
295483,272802
295483,313952
31926,207996
160950,180559
2875,7739
2875,1499
2875,255484
49400,18985
49400,94342
49400,49394
49400,49396
49400,49391
49400,49392
49400,49397
49400,49050
49400,49038
49400,49399
49400,168924
49400,159526
49400,49096
63868,35219
63868,224481
63868,35220
63868,221848
63868,177861
85633,158621
85633,127156
85633,176864
85633,144352
315670,17329
20586,99817
13493,30261
13493,3947
13493,2472
13493,6583
13493,23654
6732,8310
202204,240016
202204,258171
202204,240026
202204,240025
232827,258069
249677,173804
249677,196698
249677,227326
249677,303543
291008,336592
49392,18985
49392,94342
49392,49394
49392,49396
49392,49391
49392,49397
49392,49050
49392,49400
49392,49038
49392,49399
49392,168924
49392,159526
49392,49096
287326,224483
287326,256742
287326,256778
287326,256779
287326,256780
287326,265755
287326,265754
287326,265752
160664,138105
160664,138104
67084,270144
158751,147168
158751,158752
158751,244067
158751,167349
158751,171488
158751,144479
207347,169062
49399,18985
49399,94342
49399,49394
49399,49396
49399,49391
49399,49392
49399,49397
49399,49050
49399,49400
49399,49038
49399,168924
49399,159526
49399,49096
217197,88190
217197,18401
201416,258376
309600,276161
252277,220547
26233,67912
26233,32414
26233,185073
26233,39195
26233,185074
26233,41897
26233,238211
26233,209750
266129,173156
266129,210342
266129,323352
266129,195244
2180,31074
1246,256515
79,78
238506,463
193278,274080
53723,65587
53723,137596
53723,136819
89880,136229
194234,154560
194234,199007
194234,144728
194234,175121
194234,174552
194234,158978
348406,216734
348406,291794
348406,322561
348406,322562
348406,322563
348406,320527
348406,244271
348406,266967
348406,266966
348406,266964
348406,266965
33048,37165
33048,13362
231812,228051
170568,203719
170568,155822
170568,112138
170568,155827
332018,284775
332018,302991
332018,292034
332018,292033
332018,302990
332018,313292
332018,292029
332018,299270
332018,292032
332018,292031
332018,319290
332018,303036
332018,299266
332018,299268
332018,337500
332018,292030
332018,336632
332018,309857
4671,1552
294813,354724
26250,35220
207653,160044
12957,342068
16105,341011
158752,147168
158752,158751
158752,244067
158752,167349
158752,171488
158752,144479
647,3772
5383,8424
99120,156927
210292,291605
49394,18985
49394,94342
49394,49396
49394,49391
49394,49392
49394,49397
49394,49050
49394,49400
49394,49038
49394,49399
49394,168924
49394,159526
49394,49096
141430,285028
141430,340127
141430,279415
141430,279417
141430,341556
308500,324092
308500,324211
308500,324478
308500,325021
192355,20545
192355,89415
192355,115233
192355,226588
234511,191004
181906,235838
181906,146496
192324,20545
192324,89415
192324,115233
192324,226588
168265,142687
176936,192625
176936,194748
176936,192626
176936,197617
229540,164446
251026,101206
218824,269982
49397,18985
49397,94342
49397,49394
49397,49396
49397,49391
49397,49392
49397,49050
49397,49400
49397,49038
49397,49399
49397,168924
49397,159526
49397,49096
31053,10653
146387,265700
308566,317720
209741,188181
6750,3339
6750,6555
313834,272438
10096,3093
279328,297372
279328,297375
279328,297373
196676,263698
196676,262564
196676,357186
185456,185383
185456,185457
185456,219926
209773,190017
209773,178153
209773,209774
161682,203757
6470,39007
200959,135577
193831,234117
275158,50381
175627,242409
5900,14471
224992,278284
224992,280061
224992,280060
224992,280062
218996,150014
42641,5045
8402,2904
174552,154560
174552,199007
174552,144728
174552,194234
174552,175121
174552,158978
253564,246895
253564,138649
253564,208918
253564,173294
253564,182770
253564,295574
253564,160902
253564,183572
253564,298345
253564,168998
253564,148575
253564,187353
253564,202096
253564,177939
253564,158275
253564,191579
253564,217471
253564,242753
253564,270939
253564,280472
253564,147363
171978,124668
26855,222063
26855,99817
222291,264205
222291,344117
222291,344118
340420,274533
174046,126021
267506,95234
267506,172062
267506,12692
267506,214898
267506,316850
267506,164110
12211,127543
38836,250707
49391,18985
49391,94342
49391,49394
49391,49396
49391,49392
49391,49397
49391,49050
49391,49400
49391,49038
49391,49399
49391,168924
49391,159526
49391,49096
241761,161546
241761,210342
241761,323352
241761,195244
241761,145189
241761,203655
8037,2995
183405,243499
313776,286114
153802,2471
261985,236305
261985,261982
261985,261984
2922,292908
220630,203719
220609,102652
267246,289474
267246,267250
267246,326440
267246,326441
352764,256382
352764,331050
352764,284760
352764,299047
352764,271518
248927,463
209452,168770
209452,192348
209452,195400
8196,7470
8196,1540
49050,18985
49050,94342
49050,49394
49050,49396
49050,49391
49050,49392
49050,49397
49050,49400
49050,49038
49050,49399
49050,168924
49050,159526
49050,49096
182955,20545
182955,89415
182955,302725
182955,115233
182955,226588
41611,9135
41611,41614
176850,229319
5200,5197
41604,72086
41604,183033
165812,196634
2734,228075
333136,329607
292962,329458
292962,287345
292962,292961
35665,191720
278413,312529
337397,287754
337397,283077
337397,261594
337397,224597
168250,249810
231036,227888
231036,231035
176826,163175
284072,264669
238065,2511
287345,329458
287345,292961
287345,292962
246534,221372
246534,274606
297821,463
181889,260630
181889,222338
70222,263171
70222,282596
7861,191528
298345,246895
298345,138649
298345,208918
298345,173294
298345,182770
298345,295574
298345,160902
298345,183572
298345,168998
298345,244196
298345,148575
298345,187353
298345,202096
298345,177939
298345,225643
298345,158275
298345,253564
298345,191579
298345,217471
298345,242753
298345,147363
100798,93895
22476,258301
167349,147168
167349,158751
167349,158752
167349,244067
167349,171488
167349,144479
232446,288083
232446,345946
127589,165046
192283,335957
200999,248781
185383,185457
185383,185456
185383,219926
39007,5940
39007,6470
39007,6765
200096,50381
23654,13493
299690,350104
170984,173156
170984,156659
170984,161546
170984,161547
170984,257284
170984,99975
170984,323352
170984,113401
170984,131325
170984,85256
170984,145189
268248,11106
199530,227088
199530,225099
154307,126613
6583,13493
6583,30261
49038,18985
49038,94342
49038,49394
49038,49396
49038,49391
49038,49392
49038,49397
49038,49050
49038,49400
49038,49399
49038,168924
49038,159526
49038,49096
203104,130827
203104,99437
273005,20545
273005,89415
273005,291440
273005,291381
273005,217428
273005,291380
273005,273007
273005,115233
273005,226588
9376,8957
9376,2520
9376,10467
204895,199502
204895,199503
204895,199847
204895,300250
204895,199696
204895,199697
204895,199702
204895,199795
204895,286726
204895,288243
204895,262202
204895,312037
204895,199848
204895,199850
204895,199851
204895,199796
204895,199797
204895,202713
204895,199028
204895,199027
204895,286730
204895,223622
204895,199535
204895,199501
204895,199029
204895,311770
204895,300251
204895,199505
204895,286734
204895,268029
204895,203627
204895,286763
204895,286778
204895,286775
204895,199612
204895,204894
204895,199889
204895,199894
204895,231719
204895,199898
204895,286728
204895,199129
204895,199504
204895,199833
204895,213584
204895,288240
204895,223625
310968,316760
270680,270906
192320,20545
192320,89415
192320,115233
192320,226588
312346,1927
6765,39007
202245,184170
220478,260711
280472,246895
280472,138649
280472,208918
280472,173294
280472,182770
280472,295574
280472,160902
280472,183572
280472,168998
280472,244196
280472,148575
280472,187353
280472,202096
280472,177939
280472,158275
280472,253564
280472,191579
280472,217471
280472,242753
280472,270939
280472,147363
31074,2180
296321,288317
210410,463
66641,2472
49096,18985
49096,94342
49096,49394
49096,49396
49096,49391
49096,49392
49096,49397
49096,49050
49096,49400
49096,49038
49096,49399
49096,168924
49096,159526
8334,8325
3616,1540
241828,253680
303552,463
181866,9354
181866,38062
181866,83492
14441,3699
285902,358082
285902,313893
151357,258562
331398,186751
185457,185383
185457,185456
185457,219926
219926,185383
219926,185457
219926,185456
351817,355200
155745,143323
155745,258299
155745,210626
236365,270146
236365,290099
236365,257197
236365,268250
236365,235360
236365,235344
236365,257198
248385,357915
111275,35497
210412,463
8424,5383
219985,138649
219985,173294
219985,182770
219985,295574
219985,160902
219985,183572
219985,168998
219985,187353
219985,202096
219985,177939
219985,191579
219985,217471
219985,147363
210465,463
297478,206175
297478,237629
297478,261355
193699,127493
175689,155315
175689,227842
155412,247949
312959,256589
292961,329458
292961,287345
292961,292962
208377,140779
229640,197414
229640,1927
229640,112991
229640,208256
229640,144325
229640,181192
229640,129359
229640,325670
229640,220141
229640,302244
229640,323210
46369,5222
227842,155315
227842,175689
210406,463
164190,200111
164190,147919
164190,5573
164190,6926
166767,143928
237079,261603
239435,287473
209774,190017
209774,209773
209774,178153
192321,20545
192321,89415
192321,302725
192321,115233
192321,226588
287608,175621
287608,287611
102253,56320
172597,172599
7470,8196
7470,1540
180850,193660
204397,180241
204397,215749
204397,229685
182135,130680
234616,20545
234616,226588
329669,352605
264742,222643
297673,321241
297673,321240
297673,321244
297673,321242
285529,235655
234615,20545
234615,226588
136819,53723
234274,284289
6924,2800
234614,20545
234614,89415
234614,115233
234614,226588
32414,26233
32414,67912
32414,185073
32414,39195
32414,185074
32414,41897
32414,238211
32414,209750
34245,330746
213834,287135
257841,224271
7203,202585
7203,191619
7203,202574
153292,8829
9787,228
192323,20545
192323,89415
192323,115233
192323,226588
207905,463
246911,329429
257965,3837
244083,357253
192909,246763
184440,202302
184440,187431
27665,187002
182198,139443
188347,309708
188347,216360
188347,335858
188347,335859
188347,309709
197414,1927
197414,181192
197414,220141
197414,229640
197414,302244
197414,323210
95607,3699
182276,319313
3772,647
158341,158340
158341,158339
158341,188198
286422,288271
172599,172597
150323,131332
5298,177131
205263,192924
206437,263317
230316,201046
230316,263186
255618,256397
18248,3339
18248,6555
60682,23686
323352,128664
323352,173156
323352,161546
323352,161547
323352,291154
323352,210342
323352,255970
323352,195569
323352,268802
323352,319794
323352,257284
323352,99975
323352,113401
323352,131325
323352,241761
323352,195244
323352,85256
323352,196072
323352,287456
323352,145189
323352,203655
323352,189341
323352,266129
323352,284491
323352,170984
137596,53723
153723,211202
153723,173673
153723,244338
204429,169558
301662,112686
301662,221366
301662,248075
301662,173200
182225,256944
182225,256945
291154,173156
291154,323352
176247,300399
89807,310892
18247,3339
18247,6555
284227,1927
311829,322421
316760,310968
268802,128664
268802,173156
268802,161546
268802,210342
268802,99975
268802,323352
268802,113401
268802,131325
268802,195244
268802,85256
268802,145189
268802,203655
318450,98918
318450,221769
318450,235555
8046,3667
9790,9784
9790,7622
9790,18099
261355,297478
230955,264171
30111,18701
269756,218314
203673,287736
6625,7020
129031,222732
311020,311022
311020,311167
154674,226464
260524,332778
13994,187002
63014,63015
63014,113067
63014,33024
3947,13493
310990,232509
269982,218824
173372,152952
173372,184861
285028,141430
285028,215287
285028,156420
285028,279417
26582,207956
26582,208082
26582,207957
138729,159501
138729,138730
9913,23063
216360,188347
216360,309708
216360,335858
216360,335859
216360,309709
192322,20545
192322,89415
192322,302725
192322,115233
192322,226588
30261,13493
30261,2472
30261,6583
196634,165812
36751,319313
266381,347299
159865,177378
159865,205475
159865,179457
159865,256510
291440,20545
291440,89415
291440,291381
291440,217428
291440,291380
291440,273005
291440,273007
291440,115233
228,9787
178098,158973
178098,339004
178098,201560
178098,241227
14324,35678
307369,321114
188198,158340
188198,158339
188198,158341
1789,4266
187673,158988
18701,30111
162295,334580
178595,183153
178595,183154
178595,179593
226237,259709
5197,5200
258725,308042
258725,278782
258725,308041
258725,199729
337098,350065
193328,267832
193328,331948
193328,353475
193328,353474
193328,353473
193328,268411
193328,216706
193328,200727
193328,328148
193328,267185
193328,269610
193328,216707
193328,269612
184525,295089
226085,17
226085,226312
226085,262933
256397,255618
7622,9784
7622,18099
7622,9790
209488,10934
63015,113067
63015,63014
63015,33024
124856,176739
182136,130680
157838,198741
267832,193328
267832,331948
267832,353475
267832,353474
267832,353473
159501,138730
159501,138729
230792,282058
313539,313543
313538,313543
151952,302517
151952,7614
186799,130882
186799,163277
173673,153723
173673,211202
173673,244338
231559,266526
231559,245539
291380,20545
291380,89415
291380,291440
291380,291381
291380,217428
291380,273005
291380,273007
291380,115233
178038,282135
178038,269614
144874,232118
9784,7622
9784,18099
9784,9790
201560,158973
201560,339004
201560,241227
201560,178098
25477,25476
184861,152952
184861,173372
313540,313543
199007,154560
199007,144728
199007,194234
199007,175121
199007,174552
199007,158978
256399,256398
198142,275805
198142,356339
269072,232509
22594,258301
313537,313543
30081,30080
30081,315163
30081,99969
30081,39894
30081,33369
30081,192579
8134,180951
237082,267174
237082,267173
251445,309030
40416,2471
237991,4095
124199,306230
257081,329779
189919,125675
70128,42636
70128,105181
70128,305685
25476,25477
14471,5900
33024,63015
33024,113067
33024,63014
33024,117815
274206,311078
255335,196379
255335,255310
255335,343029
229319,176850
283746,277124
283746,277126
235838,146496
235838,181906
155994,303434
155994,208890
209853,160545
209853,236869
209853,302397
209853,258538
231674,316408
224454,224750
224454,224749
4861,102197
8863,255256
255310,196379
255310,343029
255310,255335
40943,62126
313695,318059
305587,191077
160545,236869
160545,209853
160545,258538
11476,332667
150276,200294
150276,180311
259554,225313
259554,188601
22674,35473
22674,40916
6404,11511
27155,40808
20409,180951
184443,184671
286001,193483
165044,212685
161528,226054
36687,43151
40092,300573
318059,313695
318059,304021
202975,257643
147445,346821
65087,331409
42636,70128
42636,105181
42636,305685
140100,156441
156927,99120
250718,212310
173875,139443
66044,66045
66044,42132
66044,41334
106929,129649
17136,22042
140271,169987
172555,2838
172555,51630
172555,28508
85429,93289
206588,173018
182199,139443
4695,30331
4695,861
173057,173130
173057,173131
194534,176502
176502,194534
150539,150540
117815,33024
107549,264921
1777,31
1777,1778
325388,295605
211168,217887
211168,217886
255171,255173
87104,158473
19697,19696
180311,136143
180311,200294
180311,150276
119472,234202
119472,234201
2103,2102
190162,202829
299309,187988
188601,259554
188601,225313
40808,27155
19696,19697
306142,338725
125832,282058
7259,4076
6869,65401
6869,63814
153470,178524
153470,192556
41955,93289
212310,250718
203019,200610
203019,246329
203019,306418
203019,306415
203019,306416
203019,306417
203019,318409
231837,287303
15236,64556
15236,58574
15236,37225
15236,15519
15236,297203
15236,32399
1480,163867
175855,209700
11511,6404
19552,258301
240004,286817
13648,943
19040,19040
942,8191
2102,2103
176631,220697
207713,178958
193272,286748
1607,321145
225313,259554
225313,188601
193329,269074
193329,269038
146496,235838
146496,181906
75762,39564
254494,270229
253048,286331
253048,310781
11673,299798
197538,199935
197538,155081
8484,10432
172707,244811
196379,255310
196379,343029
196379,255335
28508,172555
156118,192817
156118,203213
144735,178707
218722,86073
123991,159890
7999,2275
10432,8484
3214,302337
169558,204429
195545,331752
8191,942
66603,242200
66603,242199
66603,242197
66603,242196
66603,242202
66603,242194
66603,242201
66603,242193
66603,141523
1126,2458
2001,159064
304021,318059
150162,117784
150162,151068
150162,150160
200610,246329
200610,306418
200610,203019
200610,306415
200610,306416
200610,306417
200610,318409
4076,7259
244216,35173
39636,236694
4864,26291
4864,314549
11167,355414
11167,355415
191077,305997
191077,305996
191077,305587
117784,150162
117784,151068
117784,150160
169987,140271
172007,354256
177751,223776
7519,40650
7519,23907
41334,66045
41334,42132
41334,66044
2458,1126
35585,70267
42132,66045
42132,66044
42132,41334
22042,17136
22889,116938
39564,75762
39564,153766
250448,313114
173075,192265
86073,294455
86073,218722
86073,353892
37000,42223
37000,42222
2275,7999
27389,285384
27389,290632
27389,272854
136143,200294
136143,180311
31,1777
31016,42448
31016,159500
31016,346821
240142,248205
240142,248206
240142,248204
8983,324594
137348,182604
3699,95607
3699,282074
3699,14441
155081,197538
155081,199935
193295,297481
13805,4724
13805,7467
231939,205322
7467,4724
7467,13805
2223,322965
35173,244216
10715,82138
226610,353229
113819,190738
4724,13805
4724,7467
2952,289517
2952,338731
2952,29338
2952,21459
2952,275452
2952,209772
2952,216557
2952,340510
2952,302337
6283,33066
205322,231939
16398,104452
45358,25491
291794,268201
291794,244271
291794,348406
329954,45748
174973,246855
174973,131835
43262,21241
187988,300578
187988,299309
143147,168215
158976,200456
158976,341554
158976,144864
158976,172155
158976,249552
158976,261321
158976,185123
158976,215616
158976,122294
158976,157026
158976,138233
158976,230273
158976,261588
158976,241203
158976,213788
158976,180616
140709,25491
322045,263918
142039,160436
142039,147883
266447,171662
268191,268201
268191,216734
180616,200456
180616,341554
180616,144864
180616,172155
180616,69789
180616,249552
180616,261321
180616,185123
180616,215616
180616,157026
180616,95064
180616,138233
180616,230273
180616,261588
180616,241203
180616,158976
180616,213788
231942,42939
231942,122240
213788,200456
213788,341554
213788,172155
213788,69789
213788,249552
213788,261321
213788,185123
213788,215616
213788,122294
213788,157026
213788,95064
213788,108784
213788,245050
213788,230273
213788,261588
213788,241203
213788,158976
213788,180616
216123,230253
251830,25491
206593,179460
192663,161108
283151,156546
283151,255249
283151,283152
283151,217644
241203,200456
241203,341554
241203,144864
241203,69789
241203,249552
241203,261321
241203,185123
241203,215616
241203,122294
241203,95064
241203,138233
241203,108784
241203,245050
241203,230273
241203,261588
241203,158976
241203,213788
241203,180616
255484,7739
255484,8679
255484,2875
261588,341554
261588,144864
261588,172155
261588,249552
261588,215616
261588,122294
261588,95064
261588,138233
261588,108784
261588,230273
261588,241203
261588,158976
261588,213788
261588,180616
171199,1927
183750,463
10973,212523
144464,193280
218575,463
326355,25491
294508,168215
159500,31016
159500,157723
269214,212580
269214,125548
269214,137423
269214,152899
269214,169275
269214,172969
269214,169274
298628,182631
298628,230253
277980,324671
277980,216179
157723,159500
3969,1421
3969,316424
3969,316426
3969,316414
3969,316451
3969,316428
3969,316417
3969,316446
3969,316430
3969,316431
3969,316432
3969,316452
3969,316453
3969,316433
3969,316512
3969,316438
3969,316454
3969,316455
3969,316418
3969,316440
3969,316419
3969,316511
3969,316441
3969,316443
3969,316449
3969,316425
3969,316427
3969,316456
3969,316516
3969,316457
3969,316513
3969,316458
3969,316459
3969,316460
3969,316514
3969,316461
3969,316462
3969,316434
3969,316435
3969,316436
3969,316437
3969,325637
3969,316420
3969,316463
3969,316421
3969,316464
3969,316439
3969,316524
3969,316515
3969,316465
3969,316466
3969,316467
3969,316447
3969,316468
3969,316469
3969,316470
3969,316471
3969,316472
3969,316473
3969,316444
3969,316448
4266,1789
4679,8385
4759,22447
6313,6314
6314,6313
6320,6323
6323,6320
6740,21690
7014,7023
7020,6625
7023,7014
7113,1421
7113,316424
7113,316426
7113,316414
7113,316451
7113,316428
7113,316417
7113,316446
7113,316430
7113,316431
7113,316432
7113,316452
7113,316453
7113,316433
7113,316512
7113,316438
7113,316454
7113,316455
7113,316418
7113,316440
7113,316419
7113,316511
7113,316441
7113,316443
7113,316449
7113,316425
7113,316427
7113,316456
7113,316516
7113,316457
7113,316513
7113,316458
7113,316459
7113,316460
7113,316514
7113,316461
7113,316462
7113,316434
7113,316435
7113,316436
7113,316437
7113,325637
7113,316420
7113,316463
7113,316421
7113,316464
7113,316439
7113,316524
7113,316515
7113,316465
7113,316466
7113,316467
7113,316447
7113,316468
7113,316469
7113,316470
7113,316471
7113,316472
7113,316473
7113,316444
7113,316448
7192,7193
7193,7192
8270,184457
8302,8305
8302,8303
8303,8305
8303,8302
8305,8302
8305,8303
8310,6732
8385,4679
8669,31219
8669,311868
8780,14165
9103,14549
9391,126900
10375,257007
10415,293527
10738,297314
10766,334826
12064,261484
12975,235931
13414,13415
13415,13414
13845,288659
13954,13956
13956,2368
13956,2795
13956,13954
14165,8780
14545,14546
14546,14545
14549,9103
14842,17476
15519,64556
15519,15236
15519,37225
15519,297181
15736,97660
15736,36423
16640,350968
16640,350966
16640,350964
16640,350965
16640,179222
16640,350967
17272,2229
17425,22432
17476,14842
17618,314347
18099,9784
18099,7622
18099,9790
19012,23057
20210,37365
20532,14042
20697,24790
21357,14042
21369,1442
21369,1431
21370,180951
21459,2952
21690,6740
22432,17425
22447,4759
23057,19012
23063,9913
23907,7519
23907,40650
24065,24790
24348,24371
24371,24348
24495,24496
24496,24495
24738,14042
24739,14042
24740,14042
24790,20697
24790,27124
24790,24065
24894,1421
26291,4864
26614,343272
26688,249199
27124,24790
29338,2952
30080,39894
30080,33369
30080,30081
30331,4695
30474,18881
30834,297314
31219,311868
31219,8669
31772,217355
32399,15236
32399,297203
32416,14042
32665,14042
32898,40915
33066,6283
33369,30080
33369,30081
33507,142747
33968,14042
34597,61731
34884,235657
35473,22674
35678,14324
35823,4292
35823,52085
35904,1421
36423,97660
36423,15736
36675,179735
37225,64556
37225,15236
37225,297181
37225,15519
37365,20210
37882,258301
37883,258301
37884,258301
38192,193589
38301,187002
38639,226873
38781,39412
38781,39411
39195,26233
39195,67912
39195,32414
39195,185073
39195,185074
39195,41897
39195,238211
39195,209750
39411,39412
39411,38781
39412,38781
39412,39411
39894,30080
39894,30081
40474,72086
40650,7519
40650,23907
40915,150441
40915,32898
40916,22674
41897,26233
41897,67912
41897,32414
41897,185073
41897,39195
41897,185074
41897,238211
41897,209750
42222,37000
42222,42223
42223,37000
42223,42222
43151,36687
46313,1421
51630,172555
56275,258301
57314,137834
58574,15236
61731,34597
62126,40943
62234,258301
63814,6869
63814,65401
64222,1513
64556,15236
64556,37225
64556,297181
64556,15519
65401,6869
65401,63814
65587,53723
66045,42132
66045,66044
66045,41334
66281,154838
67691,219900
67912,26233
67912,32414
67912,185073
67912,39195
67912,185074
67912,41897
67912,238211
67912,209750
70267,70268
70267,35585
70268,70267
70301,240372
72086,41604
72086,40474
74136,263282
74136,154353
75962,203398
78468,144665
78468,144677
81043,214465
82138,10715
89383,134987
89383,120206
93289,85429
93289,41955
94259,288659
94342,18985
94342,49394
94342,49396
94342,49391
94342,49392
94342,49397
94342,49050
94342,49400
94342,49038
94342,49399
94342,168924
94342,159526
94342,49096
97660,15736
97660,36423
97728,21414
97929,316184
99817,26855
99817,20586
99969,30081
102197,4861
102773,144665
102773,144677
102773,198656
102773,159631
104452,16398
105035,299423
105035,299432
105035,299282
105035,299431
105035,299428
105035,299433
105181,42636
105181,70128
105181,305685
107996,1421
109001,248960
109001,112836
109001,342761
109001,229215
109001,176743
112836,109001
113067,63015
113067,63014
113067,33024
113957,156768
116938,22889
119931,120207
120206,134987
120206,89383
120207,119931
124132,177052
124132,160714
124412,32183
126020,275637
126419,187002
126900,9391
127156,85633
127156,158621
127156,176864
127156,144352
127179,334596
127543,163867
127543,6399
127543,12211
129033,241295
129346,201016
129364,174040
129649,106929
131240,177
131240,71
132263,1421
133071,133072
133072,133071
133748,249136
134987,89383
134987,120206
136144,189340
137273,144495
137273,296729
137273,229215
137686,137687
137686,137688
137686,137689
137686,137694
137686,137690
137686,137693
137686,137691
137686,137692
137687,137686
137687,137688
137687,137689
137687,137694
137687,137690
137687,137693
137687,137691
137687,137692
137688,137687
137688,137686
137688,137689
137688,137694
137688,137690
137688,137693
137688,137691
137688,137692
137688,138594
137689,137687
137689,137686
137689,137688
137689,137694
137689,137690
137689,137693
137689,137691
137689,137692
137689,138594
137690,137687
137690,137686
137690,137688
137690,137689
137690,137694
137690,137693
137690,137691
137690,137692
137691,137687
137691,137686
137691,137688
137691,137689
137691,137694
137691,137690
137691,137693
137691,137692
137692,137687
137692,137686
137692,137688
137692,137689
137692,137694
137692,137690
137692,137693
137692,137691
137692,138594
137693,137687
137693,137686
137693,137688
137693,137689
137693,137694
137693,137690
137693,137691
137693,137692
137694,137687
137694,137686
137694,137688
137694,137689
137694,137690
137694,137693
137694,137691
137694,137692
137694,138594
137834,57314
138594,137688
138594,137689
138594,137694
138594,137692
138730,159501
138730,138729
141523,66603
142747,33507
142747,214465
142965,163343
142965,201554
142965,175433
143050,244149
143347,177
143347,71
143370,124839
143761,240870
143928,166767
144352,85633
144352,158621
144352,127156
144352,176864
144495,137273
144665,102773
144665,78468
144665,228614
144665,198655
144665,303864
144665,303867
144665,303862
144665,303866
144665,303869
144665,144666
144666,144665
144677,102773
144677,78468
144677,145065
144677,198656
144677,159631
145065,144677
145065,159631
146006,86406
148057,1513
150160,117784
150160,150162
150160,151068
150441,40915
150495,197578
150540,193350
150540,74
150540,150539
150541,193350
150541,74
151068,117784
151068,150162
151068,150160
151783,290161
151783,172218
151783,184782
152421,193350
152421,74
152943,234034
152943,234035
152943,188610
152943,171313
152943,188611
153122,153128
153128,153122
153128,153232
153128,153234
153232,153128
153234,153128
153766,39564
154227,1421
154353,74136
154353,263282
154470,324082
154709,50381
154838,66281
155491,186752
156441,140100
156659,161546
156659,161547
156659,255970
156659,257284
156659,99975
156659,113401
156659,131325
156659,85256
156659,145189
156659,170984
156768,113957
156784,159893
156784,159894
156784,159895
156784,159896
156784,159897
156784,159898
156784,159899
156784,159901
156784,159902
156784,159904
156784,159900
157453,200609
157625,246469
157943,50381
158473,87104
158621,85633
158621,127156
158621,176864
158621,144352
158887,222227
158988,187673
159064,2001
159526,18985
159526,94342
159526,49394
159526,49396
159526,49391
159526,49392
159526,49397
159526,49050
159526,49400
159526,49038
159526,49399
159526,168924
159526,49096
159631,102773
159631,145065
159631,144677
159890,123991
159893,156784
159893,159894
159893,159895
159893,159896
159893,159897
159893,159898
159893,159899
159893,159901
159893,159902
159893,159904
159893,159900
159894,156784
159894,159893
159894,159895
159894,159896
159894,159897
159894,159898
159894,159899
159894,159901
159894,159902
159894,159904
159894,159900
159895,156784
159895,159893
159895,159894
159895,159896
159895,159897
159895,159898
159895,159899
159895,159901
159895,159902
159895,159904
159895,159900
159896,156784
159896,159893
159896,159894
159896,159895
159896,159897
159896,159898
159896,159899
159896,159901
159896,159902
159896,159904
159896,159900
159897,156784
159897,159893
159897,159894
159897,159895
159897,159896
159897,159898
159897,159899
159897,159901
159897,159902
159897,159904
159897,159900
159898,156784
159898,159893
159898,159894
159898,159895
159898,159896
159898,159897
159898,159899
159898,159901
159898,159902
159898,159904
159898,159900
159899,156784
159899,159893
159899,159894
159899,159895
159899,159896
159899,159897
159899,159898
159899,159901
159899,159902
159899,159904
159899,159900
159900,156784
159900,159893
159900,159894
159900,159895
159900,159896
159900,159897
159900,159898
159900,159899
159900,159901
159900,159902
159900,159904
159901,156784
159901,159893
159901,159894
159901,159895
159901,159896
159901,159897
159901,159898
159901,159899
159901,159902
159901,159904
159901,159900
159902,156784
159902,159893
159902,159894
159902,159895
159902,159896
159902,159897
159902,159898
159902,159899
159902,159901
159902,159904
159902,159900
159904,156784
159904,159893
159904,159894
159904,159895
159904,159896
159904,159897
159904,159898
159904,159899
159904,159901
159904,159902
159904,159900
160211,178844
160403,258301
160591,150485
160591,160617
160617,150485
160617,160591
160714,124132
160714,177052
161562,1887
162744,252651
163152,177990
163343,142965
163463,200740
163867,1480
163867,127543
165485,242485
165485,190529
165485,245486
165485,184953
165485,186979
165652,287463
166136,142503
167855,183679
168031,173322
168031,186517
168493,190829
168493,168494
168493,198263
168494,190829
168494,168493
168494,198263
168924,18985
168924,94342
168924,49394
168924,49396
168924,49391
168924,49392
168924,49397
168924,49050
168924,49400
168924,49038
168924,49399
168924,159526
168924,49096
169056,66088
169823,160044
170149,295154
170203,258563
170482,43022
170482,84838
170848,177624
171313,152943
171313,234034
171313,234035
171313,188610
171313,188611
171488,147168
171488,158751
171488,158752
171488,167349
171488,144479
171545,191884
171545,191888
171864,192817
171864,203213
171968,146408
172203,172691
172203,172745
172218,151783
172218,290161
172218,184782
172691,172745
172691,172203
172745,172691
172745,172203
172816,224328
173130,173057
173130,173131
173131,173057
173131,173130
173248,213990
173248,192047
173264,2399
173322,168031
173322,186517
173479,173484
173484,173479
173806,239455
173929,174006
174006,173929
174037,184709
174040,129364
174045,85652
174045,196135
174048,19679
174101,205874
174101,214824
174116,137958
174177,199237
174326,137958
174341,137958
174342,137958
174378,188217
174767,194419
175433,352166
175433,308401
175433,142965
176330,86156
176469,193556
176637,176640
176640,176637
176739,124856
176743,271006
176743,297232
176743,109001
176864,85633
176864,158621
176864,127156
176864,144352
177052,124132
177052,160714
177123,186841
177131,5298
177378,159865
177537,180191
177537,177539
177537,208051
177537,293229
177539,177537
177539,180191
177539,208051
177624,170848
177990,163152
178524,153470
178707,144735
178844,160211
179222,350968
179222,350966
179222,350964
179222,16640
179222,350965
179222,350967
179457,205475
179457,159865
179457,256510
179488,217608
179552,200707
179593,178595
179593,183153
179593,183154
179735,36675
180066,223396
180155,294110
180191,177537
180191,177539
180191,208051
180559,160950
180664,91425
180672,21133
180672,326767
180672,248423
180672,262158
180951,8134
180951,21783
180951,21370
180951,72236
180951,72237
180951,21781
180951,20409
180951,134813
180951,21782
181045,351996
181151,184775
181151,183410
181151,183007
181151,184776
181429,205650
181804,142205
181897,181898
181898,181897
182137,130680
182604,137348
182790,182792
182790,182791
182790,182794
182790,233943
182790,182793
182790,233945
182790,233946
182790,234824
182791,182792
182791,182794
182791,233563
182791,182793
182791,182790
182792,182791
182792,182794
182792,233563
182792,182793
182792,182790
182793,182792
182793,182791
182793,182794
182793,233563
182793,182790
182794,182792
182794,182791
182794,233563
182794,182793
182794,182790
183007,181151
183007,184775
183007,183410
183007,184776
183033,297232
183033,41604
183145,50381
183153,178595
183153,179593
183154,178595
183154,179593
183410,181151
183410,184775
183410,183007
183410,184776
183480,261520
183679,167855
183968,215000
184442,213711
184457,8270
184590,259499
184671,184443
184709,174037
184775,181151
184775,183410
184775,183007
184776,181151
184776,183410
184776,183007
184782,151783
184782,290161
184782,172218
184953,165485
184953,242485
184953,190529
184953,245486
184953,186979
184987,130680
184999,185000
185000,184999
185073,26233
185073,67912
185073,32414
185073,39195
185073,185074
185073,41897
185073,238211
185073,209750
185074,26233
185074,67912
185074,32414
185074,185073
185074,39195
185074,41897
185074,238211
185074,209750
186243,32441
186243,186569
186517,168031
186517,173322
186569,32441
186569,186243
186733,217720
186752,155491
186841,177123
186979,165485
186979,242485
186979,190529
186979,245486
186979,184953
186985,207094
187002,13994
187002,126419
187002,27665
187002,38301
187012,206284
187431,184440
187619,217253
187619,322270
187619,214863
187872,92190
187872,156548
188217,174378
188561,158340
188561,191998
188561,173319
188561,158339
188561,175222
188610,152943
188610,234034
188610,234035
188610,171313
188610,188611
188611,152943
188611,234034
188611,234035
188611,188610
188611,171313
188972,50381
189340,136144
189539,50381
190529,165485
190529,242485
190529,245486
190529,184953
190529,186979
190740,160044
190829,168494
190829,168493
190829,198263
191048,94255
191206,146451
191313,230839
191313,230840
191443,330332
191528,7861
191586,148209
191587,148209
191588,148209
191589,148209
191619,7203
191619,202585
191619,202574
191720,35665
191872,153507
191884,171545
191888,171545
192003,192005
192003,192007
192005,192003
192005,192007
192007,192003
192007,192005
192047,173248
192047,213990
192265,173075
192382,3475
192392,37906
192393,37906
192394,37906
192459,192460
192460,192459
192556,153470
192579,30081
192625,176936
192626,176936
192733,271006
192733,297232
192766,158899
192817,156118
192817,170956
192817,171864
192817,172730
193024,184559
193024,150005
193024,132766
193024,184563
193024,99573
193024,18460
193024,28284
193096,195740
193096,195348
193096,195346
193096,195728
193225,256476
193280,38159
193280,144464
193286,1927
193316,50381
193316,223516
193316,352062
193350,150541
193350,74
193350,150540
193350,152421
193399,211275
193429,193430
193429,193428
193430,193429
193430,193428
193481,50381
193531,184565
193531,25727
193531,185057
193531,184560
193531,184561
193556,176469
193589,38192
193593,290161
193660,180850
193895,50381
193895,327042
193928,193928
194249,59335
194419,174767
194627,236977
194748,176936
194810,213856
194810,203634
194810,194813
194810,207417
194810,194812
194812,213856
194812,203634
194812,194813
194812,194810
194812,207417
194813,213856
194813,203634
194813,194810
194813,207417
194813,194812
195244,173156
195244,161546
195244,161547
195244,210342
195244,255970
195244,195569
195244,268802
195244,257284
195244,99975
195244,323352
195244,113401
195244,131325
195244,241761
195244,85256
195244,196072
195244,145189
195244,203655
195244,237496
195244,189341
195244,266129
195346,193096
195348,193096
195569,173156
195569,161546
195569,210342
195569,255970
195569,257284
195569,99975
195569,323352
195569,113401
195569,131325
195569,195244
195569,85256
195569,145189
195569,203655
195685,50381
195708,177877
195728,193096
195740,193096
196072,173156
196072,161546
196072,210342
196072,323352
196072,113401
196072,195244
196072,145189
196072,203655
196104,176980
196135,334606
196135,174045
197578,150495
197617,176936
198029,168679
198263,190829
198263,168494
198263,168493
198655,144665
198656,102773
198656,144677
198741,157838
198950,139443
199027,199502
199027,199847
199027,199696
199027,199697
199027,199795
199027,286726
199027,288243
199027,262202
199027,312037
199027,204895
199027,199796
199027,199797
199027,199028
199027,199535
199027,199501
199027,199029
199027,286728
199027,199129
199027,199504
199028,199502
199028,199696
199028,199697
199028,199795
199028,262202
199028,204895
199028,199796
199028,199797
199028,199027
199028,286730
199028,223622
199028,199535
199028,199501
199028,204894
199028,199129
199028,199504
199028,288240
199029,199502
199029,199847
199029,223503
199029,304503
199029,199848
199029,199851
199029,204895
199029,202713
199029,199027
199029,199505
199029,199612
199029,204894
199029,199889
199029,199894
199029,199898
199029,199129
199029,199833
199129,199502
199129,199847
199129,199696
199129,199697
199129,199795
199129,204895
199129,199796
199129,199797
199129,199028
199129,199027
199129,199535
199129,199501
199129,199029
199129,199504
199501,199502
199501,199847
199501,199696
199501,199697
199501,199702
199501,199795
199501,262202
199501,204895
199501,199796
199501,199028
199501,199027
199501,223622
199501,199535
199501,286763
199501,286775
199501,231719
199501,199129
199501,199504
199501,223625
199502,199503
199502,199847
199502,304503
199502,312038
199502,312037
199502,199848
199502,199851
199502,204895
199502,202713
199502,199028
199502,199027
199502,286730
199502,199501
199502,199029
199502,311770
199502,199505
199502,199612
199502,204894
199502,199889
199502,199894
199502,231719
199502,199898
199502,199129
199502,199833
199503,199502
199503,199847
199503,286779
199503,304503
199503,199848
199503,199851
199503,204895
199503,202713
199503,311770
199503,199505
199503,199612
199503,204894
199503,199889
199503,199894
199503,231719
199503,199898
199504,199847
199504,199696
199504,199697
199504,199702
199504,199795
199504,288243
199504,204895
199504,199796
199504,199797
199504,202713
199504,199028
199504,199027
199504,199535
199504,199501
199504,199129
199504,199833
199504,288240
199505,199502
199505,199503
199505,199847
199505,304503
199505,199848
199505,199850
199505,199851
199505,204895
199505,202713
199505,199029
199505,311770
199505,199612
199505,204894
199505,199889
199505,199894
199505,199898
199505,199833
199535,199847
199535,199696
199535,199697
199535,199702
199535,199795
199535,286726
199535,204895
199535,199796
199535,199797
199535,199028
199535,199027
199535,286730
199535,199501
199535,199612
199535,204894
199535,199129
199535,199504
199535,288240
199612,199502
199612,199503
199612,199847
199612,223503
199612,288243
199612,199848
199612,199851
199612,204895
199612,202713
199612,199535
199612,199029
199612,199505
199612,268029
199612,199889
199612,199894
199612,199833
199612,223625
199696,199847
199696,199697
199696,199702
199696,199795
199696,262202
199696,204895
199696,199796
199696,199797
199696,199028
199696,199027
199696,286730
199696,199535
199696,199501
199696,199129
199696,199504
199696,213584
199696,223625
199697,199847
199697,199696
199697,199702
199697,199795
199697,204895
199697,199796
199697,199797
199697,199028
199697,199027
199697,286730
199697,223622
199697,199535
199697,199501
199697,286734
199697,286763
199697,286778
199697,199129
199697,199504
199697,213584
199697,288240
199697,223625
199702,199847
199702,223503
199702,199696
199702,199697
199702,199795
199702,286777
199702,204895
199702,199796
199702,199797
199702,199535
199702,199501
199702,203627
199702,199504
199702,213584
199729,1536
199729,308042
199729,278782
199729,308041
199729,258725
199768,329324
199768,330235
199795,199847
199795,199696
199795,199697
199795,199702
199795,204895
199795,199796
199795,199797
199795,199028
199795,199027
199795,199535
199795,199501
199795,286763
199795,199129
199795,199504
199795,213584
199796,199847
199796,199696
199796,199697
199796,199702
199796,199795
199796,204895
199796,199797
199796,199028
199796,199027
199796,223622
199796,199535
199796,199501
199796,286778
199796,286775
199796,199129
199796,199504
199797,199847
199797,199696
199797,199697
199797,199702
199797,199795
199797,204895
199797,199796
199797,199028
199797,199027
199797,199535
199797,268029
199797,199129
199797,199504
199833,199502
199833,199848
199833,199850
199833,199851
199833,204895
199833,202713
199833,199029
199833,311770
199833,199505
199833,199612
199833,199889
199833,199894
199833,199898
199833,199504
199847,199502
199847,199503
199847,199696
199847,199697
199847,199702
199847,199795
199847,286777
199847,199848
199847,199850
199847,199851
199847,204895
199847,199796
199847,199797
199847,199027
199847,199535
199847,199501
199847,199029
199847,199505
199847,268029
199847,203627
199847,199612
199847,204894
199847,199889
199847,199894
199847,199898
199847,199129
199847,199504
199848,199502
199848,199503
199848,199847
199848,312038
199848,312037
199848,199850
199848,199851
199848,204895
199848,202713
199848,199029
199848,199505
199848,199612
199848,199889
199848,199894
199848,199898
199848,199833
199850,199847
199850,304503
199850,199848
199850,199851
199850,204895
199850,202713
199850,311770
199850,199505
199850,199889
199850,199894
199850,199898
199850,199833
199851,199502
199851,199503
199851,199847
199851,199848
199851,199850
199851,204895
199851,202713
199851,199029
199851,311770
199851,199505
199851,199612
199851,199889
199851,199894
199851,199898
199851,199833
199889,199502
199889,199503
199889,199847
199889,286777
199889,199848
199889,199850
199889,199851
199889,204895
199889,199029
199889,311770
199889,199505
199889,203627
199889,199612
199889,199894
199889,199898
199889,199833
199894,199502
199894,199503
199894,199847
199894,304503
199894,199848
199894,199850
199894,199851
199894,204895
199894,202713
199894,199029
199894,311770
199894,199505
199894,268029
199894,203627
199894,199612
199894,199889
199894,199898
199894,199833
199898,199502
199898,199503
199898,199847
199898,312037
199898,199848
199898,199850
199898,199851
199898,204895
199898,202713
199898,199029
199898,199505
199898,199889
199898,199894
199898,199833
199935,197538
199935,155081
200111,3756
200111,164190
200111,147919
200111,258653
200111,5573
200294,136143
200294,150276
200294,180311
200609,157453
200707,179552
200727,193328
200727,353473
200740,163463
201016,129346
201184,2122
201184,275654
201184,275655
201184,287195
201184,287194
201184,287193
201184,287192
201184,287191
201184,275652
201184,275653
201184,275649
201184,275651
201184,275656
201184,275657
201184,275658
201184,281721
201188,2122
201188,275654
201188,275655
201188,287195
201188,287194
201188,287193
201188,287192
201188,287191
201188,275652
201188,275653
201188,275649
201188,275651
201188,275656
201188,275657
201188,275658
201188,281721
201201,2122
201201,275654
201201,275655
201201,287195
201201,287194
201201,287193
201201,287192
201201,287191
201201,275652
201201,275653
201201,275649
201201,275651
201201,275656
201201,275657
201201,275658
201201,281721
201554,142965
202302,208087
202302,218512
202302,184440
202493,24947
202574,7203
202574,202585
202574,191619
202585,7203
202585,191619
202585,202574
202713,199502
202713,199503
202713,199848
202713,199850
202713,199851
202713,204895
202713,286730
202713,199029
202713,199505
202713,199612
202713,199894
202713,199898
202713,199504
202713,199833
202729,50381
202829,190162
202989,133518
202989,8730
202989,36597
203073,322131
203213,156118
203213,170956
203213,171864
203213,172730
203352,50381
203398,75962
203627,199847
203627,199702
203627,204895
203627,199889
203627,199894
203627,223625
203634,213856
203634,194813
203634,194810
203634,207417
203634,194812
203671,189123
203732,213803
203732,203733
203732,236361
203732,213804
203732,203732
203733,203732
203757,161682
203958,329350
203958,315189
203958,243356
203958,336057
203958,284290
204594,60815
204657,285388
204894,199502
204894,199503
204894,199847
204894,286726
204894,204895
204894,199028
204894,199535
204894,199029
204894,199505
205235,205236
205236,205235
205475,159865
205475,179457
205475,256510
205650,181429
205874,271006
205874,174101
206284,187012
207094,186985
207385,50381
207385,225834
207417,213856
207417,203634
207417,194813
207417,194810
207417,194812
207587,129122
207587,41429
207956,208082
207956,207957
207956,26582
207957,207956
207957,208082
207957,26582
207996,31926
208051,177537
208051,180191
208051,177539
208082,207956
208082,207957
208082,26582
208087,202302
208087,218512
208890,155994
208890,318644
208890,303434
209254,137141
209640,214357
209700,175855
209750,26233
209750,67912
209750,32414
209750,185073
209750,39195
209750,185074
209750,41897
209750,238211
209772,2952
210315,177823
210315,280334
210315,251851
210390,463
210396,463
210397,463
210399,463
210400,463
210401,463
210402,463
210405,463
210464,198670
210626,143323
210626,258299
210626,155745
210816,210818
210816,210817
210817,210816
210817,210818
210818,210816
210818,210817
211169,266845
211202,153723
211202,173673
211202,244338
211275,193399
211701,262445
211702,262445
211703,262445
211704,262445
212097,262770
212097,212098
212097,212971
212097,224505
212097,229275
212097,235441
212097,324775
212098,262770
212098,212097
212098,212971
212098,224505
212098,229275
212098,235441
212098,324775
212298,463
212523,10973
212685,165044
212971,262770
212971,212097
212971,212098
212971,224505
212971,229275
212971,235441
212971,324775
213584,199696
213584,199697
213584,199702
213584,199795
213584,204895
213711,184442
213803,203732
213804,203732
213856,203634
213856,194813
213856,194810
213856,207417
213856,194812
213990,173248
213990,192047
214176,340127
214176,341556
214357,209640
214465,81043
214465,142747
214535,306230
214603,148744
214824,174101
214863,187619
214863,217253
215000,183968
215069,217950
215287,285028
215287,279415
215287,279417
215749,180241
215749,204397
215749,229685
216220,90568
216396,224742
216557,2952
216706,193328
216707,193328
216855,312075
216855,256855
217035,340127
217035,341556
217253,187619
217253,322270
217253,214863
217355,31772
217608,179488
217644,156546
217644,283151
217644,255249
217644,283152
217886,217887
217886,211168
217887,211168
217887,217886
217950,215069
218043,169102
218512,208087
218512,202302
218671,262445
218673,262445
218913,20545
218913,89415
218913,302725
218913,115233
218913,226588
219900,67691
220382,246974
220697,176631
220933,149896
222063,26855
222190,3439
222191,3439
222192,3439
222193,3439
222194,11229
222227,158887
222338,181889
222338,260630
222732,129031
223123,260328
223396,180066
223498,158564
223503,199702
223503,288243
223503,199029
223503,199612
223516,50381
223516,352062
223516,193316
223622,199697
223622,286777
223622,204895
223622,199796
223622,199028
223622,199501
223622,286763
223622,223625
223625,199696
223625,199697
223625,286777
223625,204895
223625,223622
223625,199501
223625,203627
223625,199612
224146,229037
224146,229044
224146,229042
224146,229040
224328,172816
224481,63868
224481,35219
224481,221848
224481,177861
224505,262770
224505,212097
224505,212098
224505,212971
224505,229275
224505,235441
224505,324775
224742,216396
224749,224750
224749,224454
224750,224454
224750,224749
225099,199530
225135,194532
225135,200672
225135,189610
225135,178892
225135,225136
225136,194532
225136,225135
225136,200672
225136,265227
225136,189610
225136,178892
225766,181521
225834,50381
225834,207385
226054,161528
226464,154674
226873,38639
227088,199530
227229,308856
227965,229037
227965,229044
227965,229042
227965,229040
228075,2734
228116,203719
228116,112138
228614,144665
229037,224146
229037,227965
229037,229044
229037,229042
229037,229040
229040,229037
229040,224146
229040,227965
229040,229044
229040,229042
229042,229037
229042,224146
229042,227965
229042,229044
229042,229040
229044,229037
229044,224146
229044,227965
229044,229042
229044,229040
229215,109001
229215,137273
229275,262770
229275,212097
229275,212098
229275,212971
229275,224505
229275,235441
229275,324775
229484,229544
229484,229487
229484,229486
229484,229485
229485,229484
229485,229487
229485,229486
229485,229545
229486,229484
229486,229487
229486,229546
229486,229485
229487,229484
229487,229547
229487,229486
229487,229485
229544,229484
229544,229547
229544,229546
229544,229545
229545,229544
229545,229547
229545,229546
229545,229485
229546,229544
229546,229547
229546,229486
229546,229545
229547,229544
229547,229487
229547,229546
229547,229545
229554,229556
229554,229555
229554,229557
229555,229556
229555,229554
229556,229554
229556,229555
229557,229554
229562,229567
229562,229563
229563,229568
229563,229562
229567,229568
229567,229562
229568,229567
229568,229563
229685,180241
229685,215749
229685,204397
229685,259350
230310,231522
230310,231521
230543,359275
230560,286429
230839,191313
230839,230840
230840,191313
230840,230839
231409,330839
231521,231522
231521,230310
231522,230310
231522,231521
231719,199502
231719,199503
231719,204895
231719,199501
231786,262857
231787,262856
231847,133689
232092,232093
232093,232092
232118,144874
232792,247732
233131,50381
233563,182792
233563,182791
233563,182794
233563,182793
233945,182790
233945,234824
234034,152943
234034,234035
234034,188610
234034,171313
234034,188611
234035,152943
234035,234034
234035,188610
234035,171313
234035,188611
234117,193831
234201,234202
234201,119472
234202,234201
234202,119472
234554,178892
234722,180241
234824,182790
234824,233945
234824,233946
235213,235225
235225,235213
235441,262770
235441,212097
235441,212098
235441,212971
235441,224505
235441,229275
235441,324775
235657,34884
235901,224271
235931,12975
235980,19537
236449,315599
236694,39636
236869,160545
236869,209853
236869,302397
236869,258538
236925,203800
236977,194627
237181,312020
237498,250559
237498,308694
237500,262988
237853,237855
237855,237853
237975,282135
237975,269614
238211,26233
238211,67912
238211,32414
238211,185073
238211,39195
238211,185074
238211,41897
238211,209750
238615,13293
238805,127493
239455,173806
240016,202204
240016,258171
240016,240026
240016,240025
240025,202204
240025,240016
240025,258171
240025,240026
240026,202204
240026,240016
240026,258171
240026,240025
240372,70301
240480,463
240870,143761
241227,158973
241227,339004
241227,201560
241227,178098
241295,129033
241311,19643
241658,158876
241726,195137
242193,66603
242194,66603
242196,66603
242197,66603
242199,66603
242200,66603
242201,66603
242202,66603
242221,282135
242221,269614
242409,175627
242485,165485
242485,190529
242485,245486
242485,184953
242485,186979
242683,463
242689,463
242690,463
242692,463
242693,463
242694,463
242806,198670
242892,180241
243312,251994
243312,271541
243356,203958
243499,183405
243996,164627
244067,147168
244067,158751
244067,158752
244067,167349
244067,144479
244085,144479
244086,144479
244088,144479
244090,144479
244149,143050
244338,153723
244338,211202
244338,173673
244359,32441
244612,341823
244811,172707
245050,241203
245050,213788
245378,350129
245486,165485
245486,242485
245486,190529
245486,184953
245486,186979
245539,231559
246329,200610
246329,306418
246329,203019
246329,306415
246329,306416
246329,306417
246329,318409
246469,157625
246605,279531
246606,279531
246763,192909
246974,220382
247069,147537
247732,232792
247840,1887
247949,155412
248204,240142
248204,248205
248204,248206
248205,240142
248205,248206
248205,248204
248206,240142
248206,248205
248206,248204
248423,21133
248423,326767
248423,262158
248423,163399
248423,203312
248423,180672
248781,200999
248960,109001
249036,20545
249036,89415
249036,115233
249036,226588
249136,42101
249136,133748
249199,26688
249810,168250
250394,114438
250437,250439
250439,250437
250559,237498
250707,38836
251851,210315
251851,177823
251851,280334
251994,243312
251994,271541
252320,237551
252321,237551
252322,237551
252524,254257
252651,162744
252992,253296
253296,252992
253680,241828
253792,74
254052,190700
254201,352428
254257,252524
254500,254504
254500,254502
254500,254505
254502,254504
254502,254500
254502,254505
254504,254500
254504,254502
254504,254505
254505,254504
254505,254500
254505,254502
254868,254868
255173,255171
255222,267303
255233,301884
255256,8863
255816,255817
255817,255816
256021,321092
256021,284849
256232,324346
256398,256399
256476,193225
256510,205475
256510,159865
256510,179457
256515,1246
256607,274217
256727,463
256855,312075
256855,216855
256944,182225
256944,256945
256945,182225
256945,256944
257007,10375
257151,258301
257197,270146
257197,290099
257197,268250
257197,236365
257197,235360
257197,235344
257197,257198
257643,202975
258069,232827
258123,260469
258171,202204
258171,240016
258171,240026
258171,240025
258209,226997
258299,143323
258299,210626
258299,155745
258301,296453
258301,37882
258301,160403
258301,257151
258301,19552
258301,37884
258301,37883
258301,22594
258301,62234
258301,22476
258301,56275
258474,230064
258474,195296
258538,160545
258538,236869
258538,209853
258538,302397
258538,258538
258538,269172
258539,331277
258539,331278
258539,331276
258539,331275
258539,331261
258562,151357
258563,170203
258610,1927
258653,200111
258653,3756
258653,5573
259015,296710
259015,265672
259388,259389
259388,259390
259389,259388
259389,259390
259390,259389
259390,259388
259499,184590
259709,226237
260328,223123
260469,258123
260630,181889
260630,222338
260711,220478
260751,32441
260752,32441
260837,82420
260837,93260
260837,82421
261458,261460
261460,261458
261484,12064
261520,183480
261603,237079
261711,305975
262158,21133
262158,326767
262158,248423
262158,163399
262158,203312
262158,268500
262158,180672
262202,199696
262202,204895
262202,199028
262202,199027
262202,199501
262202,288240
262369,2290
262445,211703
262445,211701
262445,218671
262445,209877
262445,211704
262445,211702
262445,218673
262528,50381
262528,145418
262528,218924
262564,263698
262564,196676
262564,357186
262856,231787
262857,231786
262988,237500
263053,195180
263053,309832
263171,70222
263171,282596
263186,201046
263186,230316
263282,74136
263282,154353
263317,206437
263353,268372
263353,268373
263353,268498
263353,268282
263369,322146
263369,322157
263369,351269
263698,262564
263698,196676
263698,357186
264076,314831
264171,230955
264205,222291
264205,344117
264205,344118
264509,189663
264633,295407
264633,333132
264633,295406
264633,333130
264921,107549
265227,200672
265227,178892
265227,225136
265276,308345
265390,189030
265436,265436
265672,296710
265672,259015
265700,146387
265840,285783
265910,36903
266004,268926
266080,295407
266080,333132
266080,295406
266080,333130
266505,266506
266506,266505
266526,231559
266589,335454
266589,335367
266589,343565
266589,345070
266623,283488
266845,211169
266997,169675
267139,128425
267173,237082
267174,237082
267185,193328
267250,267246
267250,289474
267250,326440
267250,326441
267303,255222
267744,267749
267744,267746
267746,267744
267746,267749
267749,267744
267749,267746
268029,199847
268029,204895
268029,199797
268029,199612
268029,199894
268225,324221
268225,324220
268250,270146
268250,290099
268250,257197
268250,236365
268250,235360
268250,235344
268250,257198
268282,263353
268282,268372
268282,268373
268282,268498
268372,263353
268372,268373
268372,268498
268372,268282
268373,263353
268373,268372
268373,268498
268373,268282
268411,193328
268471,226860
268498,263353
268498,268372
268498,268373
268498,268282
268681,321206
268770,268851
268805,316055
268834,316499
268851,268770
268926,266004
269038,193329
269038,269074
269074,193329
269074,269038
269172,302397
269172,258538
269546,343269
269610,193328
269612,193328
269614,237975
269614,178038
269614,242221
269614,282135
270144,67084
270146,257197
270146,268250
270146,236365
270146,235360
270146,235344
270146,257198
270213,204305
270229,254494
270660,272172
270906,270680
270939,246895
270939,138649
270939,208918
270939,173294
270939,182770
270939,160902
270939,183572
270939,168998
270939,244196
270939,148575
270939,187353
270939,202096
270939,177939
270939,158275
270939,253564
270939,191579
270939,217471
270939,242753
270939,280472
270939,147363
271006,192733
271006,297232
271006,176743
271006,205874
271225,20545
271227,20545
271228,20545
271527,32441
271535,32441
271540,32441
271541,243312
271541,251994
271643,32441
272172,270660
272233,29375
272443,309971
272443,309970
272802,313952
272802,295483
272854,27389
273007,20545
273007,89415
273007,291440
273007,291381
273007,217428
273007,291380
273007,273005
273007,115233
273007,226588
273280,32441
273281,32441
273282,32441
273492,109922
273646,286753
273654,146791
273654,322984
273654,212346
273654,273655
273654,150997
273654,322985
273655,146791
273655,322984
273655,212346
273655,150997
273655,322985
273655,273654
273932,344034
273932,279908
273932,344130
274080,193278
274085,196712
274217,256607
274606,221372
274606,246534
274908,275033
275033,274908
275273,1927
275273,257700
275452,2952
275637,126020
275805,198142
275805,356339
276616,326659
276616,326658
276758,13223
276759,13223
276803,59576
277124,283746
277124,277126
277126,283746
277126,277124
277273,463
277371,2471
277403,277404
277404,277403
278284,224992
278284,280061
278284,280060
278284,280062
278782,1536
278782,308042
278782,308041
278782,199729
278782,258725
278784,278783
279415,141430
279415,215287
279415,156420
279415,340127
279415,279417
279415,341556
279417,141430
279417,285028
279417,215287
279417,156420
279417,340127
279417,279415
279417,341556
279531,246606
279531,246605
279908,344034
279908,273932
279908,344130
280060,224992
280060,278284
280060,280061
280060,280062
280061,224992
280061,278284
280061,280060
280061,280062
280062,224992
280062,278284
280062,280061
280062,280060
280243,280245
280243,280249
280245,280243
280245,280249
280249,280245
280249,280243
280334,210315
280334,177823
280334,251851
280633,280634
280634,280633
280890,463
281318,463
281319,463
281740,281741
281741,281740
281782,293671
281782,234521
282058,125832
282058,230792
282074,3699
282094,293053
282135,237975
282135,178038
282135,242221
282135,269614
282443,282674
282596,70222
282596,263171
282674,282443
282699,311853
282781,463
282781,289793
282781,289792
283160,463
283160,289787
283160,289789
283160,289790
283160,289788
283345,21133
283345,326767
283488,266623
284177,284180
284177,284178
284177,284179
284178,284180
284178,284179
284178,284177
284179,284180
284179,284178
284179,284177
284180,284178
284180,284179
284180,284177
284289,234274
284290,203958
284360,290508
284360,285749
284360,330332
284360,290507
284360,285750
284388,21133
284388,326767
284488,269556
284491,173156
284491,323352
284778,295564
284778,274637
284778,335764
284778,315060
284778,294484
284778,326937
284778,326934
284778,354544
284778,284777
284778,325635
284778,326933
284778,274638
284778,326936
284849,256021
284849,321092
284985,130680
285242,320062
285384,27389
285388,204657
285749,290508
285749,330332
285749,290507
285749,285750
285749,284360
285750,290508
285750,285749
285750,330332
285750,290507
285750,284360
285783,191301
285783,265840
285871,180241
286196,180937
286276,286277
286276,286278
286277,286276
286277,286278
286278,286276
286278,286277
286331,253048
286331,310781
286414,337861
286429,230560
286726,204895
286726,199027
286726,199535
286726,204894
286726,286728
286728,286726
286728,288243
286728,204895
286728,199027
286728,286730
286730,199502
286730,199696
286730,199697
286730,204895
286730,202713
286730,199028
286730,199535
286730,286728
286734,199697
286734,286777
286734,204895
286734,286778
286748,193272
286753,273646
286763,199697
286763,199795
286763,204895
286763,223622
286763,199501
286775,286777
286775,204895
286775,199796
286775,199501
286777,199847
286777,199702
286777,223622
286777,286734
286777,286778
286777,286775
286777,199889
286777,223625
286778,199697
286778,286777
286778,204895
286778,199796
286778,286734
286779,199503
286817,240004
286895,286896
286896,286895
286927,204431
286927,255293
286927,180956
286927,147949
286927,163166
286927,277134
287135,213834
287191,201201
287191,201184
287191,201188
287192,201201
287192,201184
287192,201188
287193,201201
287193,201184
287193,201188
287194,201201
287194,201184
287194,201188
287195,201201
287195,201184
287195,201188
287303,231837
287411,345931
287456,173156
287456,323352
287463,165652
287470,320
287473,165628
287473,239435
287611,175621
287611,287608
287701,290769
287736,203673
288083,232446
288083,345946
288240,199697
288240,262202
288240,204895
288240,199028
288240,199535
288240,199504
288243,223503
288243,204895
288243,199027
288243,199612
288243,286728
288243,199504
288271,286422
288570,229427
288570,256422
288659,13845
288659,94259
288873,50381
289190,303246
289190,303247
289306,211453
289467,296759
289474,267246
289474,267250
289474,326440
289474,326441
289517,2952
289787,463
289787,283160
289788,463
289788,283160
289789,463
289789,283160
289790,463
289790,283160
289792,463
289792,282781
289793,463
289793,282781
289951,290626
289951,294286
290099,257197
290099,268250
290099,236365
290099,235360
290099,235344
290099,257198
290161,151783
290161,172218
290161,193593
290161,184782
290163,343029
290507,290508
290507,285749
290507,330332
290507,285750
290507,284360
290508,285749
290508,330332
290508,290507
290508,285750
290508,284360
290549,290550
290550,290549
290561,339676
290626,289951
290632,27389
290769,287701
290859,291674
291381,20545
291381,89415
291381,291440
291381,217428
291381,291380
291381,273005
291381,273007
291381,115233
291605,210292
291674,290859
291954,330744
291954,330745
292490,232595
292556,130680
292908,2922
292910,296718
293053,282094
293229,177537
293387,273482
293387,339062
293387,265039
293387,223376
293524,110
293527,10415
294286,289951
294455,86073
294592,199076
294714,209280
294727,302304
294727,302306
294727,302301
294727,302303
294727,302302
294727,320476
294756,273482
294756,339062
294756,265039
294756,223376
294771,199076
294785,182510
295089,184525
295154,170149
295406,295407
295406,333132
295406,264633
295406,295406
295406,266080
295406,333130
295407,295407
295407,333132
295407,264633
295407,295406
295407,266080
295407,333130
295482,359085
295605,325388
296143,50381
296185,340199
296185,340198
296453,258301
296698,130680
296710,311397
296710,265672
296710,259015
296718,292910
296729,137273
296737,310847
297181,64556
297181,37225
297181,15519
297203,15236
297203,32399
297232,271006
297232,192733
297232,176743
297232,183033
297314,10738
297314,30834
297372,297375
297372,297373
297372,279328
297373,297372
297373,297375
297373,279328
297375,297372
297375,297373
297375,279328
297481,193295
297542,32441
297612,216403
298030,167975
298127,4292
298528,123123
298528,162388
298528,204728
298528,174400
298528,89409
298538,299021
298538,299022
298847,256422
299021,298538
299021,299022
299022,298538
299022,299021
299044,299436
299069,335845
299069,335844
299282,105035
299423,105035
299428,105035
299431,105035
299432,105035
299433,105035
299436,299044
299798,11673
300033,315525
300045,324718
300192,12333
300250,204895
300251,304503
300251,204895
300399,176247
300399,350729
300573,40092
300578,187988
300601,146548
300601,356844
300719,300721
300721,300719
300854,300855
300854,300858
300854,300859
300855,300858
300855,300859
300855,300854
300858,300855
300858,300859
300858,300854
300859,300855
300859,300858
300859,300854
300929,311736
300929,318393
301710,357661
301884,255233
301884,337864
301884,313179
301935,269847
302071,309861
302071,309863
302244,197414
302244,1927
302244,181268
302244,112991
302244,208256
302244,22948
302244,181192
302244,129359
302244,325670
302244,220141
302244,229640
302244,323210
302301,302304
302301,302303
302301,302302
302301,294727
302301,320476
302302,302304
302302,302301
302302,302303
302302,294727
302302,329497
302302,320476
302303,302301
302303,302302
302303,294727
302303,329215
302303,320476
302304,302301
302304,302302
302304,294727
302304,329215
302304,320476
302306,294727
302306,320476
302327,32441
302337,3214
302337,2952
302393,302422
302397,236869
302397,209853
302397,258538
302397,309137
302397,269172
302422,302393
302517,151952
302517,7614
302725,20545
302725,89415
302725,218913
302725,192322
302725,182955
302725,192321
302725,115233
302725,226588
303246,289190
303247,289190
303322,346970
303322,303323
303323,303322
303434,155994
303434,318644
303434,208890
303543,173804
303543,196698
303543,227326
303543,249677
303862,144665
303864,144665
303866,144665
303867,144665
303869,144665
304503,199502
304503,199503
304503,199850
304503,199029
304503,311770
304503,300251
304503,199505
304503,199894
305053,289183
305053,238094
305685,42636
305685,70128
305685,105181
305840,4854
305879,305882
305879,310672
305879,305881
305879,11168
305882,310672
305882,305879
305882,11168
305975,261711
305996,191077
305997,191077
306065,311190
306230,214535
306230,124199
306415,200610
306415,246329
306415,306418
306415,203019
306415,306416
306415,306417
306415,318409
306416,200610
306416,246329
306416,306418
306416,203019
306416,306415
306416,306416
306416,306417
306416,318409
306417,200610
306417,246329
306417,306418
306417,203019
306417,306415
306417,306416
306417,306417
306417,318409
306418,200610
306418,246329
306418,306418
306418,203019
306418,306415
306418,306416
306418,306417
306418,318409
306431,11168
306857,306858
306857,306859
306858,306857
306858,306859
306859,306857
306859,306858
306919,243
306965,344547
307511,296345
307511,2511
307583,307989
307637,307672
307637,307663
307637,307640
307637,307660
307637,307680
307637,307658
307637,307653
307637,307675
307637,307641
307637,307652
307637,307655
307637,307678
307637,307666
307637,307650
307637,307647
307640,307672
307640,307663
307640,307637
307640,307660
307640,307680
307640,307658
307640,307653
307640,307675
307640,307641
307640,307652
307640,307655
307640,307678
307640,307666
307640,307650
307640,307647
307641,307672
307641,307663
307641,307637
307641,307640
307641,307660
307641,307680
307641,307658
307641,307653
307641,307675
307641,307652
307641,307655
307641,307678
307641,307666
307641,307650
307641,307647
307647,307672
307647,307663
307647,307637
307647,307640
307647,307660
307647,307680
307647,307658
307647,307653
307647,307675
307647,307641
307647,307652
307647,307655
307647,307678
307647,307666
307647,307650
307650,307672
307650,307663
307650,307637
307650,307640
307650,307660
307650,307680
307650,307658
307650,307653
307650,307675
307650,307641
307650,307652
307650,307655
307650,307678
307650,307666
307650,307647
307652,307672
307652,307663
307652,307637
307652,307640
307652,307660
307652,307680
307652,307658
307652,307653
307652,307675
307652,307641
307652,307655
307652,307678
307652,307666
307652,307650
307652,307647
307653,307672
307653,307663
307653,307637
307653,307640
307653,307660
307653,307680
307653,307658
307653,307675
307653,307641
307653,307652
307653,307655
307653,307678
307653,307666
307653,307650
307653,307647
307655,307672
307655,307663
307655,307637
307655,307640
307655,307660
307655,307680
307655,307658
307655,307653
307655,307675
307655,307641
307655,307652
307655,307678
307655,307666
307655,307650
307655,307647
307657,307777
307658,307672
307658,307663
307658,307637
307658,307640
307658,307660
307658,307680
307658,307653
307658,307675
307658,307641
307658,307652
307658,307655
307658,307678
307658,307666
307658,307650
307658,307647
307660,307672
307660,307663
307660,307637
307660,307640
307660,307680
307660,307658
307660,307653
307660,307675
307660,307641
307660,307652
307660,307655
307660,307678
307660,307666
307660,307650
307660,307647
307663,307672
307663,307637
307663,307640
307663,307660
307663,307680
307663,307658
307663,307653
307663,307675
307663,307641
307663,307652
307663,307655
307663,307678
307663,307666
307663,307650
307663,307647
307666,307672
307666,307663
307666,307637
307666,307640
307666,307660
307666,307680
307666,307658
307666,307653
307666,307675
307666,307641
307666,307652
307666,307655
307666,307678
307666,307650
307666,307647
307672,307663
307672,307637
307672,307640
307672,307660
307672,307680
307672,307658
307672,307653
307672,307675
307672,307641
307672,307652
307672,307655
307672,307678
307672,307666
307672,307650
307672,307647
307675,307672
307675,307663
307675,307637
307675,307640
307675,307660
307675,307680
307675,307658
307675,307653
307675,307641
307675,307652
307675,307655
307675,307678
307675,307666
307675,307650
307675,307647
307678,307672
307678,307663
307678,307637
307678,307640
307678,307660
307678,307680
307678,307658
307678,307653
307678,307675
307678,307641
307678,307652
307678,307655
307678,307666
307678,307650
307678,307647
307680,307672
307680,307663
307680,307637
307680,307640
307680,307660
307680,307658
307680,307653
307680,307675
307680,307641
307680,307652
307680,307655
307680,307678
307680,307666
307680,307650
307680,307647
307777,307657
307989,307583
308041,1536
308041,308042
308041,278782
308041,199729
308041,258725
308042,1536
308042,308042
308042,278782
308042,308041
308042,199729
308042,258725
308345,265276
308367,258309
308401,175433
308552,310848
308694,237498
308741,1800
308742,1800
308756,308761
308756,308760
308756,308758
308756,308759
308758,308756
308758,308761
308758,308760
308758,308759
308759,308756
308759,308761
308759,308760
308759,308758
308760,308756
308760,308761
308760,308758
308760,308759
308761,308756
308761,308760
308761,308758
308761,308759
308856,227229
309030,251445
309137,302397
309708,188347
309708,216360
309708,335858
309708,335859
309708,309709
309709,188347
309709,309708
309709,216360
309709,335858
309709,335859
309832,195180
309832,263053
309861,302071
309861,309863
309863,302071
309863,309861
309970,272443
309970,309971
309971,272443
309971,309970
310479,244267
310666,336189
310672,305882
310672,305879
310672,11168
310723,463
310781,286331
310781,253048
310847,296737
310848,308552
310892,89807
310947,347888
311022,311020
311022,311167
311078,274206
311167,311020
311167,311022
311190,306065
311202,300493
311323,202982
311397,296710
311528,311868
311736,318393
311736,300929
311770,199502
311770,199503
311770,304503
311770,199850
311770,199851
311770,204895
311770,199505
311770,199889
311770,199894
311770,199833
311853,282699
311868,31219
311868,311528
311868,8669
312020,237181
312037,199502
312037,199848
312037,204895
312037,199027
312037,199898
312038,199502
312038,199848
312075,256855
312075,216855
312529,278413
312724,346659
312724,326767
312748,155122
312748,260645
312887,463
312958,271064
313106,337864
313106,313179
313114,250448
313179,337864
313179,301884
313179,313106
313471,322865
313471,322989
313541,313543
313542,313543
313543,313542
313543,313541
313543,340772
313543,345632
313543,345630
313543,358042
313543,313537
313543,345635
313543,345634
313543,345633
313543,358039
313543,313540
313543,313538
313543,313539
313829,127493
313855,97377
313889,338434
313893,358082
313893,285902
313934,8829
313952,272802
313952,295483
314347,17618
314377,463
314549,4864
314831,264076
314837,287899
314837,350758
315163,30081
315189,203958
315272,295574
315459,315474
315459,315470
315470,315459
315470,315474
315474,315459
315474,315470
315599,236449
315975,357028
315975,321047
315975,321044
315975,315976
315976,357028
315976,321047
315976,321044
315976,315975
316055,268805
316184,97929
316288,224483
316289,224483
316290,224483
316291,224483
316408,231674
316414,1421
316414,3969
316414,7113
316417,1421
316417,3969
316417,7113
316418,1421
316418,3969
316418,7113
316419,1421
316419,3969
316419,7113
316420,1421
316420,3969
316420,7113
316421,1421
316421,3969
316421,7113
316424,1421
316424,3969
316424,7113
316425,1421
316425,3969
316425,7113
316426,1421
316426,3969
316426,7113
316427,1421
316427,3969
316427,7113
316428,1421
316428,3969
316428,7113
316430,1421
316430,3969
316430,7113
316431,1421
316431,3969
316431,7113
316432,1421
316432,3969
316432,7113
316433,1421
316433,3969
316433,7113
316434,1421
316434,3969
316434,7113
316435,1421
316435,3969
316435,7113
316436,1421
316436,3969
316436,7113
316437,1421
316437,3969
316437,7113
316438,1421
316438,3969
316438,7113
316439,1421
316439,3969
316439,7113
316440,1421
316440,3969
316440,7113
316441,1421
316441,3969
316441,7113
316443,1421
316443,3969
316443,7113
316444,1421
316444,3969
316444,7113
316446,1421
316446,3969
316446,7113
316447,1421
316447,3969
316447,7113
316448,1421
316448,3969
316448,7113
316449,1421
316449,3969
316449,7113
316451,1421
316451,3969
316451,7113
316452,1421
316452,3969
316452,7113
316453,1421
316453,3969
316453,7113
316454,1421
316454,3969
316454,7113
316455,1421
316455,3969
316455,7113
316456,1421
316456,3969
316456,7113
316457,1421
316457,3969
316457,7113
316458,1421
316458,3969
316458,7113
316459,1421
316459,3969
316459,7113
316460,1421
316460,3969
316460,7113
316461,1421
316461,3969
316461,7113
316462,1421
316462,3969
316462,7113
316463,1421
316463,3969
316463,7113
316464,1421
316464,3969
316464,7113
316465,1421
316465,3969
316465,7113
316466,1421
316466,3969
316466,7113
316467,1421
316467,3969
316467,7113
316468,1421
316468,3969
316468,7113
316469,1421
316469,3969
316469,7113
316470,1421
316470,3969
316470,7113
316471,1421
316471,3969
316471,7113
316472,1421
316472,3969
316472,7113
316473,1421
316473,3969
316473,7113
316499,268834
316505,1421
316506,1421
316507,1421
316508,1421
316509,1421
316511,1421
316511,3969
316511,7113
316512,1421
316512,3969
316512,7113
316513,1421
316513,3969
316513,7113
316514,1421
316514,3969
316514,7113
316515,1421
316515,3969
316515,7113
316516,1421
316516,3969
316516,7113
316517,1421
316518,1421
316524,1421
316524,3969
316524,7113
316585,20545
316664,2162
316850,95234
316850,172062
316850,12692
316850,214898
316850,267506
316850,164110
317115,319702
317716,317866
317716,317865
317720,308566
317865,317716
317865,317866
317866,317716
317866,317865
318393,311736
318393,300929
318409,200610
318409,246329
318409,306418
318409,203019
318409,306415
318409,306416
318409,306417
318644,303434
318644,208890
318933,318939
318933,318937
318933,318936
318933,318980
318933,319043
318936,318939
318936,318937
318936,318980
318936,319043
318936,318933
318937,318939
318937,318936
318937,318980
318937,319043
318937,318933
318939,318937
318939,318936
318939,318980
318939,319043
318939,318933
318980,318939
318980,318937
318980,318936
318980,319043
318980,318933
319043,318939
319043,318937
319043,318936
319043,318980
319043,318933
319090,319093
319090,319091
319090,319092
319091,319093
319091,319092
319091,319090
319092,164848
319092,319091
319092,319090
319093,319091
319093,319090
319264,248188
319264,162351
319313,36751
319313,3439
319313,182276
319527,320062
319635,321200
319635,321201
319635,321181
319635,321202
319635,319813
319635,321214
319635,321203
319635,321204
319682,321200
319682,321201
319682,321181
319682,321202
319682,319813
319682,321214
319682,321203
319682,321204
319702,317115
319713,319715
319713,319716
319713,347403
319715,319713
319715,319716
319715,347403
319716,319713
319716,319715
319716,347403
319742,320020
319762,327580
319762,333511
319794,128664
319794,173156
319794,323352
319813,321200
319813,321201
319813,321181
319813,321202
319813,319682
319813,319635
319813,321214
319813,321203
319813,321204
319906,238181
319906,238277
320020,319742
320062,285242
320062,319527
320459,149951
320459,249421
320459,196496
320476,302304
320476,302306
320476,302301
320476,302303
320476,302302
320476,294727
320476,329497
320476,329215
320502,320900
320582,1353
320855,320858
320855,320859
320858,320859
320858,320855
320859,320858
320859,320855
320900,1860
320900,320502
321044,357028
321044,321047
321044,315976
321044,315975
321047,357028
321047,321044
321047,315976
321047,315975
321092,256021
321092,284849
321114,307369
321145,1607
321179,330696
321179,348940
321181,321200
321181,321201
321181,321207
321181,321202
321181,319682
321181,319635
321181,319813
321181,321214
321181,321203
321181,321204
321200,321201
321200,321181
321200,321207
321200,321202
321200,319682
321200,319635
321200,319813
321200,321214
321200,321203
321200,321204
321201,321200
321201,321181
321201,321202
321201,319682
321201,319635
321201,319813
321201,321214
321201,321203
321201,321204
321202,321200
321202,321201
321202,321181
321202,321207
321202,319682
321202,319635
321202,319813
321202,321214
321202,321203
321202,321204
321203,321200
321203,321201
321203,321181
321203,321202
321203,319682
321203,319635
321203,319813
321203,321214
321203,321204
321204,321200
321204,321201
321204,321181
321204,321202
321204,319682
321204,319635
321204,319813
321204,321214
321204,321203
321204,321204
321206,268681
321207,321200
321207,321181
321207,321202
321207,321214
321214,321200
321214,321201
321214,321181
321214,321207
321214,321202
321214,319682
321214,319635
321214,319813
321214,321203
321214,321204
321240,297673
321241,297673
321242,297673
321244,297673
321476,193725
321476,298480
321628,218421
322131,203073
322146,263369
322146,322157
322146,351269
322157,263369
322157,322146
322157,351269
322270,187619
322270,217253
322750,163745
322751,163745
322808,329458
322865,313471
322865,322989
322965,2223
322989,313471
322989,322865
323210,197414
323210,1927
323210,181268
323210,112991
323210,208256
323210,22948
323210,181192
323210,129359
323210,325670
323210,220141
323210,229640
323210,302244
324082,154470
324092,324211
324092,324478
324092,325021
324092,308500
324143,340567
324211,324092
324211,324478
324211,325021
324211,308500
324220,268225
324220,324221
324221,268225
324221,324220
324342,252212
324346,256232
324426,269456
324458,324459
324458,276169
324459,324458
324459,276169
324473,324555
324478,324092
324478,324211
324478,325021
324478,308500
324512,324558
324555,324473
324558,324512
324594,8983
324671,216179
324671,198832
324671,277980
324718,300045
324775,231854
324775,212097
324775,212098
324775,212971
324775,224505
324775,229275
324775,235441
325021,324092
325021,324211
325021,324478
325021,308500
325321,325322
325321,325323
325321,325324
325322,325321
325322,325323
325322,325324
325323,325321
325323,325322
325323,325324
325324,325321
325324,325322
325324,325323
325398,169675
325578,352456
325637,1421
325637,3969
325637,7113
325670,1927
325670,22948
325670,181192
325670,220141
325670,229640
325670,302244
325670,323210
325889,228602
326038,231045
326235,128664
326440,267246
326440,289474
326440,267250
326440,326441
326441,267246
326441,289474
326441,267250
326441,326440
326658,326659
326658,276616
326659,276616
326659,326658
326933,295564
326933,274637
326933,335764
326933,315060
326933,294484
326933,326937
326933,326934
326933,354544
326933,284778
326933,284777
326933,325635
326933,274638
326933,326936
326934,295564
326934,274637
326934,335764
326934,315060
326934,294484
326934,326937
326934,354544
326934,284778
326934,284777
326934,325635
326934,326933
326934,274638
326934,326936
326936,295564
326936,274637
326936,335764
326936,315060
326936,294484
326936,326937
326936,326934
326936,354544
326936,284778
326936,284777
326936,325635
326936,326933
326936,274638
326937,295564
326937,274637
326937,335764
326937,315060
326937,294484
326937,326934
326937,354544
326937,284778
326937,284777
326937,325635
326937,326933
326937,274638
326937,326936
326970,147194
327004,291855
327004,353526
327042,193895
327249,294777
327249,60815
327309,59576
327309,327370
327309,327373
327309,327401
327309,327399
327313,234396
327313,252776
327370,59576
327370,327309
327370,327373
327370,327401
327370,327399
327373,59576
327373,327309
327373,327370
327373,327401
327373,327399
327399,59576
327399,327309
327399,327370
327399,327373
327399,327401
327401,59576
327401,327309
327401,327370
327401,327373
327401,327399
327580,319762
327580,333511
327645,20545
327645,226588
328056,13223
328148,193328
328292,328761
328352,330332
328671,330332
328761,328292
329121,98527
329121,238916
329215,302304
329215,302303
329215,329497
329215,320476
329324,199768
329350,203958
329385,135270
329429,246911
329458,322808
329458,287345
329458,292961
329458,292962
329497,302302
329497,329215
329497,320476
329748,256066
329779,257081
329933,185343
330005,146144
330097,24310
330097,33451
330097,66510
330097,142402
330097,173634
330097,212662
330097,244258
330097,46530
330235,199768
330332,191443
330332,328352
330332,290508
330332,328671
330332,285749
330332,290507
330332,285750
330332,284360
330696,348940
330696,321179
330744,291954
330745,291954
330746,34245
330839,231409
331261,331277
331261,331278
331261,331276
331261,331275
331261,258539
331275,331277
331275,331278
331275,331276
331275,258539
331275,331261
331276,331277
331276,331278
331276,331275
331276,258539
331276,331261
331277,331278
331277,331276
331277,331275
331277,258539
331277,331261
331278,331277
331278,331276
331278,331275
331278,258539
331278,331261
331317,341714
331317,345106
331409,65087
331582,244769
331582,285972
331582,214484
331747,36235
331747,257601
331747,170901
331752,195545
331948,193328
331948,267832
332070,185836
332070,165004
332560,203560
332667,11476
332778,260524
332814,352289
333130,295407
333130,333132
333130,264633
333130,295406
333130,266080
333132,295407
333132,264633
333132,295406
333132,266080
333132,333130
333218,4052
333219,4052
333220,4052
333486,333487
333487,333486
333511,319762
333511,327580
333767,358881
334203,212346
334352,334354
334352,357408
334352,341219
334354,334352
334354,357408
334354,341219
334505,317627
334505,305881
334580,162295
334596,127179
334606,196135
334627,122522
334720,198670
334826,10766
335240,335664
335367,266589
335446,188547
335451,326485
335454,266589
335664,335240
335757,335760
335757,335761
335757,335759
335759,335757
335760,335757
335761,335757
335844,335845
335844,299069
335845,335844
335845,299069
335858,188347
335858,309708
335858,216360
335858,335859
335858,309709
335859,188347
335859,309708
335859,216360
335859,335858
335859,309709
335954,356612
335957,192283
336057,203958
336120,354946
336181,336182
336182,336181
336189,310666
336345,265569
336501,239877
336632,284775
336632,332018
336632,302991
336632,292034
336632,292033
336632,302990
336632,313292
336632,292029
336632,299270
336632,292032
336632,292031
336632,319290
336632,303036
336632,299266
336632,299268
336632,337500
336632,292030
336632,309857
336791,351332
336962,351192
337189,251726
337236,338215
337236,337888
337249,259830
337512,149951
337512,337513
337512,249421
337512,196496
337513,149951
337513,337512
337513,249421
337513,196496
337617,128664
337617,257284
337617,113401
337617,131325
337617,85256
337712,353139
337861,286414
337888,338215
337888,337236
337889,296483
338030,338031
338031,338030
338215,337236
338215,337888
338322,274128
338434,313889
338643,354204
338643,338646
338643,354205
338643,354206
338643,354208
338643,354207
338646,338643
338646,354204
338646,354205
338646,354206
338646,354208
338646,354207
338725,306142
338731,2952
338732,320
338794,341848
338840,339582
339004,201560
339004,241227
339004,178098
339062,293387
339062,273482
339062,265039
339062,223376
339062,294756
339244,122522
339251,357014
339388,319529
339443,339444
339444,339443
339502,339511
339511,339502
339582,338840
339676,290561
340078,32441
340127,141430
340127,156420
340127,217035
340127,279415
340127,279417
340127,214176
340127,341556
340198,296185
340199,296185
340510,2952
340512,340514
340512,340515
340512,340516
340514,340512
340514,340515
340514,340516
340515,340512
340515,340514
340515,340516
340516,340512
340516,340514
340516,340515
340567,324143
340691,195450
340749,300905
340772,313543
340829,340830
340829,340832
340830,340829
340830,340832
340832,340830
340832,340829
341011,16105
341139,257305
341219,334352
341219,334354
341219,357408
341306,85769
341554,200456
341554,145633
341554,144864
341554,172155
341554,69789
341554,249552
341554,261321
341554,185123
341554,308755
341554,215616
341554,122294
341554,157026
341554,95064
341554,138233
341554,271064
341554,108784
341554,86663
341554,261588
341554,241203
341554,158976
341554,213788
341554,180616
341556,141430
341556,156420
341556,217035
341556,340127
341556,279415
341556,279417
341556,214176
341713,322124
341714,331317
341823,244612
341848,338794
341876,253664
341883,341884
341884,341883
342068,1037
342068,12957
342068,73286
342068,90944
342068,120368
342089,463
342090,342091
342090,342271
342091,342090
342091,342271
342271,342090
342271,342091
342761,109001
343029,196379
343029,290163
343029,255310
343029,287175
343029,255335
343071,353912
343269,269546
343272,26614
343565,266589
343844,307305
344034,279908
344034,273932
344034,344130
344051,253399
344084,184151
344117,222291
344117,264205
344117,344118
344118,222291
344118,264205
344118,344117
344130,344034
344130,279908
344130,273932
344290,329580
344290,315525
344547,306965
344934,344935
344934,344939
344935,344934
344935,344939
344939,344934
344939,344935
345055,183571
345070,266589
345106,331317
345598,345616
345598,345613
345613,345598
345613,345616
345616,345598
345616,345613
345630,313543
345632,313543
345633,313543
345634,313543
345635,313543
345792,247342
345931,287411
345946,232446
345946,288083
346138,114504
346152,347620
346432,346434
346432,346433
346433,346434
346433,346432
346434,346432
346434,346433
346478,346481
346478,346480
346478,346483
346480,346481
346480,346478
346480,346483
346481,346480
346481,346478
346481,346483
346483,346481
346483,346480
346483,346478
346659,312724
346821,31016
346821,42448
346821,147445
346821,123129
346970,303322
347299,266381
347403,319713
347403,319715
347403,319716
347478,347480
347480,347478
347503,347504
347504,347503
347620,346152
347811,192135
347811,235802
347879,113873
347888,310947
348133,358662
348588,293348
348762,296694
348762,333174
348849,11825
348874,246761
348934,248641
348940,330696
348940,321179
349084,41833
349500,349603
349500,349610
349603,349500
349603,349610
349610,349500
349610,349603
349611,349612
349612,349611
349692,294594
349692,236650
350011,283212
350065,337098
350072,326624
350104,299690
350129,245378
350729,300399
350758,314837
350758,287899
350964,350968
350964,350966
350964,16640
350964,350965
350964,179222
350964,350967
350965,350968
350965,350966
350965,350964
350965,16640
350965,179222
350965,350967
350966,350968
350966,350964
350966,16640
350966,350965
350966,179222
350966,350967
350967,350968
350967,350966
350967,350964
350967,16640
350967,350965
350967,179222
350968,350966
350968,350964
350968,16640
350968,350965
350968,179222
350968,350967
351077,238992
351113,272453
351113,257501
351113,316080
351113,301607
351113,285775
351192,336962
351269,263369
351269,322146
351269,322157
351332,336791
351487,168274
351600,296063
351623,20545
351623,226588
351652,276925
351652,322523
351996,181045
352062,50381
352062,223516
352062,193316
352166,175433
352289,332814
352428,254201
352456,325578
352605,329669
352606,314088
352606,251658
352996,1323
353139,337712
353229,226610
353385,353386
353385,353387
353386,353385
353386,353387
353387,353385
353387,353386
353473,193328
353473,267832
353473,200727
353474,193328
353474,267832
353475,193328
353475,267832
353475,328061
353526,291855
353526,327004
353782,156714
353880,354242
353892,86073
353912,343071
354050,146144
354203,354204
354203,354205
354203,354206
354203,354208
354203,354207
354204,338643
354204,354203
354204,338646
354204,354205
354204,354206
354204,354208
354204,354207
354205,338643
354205,354204
354205,354203
354205,338646
354205,354206
354205,354208
354205,354207
354206,338643
354206,354204
354206,354203
354206,338646
354206,354205
354206,354208
354206,354207
354207,338643
354207,354204
354207,354203
354207,338646
354207,354205
354207,354206
354207,354208
354208,338643
354208,354204
354208,354203
354208,338646
354208,354205
354208,354206
354208,354207
354242,353880
354256,172007
354342,260300
354342,280809
354342,295577
354544,295564
354544,274637
354544,335764
354544,315060
354544,294484
354544,326937
354544,326934
354544,284778
354544,284777
354544,325635
354544,326933
354544,274638
354544,326936
354724,294813
354946,336120
355137,355138
355138,355137
355199,182631
355199,230253
355200,351817
355414,11167
355415,11167
355786,284775
355787,284775
356131,238221
356226,172225
356315,1927
356339,275805
356339,198142
356417,356421
356421,356417
356612,335954
356844,300601
356844,146548
356900,224483
356901,224483
356903,224483
356904,224483
356908,224483
357014,339251
357028,321047
357028,321044
357028,315976
357028,315975
357186,263698
357186,262564
357186,196676
357253,244083
357408,334352
357408,334354
357408,341219
357638,357699
357638,357683
357638,357702
357638,357652
357638,357685
357638,357696
357638,357651
357638,357682
357638,357640
357638,357684
357638,357697
357638,357703
357638,357681
357638,357700
357640,357638
357640,357699
357640,357683
357640,357702
357640,357652
357640,357685
357640,357696
357640,357651
357640,357682
357640,357684
357640,357697
357640,357703
357640,357681
357640,357700
357651,357638
357651,357699
357651,357683
357651,357702
357651,357652
357651,357685
357651,357696
357651,357682
357651,357640
357651,357684
357651,357697
357651,357703
357651,357681
357651,357700
357652,357638
357652,357699
357652,357683
357652,357702
357652,357685
357652,357696
357652,357651
357652,357682
357652,357640
357652,357684
357652,357697
357652,357703
357652,357681
357652,357700
357661,301710
357681,357638
357681,357699
357681,357683
357681,357702
357681,357652
357681,357685
357681,357696
357681,357651
357681,357682
357681,357640
357681,357684
357681,357697
357681,357703
357681,357700
357682,357638
357682,357699
357682,357683
357682,357702
357682,357652
357682,357685
357682,357696
357682,357651
357682,357640
357682,357684
357682,357697
357682,357703
357682,357681
357682,357700
357683,357638
357683,357699
357683,357702
357683,357652
357683,357685
357683,357696
357683,357651
357683,357682
357683,357640
357683,357684
357683,357697
357683,357703
357683,357681
357683,357700
357684,357638
357684,357699
357684,357683
357684,357702
357684,357652
357684,357685
357684,357696
357684,357651
357684,357682
357684,357640
357684,357697
357684,357703
357684,357681
357684,357700
357685,357638
357685,357699
357685,357683
357685,357702
357685,357652
357685,357696
357685,357651
357685,357682
357685,357640
357685,357684
357685,357697
357685,357703
357685,357681
357685,357700
357696,357638
357696,357699
357696,357683
357696,357702
357696,357652
357696,357685
357696,357651
357696,357682
357696,357640
357696,357684
357696,357697
357696,357703
357696,357681
357696,357700
357697,357638
357697,357699
357697,357683
357697,357702
357697,357652
357697,357685
357697,357696
357697,357651
357697,357682
357697,357640
357697,357684
357697,357703
357697,357681
357697,357700
357699,357638
357699,357683
357699,357702
357699,357652
357699,357685
357699,357696
357699,357651
357699,357682
357699,357640
357699,357684
357699,357697
357699,357703
357699,357681
357699,357700
357700,357638
357700,357699
357700,357683
357700,357702
357700,357652
357700,357685
357700,357696
357700,357651
357700,357682
357700,357640
357700,357684
357700,357697
357700,357703
357700,357681
357702,357638
357702,357699
357702,357683
357702,357652
357702,357685
357702,357696
357702,357651
357702,357682
357702,357640
357702,357684
357702,357697
357702,357703
357702,357681
357702,357700
357703,357638
357703,357699
357703,357683
357703,357702
357703,357652
357703,357685
357703,357696
357703,357651
357703,357682
357703,357640
357703,357684
357703,357697
357703,357681
357703,357700
357915,248385
357915,285879
357921,357923
357921,357922
357922,357921
357922,357923
357923,357921
357923,357922
358039,313543
358042,313543
358048,358580
358082,285902
358082,313893
358124,822
358140,358200
358200,358140
358515,122522
358515,134726
358515,216199
358515,198487
358515,177802
358515,306697
358515,160018
358515,162559
358515,247724
358515,168917
358515,151004
358515,241225
358515,143185
358515,216658
358515,274590
358515,266938
358561,337961
358580,358048
358662,348133
358881,333767
358981,247367
359065,318472
359085,295482
359275,230543
359300,262547
359515,296164
161317,349169
177,143347
177,131240
280885,349169
155428,221368
2739,1566
280809,354342
220188,306697
220188,247724
250534,176189
171033,221368
58601,243
86663,341554
167762,221368
257787,283137
212245,160010
174551,221368
175465,221368
100173,79073
100173,91773
111330,79073
111330,91773
220266,306697
220266,247724
194542,221368
223136,155068
223136,179803
194543,221368
156096,156097
285585,306697
285585,247724
169642,221368
21691,2192
186773,138649
186773,295574
186773,160902
186773,168998
186773,148575
221544,304306
192348,209452
198618,295574
145418,262528
195400,209452
3756,200111
3756,147919
3756,258653
185836,332070
83492,38062
83492,181866
185109,295574
260471,296304
186772,295574
186772,160902
186772,168998
186772,148575
186772,158275
207363,293925
182200,139443
207359,293925
190738,113819
183482,138649
183482,168998
183482,148575
183482,158275
207369,293925
207360,293925
225643,295574
225643,298345
195450,340691
322233,306697
322233,247724
186775,138649
186775,295574
186775,160902
186775,168998
186775,158275
186775,217471
184565,193531
210875,295574
210876,295574
164848,319092
243228,293925
244296,295574
229132,295574
1778,1777
17436,17437
17437,17436
21781,180951
21782,180951
21783,180951
32183,124412
41614,41611
42040,424
52085,35823
72236,180951
72237,180951
73286,342068
90944,342068
120368,342068
134813,180951
170956,192817
170956,203213
172730,192817
172730,203213
174038,37906
174340,137958
183782,185295
185295,183782
196418,153097
199237,174177
212469,193417
217720,186733
218924,262528
223776,177751
233278,18985
233943,182790
233946,182790
233946,234824
236361,203732
237281,33451
237281,66510
237281,142402
237281,173634
237281,212662
237281,46530
237282,33451
237282,66510
237282,142402
237282,173634
237282,212662
237282,46530
237496,195244
239233,239234
239234,239233
244295,295574
246897,295574
246899,295574
253565,295574
253566,295574
257216,256779
257217,256779
257218,256779
257219,256779
257252,256779
257253,256779
257254,256779
259350,229685
260918,1927
261464,340366
262933,226085
263164,1927
264373,262547
268355,138649
268355,168998
268355,148575
268355,158275
268356,138649
268356,168998
268356,148575
268356,158275
268500,262158
268500,163399
268500,203312
269556,284488
269757,295574
275649,201201
275649,201184
275649,201188
275651,201201
275651,201184
275651,201188
275652,201201
275652,201184
275652,201188
275653,201201
275653,201184
275653,201188
275654,201201
275654,201184
275654,201188
275655,201201
275655,201184
275655,201188
275656,201201
275656,201184
275656,201188
275657,201201
275657,201184
275657,201188
275658,201201
275658,201184
275658,201188
277134,286927
281721,201201
281721,201184
281721,201188
285879,357915
286862,276925
287175,343029
287327,256779
287328,256779
294110,180155
294713,256779
294777,327249
296304,260471
296759,289467
298480,321476
300493,311202
304306,221544
305881,305879
305881,334505
315525,204801
315525,344290
315525,300033
317303,160044
317627,334505
328061,353475
329580,344290
333174,348762
336592,291008
336636,113924
338472,1212
338472,713
338501,338508
338508,338501
340366,261464
340404,340406
340406,340404
344066,306697
344066,247724
344348,344349
344349,344348
349169,161317
349169,280885
352211,3439
352817,189610
352817,178892
