id,name
295770,Frosthaven
291457,Gloomhaven: Jaws of the Lion
174430,Gloomhaven
300192,Twilight Struggle: Red Sea – Conflict in the Horn of Africa
310100,Nemesis: Lockdown
347811,Too Many Bones: Unbreakable
235802,Too Many Bones: Undertow
329933,Anachrony Chess
241451,Aeon's End: Legacy
299317,Aeon's End: Outcasts
270633,Aeon's End: The New Age
218417,Aeon's End: War Eternal
345976,System Gateway (fan expansion for Android: Netrunner)
36218,Dominion
209418,Dominion (Second Edition)
176371,Explorers of the North Sea
75547,Shipwrights of the North Sea
205158,Codenames: Deep Undercover
220775,Codenames: Disney – Family Edition
224037,Codenames: Duet
249821,Codenames: Harry Potter
220774,Codenames: Marvel
198773,Codenames: Pictures
290028,Codenames: The Simpsons
40834,Dominion: Intrigue
191189,Aeon's End
315767,Cartographers Heroes
322045,Cartographers Heroes: Collector's Edition
307511,Sherlock Holmes Consulting Detective: An Irregular Meeting
223931,Sherlock Holmes Consulting Detective: Carlton House & Queen's Park
204305,Sherlock Holmes Consulting Detective: Jack the Ripper & West End Adventures
296345,Sherlock Holmes Consulting Detective: The Baker Street Irregulars
238065,Sherlock Holmes Consulting Detective: Vanishing from Hyde Park
6266,Sherlock Holmes: West End Adventures
195571,Legendary Encounters: A Firefly Deck Building Game
174570,Legendary Encounters: A Predator Deck Building Game
182631,Star Realms: Colony Wars
230253,Star Realms: Frontiers
183562,Star Wars: X-Wing Miniatures Game – The Force Awakens Core Set
259970,The Lord of the Rings: The Card Game – Two-Player Limited Edition Starter
271615,The Quest for El Dorado: The Golden Temples
193037,Dead of Winter: The Long Night
214988,Railways of Nippon
240480,Aether Revolt Planeswalker-Deck-Set
242690,Magic: The Gathering – Archenemy: Assemble the Doomsday Machine
242694,Magic: The Gathering – Archenemy: Bring About the Undead Apocalypse
231392,Magic: The Gathering – Archenemy: Nicol Bolas
242693,Magic: The Gathering – Archenemy: Scorch the World with Dragonfire
242692,Magic: The Gathering – Archenemy: Trample Civilization Underfoot
289793,Magic: The Gathering – Challenger Deck: Arcane Tempo
289787,Magic: The Gathering – Challenger Deck: Counter Surge
289792,Magic: The Gathering – Challenger Deck: Deadly Discovery
289789,Magic: The Gathering – Challenger Deck: Hazoret Aggro
289790,Magic: The Gathering – Challenger Deck: Second Sun Control
289788,Magic: The Gathering – Challenger Deck: Vehicle Rush
282781,Magic: The Gathering – Core Set 2019
283160,Magic: The Gathering – Core Set 2020
314377,Magic: The Gathering – Core Set 2021
183750,Magic: The Gathering – Duel Decks Anthology
210402,Magic: The Gathering – Duel Decks: Ajani vs. Nicol Bolas
203381,Magic: The Gathering – Duel Decks: Blessed vs. Cursed
210396,Magic: The Gathering – Duel Decks: Divine vs. Demonic
210412,Magic: The Gathering – Duel Decks: Elspeth vs. Kiora
210400,Magic: The Gathering – Duel Decks: Elspeth vs. Tezzeret
210390,Magic: The Gathering – Duel Decks: Elves vs. Goblins
248927,Magic: The Gathering – Duel Decks: Elves vs. Inventors
210397,Magic: The Gathering – Duel Decks: Garruk vs. Liliana
210410,Magic: The Gathering – Duel Decks: Heroes vs. Monsters
210405,Magic: The Gathering – Duel Decks: Izzet vs. Golgari
210401,Magic: The Gathering – Duel Decks: Knights vs. Dragons
238506,Magic: The Gathering – Duel Decks: Merfolk Vs. Goblins
210465,Magic: The Gathering – Duel Decks: Mind vs. Might
210399,Magic: The Gathering – Duel Decks: Phyrexia vs. The Coalition
210406,Magic: The Gathering – Duel Decks: Sorin vs. Tibalt
207905,Magic: The Gathering – Duel Decks: Speed vs. Cunning
212298,Magic: The Gathering – Duel Decks: Zendikar vs. Eldrazi
265960,Magic: The Gathering – Game Night
297821,Magic: The Gathering – Game Night 2019
310723,Magic: The Gathering – Ikoria: Lair of Behemoths
342089,Magic: the Gathering – Jumpstart
280890,Magic: The Gathering – Limited Edition
218575,Magic: The Gathering – Planechase Anthology
242683,Magic: The Gathering – Planechase: Elemental Thunder
242689,Magic: The Gathering – Planechase: Zombie Empire
281319,Magic: The Gathering – Ravnica Allegiance
277273,Magic: The Gathering – Simic Ravnica Allegiance Guild Kit
312887,Magic: The Gathering – Spellslinger Starter Kit
303552,Magic: The Gathering – Unsanctioned
281318,Magic: The Gathering – War of the Spark
256727,Magic: The Gathering – Global Series: Jiang Yanggu & Mu Yanling
247236,Duelosaur Island
172818,Above and Below
147020,Star Realms
298628,Star Realms Deluxe Nova Collection
355199,Star Realms: Deck Building Game
178900,Codenames
45748,Carcassonne: Wheel of Fortune
358124,Nebel über Carcassonne
252985,"Legendary: A Marvel Deck Building Game – Marvel Studios, Phase 1"
156689,Legendary: A Marvel Deck Building Game – Villains
224710,Zombicide: Green Horde
250534,Zombicide: Green Horde – Horde Box
2346,DVONN
527,GIPF
217083,LYNGK
19764,PÜNCT
108,TAMSK
31999,TZAAR
7854,YINSH
528,ZÈRTZ
254708,Roll Player Adventures
312318,Century: Golem Edition – An Endless World
283619,Century: Golem Edition – Eastern Mountains
179803,Arcadia Quest: Inferno
181524,Masmorra: Dungeons of Arcadia
223136,Masmorra: Dungeons of Arcadia – Kickstarter Exclusives
192135,Too Many Bones
232043,Queendomino
39856,Dixit
121288,Dixit: Journey
295564,Unmatched Game System
335764,"Unmatched: Battle of Legends, Volume Two"
315060,Unmatched: Buffy the Vampire Slayer
294484,Unmatched: Cobble & Fog
326937,Unmatched: For King and Country
326934,Unmatched: Hell's Kitchen
354544,Unmatched: Houdini vs. The Genie
284778,Unmatched: Jurassic Park – Dr. Sattler vs. T. Rex
284777,Unmatched: Jurassic Park – InGen vs Raptors
325635,Unmatched: Little Red Riding Hood vs. Beowulf
326933,Unmatched: Redemption Row
274638,Unmatched: Robin Hood vs. Bigfoot
326936,Unmatched: Teen Spirit
58281,Summoner Wars
158889,Summoner Wars: Alliances Master Set
260837,Summoner Wars: Alliances Master Set Big Box
82420,Summoner Wars: Guild Dwarves vs Cave Goblins
82421,Summoner Wars: Phoenix Elves vs Tundra Orcs
150376,Dead of Winter: A Crossroads Game
274637,"Unmatched: Battle of Legends, Volume One"
270970,Century: A New World
242574,Century: Eastern Wonders
97786,Small World Underground
185589,Islebound
195421,Near and Far
172503,Mage Wars Academy
43262,Neuroshima Hex! Duel
92828,Dixit: Odyssey
322750,Star Wars: Armada – Galactic Republic Fleet Starter
322751,Star Wars: Armada – Separatist Alliance Fleet Starter
283151,Monikers: Classics
255249,Monikers: More Monikers
283152,Monikers: Serious Nonsense
179448,Monikers: Shmonikers
195709,Monikers: Something Something
217644,Monikers: The McElroy Collection
221248,Monikers: The Shut Up & Sit Down Nonsense Box
216123,Звёздные империи. Подарочное издание
268201,Dice Throne
216734,Dice Throne: Season One
291794,Dice Throne: Season One ReRolled
320527,Dice Throne: Season One ReRolled – Treant v. Ninja
348406,Marvel Dice Throne
331398,Mythic Battles: Ragnarök
2511,Sherlock Holmes Consulting Detective: The Thames Murders & Other Cases
270213,Sherlock Holmes Detektyw doradczy: Nie ma zysku bez ryzyka
262201,Sword & Sorcery: Ancient Chronicles
143347,Civilization Central America
131240,Civilization: The New World
58601,Advanced Squad Leader: Starter Kit Expansion Pack #1
306919,Armor Leader: Normandy
179820,Tail Feathers
336382,Marvel United: X-Men
314088,Agropolis
352606,Naturopolis
24703,Heroscape Marvel: The Conflict Begins
54361,Heroscape Master Set:  Battle for the Underdark
27976,Heroscape Master Set: Swarm of the Marro
212346,Shadows of Brimstone: Forbidden Fortress
273655,Shadows of Brimstone: Gates of Valhalla
150997,Shadows of Brimstone: Swamps of Death
322985,Shadows of Brimstone: Swamps of Death (Revised Edition)
273654,Shadows of Brimstone: Valley of the Serpent Kings
192766,Colt Express: Indians & Cavalry
298528,BattleCON Fighting System
162388,BattleCON: Fate of Indines
204728,BattleCON: Trials of Indines
174400,BattleCON: Wanderers of Indines
89409,BattleCON: War of Indines
198287,Legends of Andor: The Last Hope
40692,Small World
306881,Railroad Ink Challenge: Lush Green Edition
306882,Railroad Ink Challenge: Shining Yellow Edition
251678,Railroad Ink: Blazing Red Edition
220609,Sentinels of Earth-Prime
204431,One Night Ultimate Alien
286927,One Night Ultimate Super Heroes
255293,One Night Ultimate Super Villains
180956,One Night Ultimate Vampire
163166,One Night Ultimate Werewolf: Daybreak
204583,Kingdomino
193265,Port Royal: Unterwegs!
181796,The Prodigals Club
25491,Alhambra: The Dice Game
310448,Zombie Teenz Evolution
145976,Talon
103885,Star Wars: X-Wing Miniatures Game
212245,Conan: Collectors Box
234931,Star Wars: Destiny – Two-Player Game
272453,KeyForge: Age of Ascension
316080,KeyForge: Dark Tidings
301607,KeyForge: Mass Mutation
351113,KeyForge: Winds of Exchange
285775,KeyForge: Worlds Collide
336636,Zombicide (2nd Edition): Zombies & Companions Upgrade Kit
137988,Zombicide Season 2: Prison Outbreak
161866,Zombicide Season 3: Rue Morgue
358981,"Air, Land, and Sea: Spies, Lies & Supplies"
268191,Dice Throne:  Season Two –  Battle Chest Champion Edition
244271,Dice Throne: Season Two – Battle Chest
266967,Dice Throne: Season Two – Cursed Pirate v. Artificer
266966,Dice Throne: Season Two – Gunslinger v. Samurai
266964,Dice Throne: Season Two – Seraph v. Vampire Lord
266965,Dice Throne: Season Two – Tactician v. Huntress
64222,Empire of Rome 27 BC - 284 AD
148057,The Republic of Carthage
300323,Conquest & Consequence
157001,Trains: Rising Sun
147949,One Night Ultimate Werewolf
320582,Bob's Your Uncle
93260,Summoner Wars: Master Set
176189,Zombicide: Black Plague
146791,Shadows of Brimstone: City of the Ancients
322984,Shadows of Brimstone: City of the Ancients (Revised Edition)
142961,Thunderstone Advance: Numenera
152765,Thunderstone Advance: Worlds Collide
140951,Thunderstone: Starter Set
318182,Imperium: Legends
122522,Smash Up
216199,Smash Up: Big in Japan
198487,Smash Up: Cease and Desist
358515,Smash Up: Disney Edition
177802,Smash Up: It's Your Fault!
306697,Smash Up: Marvel
160018,Smash Up: Monster Smash
162559,Smash Up: Munchkin
247724,"Smash Up: Oops, You Did It Again"
168917,Smash Up: Pretty Pretty Smash Up
151004,Smash Up: Science Fiction Double Feature
241225,Smash Up: That '70s Expansion
143185,Smash Up: The Obligatory Cthulhu Set
216658,Smash Up: What Were We Thinking?
274590,Smash Up: World Tour – Culture Shock
266938,Smash Up: World Tour – International Incident
235544,Specter Ops: Broken Covenant
225766,Awful Fantasy Adventures
298229,Steampunk Rally Fusion
342444,Black Rose Wars: Rebirth
209685,Century: Spice Road
147624,Mount Everest
200456,Ascension X: War of Shadows
341554,Ascension Year Six Collector's Edition
144864,Ascension: Darkness Unleashed
172155,Ascension: Dawn of Champions
249552,Ascension: Delirium
261321,Ascension: Deliverance
185123,Ascension: Dreamscape
215616,Ascension: Gift of the Elements
122294,Ascension: Immortal Heroes
157026,Ascension: Realms Unraveled
95064,Ascension: Return of the Fallen
138233,Ascension: Rise of Vigil
108784,Ascension: Storm of Souls
230273,Ascension: Valley of the Ancients
241203,Ascension: Year Four Collector's Edition
213788,Ascension: Year Three Collector's Edition
180616,Ascension: Year Two Collector's Edition
352764,Disney Villainous: Bigger and Badder
331050,Disney Villainous: Despicable Plots
284760,Disney Villainous: Evil Comes Prepared
299047,Disney Villainous: Perfectly Wretched
271518,Disney Villainous: Wicked to the Core
155068,Arcadia Quest
256382,Disney Villainous
331747,Centurion
170901,Jarl: The Vikings Tile-Laying Game
8630,Advanced Space Crusade
113924,Zombicide
252399,Vast: The Mysterious Manor
170318,Among the Stars: Revival
126008,Dungeon Command: Blood of Gruumsh
124969,Dungeon Command: Curse of Undeath
124965,Dungeon Command: Heart of Cormyr
122588,Dungeon Command: Sting of Lolth
124968,Dungeon Command: Tyranny of Goblins
59946,Dungeons & Dragons: Castle Ravenloft Board Game
172220,Dungeons & Dragons: Temple of Elemental Evil Board Game
228668,Dungeons & Dragons: Tomb of Annihilation Board Game
264196,Dungeons & Dragons: Waterdeep – Dungeon of the Mad Mage Board Game
66356,Dungeons & Dragons: Wrath of Ashardalon Board Game
91514,Rhino Hero
245654,Railroad Ink: Deep Blue Edition
136056,Asante
224821,One Deck Dungeon: Forest of Shadows
191543,Micro Robots
246895,DC Comics Dice Masters: Justice Campaign Box
138649,DC Comics Dice Masters: Justice League
186772,DC Comics Dice Masters: Justice League – Collector's Box
173294,DC Comics Dice Masters: War of Light
182770,DC Comics Dice Masters: World's Finest
295574,Dice Masters
160902,Dungeons & Dragons Dice Masters: Battle for Faerûn
183482,Dungeons & Dragons Dice Masters: Battle for Faerûn – Minsc and Boo Promo Card
183572,Dungeons & Dragons Dice Masters: Faerûn Under Siege
268355,Dungeons & Dragons Dice Masters: Promo Cards Set 1
268356,Dungeons & Dragons Dice Masters: Promo Cards Set 2
298345,Dungeons & Dragons Dice Masters: Trouble in Waterdeep Campaign Box
168998,Marvel Dice Masters: Age of Ultron
244196,Marvel Dice Masters: Avengers Infinity Campaign Box
187353,Marvel Dice Masters: Civil War
202096,Marvel Dice Masters: Iron Man and War Machine Starter Set
177939,Marvel Dice Masters: The Amazing Spider-Man
158275,Marvel Dice Masters: Uncanny X-Men
186773,Marvel Dice Masters: Uncanny X-Men – Collector's Box
253564,Marvel Dice Masters: X-Men Forever Campaign Box
191579,Teenage Mutant Ninja Turtles Dice Masters
217471,Teenage Mutant Ninja Turtles Dice Masters: Heroes in a Half Shell
242753,"Warhammer 40,000 Dice Masters: Battle for Ultramar Campaign Box"
270939,"Warhammer 40,000 Dice Masters: Fracture of Biel-Tan Campaign Box"
280472,WWE Dice Masters: Campaign Box
147363,Yu-Gi-Oh! Dice Masters
221371,DC Spyfall
193308,Spyfall 2
256085,Spyfall: Time Travel
348849,"Burma: The Forgotten War, 1943–1944"
180241,Warhammer Age of Sigmar
287754,Warhammer Underworlds: Beastgrave
326624,Warhammer Underworlds: Direchasm
283077,Warhammer Underworlds: Dreadfane
261594,Warhammer Underworlds: Nightvault
337397,Warhammer Underworlds: Two-Player Starter Set
191597,Dale of Merchants 2
299452,Dale of Merchants 3
251551,Dale of Merchants Collection
194286,Catacombs & Castles
241726,Monster Pit
85897,Thunderstone: Dragonspire
129437,Legendary: A Marvel Deck Building Game
200171,Legendary: Big Trouble in Little China
210290,Legendary: Buffy The Vampire Slayer
218333,Rhino Hero: Super Battle
42939,Invasion from Outer Space: The Martian Game
122240,Last Night on Earth: Timber Peak
134726,Smash Up: Awesome Level 9000
11170,Heroscape Master Set: Rise of the Valkyrie
218948,Apocalypse Road
163163,Grand Prix
91872,Dungeons & Dragons: The Legend of Drizzt Board Game
339263,Summoner Wars (Second Edition): Starter Set
69789,Ascension: Deckbuilding Game
261588,Ascension: Year Five Collector's Edition
34194,Aquaretto
66120,Zooloretto Junior
351077,Call To Adventure: Epic Origins
266993,Call to Adventure: The Stormlight Archive
221368,DC Comics Deck-Building Game: Confrontations
155463,DC Comics Deck-Building Game: Forever Evil
142852,DC Comics Deck-Building Game: Heroes Unite
160958,DC Comics Deck-Building Game: Rivals – Batman vs The Joker
252576,DC Comics Deck-Building Game: Rivals – Green Lantern vs Sinestro
167763,DC Comics Deck-Building Game: Teen Titans
301665,DC Deck-Building Game: Dark Nights – Metal
246535,DC Deck-Building Game: Rebirth
274128,Epic Spell Wars of the Battle Wizards: Annihilageddon Deck-Building Game
221369,Teen Titans GO! Deck-Building Game
251723,Zombicide: Dark Side
146652,Legendary Encounters: An Alien Deck Building Game
148575,Marvel Dice Masters: Avengers vs. X-Men
186775,Marvel Dice Masters: Avengers vs. X-Men – Set Up Box
175223,Valley of the Kings: Afterlife
197065,Valley of the Kings: Last Rites
53953,Thunderstone
123123,BattleCON: Devastation of Indines
244513,ICECOOL2
275034,Judge Dredd: Helter Skelter
111275,Fauna Kompakt
339244,Smash Up: Cessare e Desistere & A Che Pensavamo?
334627,Smash Up: È Colpa Vostra! & Big in Japan
263918,Cartographers
155702,Quarriors! Light vs. Dark
170042,Raiders of the North Sea
345055,Deep Space D-6: The Long Way Home
163929,Coconuts Duo
315670,Animal Upon Animal: Dinos
39210,Tier auf Tier: Das Duell
318184,Imperium: Classics
312959,Rallyman: DIRT
97842,Last Will
344084,Legend of the Five Rings: The Currency of War
106113,Manoeuvre: Distant Lands
307997,Insider Black
221194,Dinosaur Island
229315,Escape Room: The Game – Virtual Reality
321628,Street Masters: Tide of the Dragon
65564,Hornet Leader: Carrier Air Operations
307386,Set a Watch: Swords of the Coin
193280,Werwölfe Unterwegs
121408,Trains
347879,"Atlantic Sentinels: North Atlantic Convoy Escort, 1942-43"
189664,"The Hunted: Twilight of the U-Boats, 1943-45"
198707,Hostage Negotiator: Crime Wave
56885,The Werewolves of Miller's Hollow: The Village
8196,AeroTech: The BattleTech Game of Fighter Combat
7470,Battlespace: The Battletech Game of Space Combat
3616,Battletech: Battleforce
142121,Guildhall: Job Faire
283474,Star Wars: Legion – Clone Wars Core Set
55829,Axis & Allies Pacific 1940
337617,Bezzerwizzer Timeline
173156,Timeline Challenge
156659,Timeline: 60 ans de télévision à la RTBF
161546,Timeline: American History
161547,Timeline: Americana
210342,Timeline: British History
255970,Timeline: Canada
195569,Timeline: Cannes & Cinema
268802,Timeline: Česko
257284,Timeline: Classic
99975,Timeline: Discoveries
323352,Timeline: España
113401,Timeline: Events
131325,Timeline: General Interest
195244,Timeline: History of Russia
145189,Timeline: Music & Cinema
203655,Timeline: Polska
170984,Timeline: Sports et Loisirs
249763,Claim 2
248188,Heroes of Stalingrad
162351,Shadows Over Normandie: Achtung! Cthulhu
313261,Oriflamme: Ablaze
176165,Dale of Merchants
335446,Maximum Apocalypse: Wasted Wilds
257501,KeyForge: Call of the Archons
168215,Saboteur: The Duel
118705,Ghost Blitz 2
15953,Wings of War: Burning Drachens
9910,Wings of War: Watch Your Back!
271751,The Captain Is Dead: Dangerous Planet
189660,XenoShyft: Dreadmire
179275,One Deck Dungeon
195043,Welcome Back to the Dungeon
333144,Stronghold: Undead (Second Edition)
206593,Stronghold: Undead (Second Edition) – Kickstarter Edition
235555,Bios: Origins (Second Edition)
168788,Rum & Bones
343844,Bullet⭐
329121,Call of Kilforth: A Fantasy Quest Game
238916,Shadows of Kilforth: A Fantasy Quest Game
150999,Valley of the Kings
125678,DC Comics Deck-Building Game
85256,Timeline: Inventions
196072,Timeline: Korean History
201201,Vampire: The Eternal Struggle Third Edition
201184,Vampire: The Eternal Struggle –  Sabbat War
201188,Vampire: The Eternal Struggle – Camarilla Edition
56931,Arena: Roma II
252402,Kodama Duo
61692,Axis & Allies Europe 1940
24568,Rumis+
170482,Yomi: Panda vs G.Panda
286657,Beasty Bar 3: Born to Be Wild
181617,Beasty Bar: New Beasts in Town
348874,50 Missions: Ça se complique
212370,Omen: Edge of the Aegean
232956,Omen: Fires in the East
274072,Omen: Heir to the Dunes
246693,Funky Chicken
214747,Mega Man Pixel Tactics: Bass Orange Edition
212580,Mega Man Pixel Tactics: Mega Man Blue
212581,Mega Man Pixel Tactics: Proto Man Red
137423,Pixel Tactics 2
152899,Pixel Tactics 3
169275,Pixel Tactics 4
172969,Pixel Tactics 5
169274,Pixel Tactics Deluxe
269214,Pixel Tactics: Legends
169426,Roll Player
353782,Doomtown: Weird West Edition
158976,Ascension: Year One Collector's Edition
166384,Spyfall
156501,Greenland
266447,Greenland (Third Edition)
27588,Zooloretto
123609,Puzzle Strike Shadows
150312,Welcome to the Dungeon
229427,"Warhammer 40,000 (Eighth Edition)"
256066,"Warhammer 40,000: Kill Team"
5205,G.E.V.
73369,51st State
7739,America in Flames
8679,Days of Decision III
2875,Patton in Flames
24310,The Red Dragon Inn
66510,The Red Dragon Inn 3
142402,The Red Dragon Inn 4
173634,The Red Dragon Inn 5: The Character Trove
212662,The Red Dragon Inn 6: Villains
244258,The Red Dragon Inn 7: The Tavern Crew
330097,The Red Dragon Inn 8: Pub Crawl
237282,The Red Dragon Inn: Firewater of the Fire Mage
46530,The Red Dragon Inn: Gambling? I'm In!
237281,The Red Dragon Inn: The Iridescent Wyvern
292490,Maul Peak
261624,Warfighter Shadow War: The Modern Night Combat Card Game
320459,Warfighter: The Fantasy Card Game
261666,Warfighter: The Private Military Contractor Card Game
337512,Warfighter: The WWII Mediterranean Combat Card Game
337513,Warfighter: The WWII North African Combat Card Game
249421,Warfighter: The WWII Pacific Combat Card Game
196496,Warfighter: The WWII Tactical Combat Card Game
96007,The New Era
248423,Infinity: JSA Sectorial Army Box
262158,Infinity: Operation Coldfront
163399,Infinity: Operation Icestorm
203312,Infinity: Operation Red Veil
284388,Infinity: Operation Wildfire Battle Pack
283345,Infinity: Spiral Corps Army Pack
180672,Infinity: USAriadna Army Pack
98918,Bios: Genesis
318450,Bios: Mesofauna
219985,DC Comics Dice Masters: War of Light – Collector's Box
275972,Star Trek: Alliance – Dominion War Campaign
3618,The World at War
203719,Krosmaster Arena 2.0
151456,Krosmaster: Arena – Duel Pack 1
170568,Krosmaster: Arena – Duel Pack 2
228116,Krosmaster: Arena – Duel Pack 3
155827,Krosmaster: Quest
241761,Timeline: Histoire de France
189341,Timeline: Québec
217372,The Quest for El Dorado
322561,Dice Throne: Season One ReRolled – Barbarian v. Moon Elf
322562,Dice Throne: Season One ReRolled – Monk v. Paladin
322563,Dice Throne: Season One ReRolled – Pyromancer v. Shadow Thief
33451,The Red Dragon Inn 2
249578,The Red Dragon Inn: Allies – Spyke and Flower
251658,Sprawlopolis
256952,Zombie Kidz Evolution
20609,Asia Engulfed
247840,Legend of Five Rings: A Matter of Honor
161562,Siege: Heart of Darkness
116998,Thunderstone Advance: Towers of Ruin
224597,Warhammer Underworlds: Shadespire
16496,Roma
283137,Human Punishment: The Beginning
142271,Anomia: Party Edition
177524,ICECOOL
299566,Batman: The Animated Series Adventures – Shadow of the Bat
263192,Teenage Mutant Ninja Turtles Adventures: Change is Constant
257145,Teenage Mutant Ninja Turtles Adventures: City Fall
13530,Sole Mio!
295577,Dungeon Mayhem: Monster Madness
354342,Marvel Mayhem
293387,A Song of Ice & Fire: Tabletop Miniatures Game – Baratheon Starter Set
273482,A Song of Ice & Fire: Tabletop Miniatures Game – Free Folk Starter Set
339062,A Song of Ice & Fire: Tabletop Miniatures Game – Greyjoy Starter Set
265039,A Song of Ice & Fire: Tabletop Miniatures Game – Night's Watch Starter Set
294756,A Song of Ice & Fire: Tabletop Miniatures Game – Targaryen Starter Set
167355,Nemesis
123955,Thunderbolt Apache Leader
292974,Tournament at Avalon
232832,Century: Golem Edition
9203,Wings of War: Famous Aces
156097,Snake Oil: Elixir
221769,Bios: Megafauna (Second Edition)
47055,High Frontier
172737,High Frontier (Third Edition)
281655,High Frontier 4 All
97915,Bios: Megafauna
191872,Terra on Tour
324657,Core Space: First Born
276090,Icaion
196202,Rum & Bones: Second Tide
42040,18NA
187872,Super Dungeon Arcade
156548,Super Dungeon Explore: Forgotten King
128664,Timeline
291154,Timeline: Brasil
319794,Timeline: Chile
287456,Timeline: Louvre
266129,Timeline: Science Museum
284491,Timeline: Slovensko
159109,XenoShyft: Onslaught
21369,The Two Ocean War
29368,Last Night on Earth: The Zombie Game
231942,Last Night on Earth: The Zombie Game – 10 Year Anniversary Edition
170416,Vast: The Crystal Caverns
236125,Nights of Fire: Battle for Budapest
301662,Epic Spell Wars of the Battle Wizards: Hijinx at Hell High
221366,Epic Spell Wars of the Battle Wizards: Melee at Murdershroom Marsh
248075,Epic Spell Wars of the Battle Wizards: Panic at the Pleasure Palace
173200,Epic Spell Wars of the Battle Wizards: Rumble at Castle Tentakill
68858,Tanto Cuore: Expanding the House
158130,Tanto Cuore: Oktoberfest
75448,Tanto Cuore: Romantic Vacation
232981,Tanto Cuore: Winter Romance
329670,Pandemic: Hot Zone – Europe
178494,Dutch Blitz: Blue Expansion Pack
127398,Legends of Andor
162007,Steampunk Rally
156372,Heart of Crown: Fairy Garden
143680,Nightfall: Eastern Skies
96152,Nightfall: Martial Law
113927,Nightfall: The Coldest War
101721,Mage Wars Arena
95234,Cthulhu Gloom
172062,Fairytale Gloom
214898,Gloom in Space
267506,Gloom of Thrones
316850,Gloomier: A Night at Hemlock Hall
164110,Munchkin Gloom
218933,Warhammer Quest: Shadows Over Hammerhal
247567,D-Day Dice Pocket
338732,Scrabble Coasters
287470,Scrabblers
284982,Drako: Knights & Trolls
158340,Lost Legacy: Flying Garden
191998,Lost Legacy: Fourth Chronicle – The Werewolf & Undying Heart
188561,Lost Legacy: Orb of Prophecy
173319,Lost Legacy: Second Chronicle – Vorpal Sword & Whitegold Spire
175222,Lost Legacy: Third Chronicle – Sacred Grail & Staff of Dragons
188198,Zaginione Dziedzictwo: Gwiezdne Ostrze
158341,Zaginione Dziedzictwo: Wieża Białozłota
149951,Warfighter: The Tactical Special Forces Card Game
331582,HEXplore It: The Domain of Mirza Noctis
244769,HEXplore It: The Forests of Adrimon
285972,HEXplore It: The Sands of Shurax
12002,Jambo
234511,My First Stone Age: The Card Game
298047,Marvel United
233961,Claim
132372,Guildhall
22161,WestFront II: The War in Europe 1943-45 – Second Edition
320698,Blitz Bowl: Season 2
287608,Epic Card Game: Duels
287611,Epic Card Game: Guardians of Gowana
278554,Silver Bullet
302926,Silver Coin
318098,Silver Dagger
252688,Enchanters: Overlords
1566,Simply Cosmic
252776,Muse: Awakenings
327313,Muse: Renaissance
67877,Anomia
341876,Taco Cat Goat Cheese Pizza: On The Flip Side
334203,Shadows of Brimstone: Forbidden Fortress – Rivals: Feudal Japan Heroes Card Set
174973,Boss Monster 2: The Next Level
246855,Boss Monster: Rise of the Minibosses
359065,Blitz Bowl: Ultimate Edition
133518,"Blue Cross, White Ensign"
36597,Serpents of the Seas
202989,Under the Southern Cross: The South American Republics in the Age of the Fighting Sail
329748,"Warhammer 40,000: Kill Team – Pariah Nexus"
264198,Warhammer Quest: Blackstone Fortress
299571,Bandida
123607,Puzzle Strike: Third Edition
83195,Ghost Blitz
125548,Pixel Tactics
822,Carcassonne
329954,Carcassonne: 20th Anniversary Edition
222194,Star Wars Miniatures: The Clone Wars Starter Set
335528,Marvel Villainous: Mischief & Malice
330973,Volfyirion Guilds
340749,Top Ten: Jeu de démo gratuit
332018,Funkoverse Strategy Game: Alice in Wonderland 100
302991,Funkoverse Strategy Game: Back to the Future 100
292034,Funkoverse Strategy Game: DC Comics 100
292033,Funkoverse Strategy Game: DC Comics 101
302990,Funkoverse Strategy Game: DC Comics 102
313292,Funkoverse Strategy Game: Game of Thrones 100
292029,Funkoverse Strategy Game: Golden Girls 100
299270,Funkoverse Strategy Game: Golden Girls 101
292032,Funkoverse Strategy Game: Harry Potter 100
292031,Funkoverse Strategy Game: Harry Potter 101
319290,Funkoverse Strategy Game: Harry Potter 102
303036,Funkoverse Strategy Game: Jaws 100
299266,Funkoverse Strategy Game: Jurassic Park 100
299268,Funkoverse Strategy Game: Jurassic Park 101
337500,Funkoverse Strategy Game: Marvel 100
355787,Funkoverse Strategy Game: Peter Pan #100
292030,Funkoverse Strategy Game: Rick & Morty 100
336632,Funkoverse Strategy Game: Space Jam A New Legacy 100
309857,Funkoverse Strategy Game: Tim Burton's The Nightmare Before Christmas 100
355786,Funkoverse Strategy Game: Universal Monsters #100
241311,World of Warcraft Trading Card Game: Drums of War
5736,Ace of Aces: Balloon Buster
7103,Ace of Aces: Flying Machines
7104,Ace of Aces: Powerhouse Series
171662,Neanderthal
158339,Lost Legacy: The Starship
207587,Band of Brothers:  Old Breed South Pacific
129122,Band of Brothers: Ghost Panzer
359300,Don't Get Got!: Con Edition
264373,Don't Get Got!: Essen Edition
322543,Don't Get Got!: Shut Up & Sit Down Special Edition
2287,"Elves, Dwarfs & Dungeonbowl"
152510,The Lord of the Rings: The Return of the King Deck-Building Game
142555,The Lord of the Rings: The Two Towers Deck-Building Game
67426,Monsterpocalypse: Voltron – Defender of the Universe Battle Game
351652,Warhammer Age of Sigmar: Warcry Red Harvest
286862,Warhammer Age of Sigmar: Warcry – Battleplan Cards
286861,Warhammer Age of Sigmar: Warcry – Core Book
250865,Grifters: Nexus
139131,Hoplomachus: Rise of Rome
124839,Hoplomachus: The Lost Cities
84419,Space Empires 4X
186799,Cardline: Animals 2
308367,First Contact: The Second Coming
112686,Epic Spell Wars of the Battle Wizards: Duel at Mt. Skullzfyre
198029,Design Town: Wilderness
215392,Flip City: Wilderness
260300,Dungeon Mayhem
285783,The Walking Dead: Call to Arms
231573,Arkham Noir: Collector Case #1 – The Real Leeds
231574,Arkham Noir: Collector Case #2 – The King in Yellow
36482,Wings of War: Fire from the Sky
176524,Hoplomachus: Origins
143370,Hoplomachus: Training Grounds
232823,Best Treehouse Ever: Forest of Fun
315525,Kneipenquiz: Pärchenabend
193953,Mistfall: Heart of the Mists
351487,Mistfall: Heart of the Mists Kickstarter Edition
196418,Heroes Wanted: 2016 International TableTop Day Promo Pack
155411,DreadBall Xtreme
245389,Word Slam Family
255678,Word Slam Midnight
297612,ALDR: The High Sage
205359,Star Wars: Destiny
19653,Helden in der Unterwelt
13751,Under the Shadow of the Dragon
88408,Nightfall
271540,Bezzerwizzer Bricks: Berømte romancer
271527,Bezzerwizzer Bricks: Danmarks Historie
260751,Bezzerwizzer Bricks: Fantasy
302327,Bezzerwizzer Bricks: Filmpärlor
244359,Bezzerwizzer Bricks: Gaming
271643,Bezzerwizzer Bricks: Kogekunst
273280,Bezzerwizzer Bricks: Krimi
340078,Bezzerwizzer Bricks: Litterära klassiker
297542,Bezzerwizzer Bricks: Ord och Fraser
273282,Bezzerwizzer Bricks: Rock
273281,Bezzerwizzer Bricks: Sportens triumfer
260752,Bezzerwizzer Bricks: Svenska språket
271535,Bezzerwizzer Bricks: Tv-serier
186243,Bezzerwizzer Kompakt
186569,Bezzerwizzer Musik
222193,DC HeroClix: Batman and His Greatest Foes Fast Forces
319313,DC HeroClix: Icons Starter Set
222192,DC HeroClix: Streets of Gotham – Birds of Prey
352211,Marvel HeroClix: Avengers Fantastic Four Empyre Miniatures Game
222191,Marvel HeroClix: Captain America Civil War Starter Set
222190,Marvel HeroClix: Nick Fury Agent of Shield Fast Forces
92190,Super Dungeon Explore
60682,Gift Trap mini
136284,Uluru: Neuer Tumult am Ayers Rock
208754,Wings of Glory: Tripods & Triplanes
129165,Wings of Glory: WW1 Duel Pack
316291,Exceed: BlazBlue – Hazama Box
316289,Exceed: BlazBlue – Jin Box
316290,Exceed: BlazBlue – Noel Box
316288,Exceed: BlazBlue – Ragna Box
185381,"Exceed: Red Horizon – Alice, Zoey, Gabrek, and Ulrik"
185378,"Exceed: Red Horizon – Kaden, Eva, Miska, and Lily"
180543,"Exceed: Red Horizon – Reese, Heidi, Nehtali, and Vincent"
185380,"Exceed: Red Horizon – Satoshi, Mei Lien, Morathi, and Baelkhor"
256742,Exceed: Seventh Cross – Church vs. Empire Box
256778,Exceed: Seventh Cross – Guardians vs. Myths Box
256779,Exceed: Seventh Cross – Hunters vs. Demons Box
256780,Exceed: Seventh Cross – Magic vs. Monsters Box
287325,Exceed: Shovel Knight – Hope Box
287326,Exceed: Shovel Knight – Shadow Box
265755,Exceed: Street Fighter – Chun-Li Box
265754,Exceed: Street Fighter – M. Bison Box
265752,Exceed: Street Fighter – Ryu Box
356904,Exceed: Under Night In-Birth – Gordeau Box
356908,Exceed: Under Night In-Birth – Hyde vs. Linne
356900,Exceed: Under Night In-Birth – Orie Box
356901,Exceed: Under Night In-Birth – Seth Box
356903,Exceed: Under Night In-Birth – Yuzuriha Box
345792,Village Pillage: À L'Abordage
134253,Hostage Negotiator
2238,PanzerBlitz
316664,"Warhammer 40,000 (Third Edition): Starter Set"
171978,The Dwarves: The Duel
83040,Leader 1: Hell of the North
305882,Flames of War: American Starter Force – Combat Command
310672,Flames of War: British Starter Force – Armoured Battlegroup
306431,Flames of War: Fury – World War II Tank Combat
305879,Flames of War: German Starter Force – Panzer Kampfgruppe
310953,Pokémon Trading Card Game Battle Academy
238805,Bolt Action: Battle For Berlin
313829,Bolt Action: The Longest Day
193699,Konflikt '47
326235,Cronocartes: Història de Catalunya
89415,Rory's Story Cubes: Actions
218913,Rory's Story Cubes: Adventure Time
182952,Rory's Story Cubes: Animalia
271227,Rory's Story Cubes: Arcade
291440,Rory's Story Cubes: Astro
271225,Rory's Story Cubes: Atomic
182541,Rory's Story Cubes: Batman
142556,Rory's Story Cubes: Clues
271228,Rory's Story Cubes: Disaster
192320,Rory's Story Cubes: Doctor Who
327645,Rory's Story Cubes: Doraemon
291381,Rory's Story Cubes: Emergency
142557,Rory's Story Cubes: Enchanted
234614,Rory's Story Cubes: Explore
217428,Rory's Story Cubes: Fantasia
182953,Rory's Story Cubes: Fright
316585,Rory's Story Cubes: Harry Potter
291380,Rory's Story Cubes: Heroes
165522,Rory's Story Cubes: Intergalactic
192322,Rory's Story Cubes: Looney Tunes
165521,Rory's Story Cubes: Medic
192324,Rory's Story Cubes: Medieval
249036,Rory's Story Cubes: Mix Vol. 1
182955,Rory's Story Cubes: Moomin
351623,Rory's Story Cubes: My Neighbor Totoro
273005,Rory's Story Cubes: Mystery
182954,Rory's Story Cubes: Mythic
192355,Rory's Story Cubes: Powers
142558,Rory's Story Cubes: Prehistoria
273007,Rory's Story Cubes: Primal
234615,Rory's Story Cubes: Rampage
192323,Rory's Story Cubes: Rescue
192321,Rory's Story Cubes: Scooby-Doo
165523,Rory's Story Cubes: Score
302725,Rory's Story Cubes: Star Wars
234616,Rory's Story Cubes: Strange
115233,Rory's Story Cubes: Voyages
226588,Untold: Adventures Await
340420,Throw Throw Avocado
216632,Tournament at Camelot
149361,Hapsburg Eclipse
9825,Early American Chrononauts
172225,Exploding Kittens
165950,Beasty Bar
210271,Guild Ball: Kick Off!
270146,CURRENCY SAKANA
290099,TOKYO CAPSULE HOTEL
257197,TOKYO COIN LAUNDRY
268250,TOKYO GAME SHOW
236365,TOKYO JIDOHANBAIKI
235360,TOKYO JUTAKU
257198,TOKYO TSUKIJI MARKET
5206,Ogre
2639,Panzer Leader: Game of Tactical Warfare on the Western Front
313934,Nobody is Perfect: 390 neue Begriffe
153292,Nobody is Perfect: Mini Edition
13956,Hell on Wheels
259394,Storm Above the Reich
91773,Resident Evil Deck Building Game: Alliance
127561,Resident Evil Deck Building Game: Mercenaries
111330,Resident Evil Deck Building Game: Nightmare
100173,Resident Evil Deck Building Game: Outbreak
94342,Battleground Fantasy Warfare: Dark Elves
49394,Battleground Fantasy Warfare: Dwarves of Runegard
49396,Battleground Fantasy Warfare: Elves of Ravenwood
49391,Battleground Fantasy Warfare: High Elves
49392,Battleground Fantasy Warfare: Lizardmen
49397,Battleground Fantasy Warfare: Men of Hawkshold
49050,Battleground Fantasy Warfare: Monsters & Mercenaries
233278,Battleground Fantasy Warfare: Monsters & Mercenaries – Ancient Blue Dragon
49400,Battleground Fantasy Warfare: Orc Army
49038,Battleground Fantasy Warfare: Umenzi Tribesmen
49399,Battleground Fantasy Warfare: Undead Army
168924,Battleground Fantasy Warfare: Wuxing
159526,Battleground Historical Warfare: Alexander vs. Persia
49096,Battleground Historical Warfare: Second Punic War 218-201 BC
193024,Lock 'n Load Tactical: World War II Era Core Rules Manual v4.1
342068,Deadlands: Shootout at High Noon
285529,Dragon's Breath: The Hatching
247069,Malifaux (Second Edition): Rules Manual
22948,Munchkin Impossible
213670,Munchkin X-Men
156546,Monikers
41429,Band of Brothers: Screaming Eagles
260786,Unstable Unicorns: Chaos
260785,Unstable Unicorns: Control
287952,Unstable Unicorns: NSFW Base Game
36708,Leader 1
2579,Arctic Front: Battle for Norway
2580,Persian Gulf: Battle for the Middle East
5511,Southern Front: Race for the Turkish Straits
247694,TEAM3 PINK
33048,"Warhammer 40,000: Apocalypse"
37672,"Warhammer 40,000: Assault On Black Reach"
21373,Federation Commander: Romulan Border
186723,Cave Evil: Warcults
260645,1565: St. Elmo's Pay – The Great Siege of Malta
312748,"1815, Scum of the Earth: The Battle of Waterloo Card Game"
25821,The Werewolves of Miller's Hollow
13648,Ligretto 2
341306,Panzer North Africa
257965,BiberClan
198138,Enchanters
325889,Valor & Villainy: Lludwik's Labyrinth
12692,Gloom
215436,Codex: Card-Time Strategy – Starter Set
65282,Tanto Cuore
17133,Railways of the World
226170,Advanced Guildhall Fantasy: The Gathering
196305,Guildhall Fantasy: Alliance
196306,Guildhall Fantasy: Coalition
275870,TEAM3 GREEN
348588,Flesh and Blood: Tales of Aria
168274,Mistfall
284775,Funkoverse Strategy Game
203204,Magic: The Gathering – Arena of the Planeswalkers: Shadows over Innistrad
2455,India Rails
1213,Nuclear Escalation
338472,Nuclear Escalation: New Cards
1212,Nuclear Proliferation
12367,Weapons of Mass Destruction
4212,Here Come the Rebels
174048,Hordes: Two-Player Battle Box
98527,Gloom of Kilforth: A Fantasy Quest Game
155624,Specter Ops
124708,Mice and Mystics
262369,Dr. Jekyll & Mr. Hyde
38391,Kakerlakensuppe
6205,Europe Engulfed: WWII European Theatre Block Game
110277,Among the Stars
295535,Dark Ages: Heritage of Charlemagne
238615,Vs. System: Batman VS. Joker
248065,Zombicide: Invader
1927,Munchkin
278553,Silver
147919,Guiscard
5573,Outremer
5235,Samurai Blades: The Game of Man-to-Man Combat in Feudal Japan
352996,Sherwood
5571,Siege
6926,Viking Raiders
288570,Realm of Chaos: Wrath and Rapture
227888,"Warhammer 40,000: Dark Imperium"
3463,Wizard
214484,HEXplore It: The Valley of the Dead King
713,Nuclear War
32990,Axis Empires: Dai Senso!
798,Ace of Aces: Handy Rotary Series
237991,Munchkin Starfinder
154125,Pocket Battles: Confederacy vs Union
66081,Pocket Battles: Elves vs. Orcs
118385,Pocket Battles: Macedonians vs. Persians
815,Chrononauts
5034,Empire of the Rising Sun
356226,Exploding Kittens: 2-Player Version
172242,Exploding Kittens: NSFW Deck
62230,Wild Blue Yonder
20545,Rory's Story Cubes
99358,Stonewall Jackson's Way II: Battles of Bull Run
293925,2GM Pacific
238992,Call to Adventure
300591,"Target for Tonight: Britain's Strategic Air Campaign Over Europe, 1942-1945"
293524,Kamionem po Česku a Slovensku
242653,Mysthea
281782,Necromunda Rulebook
293671,Necromunda: Dark Uprising
111502,Star Trek Deck Building Game: The Next Generation – Next Phase
122690,Star Trek Deck Building Game: The Original Series
43320,Tomb: Cryptmaster
311323,Disney Sketchy Tales
195137,Catacombs (Third Edition)
288431,Origami: Legends
29285,Case Blue
344051,Journal 29 Revelation: Interactive Book Game
308741,Mythos: New Aeon
308742,Mythos: The Dreamlands
13532,Guderian's Blitzkrieg II
4671,INWO SubGenius
14403,"Warhammer 40,000: Battle for Macragge"
127127,The Lord of the Rings: The Fellowship of the Ring Deck-Building Game
135796,Next War: Taiwan
11161,Dungeoneer: Den of the Wererats
16443,Dungeoneer: Dragons of the Forsaken Desert
11159,Dungeoneer: Haunted Woods of Malthorin
19187,Dungeoneer: Realm of the Ice Witch
8207,Dungeoneer: Vault of the Fiends
22544,Epic Dungeoneer: Call of the Lich Lord
28004,Legendary Dungeoneer: Wrath of the Serpent Goddess
304985,Dark Ages: Holy Roman Empire
171968,Sentinel Tactics: Battle for Broken City
244654,Wildlands
286358,Commands & Colors Tricorne: Jacobite Rising
261982,Combo Fighter: VS Pack 1
261984,Combo Fighter: VS pack 2
261985,Combo Fighter: VS pack 3
262341,TTMC: Tu te mets combien ?
86167,El Alamein
231812,"Warhammer 40,000: Heroes of Black Reach – Drop Zone Demo Kit"
220266,Smash Up: All Stars
322233,Smash Up: Goblins
344066,Smash Up: Knights of the Round Table
285585,Smash Up: Penguins
220188,Smash Up: Sheep
289183,Mini-Mutabo
305053,Mutabo: Family & Kids
5576,Dungeoneer: Tomb of the Lich Lord
194532,Vs System 2PCG: A-Force
225135,Vs System 2PCG: Monsters Unleashed!
234554,Vs System 2PCG: SHIELD vs Hydra
200672,Vs System 2PCG: The Alien Battles
265227,Vs System 2PCG: The Buffy Battles
189610,Vs System 2PCG: The Defenders
352817,Vs System 2PCG: The Marvel Battles – Into the Darkness
225136,Vs System 2PCG: The Predator Battles
297666,Jurassic Brunch
42898,Pocket Battles: Celts vs. Romans
287783,The Last Hundred Yards Volume 2: Airborne Over Europe
108906,Thunder Alley
195275,Ghostbusters: The Board Game II
115288,Penny Arcade: The Game – Rumble in R'lyeh
180942,A Touch of Evil: Dark Gothic – Colonial Horror
202755,Guildhall Fantasy: Fellowship
262445,World At War 85 Core Rules v2.0
324671,Legends Untold: Illumination of Deepsorrow Novice Set
216179,Legends Untold: The Great Sewers Novice Set
3464,Melee
158100,Speed Cups²
228855,Set a Watch
305840,Atomic Fleet:  Modern Naval Combat in the Northwest Pacific
79073,Resident Evil Deck Building Game
350011,MonsDRAWsity: Unusual Suspects
20044,The Lord of the Rings: The Mines of Moria
192382,Shadowfist: Combat In Kowloon
313834,Blockbuster Returns
91536,Quarriors!
197269,Guns & Steel: Renaissance
167698,Magic: The Gathering – Arena of the Planeswalkers
193531,Lock 'n Load Tactical: Modern Era Core Rules
338980,Eastern Empires
177513,Strife: Shadows & Steam
292556,iKNOW: Aikamme uudet ilmiöt
182135,iKNOW: Amazing Earth
296698,iKNOW: in America
184987,iKNOW: in Europe
182136,iKNOW: Innovations
182137,iKNOW: Lifestyle
284985,iKnow: Wielki Test Wiedzy
131835,Boss Monster: The Dungeon Building Card Game
180771,Teenage Mutant Ninja Turtles: Shadows of the Past
242892,Getting Started with Warhammer: Age of Sigmar
203270,Gorechosen
234722,Warhammer Age of Sigmar: Blightwar
215749,Warhammer Age of Sigmar: Spire of Dawn
204397,Warhammer Age of Sigmar: Storm of Sigmar
229685,Warhammer Age of Sigmar: Thunder & Blood
332075,Warhammer Quest: Cursed City
197572,Warhammer Quest: Silver Tower
285871,Warhammer: Age of Sigmar – Looncurse
250394,"But Wait, There's Even More"
297478,Cortex + Challenge
204803,Complots 2
170771,Sword & Sorcery
98242,Star Trek Deck Building Game: The Next Generation
220141,Munchkin Shakespeare Deluxe
229640,Munchkin Spell Skool
235344,TOKYO METRO
341139,SHASN: AZADI
268248,Warhammer Fantasy Battle (Third Edition)
216710,Wings of Glory: WW2 Battle of Britain Starter Set
8170,Return of the Heroes
199907,Sellswords: Olympus
299908,Squire for Hire: Mystic Runes
286001,Dwar7s Duel
241334,Dwar7s Winter
6411,Blokus 3D
6516,Titan Legions
247104,Blitz Bowl
311829,The Arctic
209488,The Game of Things: Travel/Expansion
6249,Alhambra
45358,Alhambra: Big Box
326355,Alhambra: Big Box (Second Edition)
140709,Alhambra: Family Box
251830,Alhambra: Mega Box
84465,Ottoman Sunset: The Great War in the Near East
203104,Cthulhu in the House
99437,Rumble in the House
193430,Dragon Ball Z: The Miniatures Game
193429,Mortal Kombat: The Miniatures Game
131904,Heart of Crown
113873,"The Hunters: German U-Boats at War, 1939-43"
31053,Pirates of the Caribbean PocketModel Game
36235,The Duke
148203,Dutch Blitz
110102,Siberia
176330,Reverse Charades: 2015 Tabletop Day Edition
226312,Button Men: Beat People Up
226085,Sailor Moon Crystal: Dice Challenge
202493,The Spoils: Decade of Deckadence
2471,Zombies!!!
348762,Battletech: MechWarrior Destiny
220933,Alien vs Predator: Unleashed
145639,Coconuts
1372,Rise of the Luftwaffe
2247,Zero!
278784,Almanac: The Crystal Peaks
264742,Jabberwocky
22532,Wings of War: The Dawn of World War II
220630,Boufbowl
155822,Krosmaster Junior
112138,Krosmaster: Arena
119866,Wings of Glory: WW1 Rules and Accessories Pack
242343,Siege Storm
19854,Federation Commander: Klingon Border
151952,Gathering Storm
302517,Storm Over Asia
197333,Deadzone (Second Edition)
287084,Oriflamme
274085,Battlestations: Dirtside
10908,Minotaur Lords
205164,Old School Tactical: Volume 2 – West Front 1944/45
281945,Old School Tactical: Volume 3 – Pacific 1942/45
332070,ONUS! Traianus
255902,Napoleon 1807
232478,New Corp Order
178147,Gwent: Monsters and Scoia'tael
209530,Gwent: Nilfgaard and Northern Realms
155451,Guild Ball
238919,"The Battle of Wakefield: Yorkshire, England 30 December 1460"
84989,Neue Welten
191925,Bandido
3605,The Third World War: Battle for Germany
1323,Cry Havoc
29581,Tomb
224483,Exceed Fighting System
9220,Saboteur
143147,Saboteur Gold
294508,Saboteur: The Mother Lode Bonus Pack
181192,Munchkin Oz
302244,Munchkin Tails
323210,Munchkin Tails of the Season
49,Mamma Mia!
131246,Siberia: The Card Game
209452,Epic PVP: Magic
257063,SiegeStorm: SiegeMode
206588,Grimslingers: Duels
53093,Heroes of Normandie
319264,Heroes of Normandie: Big Red One Edition
262547,Don't Get Got!
97803,Penny Arcade: The Game – Gamers vs. Evil
312958,Ascension: Curse of the Golden Isles
192315,Widower's Wood: An Iron Kingdoms Adventure Board Game
209696,Star Saga
156009,Port Royal
197414,Moop's Monster Mashup
146735,Munchkin Adventure Time
356315,Munchkin Babies
181268,Munchkin Christmas Lite
112991,Munchkin Conan
258610,Munchkin Crazy Cooks
312346,Munchkin Disney
284227,Munchkin Disney DuckTales
208256,Munchkin Grimm Tidings
193286,Munchkin Legenden 1+2
144325,Munchkin Legends
171199,Munchkin Legends Deluxe
129359,Munchkin Pathfinder
325670,Munchkin Russia
257700,"Munchkin Warhammer 40,000"
260918,"Munchkin Warhammer 40,000: Faith and Firepower"
263164,"Munchkin Warhammer 40,000: Savagery and Sorcery"
275273,Munchkin Warhammer: Age of Sigmar
6924,Shot and Shell: Naval Combat in the Civil War
181810,Kodama: The Tree Spirits
69130,Next War: Korea
32341,Cockroach Salad
129974,"Warhammer 40,000: Dark Vengeance"
154307,"Warhammer 40,000: Kill Team"
326970,Linkee!
937,1825 Unit 1
15999,1825 Unit 3
189848,Munchkin Marvel
233571,Star Wars: Legion
51,Ricochet Robots
350072,Warhammer Underworlds: Harrowdeep
315138,Autumn Harvest: A Tea Dragon Society Game
155428,DC Comics Deck-Building Game: Crisis Expansion Pack 1
171033,DC Comics Deck-Building Game: Crisis Expansion Pack 2
167762,DC Comics Deck-Building Game: Crossover Pack 1 – Justice Society of America
169642,DC Comics Deck-Building Game: Crossover Pack 2 – Arrow
174551,DC Comics Deck-Building Game: Crossover Pack 3 – Legion of Super-Heroes
175465,DC Comics Deck-Building Game: Crossover Pack 4 – Watchmen
194542,DC Comics Deck-Building Game: Crossover Pack 5 – The Rogues
194543,DC Comics Deck-Building Game: Crossover Pack 6 – Birds of Prey
22143,EastFront: The War in Russia 1941-45 – Second Edition
16000,1825 Unit 2
37165,"Warhammer 40,000 (Fifth Edition)"
237384,FREAKFACE!!!
308042,Lord of the Fries: Ghicciaroni's Family Style Italian Buffet
278782,Lord of the Fries: Las Cabezas Mexican Restaurant Deck
308041,Lord of the Fries: Long Wok on Short Pier Chinese Restaurant
199729,Lord of the Fries: McPubihan's Irish Pub Deck
3969,Lost Worlds Adventure Set I: In the Ruins of the Ancients
7113,Lost Worlds Adventure Set II: The Dwarf and Goblin Wars
316424,"Lost Worlds: ""Arafael"" the Angel"
316426,"Lost Worlds: ""Arcanthus"" the Sage"
316414,"Lost Worlds: ""Brimstone"" The Fire Giant"
316451,"Lost Worlds: ""Chester"" the Jester"
316428,"Lost Worlds: ""Chiron"" Magical Centaur"
316417,"Lost Worlds: ""Cimeree"" Elfin Maid"
316446,"Lost Worlds: ""Daniel"" the Pirate"
316430,"Lost Worlds: ""Eilee"" the Sprite"
316431,"Lost Worlds: ""Felina"" the Tiger Lady"
316432,"Lost Worlds: ""Flaming Cherry"" Barbarian Beauty"
316452,"Lost Worlds: ""Gildersleve"" the Dwarf"
316453,"Lost Worlds: ""Horras"" Hob-Goblin"
316433,"Lost Worlds: ""Kharis"" the Royal Mummy"
316512,"Lost Worlds: ""Lilli"" The Swashbuckler"
316438,"Lost Worlds: ""MacAber"" A Highland Warrior with Claymore"
316454,"Lost Worlds: ""Medusa"" Greek Mythos"
316455,"Lost Worlds: ""Oowell"" the Ghoul"
316418,"Lost Worlds: ""Othere"" Djinn of Distinction"
316440,"Lost Worlds: ""Praxides"" Fierce Female Gargoyle"
316419,"Lost Worlds: ""Sir Percival"" Mounted Knight"
316511,"Lost Worlds: ""Thorgal"" the Wyrm Slayer"
316441,"Lost Worlds: ""Umslopagaas"" Scorpion Wizard"
316443,"Lost Worlds: ""Ursa"" Bugbear"
316449,"Lost Worlds: ""Wyrm"" the Dragon"
316425,Lost Worlds: Amara Wintersword – Female Barbarian with Axe
316427,Lost Worlds: Azlana Darque – Sorceress with Broadsword
316456,Lost Worlds: Barbarian with Two-handed sword
316516,Lost Worlds: Bitra the Man-Spider with Sword and Crossbow
316457,Lost Worlds: Cold Drake
316518,"Lost Worlds: Dino Fight Series – ""Triceratops"" Three Horned Lizard"
316517,"Lost Worlds: Dino Fight Series – ""Tyrannosaurus Rex"" Tyrant Lizard King"
107996,Lost Worlds: Dino Fight Series – Allosaur
316509,Lost Worlds: Dino Fight Series – Pachycephalosaur
316508,Lost Worlds: Dino Fight Series – Pinacosaur
316507,Lost Worlds: Dino Fight Series – Stegosaur
316506,Lost Worlds: Dino Fight Series – T-Rex
316505,Lost Worlds: Dino Fight Series – Triceratops
316513,Lost Worlds: Driataur with Battleaxe
316458,Lost Worlds: Dwarf in Chainmail with Two-handed Ax
316459,Lost Worlds: Fighter Mage with Magic Sword
316460,Lost Worlds: Giant Goblin With Mace and Shield
316514,Lost Worlds: Gunslinger with Whip & Pistol
316461,Lost Worlds: Halfling with Sword and Shield
316462,Lost Worlds: Hill Troll with Club
316434,"Lost Worlds: Knights of the Dinner Table – Bob ""Knuckles"""
316435,"Lost Worlds: Knights of the Dinner Table – Brian ""Teflon Billy"""
316436,"Lost Worlds: Knights of the Dinner Table – Dave ""El Ravager"""
316437,"Lost Worlds: Knights of the Dinner Table – Sara ""Thorina"""
325637,Lost Worlds: Lizard Man With Scimitar and Buckler
316420,Lost Worlds: Man in Chainmail with Sword and Shield
316463,Lost Worlds: Man in Plate with Sword and Shield
316421,Lost Worlds: Man with Short Sword and Dagger
316464,Lost Worlds: Manticore
316439,Lost Worlds: Meresin – Dwarf with Warhammer
316524,Lost Worlds: Mischa Redblur
316515,Lost Worlds: Mutant Hill Giant with Two Clubs
316465,Lost Worlds: Ninja with Ninjato
316466,Lost Worlds: Samurai with Katana
316467,Lost Worlds: Skeleton with Scimitar and Shield
316447,Lost Worlds: Sylvestra the Wood Elf
316468,Lost Worlds: Tome of Red Magic
316469,Lost Worlds: Unicorn
316470,Lost Worlds: Winged Gargoyle with Scimitar
316471,Lost Worlds: Woman in Scale with Sword and Shield
316472,Lost Worlds: Woman with Quarterstaff
316473,Lost Worlds: Wraith with Sickle
316444,Lost Worlds: Zocchi Magician with Dice Bag
316448,Lost Worlds: Zzz... Zombie
24894,Queen's Blade
132263,Queen's Blade: Grimoire
46313,Queen's Blade: Rebellion
154227,Queen's Blade: The Live
35904,Queen's Gate
138026,Critical Mass: Raijin vs Archon
174045,Dystopian Wars: Operation Shadow Hunter
254239,Quatre Bras 1815: Last Eagles
153225,Pick-a-Seal
198832,Legends Untold: Weeping Caves Novice Set
277980,Legends Untold: Weeping Caves Novice Set – Kickstarter Edition
10096,Splotch!
335451,Cthulhu Wars: Duel – Extinction
130827,Rumble in the Dungeon
298847,Warhammer Age of Sigmar Gaming Book
155122,"1066, Tears to Many Mothers"
170669,Old School Tactical: Volume 1 – Fighting on the Eastern Front 1941/42
234396,Muse
97728,At All Costs! The Great War in the East
131183,Wings of Glory: WW2 Rules and Accessories Pack
107148,Wings of Glory: WW2 Starter Set
42306,Wings of War: WW2 Deluxe set
8976,World War II: Pacific Theater of Operations
32989,Axis Empires: Totaler Krieg!
337889,The Great Race: Wild West and Far East
217934,Napoléon 1806
63868,A las Barricadas! (2nd Edition)
35219,"La Bataille de France, 1940"
224481,Desert Struggle
35220,Help Arrives!
177861,Paths to Hell
146784,A Touch of Evil: Dark Gothic
126613,"Warhammer 40,000 (Sixth Edition)"
204836,Escape Room: The Game
257841,Yogi Guru
235901,Yogi: Free demo version
324342,Boogeyman: The Board Game
216220,Rise of Totalitarianism
349084,Creationary: Travel Edition
317303,"Warhammer 40,000 (Sixth Edition): Codex – Chaos Space Marines"
207653,"Warhammer 40,000: Kill Team"
190740,"Warhammer 40,000: Sanctus Reach – Stormclaw"
169823,"Warhammer 40,000: Shield of Baal – Deathstorm"
193350,1980s Apples To Apples Snack Pack
150541,Adventurous Apples To Apples Snack Pack
150540,Big Picture Apples To Apples Snack Pack Game
253792,The Flower Essence Game
152421,Trendy Apples to Apples Snack Pack
195685,Bad Campaign
200096,Bards Dispense Profanity: A Party Game Based on the Works of William Shakespeare
188972,"Bedlam: AKA The ""Can Someone Take Me Off this Game?"" Game"
157943,Cads About Matrimony
193895,Cards Against IT
154709,Cards Against Librarianship
183145,Dick: A Card Game Based on the Novel by Herman Melville
223516,Disgruntled Decks: Marine Corps Edition
352062,Disgruntled Decks: Navy Edition
193316,Disgruntled Decks: The Army Edition
193481,F.U.B.A.R.: Bringing out the worst in America's best
262528,Guards Against Insanity Asylum Pack
225834,Humanity Hates the Holidays
207385,Humanity Hates Trump
288873,JadedAid
203352,KinderPerfect: A Party Game for Parents
275158,Offensive Adult Party Game
233131,Papercuts
296143,Tired of London: the party game for miserable Londoners
202729,When Pigs Fly: A Card Game for Cincinnati Cynics
189539,Zelph on the Shelf Edition (fan expansion for Cards Against Humanity)
194233,Cartoon Network Crossover Crisis Deck-Building Game
221367,Cartoon Network Crossover Crisis: Animation Annihilation Deck-Building Game
21133,Infinity
326767,Infinity N4: Core Rules
268500,Infinity: Third Offensive
301919,Pandemic: Hot Zone – North America
8730,Flying Colors
192663,Fleet Commander: Genesis
194230,Attack on Titan: Deck-Building Game
338322,Epic Spell Wars of the Battle Wizards: Annihilageddon 2 – Xtreme Nacho Legends
154804,Naruto Shippuden Deck-Building Game
203411,Word Slam
324426,"Interceptor Ace: Volume 2 – Last Days of the Luftwaffe, 1944-45"
102237,Drako: Dragon & Dwarves
2888,Starfire II
146149,Quick Cups
235454,Ligny 1815: Last Eagles
196104,Helionox: Mercury Protocol
193483,Dwar7s Fall
6937,1829 Northern Board
13362,"Warhammer 40,000 (Fourth Edition)"
216014,"Aye, Dark Overlord! The Green Box"
46369,Old Town: Solo
209809,Hordes Primal Mk III
294592,WARMACHINE Mk III Two Player Battle Box (Second Edition)
294771,Warmachine: Two-Player Battle Box
94104,Omen: A Reign of War
8334,Trail of the Fox
154560,Adventure Time Card Wars: BMO vs. Lady Rainicorn
199007,Adventure Time Card Wars: Doubles Tournament
194234,Adventure Time Card Wars: Fionna vs Cake
175121,Adventure Time Card Wars: Ice King vs. Marceline
174552,Adventure Time Card Wars: Lemongrab vs. Gunter
158978,Adventure Time Card Wars: Princess Bubblegum vs. Lumpy Space Princess
172008,Critical Mass: Patriot vs Iron Curtain
332800,Summoner Wars (Second Edition)
144988,Lords of War: Elves versus Lizardmen
150996,Lords of War: Templars versus Undead
337249,Hedgehog Roll & Friends
102253,Spearpoint 1943: Eastern Front
176826,Yashima: Legends from Fairytale
274606,Rick and Morty: Tales from the Citadel Deck-Building Game
246534,Rick and Morty: The Rickshank Rickdemption Deck-Building Game
174046,Dropzone Commander 2 Player Starter Set
139771,Star Trek: Attack Wing
182198,Superfight: The Anime Deck
198950,Superfight: The Anime Deck 2
182200,Superfight: The Challenge Deck
173875,Superfight: The Loot Crate Deck
182199,Superfight: The Walking Dead Deck
124742,Android: Netrunner
176334,Guns & Steel
231035,"Warhammer 40,000: First Strike"
231036,"Warhammer 40,000: Know No Fear"
8285,"Boots & Saddles, An Assault Series Module"
9376,Renegade Legion: Prefect
324458,For What Remains: Blood on the Rails
324459,For What Remains: Out of the Basement
135215,Lords of War: Orcs versus Dwarves
209741,Avignon: Pilgrimage
73761,K2
258474,Brains!
230064,Ninjitsu!
246899,DC Comics Dice Masters: Doom Patrol Team Pack
229132,DC Comics Dice Masters: Harley Quinn Team Pack
246897,DC Comics Dice Masters: Mystics Team Pack
208918,DC Comics Dice Masters: Superman and Wonder Woman Starter Set
210875,DC Comics Dice Masters: World's Finest Collector's Box
269757,Dungeons & Dragons Dice Masters: Faerun Under Siege – Collector's Box
185109,Marvel Dice Masters: Age of Ultron – Collector's Box
210876,Marvel Dice Masters: Civil War – Collector's Box
253566,Marvel Dice Masters: Dark X-Men Team Pack
198618,Marvel Dice Masters: Doctor Strange Team Pack
315272,Marvel Dice Masters: Infinity Gauntlet
244295,"Marvel Dice Masters: Justice, Like Lightning... Team Pack"
244296,Marvel Dice Masters: Kree Invasion Team Pack
225643,Marvel Dice Masters: The Mighty Thor
253565,Marvel Dice Masters: X-Force Team Pack
72809,Barbarossa
138589,Axis & Allies Air Force Miniatures: Bandits High
2288,Blood Bowl (Second Edition)
195708,SiXeS: Travel & Promo Pack
252277,Sparkle*Kitty Nights
138105,Hordes: High Command
160664,Warmachine: High Command – Faith & Fortune
196698,Gruff: Clash of the Battle Goats
227326,Gruff: Rage of the Trolls
249677,Gruff: Stuff of Nightmares
303543,Gruff: Whispers of Madness
267139,Grail Story
202245,DiceWar: Roots of Mali Standalone
90870,Pelican Cove
223498,New Billionaire Banshee
184560,Lock 'n Load Tactical: Heroes of the Falklands
300601,Imagimarium New Year
356844,Имаджинариум Добро
17396,Manoeuvre
327249,Black Powder: Epic Battles – American Civil War Starter Set
204594,Black Powder: Waterloo
288317,Black Seas
166136,One Night Werewolf: Super Powers
234190,Unstable Unicorns
174038,Firestorm Armada: Stormzone – Return of the Overseers
192392,Firestorm Taskforce Starter Set: Aquan Prime vs. The Directorate
192393,Firestorm Taskforce Starter Set: Sorylian Collective vs. The Relthoza
192394,Firestorm Taskforce Starter Set: Terran Alliance vs. Dindrenzi Federation
30166,"The Good, the Bad, and the Munchkin"
112869,Munchkin Apocalypse
94915,Munchkin Axe Cop
12194,Munchkin Bites!
31920,Munchkin Booty
25071,Munchkin Cthulhu
6607,Munchkin Fu
164031,Munchkin Steampunk
180816,Munchkin The Nightmare Before Christmas
86955,Munchkin Zombies
4095,Star Munchkin
16933,Super Munchkin
358561,Transformers Deck-Building Game: A Rising Darkness
237114,Cthulhu: The Horror in Dunwich
115976,Eaten By Zombies!: In Cahoots
94732,Heroica: Draida
116877,Heroica: Ilrion
94734,Heroica: Nathuz
94733,Heroica: Waldurk
302336,Marvel Villainous: Infinite Power
201560,Neverland's Legacy
241227,Red Sonja: Hyrkania's Legacy
178098,Sherwood's Legacy
209254,Batman Miniature Game: Suicide Squad Game Box
194249,Wherewolf: Red Riding Hood
190017,100 Swords: The Blue Mammoth's Dungeon
209773,100 Swords: The Gold King's Dungeon
209774,100 Swords: The Silver Queen's Dungeon
276759,När då då: Berömda byggnadsverk
276758,När då då: Kända citat
328056,När då då: Resor i världen
217197,Lucky Forward: Patton's Third Army in Lorraine
2165,Pokémon Trading Card Game
168054,Grifters
191612,Skies Above the Reich
218996,Pixel Glory: Light & Shadow
202721,The Last Hundred Yards
18248,Diceland: Cyburg
18247,Diceland: Dragons
6750,Diceland: Ogre
6555,Diceland: Space
286196,Le Bois des Coua2sous
246568,Z War One: Exodus
294594,1985: Deadly Northern Lights
349692,1985: Sacred Oil
79,MedFront: War in North Africa 1940-43
156474,MERCS: Recon – Assassination Protocol
184371,Justice League: Hero Dice – Batman
198700,Justice League: Hero Dice – Flash
198701,Justice League: Hero Dice – Green Lantern
184372,Justice League: Hero Dice – Superman
351600,Mortum: Medieval Detective – The Shelter
33040,Humans!!!
40416,Martians!!!
153802,Zombies!!! 13: DEFCON Z
10167,Zombies!!! 4: The End...
277371,Zombies!!!: Vegas
181866,Privacy Quickie
138104,Warmachine: High Command
287473,HINT Junior
35823,Boilers and Breechloaders
298127,Valley of Fire: A Fictional Miniatures Campaign for the Northwest Frontier
313179,Five Parsecs: Bug Hunt
301884,Five Parsecs: Gang Warfare
313106,Five Parsecs: Salvage Crew
150323,Berserk: Knights and Villains
151310,The Hobbit: The Desolation of Smaug
4289,"88: A Tactical Game of Armored Combat on the North African Front, 1940-1942"
4291,"Armor: A Tactical Game of Armored Combat in Western Europe, 1944-1945"
84889,Cave Evil
4488,Scarab Lords
236925,Dust 1947: Battle for Zverograd
2163,Space Hulk
11106,"Warhammer 40,000: Rogue Trader"
309600,Archers of Nand
142039,Lost Legacy
160436,Lost Legacy: Binbo Tantei to Inbo no Shiro
24935,Anima: Shadow of Omega
63385,Anima: Twilight of the Gods
40529,Cosmic Encounter
2739,More Cosmic Encounter
31016,We Didn't Playtest This At All
346821,We Didn't Playtest This: Animals
283,Advanced Third Reich
8402,The Great Pacific War: The Second World War in the Pacific 1937-1945
192802,Days of Ire: Budapest 1956
172555,Loaded Questions Party
215437,Codex: Card-Time Strategy – Core Set
8284,Assault: Tactical Combat in Europe – 1985
2447,World War II: European Theater of Operations
145186,Pick-a-Polar Bear
348934,Monsterpocalypse Board Game
129731,DreadBall: The Futuristic Sports Game
287780,Squire for Hire
94731,Heroica: Fortaan
320084,The Dogs of War
130960,Triumph & Tragedy: European Balance of Power 1936-1945
339388,Spukstaben Promo: Trainingsaufgaben
28805,The Lord of the Rings: Strategy Battle Game
4288,"Panzer: A Tactical Game of Armored Combat on the Eastern Front, 1941-1945"
294713,Exceed: A Robot Named Fight! Solo Fighter
257218,Exceed: Carl Swangee Solo Fighter
257252,Exceed: Devris Solo Fighter
257216,Exceed: Emogine Solo Fighter
287327,Exceed: Enchantress Solo Fighter
257253,Exceed: Juno Solo Fighter
257219,Exceed: Pooky Solo Fighter
257254,Exceed: Skull Man Solo Fighter
287328,Exceed: Specter Knight Solo Fighter
257217,Exceed: Sydney & Serena Solo Fighter
144728,Adventure Time Card Wars: Finn vs. Jake
231847,Kharkov Battles: Before & After Fall Blau
17329,Animal Upon Animal
147883,Lost Legacy: Hyakunen Senso to Ryu no Miko
21691,The Ogre Book
147168,Guerra De Mitos II
158751,Guerra De Mitos III
158752,Guerra de Mitos IV
244067,Guerra de Mitos IX: Era Divina
167349,Guerra De Mitos V
171488,Guerra de Mitos VI: Portals activated
244085,Guerra de mitos X: Legión Romana
244086,Guerra de mitos XI: Genios y Ladrones
244088,Guerra de Mitos XII: Primigenios en China
244090,Guerra de Mitos XIII: Era Mortal
178153,100 Swords: The Red Dragon's Dungeon
319906,Kamigami Battles: Rise of the Old Ones
238277,Kamigami Battles: River of Souls
269756,3 Secrets: Crime Time
238094,Mutabo
40483,Anima: Beyond Good and Evil
265390,De Slimste Mens Ter Wereld Junior
164190,Diex Aïe
262770,Twin Stars: Adventure Series II
324775,Twin Stars: Scenario 07 – Master the Trials
140612,The Hobbit: An Unexpected Journey
159503,The Captain Is Dead
17,Button Men
154939,MERCS: Recon – Counter Threat
301935,Night of the Mummy
2472,Grave Robbers From Outer Space
354050,A.E.G.I.S Wildmoves: Roll n' Fight
330005,A.E.G.I.S. Combining Robots: Season 2
269072,Feelinks Revelations
310990,Revelations
263186,Dice of Dragons
230316,Dice of Pirates
42731,Lock 'n Load: Heroes of the Gap
314837,Aeronautica Imperialis: Skies of Fire
350758,Aeronautica Imperialis: Wrath of Angels
206051,Insider
321476,Blood & Plunder: Raise the Black
313776,"Defending America: Intercepting the Amerika Bombers, 1947-48"
195296,Scuttle!
294714,Family Plot 2
327309,Weiß Schwarz: Attack on Titan Trial Deck
327370,Weiß Schwarz: BanG Dream! Trial Deck
276803,Weiß Schwarz: Batman Ninja
327373,Weiß Schwarz: KanColle Trial Deck
327401,Weiß Schwarz: Love Live! Trial Deck
327399,Weiß Schwarz: Sword Art Online Trial Deck
243228,2GM Campaign Book
173536,2GM Tactics
207369,2GM Tactics: German Reinforcements Expansion
207360,2GM Tactics: Italy Expansion
207363,2GM Tactics: Soviet Union Expansion
207359,2GM Tactics: United Kingdom Expansion
8037,Patrol!: Man-to-Man Combat in the 20th Century
160617,Cat Tower Lite
160591,Cat Tower Plus
240271,Core Space
169215,Peak Oil
132019,Blood & Roses
252320,The War of the Worlds: France
252321,The War of the Worlds: Japan
252322,The War of the Worlds: USA – East Coast
234521,Necromunda: Underhive
41611,Advanced Pacific Theater of Operations
284072,Shiloh 1862
146006,Star Borders: Aliens
184861,Hawken: Real-Time Card Game – Scout vs. Grenadier
173372,Hawken: Real-Time Card Game – Sharpshooter vs. Bruiser
214603,Times Square
208377,Guardians' Chronicles: Clash of Heroes
235980,Chivalry at Bay: Tactical Battles of the Hundred Years War
171890,Best Treehouse Ever
159868,Sellswords
191048,Conquest and Carnage
113289,Snake Oil
156096,Snake Oil: Party Potion
198670,Kings of War (Second Edition)
332560,City of Winter
168265,oddball Aeronauts 2: Double the Trouble
273492,Combat Infantry: EastFront 1941-43
236709,The Tea Dragon Society Card Game
28907,B-29 Superfortress
160903,Target for Today
13493,Bell-Bottomed Badassses on the Mean Streets of Funk
30261,Bushwhackin' Varmints out of Sergio's Butte
6584,Grave Robbers II: Skippy's Revenge
66641,Grave Robbers III: Suburban Slashers from Sunnydale Street
313855,Hail Caesar: The Roman Invasion of Britain
298030,Opération Commando 2: Sainte-Mère-Eglise
3339,Diceland: Deep White Sea
285028,Geek Out! Disney
340127,Geek Out! The 00s Edition
279415,Geek Out! The 80's Edition
279417,Geek Out! The 90's Edition
341556,Geek Out! Video Games
168679,Flip City
268471,Battle Penguins
356131,Kampf gegen das Spiessertum: Travel Edition
32665,Team Work: Feste & Feiern
24739,Team Work: Fußball 1
24740,Team Work: Fußball 2
32416,Team Work: Mathematik
33968,Team Work: Mozart
21357,Team Work: Musik
20532,Team Work: Religion
24738,Team Work: Urlaub
83492,Privacy: Scharf wie Chili
200111,Ager Sanguinis
258653,Montgisard
210315,Devil's Run: Hell's Highway
280334,Devil's Run: Route 666 – Miles' Massacre
251851,Devil's Run: Route 666 – Reaper's Revenge
233208,D-Day Dice (Second Edition)
341713,Power Rangers: Deck-Building Game – Zeo: Stronger Than Before
173804,Gruff
241658,British vs Pirates: Volume 2
192116,Cthulhu: A Deck Building Game
175334,The Undercity: An Iron Kingdoms Adventure Board Game
191206,Wrath of Kings: Honor and Treachery – The Battle of Ravenwood
463,Magic: The Gathering
178892,Vs System 2PCG: The Marvel Battles
289306,Ecogon: Stille Wasser
188188,Complots
174646,Orcs Must Die! The Board Game: Unchained Edition
234469,Origami
223376,A Song of Ice & Fire: Tabletop Miniatures Game – Stark vs Lannister Starter Set
207347,London After Midnight 2: Sherlock in Hell
300298,PARKS Memories: Coast to Coast
300076,PARKS Memories: Plains Walker
212469,Captains of the Golden Age: Captains and Characters
221848,Normandy: The Beginning of the End
4001,Space Marine
4020,Race For Tunis
13089,Wie ich die Welt sehe...
2891,Starfire
39007,Sniper! (Second Edition)
201416,The Refuge: A Race for Survival
199182,Commands & Colors Tricorne: The American Revolution
159632,Strife: Legacy of the Eternals
32674,Monsterpocalypse
329385,Dansers
227842,Saratoga 1777
175689,Trenton 1776
326038,Speed Colors TEAM
173264,Senet-modern
4695,Weapons & Warriors: Lashout Launcher Set
294785,Ravage: Swamps of Delgor
77423,The Lord of the Rings: The Card Game
312724,Infinity CodeOne: Operation Kaldstrøm
26250,A las Barricadas!
229540,Way of the Fighter: Turbo
169056,Q-bitz Solo
266997,L'osti d'jeu 2
325398,L'osti d'jeu des humoristes
336501,Wakening Lair: The Dark Forest
225729,Arkham Noir: Case #1 – The Witch Cult Murders
359515,Yura Yura Penguin Mini
203671,Relicblade: Two-Player Battle Set
259121,Less Than 60 Miles
1823,1829
263053,Universal Rule: Second Wave
309832,Universal Rule: Singularity
267304,Western Empires
238181,Kamigami Battles: Battle of the Nine Realms
258209,Indian Ocean Region: South China Sea – Vol. II
3756,Croisades
254052,Team Yankee: Hammerfall – World War III Battles
127589,Slavika
17272,55
236305,Combo Fighter
265910,Squadron Strike: Traveller
200959,1813: Napoleon's Nemesis
101644,Bushido
243996,Brewin' USA: Taproom Takeover
236650,1985: Under an Iron Sky
257839,Arkham Noir: Case #2 – Called Forth By Thunder
1499,World in Flames
255484,World in Flames Collector's Edition Deluxe
180664,Uppsala Edizione Vacanze
337189,CONFIDENT?: Mini Game
320900,Dragon Dice: 2-Player Starter – Firewalker VS Treefolk
258074,Volfyirion
60815,Black Powder: Second Edition
296321,Black Seas: Master & Commander Starter Set
98,Axis & Allies
333136,Football Highlights: The Dice Game
251026,Night Drop 2: Pegasus Bridge
162480,Rise of the Kage
231854,Twin Stars: Adventure Series I
212097,Twin Stars: Scenario 01 – Escape the Brig
212098,Twin Stars: Scenario 02 – The Quark Star
212971,Twin Stars: Scenario 03 – Rule the World
224505,Twin Stars: Scenario 04 – Stop the Virus
229275,Twin Stars: Scenario 05 – Steal the Plans
235441,Twin Stars: Scenario 06 – Bounty Hunt
310479,BarBEARian Battlegrounds: Tales of BarBEARia
18723,"Aye, Dark Overlord! The Red Box"
42641,Slouch Hats and Eggshells: The Allied Invasion of Syria & Lebanon – 1941
199076,Warmachine Prime Mk III
181804,En Garde!: Swashbuckling Skirmish Wargames Rules
179460,Stronghold: 2nd edition
194626,Happy Salmon
173275,Ghostbusters: The Board Game
100798,Dwarf King's Hold: Green Menace
333220,Star Wars: Trading Card Game – Attack of the Clones
333218,Star Wars: Trading Card Game – Revenge of the Sith
333219,Star Wars: Trading Card Game – The Empire Strikes Back
272233,Failure on the Tugela
174584,Orcs Must Die! The Board Game: Order Edition
249136,All Things Zombie: Casino Carnage
121657,Axis & Allies Air Force Miniatures: Angels 20
5278,Bloody Kasserine
76247,Eaten by Zombies!
8046,Alien Space Battle Manual
239942,Black Rose Wars
264509,Dungeon Solitaire: Devil's Playground
174116,Wild West Exodus: Outlaw VS Lawmen
174326,Wild West Exodus: Unfinished Business – Confederate Rebellion Faction Bundle
174342,Wild West Exodus: Unfinished Business – Dark Nation Faction Bundle
174341,Wild West Exodus: Unfinished Business – Golden Army Faction Bundle
174340,Wild West Exodus: Unfinished Business – The Watchers Faction Bundle
300296,PARKS Memories: Mountaineer
127543,King of Kings
30474,Schildi Strandkröte
205263,StoryLine: Scary Tales
336345,What's Missing: Purple Version
276925,Warhammer Age of Sigmar: Warcry Starter Set
218043,Slaughterville II
89880,War Stories: Red Storm
144479,Myths at War
191588,Slash: Nerdlesque 2015
191587,Slash: Nerdlesque GGC 2015
191586,Slash: PAXspansion 2015
191589,Slash: Shipwreck October 2014
189919,Doctor Who: The Card Game – Classic Doctor Edition
207713,The Lords of Rock: Mosh Pit
241164,Jurassic Snack
258299,Stak Bots: Purple Expansion
210626,Stak Bots: Red Expansion
155745,Stak Bots: Yellow Expansion
346138,Carnevale: Escape from San Canciano
210464,Kings of War Historical
334720,Kings of War: The Battle for Ironhold – Two Player Battle Set
242806,Kings of War: The Battle of the Glades Two Player Battle Set
244121,Kings of War: Vanguard
178754,Z War One: Damnation
225167,Human Punishment: Social Deduction 2.0
257787,Human Punishment: Social Deduction 2.0 – Project: Hell Gate
18985,Battleground
327004,Ecologies: Bizarre Biomes
353526,Ecologies: Hidden Habitats
165748,Psycho Raiders
272802,Kradia: The Garden of Adventurers
313952,トワイライトラヴィーン (Twilight Ravine)
207996,TAILITS
180559,The Badger Rainbow Deck
158621,"World War II: Battle for Moscow, 1941"
127156,World War II: Blitzkrieg 1940
176864,World War II: Stalingrad 1942-1943
144352,World War II: Tank Combat
99817,Qwik Game of the Wasteland
3947,Cannibal Pygmies in the Jungle of Doom
6583,Kung Fu Samurai on Giant Robot Island
23654,Scurvy Musketeers of the Spanish Main
8310,The American Aces
240016,Munchkin Collectible Card Game: Cleric & Thief Starter Set
258171,Munchkin Collectible Card Game: Introductory Set
240026,Munchkin Collectible Card Game: Ranger & Warrior Starter Set
240025,Munchkin Collectible Card Game: Wizard & Bard Starter Set
258069,Rick and Morty: Mix-up
336592,Fou Fou Fou!: Plaisir d'offrir!
270144,The War: The Pacific 1941-45
169062,Monsters vs. Heroes: Victorian Nightmares
88190,Hurtgen: Hell's Forest
18401,Wacht Am Rhein
258376,The Refuge: Terror from the Deep
276161,MOON
220547,Sparkle*Kitty
67912,Manimals: Australien & Neuseeland 1
32414,Manimals: Europa 1
185073,Manimals: Loro Parque 1
39195,"Manimals: Ozeane, Küsten & Pole 1"
185074,Manimals: Serengeti-Park Hodenhagen
41897,Manimals: Stuttgarter Wilhelma 1
238211,Manimals: Tierpark Hellabrunn
209750,Manimals: Zoo Leipzig
31074,Flagship: Coyote Stands
256515,Trilobite: Family Game
78,"WestFront: The War in Europe, 1943-45"
274080,Yomi Starter Set: Midori versus Setsuki
65587,Der HeidelBÄR: Kuh-Erweiterung
137596,Der HeidelBÄR: Wald und Wiesen Edition
136819,Der HeidelBÄR: Wilde Wasser Edition
136229,War Stories: Liberty Road
228051,"Warhammer 40,000: Heroes of Black Reach"
1552,Illuminati: New World Order
354724,StarDrifter
160044,"Warhammer 40,000 (Seventh Edition)"
341011,Champions of the Galaxy: Tournament of Champions Starter Set
3772,Mystick Companion
8424,"Panzer '44: Tactical Armored Combat, Europe, 1944-45"
156927,The Walking Dead: The Prison – Board Game
291605,Moonstone: Two Player Starter Set
324092,Clash of Deck N°2
324211,Clash of Deck N°3
324478,Clash of Deck N°4
325021,Clash of Deck N°5
191004,My First Stone Age
235838,BAM! Ihr habt es so gewollt!
146496,Bam!: Das unanständig gute Wortspiel
142687,oddball Äeronauts
192625,Halo: Fleet Battles – Covenant Commander Pack
194748,Halo: Fleet Battles – Ensign Edition
192626,Halo: Fleet Battles – UNSC Commander Pack
197617,Halo: Ground Command
164446,Way of the Fighter: Super
101206,Night Drop: 6 June 44
269982,More Game of Quotes: Neue Verrückte Zitate
10653,Pirates of the Spanish Main
265700,Reality's Edge: Cyberpunk Skirmish Rules
317720,Impendium
188181,Avignon: A Clash of Popes
272438,Blockbuster
3093,Croak!
297372,Blowback: Wish You Were Here Part II
297375,The Copycat Files
297373,Parabola: Wish You Were Here Part III
263698,"Rome, GP.: From Camillus to Augustus"
262564,"Rome, IInc.: From Diocletian to Heraclius"
357186,"Rome, LLC.: From Heraclius to Manzikert"
185383,Grant's Gamble: Wilderness Campaign of 1864
185457,Jackson & Sheridan: The Valley Campaigns
219926,Pemberton & Grant: Vicksburg Campaign of 1863
203757,Le Temps des As II
135577,The Invasion of Russia (1812)
234117,Stickman
50381,Cards Against Humanity
242409,Cartooner: The Fast & Furious Game of Drawing Comics
14471,The Terminator Collectible Card Game
278284,Naniwa no Bob Jiten (なにわのボブジテン)
280061,ボブジテンきっず (Bob Jiten Kids)
280060,ボブジテンその２ (Bob Jiten 2)
280062,ボブジテンその３ (Bob Jiten 3)
150014,Pixel Glory
5045,Rommel's War
2904,John Prados' Third Reich
124668,The Dwarves
222063,5150: Alien Fight Night
264205,Ivion: The Hound and The Hare
344117,Ivion: The Knight and The Lady
344118,Ivion: The Sun and The Stars
274533,Throw Throw Burrito
126021,Dropzone Commander
250707,"""Almost a Miracle!”: The Revolutionary War in the North"
2995,Sniper!
243499,Neon
286114,Amerika Bomber: Evil Queen of the Skies
292908,Mistakos: Level up
102652,Sentinels of the Multiverse
289474,Blade Rondo Grim Garden
267250,Blade Rondo Night Theater
326440,Blade Rondo: Frost Veil
326441,Blade Rondo: Lost Dream
168770,Epic PVP: Fantasy
192348,Epic PVP: Fantasy Expansion 1
195400,Epic PVP: Fantasy Expansion 2
1540,BattleTech
9135,Advanced European Theater of Operations
41614,Advanced European Theater of Operations: Africa Orientale Italiana
229319,Human Interface: Be a Better Human
5197,Helltank Destroyer
72086,Adventures in the Lost Lands
183033,Chain Reaction: 2015 Edition – Man-To-Man Combat Rules
196634,Nightmare Forest: Alien Invasion
228075,Hossa! Lobgesang
329607,Baseball Highlights: The Dice Game
329458,The Suits: Cthulhu
287345,The Suits: Season 1
292961,The Suits: Season 2
191720,Eye Know Mitbringspiel
312529,Charty Party: All Ages Edition
249810,Reign of Terror: The Protoan
163175,Yashima: Legend of the Kami Masters
264669,Antietam 1862
292962,The Suits: Season 3
221372,Rick and Morty: Close Rick-Counters of the Rick Kind Deck-Building Game
260630,Midnight Legion: Portal of Life
222338,Midnight Legion: The World Reborn
263171,7TV: Apocalypse
282596,7TV: Pulp
191528,Soldier Emperor: Indian Empires
93895,Dwarf King's Hold: Dead Rising
258301,Universal Fighting System
288083,Hipatia
345946,Mary Anning
165046,Slavika: Equinox
335957,Emojito Party!
248781,Colosseum Alter of the Sun
185456,Lee's Invincibles: Gettysburg Campaign of 1863
5940,Bug Hunter Sniper!
6470,Hetzer Sniper!: Sniper Companion Game #1
6765,Sniper! Special Forces: Sniper! Companion Game #2
350104,森林守護者外傳：巡山員 (Forest Guardian Gaiden: Mountain Ranger)
227088,Commissioner Victor: Case of Elusive Smugglers
225099,Commissioner Victor: Case of Missing Alfred Worthapenny
8957,Renegade Legion: Centurion – Blood & Steel
2520,Renegade Legion: Interceptor
10467,Renegade Legion: Leviathan
199502,Table Air Combat: A6M-2 Zero
199503,Table Air Combat: A6M5 Zero
199847,Table Air Combat: B-17F Flying Fortress
300250,Table Air Combat: B-24J Liberator
199696,Table Air Combat: Bf-109E
199697,Table Air Combat: Bf-109F Franz
199702,Table Air Combat: Bf-109G
199795,Table Air Combat: Bf-110C
286726,Table Air Combat: C.200 Saetta
288243,Table Air Combat: C.205 Veltro
262202,Table Air Combat: CR.42 Falco
312037,Table Air Combat: D3A Val
199848,Table Air Combat: F4F-4 Wildcat
199850,Table Air Combat: F4U-1A Corsair
199851,Table Air Combat: F6F-5 Hellcat
199796,Table Air Combat: Fw-190A8
199797,Table Air Combat: Fw-190D
202713,Table Air Combat: G4M Betty
199028,Table Air Combat: He-111
199027,Table Air Combat: Hurricane Mk.I
286730,Table Air Combat: I-16 Ishak
223622,Table Air Combat: Il-2 Shturmovik
199535,Table Air Combat: Ju-87B Stuka
199501,Table Air Combat: Ju-88
199029,Table Air Combat: Ki-43 Oscar
311770,Table Air Combat: Ki-44 Tojo
300251,Table Air Combat: Ki-61 Tony
199505,Table Air Combat: Ki-84 Frank
286734,Table Air Combat: Lancaster
268029,Table Air Combat: Me-163 Komet
203627,Table Air Combat: Me-262 Schwalbe
286763,Table Air Combat: MiG-3
286778,Table Air Combat: Mosquito Bomber variant
286775,Table Air Combat: Mosquito Fighter variant
199612,Table Air Combat: P-38L Lightning
204894,Table Air Combat: P-40E Kittyhawk
199889,Table Air Combat: P-47D Thunderbolt
199894,Table Air Combat: P-51D Mustang
231719,Table Air Combat: PBY-5 Catalina
199898,Table Air Combat: SBD-3 Dauntless
286728,Table Air Combat: SM.79 Sparviero
199129,Table Air Combat: Spitfire II
199504,Table Air Combat: Spitfire V
199833,Table Air Combat: TBF-1 Avenger
213584,Table Air Combat: U-2 Kukuruznik
288240,Table Air Combat: Walrus
223625,Table Air Combat: Yak-7
316760,Assault on the Marmot King
270906,Cruel Seas: Rulebook
184170,DiceWar: Light of Dragons
260711,BARPIG: After Hours
2180,Flagship: Prometheus Unchained
8325,The Desert Fox: Rommel's Campaign for North Africa April 1941-December 1942
253680,Siege of Tenochtitlan 1521 & The Noche Triste 1520
9354,Privacy
38062,Privacy 2
3699,Killer Bunnies and the Quest for the Magic Carrot
358082,Riot Quest: Arena Miniatures Game
313893,Riot Quest: Wintertime Wasteland
258562,SEVEN: 4 Players Expansion
186751,Mythic Battles: Pantheon
355200,Marvel Zombies: X-Men Resistance
143323,Stak Bots
357915,IT Startup: Office Lockdown
35497,Fauna
5383,MechWar '77: Tactical Armored Combat in the 1970's
206175,Braintopia
237629,Cortex Challenge 2
261355,Cortex Challenge 3
127493,Bolt Action
155315,New York 1776
247949,Red Tide South
256589,Rallyman: GT
140779,Guardians' Chronicles
5222,Old Town
143928,Royal Strawberries
261603,FootClub Ligue
175621,Epic Card Game
56320,Spearpoint 1943
172599,Theomachy: The Ancients
193660,Little Monsters
130680,iKNOW
352605,Moving Pictures: Dinosaur Outbreak!
222643,The Lady and the Tiger
321241,Pocket Paragons: AEGIS
321240,Pocket Paragons: Origins
321244,Pocket Paragons: Rivals of Aether
321242,Pocket Paragons: Temporal Odyssey
235655,Dragon's Breath
53723,Der HeidelBÄR
284289,Wing It: Beyond
2800,The Ironclads: A Tactical Level Game of Naval Combat in the American Civil War 1861-1865
26233,Manimals
330746,Wizards of Mickey: First Age
287135,Physical Elements: Advanced
224271,Yogi
202585,Ophidian 2360: Survival of the Fittest – Mental Block vs. Warrior's Resolve
191619,Ophidian 2360: Survival of the Fittest – The Art of War vs. Otherworld Allies
202574,Ophidian 2360: Survival of the Fittest – War Machine vs. Bio-Hazard
8829,Nobody Is Perfect
228,Lunch Money
329429,Streets Of Steel: Rush 'N Scare
3837,Rat-a-Tat Cat
357253,Haste Worte?: Das 2. wortreiche Würfelspiel
246763,Sneaky Cards 2
202302,Platoon Commander: Korea 1950
187431,Poland Strikes!
187002,Storms in the East: Finland-Romania 1944
139443,Superfight
309708,Karty Dżentelmenów: Epizod Czwarty
216360,Karty Dżentelmenów: Epizod Drugi
335858,Karty Dżentelmenów: Epizod Piąty
335859,Karty Dżentelmenów: Epizod Szósty
309709,Karty Dżentelmenów: Epizod Trzeci
647,Mystick Domination
288271,Poten
172597,Theomachy: The Warrior Gods
131332,Berserk: War of the Realms
177131,More Curses!
192924,StoryLine: Fairy Tales
263317,Drinking Quest: Liquor Before Honor
201046,Dice of Crowns
256397,more dude
23686,Gift Trap
211202,Legendary Showdown: Gamer's Quest
173673,Legendary Showdown: Machines & Magic
244338,Legendary Showdown: Presidential Edition
169558,Noches de Sangre
256944,Drinking Quest 2: Yeddy Vedder's Yeti Adventure
256945,Drinking Quest 3: Nectar of the Gods
300399,Mixtape Massacre: Escape From Tall Oaks
310892,Monty's D-Day
322421,Aqua Garden
310968,Bite and Write: The Treaty of Rodentia
3667,Star Fleet Battle Manual
9784,Cold Days in Hell
7622,Morsecode ···–
18099,Pearl Harbor
264171,Truco o Trato
18701,Ludus Gladiatorius
218314,3 Secrets
287736,Complicated Board Game the Card Game: Time 2 Play
7020,Battle Stations: An Operational Game of Modern Seapower
222732,Relic Knights: 2nd Edition
311022,Marvel Battleworld Battle Ball
311167,Marvel Battleworld Mega Pack
226464,Castle Assault: Fell Fire Forge
332778,Beyond Humanity: Astrominers
63015,Mapominoes: Africa
113067,Mapominoes: Americas (N & S)
33024,Mapominoes: Europe
232509,Feelinks
218824,Game of Quotes: Verrückte Zitate
152952,Hawken: Real-Time Card Game
141430,Geek Out!
215287,Geek Out! Family
156420,Geek Out! Pop Culture Party
207956,Xēko Mission: China
208082,Xēko Mission: Costa Rica
207957,Xēko Mission: Indonesia
159501,Hull Breach: Corporate Wars
138730,Hull Breach: In Defiance of Dictators
23063,Alesia 52 B.C.: The Jurassian Hypothesis
188347,Karty Dżentelmenów
165812,Nightmare Forest: Dead Run
347299,ZU Tiles: Hime Starter Set 2
177378,Kieszonkowy Geek
205475,Tark Laps Taskus
179457,Tark Mees Taskus 2
256510,Tark Naine Taskus
9787,Beer Money
158973,Albion's Legacy
339004,Albion's Legacy: Deluxe Edition
35678,Land Ironclads
321114,Instacrime: Casino
4266,Troy
158988,Última Fortaleza
30111,Ludus Gladiatorius 2
334580,Zik: Volume II
183153,Trickster: Starship
183154,Trickster: Symbiosis
179593,Trickster: Tianxia
259709,RPGQuest Dungeons
5200,Helltank
350065,Lords of Vaala: Armies of Blood and Dreams
267832,Blanc-Manger Coco 2: Le déluge
331948,Blanc-Manger Coco 3: La petite gâterie
353475,Blanc-manger Coco: Au fond du trou
353474,Blanc-manger Coco: La Culture G
353473,Blanc-manger Coco: La Gaule
268411,Blanc-Manger Coco: La Geekerie
216706,Blanc-Manger Coco: La Pilule
200727,Blanc-Manger Coco: La Recave
328148,Blanc-Manger Coco: Le Coming Out
267185,Blanc-Manger Coco: Le Petit Ballon
269610,Blanc-Manger Coco: Pot de départ
216707,Blanc-Manger Coco: Poteau Rentrant
269612,"Blanc-Manger Coco: Salade, Tomate, Oignon"
295089,Zeus on a Moose
262933,Button Men: Murderers
255618,dude
9790,Triumph & Fall of the Desert Fox
10934,The Game of Things
63014,Mapominoes: Asia & Australasia
176739,Anno Domini: Scienza e Natura
198741,Roll For It Express: Watch It Played Promo
193328,Blanc-Manger Coco
138729,Hull Breach: Loyalty & Vigilance
282058,Innsmouth 32
313543,Something Wild!
7614,A World at War
130882,Cardline: Animals
163277,Cardline: Dinosaurs
153723,Dr. McNinja's Legendary Showdown
266526,Quirk! Hallows
245539,Quirk! Legends
282135,Think It Up! Party
269614,Think It Up! Pictures
232118,Trailer Park Boys Park Wars
25476,Hooker and Lee: The Battle of Chancellorsville
256398,Game to Pick a Game: Orc Council
275805,TMNT HeroClix: Heroes in a Half Shell
356339,TMNT HeroClix: Shredders Return
30080,Advanced Salvo! 1939-1941
315163,Classic 3 Game Naval Set
99969,Great War Salvo!: Solitaire Tactical World War I Naval Game
39894,Mediterranean Salvo!
33369,Pacific Salvo!
192579,Salvo! River Plate
180951,History of War: Szenario Westfront 1944
267174,Verdammt Nochmal: 50 Shades of Shit Edition
267173,Verdammt Nochmal: Echt Beschissen Edition
309030,The Second Most Perfect Moment
306230,Operation Rösselsprung 1944
329779,My Hero Academia: League of Villains
125675,Doctor Who: The Card Game
42636,Gemischtes Doppel
105181,Gemischtes Doppel 3
305685,Gemischtes Doppel 4
25477,"Fredericksburg: The Union Repulsed, Dec. 13, 1862"
5900,Aliens Predator
117815,Mapominoes: United Kingdom
311078,Crime Letters
196379,Shit Happens
255310,Shit Happens: 50 Shades of Shit
343029,Shit Happens: Shitty ways to die
176850,Human Interface: Nakamura Tower
277124,Naruto Boruto Card Game: Naruto & Naruto Shippuden Set
277126,Naruto Boruto Card Game: Naruto Shippuden & Boruto Set
181906,Bam!: Extrahart
303434,Movie Plotz: Cult Films
208890,Movie Plotz: The Sequel
160545,Crazier Eights
236869,Crazier Eights: Avalon
302397,Crazier Eights: Olympus
258538,Crazier Eights: One Thousand & One Nights
316408,Who's the Dude: Now's Not Time for Correctness
224750,Numeracy Legends and The Gluttony Dragon
224749,Numeracy Legends and The Zerda Fox
102197,Cookie Fu: Grandmaster Chi Battles
255256,Horus Heresy: The Battle for Prospero
255335,Shit Happens: Too Shitty for Work
62126,bOOLeO N-Edition
318059,Lost In Jurassica
191077,Gierki Małżeńskie
209853,Crazier Eights: Camelot
332667,The Atlanta Campaign: Peachtree Creek & Jonesboro
200294,Squillo Time Travels: Satiri e Baccanti
180311,Squillo: Marchettari Sprovveduti
225313,Spoilers: The Beginning
188601,Spoilers: The Game
35473,Pomorze 1939
40916,Suwalszczyzna 1939
11511,Savage Station
40808,J'te Gage Que... 2
184671,BEARanoia! Princess Promo
212685,EverZone: Colony Assault
226054,The Greater Debate
43151,"Revenge of the B-Movie 2: Monsters, Mutants and Mayhem"
300573,Hobiti: Dlouhé svátky
313695,Lost In Straya
304021,Lost in Valhalla
257643,Galatune: Duality
331409,Beyblade Burst Rise Hypersphere Vertical Drop Battle Set
70128,Gemischtes Doppel 2
156441,Hero Brigade: Hero Harder
99120,The Walking Dead: The Board Game
212310,Pick Your Poison
66045,Scary Tales: Big Bad Wolf vs. Cinderella
42132,Scary Tales: Little Red vs. Pinocchio
41334,Scary Tales: Snow White vs. The Giant
129649,Top-A-Top Plus
22042,Da Vinci's Challenge Card Game
169987,Maximum Throwdown: Overload
2838,Loaded Questions
51630,Loaded Questions On The Go
28508,Loaded Questions: Adult Version
93289,Česko Evropa
173018,Grimslingers
30331,Weapons & Warriors Castle Storm / Pirate Clash Game
861,Weapons & Warriors:  Castle Combat Set
173130,Go Fish Yourself:  Naughty Edition
173131,Go Fish Yourself: Fishy Edition
176502,Awesome Kingdom: The Tower of Hateskull
194534,Awesome Kingdom: Mines & Labyrinths
264921,Crocoparty Adult edition
31,Dark World
1778,Dark World: Dragon's Gate
295605,Trip 1907: Forbidden Mine
217887,I Can't Even With These Marvelous Supers
217886,I Can't Even With These Spectacular Supers
255173,Pirates: The City of Skulls
158473,Arkana Miłości: Dominacja
19696,Taverne de la Licorne
136143,Squillo
150276,Squillo: Bordello d'Oriente
234202,Konito ? 2
234201,Konito ? TV
2102,Project CIA: The Secret Formula
202829,Putin's Northern War: The Coming Struggle for Finland
187988,Pyramid Arcade
259554,Spoilers: Popcorn Edition
27155,J'te Gage Que...
19697,Taverne de la Crypte
338725,Amigos de Mierda 2
4076,Management Material (General Office Edition)
65401,Bethump'd with Words: Book Edition
63814,Bethump'd with Words: Voyager Edition
178524,Japanese: The Game – Storyteller Deck
192556,Japanese: The Game – Tokyo Edition
250718,Pick Your Poison: NSFW Edition
200610,Million Dollars But... The Game
246329,Million Dollars But... The Game: Community Pack
306418,Million Dollars But... The Game: Con-Crud Booster Pack
306415,Million Dollars But... The Game: Expansion Pack II
306416,Million Dollars But... The Game: Holiday Pack
306417,Million Dollars But... The Game: Million Pounds Although
318409,"Million Dollars, But... The Game 80's Expansion Pack"
287303,Action Pups!
64556,M.I.G 4
58574,M.I.G Familj
37225,M.I.G. (Volume 3)
15519,M.I.G. Volym 2
297203,Mini-M.I.G. 2
32399,Mini-MIG
163867,Ancients
209700,Epic Roll: Eclipse
6404,Seven Days Battles
286817,Find the Pickle: Forfeits Edition
943,Ligretto
19040,ChiZo RISING
8191,Snail Race
2103,Project KGB: The Double Agent
220697,Stratos: Light in the Darkness
178958,The Lords of Rock
286748,Bookworm: The Dice Game
321145,Blurt!: Sports Game
269074,Limite Limite: Gold
269038,Limite Limite: Limite
39564,ego
270229,Dodoresque: Cherry Blossom
286331,Dragon Hunters
310781,Legends of Signum: The Cursed Forest
299798,Spanish Civil War Battles: Vol. 1 – Brunete & Jarama
199935,POOP: Public Restroom Edition
155081,POOP: The Game
10432,Hercules: The Legendary Journeys
244811,Z First Impact Opus 1 Chapter 2
192817,The Black Knights Adventure
203213,The Red Dragon's Lair 2: Pharaoh's Tomb
178707,Seas of Iron Rising Sun
86073,5 Second Rule
159890,Taggle d'amour
2275,Airlines
8484,Xena Warrior Princess: The Board Game
302337,The Woman's Game Trivia Card Set
204429,More Bloody Nights
331752,Oppai Go: Fantastic Breasts and Where to Find Them
942,Snail's Pace
242200,Killer Bunnies and the Ultimate Odyssey: Animals Starter Deck
242199,Killer Bunnies and the Ultimate Odyssey: Crops Starter Deck
242197,Killer Bunnies and the Ultimate Odyssey: Elementals Starter Deck
242196,Killer Bunnies and the Ultimate Odyssey: Energy Starter Deck
242202,Killer Bunnies and the Ultimate Odyssey: Heroic and Azoic
242194,Killer Bunnies and the Ultimate Odyssey: Land Starter Deck
242201,Killer Bunnies and the Ultimate Odyssey: Lively and Spry
242193,Killer Bunnies and the Ultimate Odyssey: Technology Starter Deck
141523,Killer Bunnies: Heroes vs. Villains – Blue Starter Deck
2458,Battle Cattle: The Card Game
159064,Trivial Pursuit: Family Edition – Bite-Size
117784,Army vs. Aliens
151068,Robots vs. Dinosaurs
150160,Zombies vs. Wrestlers
203019,Million Dollars But... The Game: Expansion Pack 1
7259,Management Material: Information Technology Edition
35173,Pop the Pig
236694,Aku Ankka matkapeli
26291,Scene It? Warner Brothers 50th Anniversary
314549,Scene It?: Game Pack – Movie Edition
355414,Brain Quest: After School Sports
355415,Brain Quest: After School Weird Stuff
305997,Gierki Małżeńskie: Kalambury
305996,Gierki Małżeńskie: Wiem Wszystko
305587,Gierki Małżeńskie: Znamy się
150162,Pirates vs. Ninjas
140271,Maximum Throwdown
354256,The Voting Game: After Dark Edition
223776,Random Encounter: Seas of the Sea Chicken
40650,The Lord of the Rings: The Return of the King Board Game
23907,The Lord of the Rings: The Two Towers Board Game
66044,Scary Tales: Prince Charming vs. Hansel
1126,Car Wars: The Card Game
70267,Klussen met Koeien
17136,DaVinci's Challenge
116938,Pictureka: Disney Edition
75762,ego: love
153766,ego²
313114,Relative Insanity Party Game Expansion/Travel Pack
192265,Disturbed Friends: Mini Game & Expansion
294455,5 Second Rule: Spintensity
218722,5 Second Rule: Uncensored
353892,5 Sekund: Dzieci kontra Dorośli
42223,Partini Mixers: Fast and Fabulous
42222,Partini Mixers: Quick & Quirky
7999,Airlines: United States Set 2
285384,Smart Ass Card Game
290632,Smart Ass Geek Chic
272854,Smart Ass: 90's Nostalgia Card Game
1777,Dark World: Village of Fear
42448,We Didn't Playtest This Either
159500,We Didn't Playtest This Either with Blue Deck and Dice Are Fun Expansions
248205,Dark Legacy: The Rising – Chaos vs Tech
248206,Dark Legacy: The Rising – Darkness vs Divine
248204,Dark Legacy: The Rising – Earth vs Wind
324594,I.Q. 2000 Plus
182604,The Princess Bride: Prepare to Die! Again!!
95607,Killer Bunnies and the Conquest of the Magic Carrot
282074,Killer Bunnies Conquest Adventure
14441,Kinder Bunnies: Their First Adventure
197538,POOP: Party Pooper Edition
297481,If you had to...
4724,The Lord of the Rings: The Fellowship of the Ring
7467,The Lord of the Rings: The Two Towers Board Game
205322,The Oregon Trail Card Game
13805,The Lord of the Rings: The Return of the King
322965,Contarlos
244216,Shark Bite
82138,CSI: Crime Scene Investigation – The Crime Game
353229,What Do You Meme?: The Office
190738,77 ways to play TENZI
289517,Lawyer's Edition Technicality Cards
338731,Trivial Pursuit Coasters
29338,Trivial Pursuit The Music Master Game: Family Pop & Rock Edition
21459,Trivial Pursuit The Music Master Game: The '60s Edition
275452,Trivial Pursuit The Music Master Game: TV Edition
209772,Trivial Pursuit: 007 Edition
216557,Trivial Pursuit: Dinosaurs
340510,Trivial Pursuit: Guinnessin virallinen pelikirja
33066,Pocket Ungame: Teens
231939,The Oregon Trail: Hunt for Food Card Game
104452,The Victory Day
21241,Neuroshima Hex! 3.0
300578,Ice Duo
299309,Nomids
245050,Ascension: Ultimate Collector's Edition
161108,Fleet Commander: 1 – Ignition
212523,Octo
157723,We Didn't Playtest This at All with Chaos Pack Expansion
1421,Lost Worlds
1789,Raiders and Traders: The Heroic Age of Greece
8385,Starship Duel I
22447,The War to End All Wars: The Great War in Africa
6314,Dynamite Nurse
6313,Dynamite Nurse 2: Bloody Temple
6323,Gal Master 1
6320,Gal Master 2
21690,Attila the Hun:  The Roman Empire in the East
7023,West Front: The Campaign in Europe 1943-1945
6625,Seapower & the State
7014,"Lebensraum: The Campaign in the East, 1941-1945"
7193,Foreign Legion: Moulay Ishmael
7192,Foreign Legion: Macta
184457,Jet Fighter
8305,Middle Passage
8303,Passage to Cathay
8302,Pacific Passage
6732,Aces High
4679,Starship Duel II
31219,Kamp Killjoy
311868,Psychotic Settings
14165,Battle of Kalnock
14549,Merlin
126900,WWII Battlezones
257007,NATO 1961: The Berlin Crisis
293527,The Last Sea Battles
297314,High Moon: Dead Reckoning
334826,Inuk
261484,Minuteman
235931,European War Game Series: The French Army
13415,Star Empires
13414,Star Probe
288659,Parcel o' Rogues
2368,Battlecars
2795,Car Wars
13954,Highway 2000
8780,Battle of Stanrey
14546,Crypt of the Sorcerer
14545,Caverns of Doom
9103,Knights and Magick
17476,Fire on the Volga
15236,M.I.G. (Mobile Intelligence Games)
297181,M.I.G. 5
97660,The Boater's Knot Tying Kit
36423,The Fisherman's Knot Tying Game
350968,Bug Squash
350966,Giant Japanese Monster Squash
350964,Mec Squash
350965,Mutant Squash
179222,Panzer Squash
350967,People Squash
2229,Spiel
22432,Africa 1483
14842,Battle for the Factories
314347,World of Motor Racing: 24 Hours at Le Mans
23057,Mysticards: Deck of Ancients
37365,Pterraductyl
14042,Team Work Original
24790,The Napoleonic Wars
1442,Victory in the Pacific
1431,War at Sea (Second Edition)
2952,Trivial Pursuit: Genus Edition
6740,Alaric the Goth: Fall of the Western Roman Empire
17425,Europe 1483
4759,The War to End All Wars: Box Set Edition
19012,Mysticards: Deck of Dragons
9913,"Alésia, 52 Av. J.-C.: César contre Vercingétorix"
7519,The Lord of the Rings: The Fellowship of the Ring Board Game
24371,BWAH! Can't Stop the Signal
24348,BWAH!
24496,Heroes of Western Japan
24495,Champion of the East
20697,Napoleon's Italian Campaigns
27124,Napoleon's Peninsula Campaign
24065,Napoleon's Russian Campaign
4864,Scene It?: The DVD Movie Game
343272,Regista per un giorno: omaggio al cinema 1895-1995
249199,1871:  More Grand Tactical Rules for the Franco-Prussian War
30081,Salvo!
18881,Schildi Schildkröte
8669,Suburban Slasher
217355,Together Balloon
40915,Piotrków 1939
6283,The Ungame
142747,Warrior Heroes: Legends
61731,Days of Infamy
235657,"Welt der Sinne: Hören, Sehen, Schmecken, Riechen, Fühlen"
22674,Mława 1939
14324,Aeronef: Victorian Science Fiction Flyer Combat Rules
4292,The Sword and the Flame
52085,The Sword and the Flame: The Sun Never Sets
15736,The Camper's Knot Tying Game
179735,Breakable
20210,Polywumpus
193589,Berlin 1945
226873,Starmada Unity Rulebook
39412,Batwinged Bimbos from Hell
39411,Renegade Nuns on Wheels
38781,Macho Women with Guns
150441,Bzura 1939
32898,Śląsk 1939
37000,Partini
36687,Revenge of the B-Movie
137834,"Im Osten, voran!"
34597,Sturm Europa!
40943,bOOLeO
6869,Bethump'd with Words
1513,The Republic of Rome
154838,Journey to the Overland
219900,Niemenczyn 1794
70268,Gooische Koeien
35585,Koe zoekt Boer
240372,Newfoundlandia
41604,Chain Reaction 3.0
40474,Larger Than Life: The Game of Pulp Adventures
263282,Death Ride Kursk: III Panzer Korps
154353,Death Ride Kursk: Totenkopf
203398,Ultiem Verlangen: Kinky Edition
144665,TSWW: Barbarossa
144677,TSWW: Mare Nostrum
214465,Warrior Heroes: Warbands
10715,CSI: Crime Scene Investigation – The Board Game
134987,Touhou Shisouroku: Eiyashou-hen
120206,Touhou Shisouroku: Touhou Youyoumu-hen
85429,"Česko, otázky a odpovědi"
41955,Eurooppa Tietopeli
21414,To the Last Man! The Great War in the West
316184,ChaOS Trading Card Game
26855,5150
20586,All Things Zombie
4861,Cookie Fu
198656,TSWW: Operation Battleaxe
159631,TSWW: Singapore
16398,War
299423,Command Combat: Civil War – The Battle of Blackburn's Ford
299432,Command Combat: Civil War – The Battle of Fredericksburg
299282,Command Combat: Civil War – The Battle of Gettysburg
299431,Command Combat: Civil War – The Battle of Shiloh
299428,Command Combat: Civil War – The First Battle of Bull Run/Manassas
299433,Command Combat: Civil War – The Second Battle of Bull Run
248960,5150: Hammer & Anvil
112836,5150: New Beginnings
342761,5150: Star Army – Cestus V
229215,5150: Star Marine
176743,5150: Urban Renewal
109001,5150: Star Army
156768,Samurai Robots Battle Royale
22889,Pictureka!
120207,ไดโนฟาร์ม บิวด์เกม: เปิดฟาร์มสวนสนุกยุคไดโนเสาร์ (Dinofarm Buildgame)
89383,Touhou Shisouroku: Touhou Koumakyou-hen
119931,Dinofarm Buildgame: Let's Build the Mezoic Creature Farm
177052,Spurs and Sprockets: Landships
160714,Spurs and Sprockets: Revolutionary Decks
32183,Asian Fleet
275637,Prelude to Biopunk: Gang Ratta
9391,Challenger II: Ultra Modern Wargame Rules for Battle Group Level Games 1950 to 1995
85633,World War II: Barbarossa 1941
334596,The Replay World of International Athletics: Part 1 – The Track Events
6399,Ancients I
12211,Ancients II
241295,Lackadaisy: The Card Game
201016,Barbarossa 1941
174040,Dystopian Legions: Codename Iron Scorpion
106929,Top-A-Top
177,Advanced Civilization
71,Civilization
133072,Sudan Campaign Wargame
133071,Sudan Battlegame
189340,Martial Arts: The Card Game – Series 2
144495,5150: Fighter Command
296729,5150: Fleet Commander
137687,Charades In-A-Box: 70s
137688,Charades In-A-Box: American
137689,Charades In-A-Box: Canadian
137694,Charades In-A-Box: Celebrity
137690,Charades In-A-Box: Family
137693,Charades In-A-Box: Hollywood
137691,Charades In-A-Box: Party Animal
137692,Charades In-A-Box: Rock and Roll
137686,Charades In-A-Box: 80s
138594,Family Charades In A Box Compendium
57314,All Quiet on the Western Front
66603,Killer Bunnies and the Ultimate Odyssey
33507,Warrior Heroes: Armies & Adventures
163343,TKG ARENA: General Disorder
201554,TKG ARENA: Shrine Wars
175433,TKG ARENA: The Lost Worlds
244149,"Tally Ho! Tactical Air Combat Game, Allies vs Axis 1939-1942"
240870,PMC 2640: Hell on Echidna
166767,Imperial Harvest
137273,5150: Star Navy
102773,TSWW: Balkan Fury
78468,TSWW: Blitzkrieg
228614,TSWW: Day of Infamy
198655,TSWW: Hakkaa Päälle
303864,TSWW: I Shall Return
303867,TSWW: Kamikaze
303862,TSWW: Liberation
303866,TSWW: Operation Watchtower
303869,TSWW: The China Incident
144666,TSWW: Vengeance
145065,TSWW: Madagascar
86406,Star Borders: Humanity
197578,Fall Barbarossa: 1941-1942
74,Apples to Apples
150539,Big Picture Apples to Apples
290161,Imagination: Disney
172218,Imagination: Party
184782,Voobrazhariy: Stars
234034,Going Places in Africa and South America
234035,Going Places in Asia and Oceania
188610,Going Places in Europe
171313,Going Places in North America
188611,Going Places in the World: Globetrotter Edition
153128,"""A Matter of Honor, Sire"""
153122,Marschall Vorwärts!
153232,The Nations Assemble
153234,Trapping the Ogre
74136,Death Ride Kursk: Gross Deutschland
324082,Los Amos del Horizonte
66281,A Fatal Blow
186752,Brave and Noble Fights Expansion: The Battles of Foochow and Pung-do Island
140100,Hero Brigade
113957,Mighty Monsters
159893,ZnajZnak: Monte Cassino – B Zestaw
159894,ZnajZnak: Monte Cassino – C Zestaw
159895,ZnajZnak: Monte Cassino – D Zestaw
159896,ZnajZnak: Monte Cassino – E Zestaw
159897,ZnajZnak: Monte Cassino – F Zestaw
159898,ZnajZnak: Monte Cassino – G Zestaw
159899,ZnajZnak: Monte Cassino – H Zestaw
159901,ZnajZnak: Monte Cassino – K Zestaw
159902,ZnajZnak: Monte Cassino – L Zestaw
159904,ZnajZnak: Monte Cassino – M Zestaw
159900,ZnajZnak: Monte Cassino – N Zestaw
200609,Storyteller Cards: Fantasy
246469,Huzzah! Honey Springs
87104,Arkana Miłości
222227,Poltava 1709: Armémuseum Krigsspel Exhibit
187673,Hérois & Monstros
2001,Trivial Pursuit: Family Edition
123991,Taggle
156784,ZnajZnak: Monte Cassino – A Zestaw
178844,Netherworld's Edge: Keystone
150485,Cat Tower
124132,Spurs and Sprockets
1887,Legend of the Five Rings
252651,ZomBN1: Sewage Panic
177990,Fields of Fire: Movie Monster Madness
142965,TKG ARENA: The Elemental Kings
200740,Elites
1480,Imperator
242485,Ghost Hunter: Angels & Demons
190529,Ghost Hunter: Monsters
245486,Ghost Hunter: Spirits
184953,Ghost Hunter: Vampires
186979,Ghost Hunter: Witches
287463,Lex Saxonum
142503,One Night Werewolf
183679,Knights vs Steambots
173322,Character Quest: Heroes The Card Game – Game Pack #2: Savage Beasts
186517,Character Quest: Heroes The Card Game – Game Pack #3: Haunted Oak
190829,Dungeon Storming: Il Nido di Phirion
168494,Dungeon Storming: La Cripta di Razidar
198263,Dungeon Storming: La Torre di Kunrat
168493,Dungeon Storming: La Tana di Gwarl
66088,Q•bitz
295154,Brainbites: Landmarks
258563,Twigs: 4 players expansion
43022,Yomi
84838,Yomi (Second Edition)
177624,Reclaim Neverland
152943,Going Places
191884,Shopping Queen: Das Kartenspiel
191888,Shopping Queen: Das Würfelspiel
146408,Sentinel Tactics: The Flame of Freedom
172691,Steam Spy: Action and Adventure
172745,Steam Spy: Intelligence and Propaganda
151783,Imagination
172203,Steam Spy: Shadows and Circuits
224328,Showdown! The Samurai Card Game
173057,Go Fish Yourself
213990,Story Time Dice: Fairy Tales
192047,Story Time Dice: Scary Tales
2399,Senet
168031,Character Quest: Heroes The Card Game – Game Pack #1: King's Guard
173484,Twisted Skies: Imperial Edition
173479,Twisted Skies
239455,Trivia on the Go Music
174006,The Cat Box
173929,Box O'Cats
184709,Firestorm Planetfall
129364,Dystopian Legions
85652,Dystopian Wars
196135,Dystopian Wars: Battle for Iceland 2 Player Box Set
19679,Hordes
205874,Future Tales
214824,Win or Go Home
137958,Wild West Exodus
199237,Most Incorruptible Patriot
188217,Het Spreekwoorden spel: Deel 2
194419,Bigside pocket
352166,TKG ARENA: A Rift of Portals
308401,TKG ARENA: Cosmic Alignments
86156,Reverse Charades
193556,Rebuke: My People
176640,Duel Bots Duel Pack: Crimson Spear
176637,Duel Bots Duel Pack: Galaxy Sword
124856,Anno Domini: Penne e Pennelli
271006,"5150: Back Alleys, Bright Lights"
297232,5150: New Hope City PI
186841,Anarcade Deck Building Game: Vector Blue
5298,Curses!
159865,Tark Mees Taskus
180191,Tank Hunter 2e Cmdr
177539,Tank Hunter 2e Jäger
208051,Tank Hunter 2e Monster
293229,Tank Hunter: Girls and Panzer Edition
177537,Tank Hunter 2e
170848,Reclaim Oz
163152,Fields of Fire:  Miniatures Rules for Modern Combat
153470,Japanese: The Game
144735,Seas of Iron
160211,War of Ashes: Shieldbash
16640,Monster Squash
217608,Quatre Bras
200707,True Stories 2
178595,Trickster: Fantasy
36675,Unbreakable
223396,Espada Negra: Juego de Mesa – Edición Gunear
294110,Fire Emblem 0: Three Houses Theme Deck
160950,The Badger Deck
91425,Map It! World Edition
8134,History of War
21783,"History of War: ""Fall Gelb"" Edition"
21370,History of War: Africa Edition
72236,History of War: Allied Expansion
72237,History of War: Axis Expansion
21781,History of War: Italian Expansion Set
20409,History of War: Pacific Edition
134813,History of War: Philippinen 1944
21782,History of War: Russian Expansion Set
351996,Texto 2.0
184775,Karma Crystals: Elemental Battle
183410,Karma Crystals: Move Master
183007,Karma Crystals: Pass The Karma
184776,Karma Crystals: Swarm
205650,Five Minute Delivery: Hamlet #2 – Fnurf
142205,Ronin: Skirmish Wargames in the Age of the Samurai
181898,Herr der Ringe Mau Mau: Mordor
181897,Herr der Ringe Mau Mau: Freie Völker
137348,The Princess Bride: Prepare to Die
182792,Double Play:  Gangsters & Rats
182791,Double Play: Cement Shoes
182794,Double Play: Dodgeball
233943,Double Play: Gorilla Warfare
182793,Double Play: Group Sex
233945,Party People: Holiday Edition
233946,Party People: Sexy Edition
234824,Tossers
233563,Double Play: Genius or Drunk
182790,Double Vision
181151,Karma Crystals: Block Master
261520,Magnio
167855,Battle of Golems: The Algorithmic Card Game
215000,Beyond the Gates of Antares: Strike on Kar'a Nine
213711,Trivial Pursuit: Marvel Cinematic Universe – Data_Archive: Volume_2
8270,Fighter Bomber
259499,La Bataille de Deutsch-Wagram 1809
184443,BEARanoia
174037,Firestorm Planetfall: Battle for Proteus Prime
165485,Ghost Hunter
185000,Trail Words
184999,Trail
32441,Bezzerwizzer
217720,Naturally Disastrous: Discoverable Items Promo Pack
155491,"Brave and Noble Fights: The Battles of the Yalu and Wei-Hai-Wei, 1894-1895"
177123,Anarcade Deck Building Game: Raster Red
207094,Hipster: Teenage Wasteland
13994,Alsace 1944
126419,Cassino 44
27665,Korsoun 1944
38301,Târgu-Frumos 1944
206284,Geo Facts
184440,Sticks and Stones: Platoon-level Combat in World War IV
217253,Labyrint 2.0
322270,Labyrint 3.0
214863,Labyrint Flip
174378,Het Spreekwoorden spel
136144,Martial Arts: The Card Game
94255,Warparty
146451,Wrath of Kings
230839,quizzone stories 2
230840,quizzone stories 3
330332,Wissen & Quizzen: Menschlicher Körper
7861,Soldier Emperor
148209,Slash: Romance without boundaries
7203,Ophidian 2350 CCG
35665,Eye Know
153507,Terra
171545,Shopping Queen
192005,Hunter's Island: Thieves
192007,Hunter's Island: Zombies
192003,Hunter's Island
173248,Story Time Dice
173075,Disturbed Friends
3475,Shadowfist
37906,Firestorm Armada
192460,Life: Adult Years
192459,Life: School Years
176936,Halo: Fleet Battles – The Fall of Reach
158899,Colt Express
156118,The Red Dragon's Lair
170956,The Red Dragon's Lair: Robin Hood the Rogue – Expansion Character
171864,The Red Dragon's Lair: Secret Passage
172730,The Red Dragon's Lair: Secret Passage – Exclusive Kickstarter Pack
184559,Lock 'n Load Tactical: Heroes in Defiance
150005,Lock 'n Load Tactical: Heroes of Normandy
132766,Lock 'n Load Tactical: Heroes of North Africa
184563,Lock 'n Load Tactical: Heroes of the Motherland
99573,Lock 'n Load Tactical: Heroes of the Pacific
18460,Lock 'n Load: Band of Heroes
28284,Lock 'n Load: Heroes of the Blitzkrieg
195740,The Encounter
195348,Jeremy's Raceway
195346,Thunder Bridge
195728,Trinity's Challenge
256476,Out of ConTXT: Raucous Caucus
38159,Ultimate Werewolf: Ultimate Edition
144464,Werwölfe Deluxe
211275,CoolCats & AssHats: Extreme NSFW Booster Pack
193428,Street Fighter: The Miniatures Game
184565,Lock 'n Load Tactical: Bear and the Jackal
25727,Lock 'n Load Tactical: Day of Heroes
185057,Lock 'n Load Tactical: Heroes Against the Red Star
184561,Lock 'n Load Tactical: Heroes of the Nam
176469,REBUKE
38192,Czerwony Huragan (Budziszyn 1945)
180850,Queen of the Hill
327042,Cards Against IT: Series 3
193928,Top Trumps Tournament
59335,Wherewolf
174767,Big Side
236977,Heroes of History: Iron Phalanx vs. Dragonboat Raiders
213856,DC Universe Miniature Game: Batman V Superman Trinity Starter Set
203634,Marvel Universe Miniature Game: Brotherhood of Evil Mutants Starter Set
194813,Marvel Universe Miniature Game: Guardians of the Galaxy Starter Set
207417,Marvel Universe Miniature Game: The Dark Avengers Starter Set
194812,Marvel Universe Miniature Game: X-Men Starter Set
194810,Marvel Universe Miniature Game: The Avengers Starter Set
237496,Timeline: Polska – Gdańsk
193096,Hallux Rigidus
177877,SiXeS
176980,Helionox: The Last Sunset
334606,Dystopian Wars: Hunt for the Prometheus – 2 Player Starter Set
150495,Not A Step Backwards (Ne Shaga Nazad) 1941-1942
157838,Roll For It! Express
204895,Table Air Combat: Flight Operations Manual
223503,Table Air Combat: B-25J Mitchell
304503,Table Air Combat: B-29 Superfortress
312038,Table Air Combat: B5N Kate
286779,Table Air Combat: B-25H Mitchell
286777,Table Air Combat: Bf-110G Night Fighter
1536,Lord of the Fries
258725,Lord of the Fries: Superdeluxe Edition
329324,9DKP: Series 1
330235,9DKP: Series 3
157453,Storyteller Cards
179552,True Stories
163463,ECHO
129346,Ukraina 1941
2122,Vampire: The Eternal Struggle
275654,Vampire: The Eternal Struggle – Anthology 1
275655,Vampire: The Eternal Struggle – Den of Fiends
287195,Vampire: The Eternal Struggle – First Blood: Malkavian
287194,Vampire: The Eternal Struggle – First Blood: Nosferatu
287193,Vampire: The Eternal Struggle – First Blood: Toreador
287192,Vampire: The Eternal Struggle – First Blood: Tremere
287191,Vampire: The Eternal Struggle – First Blood: Ventrue
275652,Vampire: The Eternal Struggle – Heirs to the Blood 1
275653,Vampire: The Eternal Struggle – Heirs to the Blood 2
275649,Vampire: The Eternal Struggle – Keepers of Tradition 1
275651,Vampire: The Eternal Struggle – Keepers of Tradition 2
275656,Vampire: The Eternal Struggle – Libertine Ball
275657,Vampire: The Eternal Struggle – Pact with Nephandi
275658,Vampire: The Eternal Struggle – Parliament of Shadows
281721,Vampire: The Eternal Struggle – Reign of Stanislava
208087,Platoon Commander: India-Pakistan War 1965
218512,Platoon Commander: Poland Strikes
24947,The Spoils
190162,Putin Strikes: The Coming War for Eastern Europe
322131,Tag Team: Uptown Jailbirds vs. Downtown Bullies
75962,Discover Your Lover
189123,Relicblade: Adventure Battle Game
213803,Konflikt '47: British Starter Set
203733,Konflikt '47: German Army Starter Set
236361,Konflikt '47: Japanese Starter Set
213804,Konflikt '47: Soviet Starter Set
203732,Konflikt '47: US Army Starter Set
161682,Le Temps des As
329350,This That & Everything: America
315189,This That & Everything: People
243356,This That & Everything: Places
336057,This That & Everything: Popular Culture
284290,This That & Everything: Things
285388,Super Powered Smash Masters: New Recruits Set
205236,Ultra 7 Extreme
205235,Ultra 7
181429,Five Minute Delivery: Hamlet #1 – Slurgo
174101,Larger Than Life: The Director's Cut – The Game of Pulp Adventures
187012,World Facts
186985,Hipster: The Card Game
26582,Xēko Mission: Madagascar
31926,TAIJI
155994,Movie Plotz
318644,Movie Plotz
137141,Batman Miniature Game
214357,"NNN3: Nippon, Nukes and Nationalists"
175855,Epic Roll
177823,Devil's Run: Route 666
210818,The Plot Thickens: Romance Edition
210817,The Plot Thickens: Sci-Fi Edition
210816,The Plot Thickens: Detective Edition
266845,Battles of Black Cavalry: 10 Cavalry Brigade/1 Armoured Division from Poland to Wilhelmshaven – Hill 262: Chambois 19-21st August 1944
193399,CoolCats & AssHats
10973,Dice Games Properly Explained
165044,EverZone: Strategic Battles in the Universe
184442,Trivial Pursuit: Marvel Cinematic Universe – Data_Archive: Volume_1
209640,"NATO, Nukes & Nazis 2: The War in France & Russia"
81043,Rally Round the King
148744,City of Zombies
187619,Labyrint
183968,Beyond the Gates of Antares: Strike Vector One – The Xilos Horizon
217950,Steal The Show! Act II: Theatrical Party Card Game
90568,Democracy under Siege
224742,Wizards Aren't Gentlemen
312075,Knot Tying Game: Boater's Challenge
256855,Knot Tying Game: Camper's Challenge
31772,2gether
179488,Ligny
211168,I Can't Even With These Monsters
215069,Steal The Show! Theatrical Party Card Game
169102,Slaughterville
67691,Battle of Racławice 1794
246974,Panzer Orders Western Front
176631,Stratos
149896,Alien vs Predator: The Hunt Begins
3439,HeroClix
11229,Star Wars Miniatures
158887,"Fields of Battle Volume 1, The Great Northern War"
181889,Midnight Legion: Operation Deep Sleep
129031,Relic Knights: Darkspace Calamity
260328,Flames of War: Battle of Stalingrad – War on the Eastern Front
180066,Espada Negra: Juego de Mesa – Edición Dormenia
158564,Billionaire Banshee
229037,SimplyClever.Cards Addition 1
229044,SimplyClever.Cards Division 1
229042,SimplyClever.Cards Multiplication 1
229040,SimplyClever.Cards Subtraction 1
172816,Shootout! The High Noon Card Game
216396,"What Ho, World!"
224454,Numeracy Legends and The Rainbow Unicorn
199530,Commissioner Victor: The lost painting case
181521,Warhammer Quest: The Adventure Card Game
161528,The Great Debate
154674,Castle Assault
38639,Wardogs
308856,Ulaya Chronicles: Raptor Claw Island
2734,Hossa!
224146,SimplyClever.Cards Arithmetic
227965,SimplyClever.Cards Counting
229544,SimplyClever.Cards Addition 3
229487,SimplyClever.Cards Division 2
229486,SimplyClever.Cards Multiplication 2
229485,SimplyClever.Cards Subtraction 2
229484,SimplyClever.Cards Addition 2
229545,SimplyClever.Cards Subtraction 3
229546,SimplyClever.Cards Multiplication 3
229547,SimplyClever.Cards Division 3
229556,SimplyClever.Cards Decimal Numbers 1
229555,SimplyClever.Cards Percentages 1
229557,SimplyClever.Cards Percentages 2
229554,SimplyClever.Cards Fractions 1
229567,SimplyClever.Cards Derivatives 1
229563,SimplyClever.Cards Functions 2
229568,SimplyClever.Cards Derivatives 2
229562,SimplyClever.Cards Functions 1
259350,Warhammer Age of Sigmar: Storm Strike
231522,Lanterns: Agent Orange Quest!
231521,Lanterns: Red Dawn Board Game
359275,Hostile Environment: Special Forces
286429,Ultimate Troll Episode 2: Steampunk Tycoon
191313,quizzone stories
330839,Spellslingers X Otherworlds
230310,Lanterns: Alpha Demo Decks
262857,Canon: The Card Game – Old Testament Pseudepigrapha Deck
262856,Canon: The Card Game – Textual Criticism and Apostolic Fathers Deck
133689,"Fall Blau: Army Group South, June to December 1942"
232093,Gobby +
232092,Gobby
144874,Trailer Park Boys Board Game
247732,Strike for Berlin
193831,ColorFox
119472,Konito?
235225,Galacta: Galactic Rebellion
235213,Galacta: Star Commandos
34884,Planet der Sinne
12975,Great European War Game
19537,Sun of York: The War of the Roses 1453-1485
315599,Conspiracy Theory Travel Edition
39636,Aku Ankka
203800,Dust 1947
194627,Heroes of History
312020,Batman Miniature Game (Second Edition): The Dark Knight Rises
250559,Blood in Space
308694,Blood in Space: 2nd Edition
262988,Booz Mooz: The Woolf Pack
237855,Cuncuna Friends 2
237853,Cuncuna Friends 1
13293,Vs System
173806,Trivia On the Go: America
202204,Munchkin Collectible Card Game
70301,Newfoundlandia III: The Photo Game
143761,PMC 2640
129033,Nordguard: The Card Game
19643,World of Warcraft Trading Card Game
158876,British vs Pirates: Volume 1
175627,Mangaka: The Fast & Furious Game of Drawing Comics
251994,Gangs of Rome: Blood on the Aventine
271541,Gangs of Rome: Bread & Circuses
203958,This That & Everything
183405,Ember: The Magical Card Game
164627,Brewin' USA
143050,Battle over Britain
341823,Contame: Inicios
172707,Z First Impact: Opus 1 Chapter 1
350129,My English is under all pig
231559,Quirk!
157625,Huzzah! Four Battles of the American Civil War Vol. 1
279531,Army of Flanders
192909,Sneaky Cards
220382,Panzer Orders
147537,Malifaux (Second Edition)
232792,Red Horde 1920
155412,Red Tide West: The Cold War & World War III in Europe
240142,Dark Legacy: The Rising
200999,Colosseum
42101,All Things Zombie: Better Dead Than Zed!
133748,All Things Zombie: Final Fade Out
26688,1870: Grand Tactical Rules for the Franco-Prussian War
168250,Battle for Sularia
114438,"But Wait, There's More!"
250439,Clades Prehistoric
250437,Clades
237498,Blood on the Blade
38836,"""Tarleton's Quarter!"""
243312,Gangs of Rome
237551,The War of the Worlds: England
254257,Out of Line: Nature Calls
162744,ZomBN1: A Board Game all About Zombie Infested Brighton
253296,Royal Cup: Firemaker
252992,Royal Cup: Icebreaker
241828,Cortés et la conquête du Mexique 1519-1521
190700,Team Yankee
352428,Vossa Excelência: Expansão Calamidade Pública
252524,Out of Line: Food Trucks!
254504,Girl Genius: The Works – Castle Heterodyne
254502,Girl Genius: The Works – Master Payne's Circus of Adventure
254505,Girl Genius: The Works – The Siege of Mechanicsburg
254500,Girl Genius: The Works – Castle Wulfenbach
254868,ArenaBots
255171,Pirates: The Great Chase
267303,Pocket Investigations: Babylon
8863,Horus Heresy (2003)
255817,Loaded Questions The Game
255816,Loaded Questions: Adult Version
321092,Until the Bitter End:  Tanks
284849,Until the Bitter End: US Airborne
324346,Evil Baby Overkill
256399,Game to Pick a Game: The Gateway Edition
193225,Out of ConTXT
1246,Insecta
274217,News@11: News Flash Promo
216855,Knot Tying Game: Fisherman's Challenge
182225,Drinking Quest
10375,Cuban Missile Crisis
202975,Galatune
232827,Rick and Morty: 100 Días
260469,Grand Manoeuvre Nineteenth Century Wargames Rules Variants (1811-1851)
226997,South China Sea
296453,Universal Fighting System: Cowboy Bebop Collectible Card Game
37882,Universal Fighting System: Darkstalkers
160403,Universal Fighting System: Mega Man
257151,Universal Fighting System: Mortal Kombat X CCG
19552,Universal Fighting System: Penny Arcade
37884,Universal Fighting System: ShadoWar
37883,Universal Fighting System: SNK Playmore
22594,Universal Fighting System: Soul Calibur III
62234,Universal Fighting System: Soul Calibur IV
22476,Universal Fighting System: Street Fighter
56275,Universal Fighting System: Warhammer – Age of reckoning Promo
269172,Crazier Eights: Shahrzad
331277,Dragon Dreams: Black Corrupt Nightmare Deck
331278,Dragon Dreams: Green Nature & Dream Summoning Deck
331276,Dragon Dreams: Purple Exile & Mischief Deck
331275,Dragon Dreams: White Wolf Allegiance Deck
331261,Luminous Ages: Dragon Mode
151357,SEVEN
170203,Twigs
296710,Judge Dredd Miniatures Game: Rulebook
265672,Strontium Dog: Rulebook
259389,Drinks With Frenemies: NSFW Edition
259390,Drinks With Frenemies: Retro Edition
259388,Drinks With Frenemies: Original Edition
184590,La Bataille d'Aspern-Essling 1809
226237,RPGQuest: A Jornada do Herói
223123,Flames of War: Battle of El Alamein – War in the Desert
258123,Grand Manoeuvre Napoleonic Wargames Rules
220478,BARPIG
261460,勇者アーキテクト 2R (Brave Architect 2R)
261458,勇者アーキテクト 2B (Brave Architect 2B)
12064,Ranger: Rules for the French-Indian Wars
183480,Magination
237079,FootClub
305975,UnderWorld: Los Angeles
2290,Good & Bad Ghosts
211703,World At War 85: America Breached
211701,World At War 85: Blood and Fury
218671,World At War 85: Red Lightning
209877,World At War 85: Storming the Gap
211704,World At War 85: Strike Force Africa
211702,World At War 85: The Untold Battles
218673,World At War 85: When the Lion Roars
145418,Crabs Adjust Humidity: Volume One (fan expansion for Cards Against Humanity)
218924,Guards Against Insanity: Edition 5
196676,"Rome, Inc.: From Augustus to Diocletian"
231787,Canon: The Card Game – New Testament Edition
231786,Canon: The Card Game – Old Testament Edition
237500,Booz Mooz
195180,Universal Rule
70222,7TV
206437,Drinking Quest: Journey into Draught
268372,ダイスガールズ Track 3 (Dice Girls Track 3)
268373,ダイスガールズ Track 4 (Dice Girls Track  4)
268498,ダイスガールズ Track 5 (Dice Girls Track 5)
268282,ダイスガールズ Track２ (Dice Girls Track 2)
322146,Arcmage: Enchanted Realm
322157,Arcmage: New Horizons
351269,Arcmage: Shadow Waves
314831,Berlin Manalaysay's Combatron: The Card Game Rise of Megadeath
230955,El Aprendiz de Merlín
222291,Ivion
189663,Dungeon Solitaire: Labyrinth of Souls
295407,Invictus: Odin
333132,Invictus: the Emperor
295406,Invictus: the Pharaoh
333130,Invictus: the Tlatoani
107549,Crocodile
308345,The Crystal Maze: Eastern Zone Mini Game
189030,De Slimste Mens ter Wereld: Het Bordspel
265436,Cute AlieNation
259015,"Strontium Dog: The Good, the Bad, & the Mutie Starter Set"
146387,This Is Not a Test: Post-Apocalyptic Skirmish Rules
36903,Squadron Strike!
268926,Pop Team Epic Kuso Card Game Vol. 2: Saikyou Kuso Shinka!
266506,Beast Masters Duel: Tree and Tide
266505,Beast Masters Duel: Sun and Stone
335454,Iconoclash: Battlegrounds
335367,Iconoclash: Castle Clash
343565,Iconoclash: Cross-Dimension Zero
345070,Iconoclash: LevelMAX
283488,Six Gun Showdown: Single Shot
211169,Battles of Black Cavalry: 10 Cavalry Brigade/1 Armoured Division from Poland to Wilhelmshaven
169675,L'osti d'jeu
128425,Asteriated Grail
237082,Verdammt Nochmal
267246,Blade Rondo
255222,Apocalypse: Sign of the Cross
267749,Novice Novice TRPG Steampunk
267746,Novice Novice TRPG The Horror
267744,Novice Novice Table Talk Role Playing Game
324221,トポロメモリー3 (Topolomemory 3)
324220,トポロメモリー２ (Topolomemory 2)
263353,ダイスガールズ (Dice Girls)
226860,Battle Kittens
321206,Battle of Adrica: Expansion
268851,Adventure Post: A Path of Self-Learning
316055,The Necronomicon Gamebook: Carcosa
316499,Katag: Clan of Nature
268770,Adventure Post: 2018 Holiday Teaser
266004,Pop Team Epic Kuso Card Game
193329,Limite limite
343269,"Huarikasaya Kalatakaya!: The battle of Strongest, Bolivia vs Paraguay, May 1934."
237975,Think it Up Two!!
178038,Think It Up!
242221,Think it Up! Junior
67084,The War: Europe 1939-1945
254494,Dodoresque
272172,Discovery: The Evolution Game – Prehistory
270680,Cruel Seas: Starter Set
192733,5150: Fringe Space
270660,Discovery: The Evolution Game – Antiquity
29375,"Redvers' Reverse: The Battle of Colenso, 1899"
309971,Night Class: Episode Three
309970,Night Class: Episode Two
295483,ワイルドハントフェス (Wild Hunt Festival)
27389,Smart Ass
109922,Combat Infantry: WestFront 1944-45
286753,Diwan
344034,Hyper Battle Kaiju Fight: Invasion Of The Saucer Kaiju Battlepack
279908,Hyper Battle Kaiju Fight: Snow & Ice Battlepack
344130,Hyper Battle Kaiju Fight: Wave 2 Battle Pack
193278,Yomi Starter Set: Grave versus Jaina
196712,Battlestations: Second Edition
256607,News@11
275033,Escape: Rebellion
274908,Escape: Revolution
126020,Biopunk Urbwar
198142,TMNT HeroClix: Mouser Mayhem Starter Set
326659,Top Tale: Tall Tale
326658,Top Tale: The O.G – Volume 2
13223,The Best of Chronology
59576,Weiß Schwarz
283746,Godzilla Card Game
277404,Lost Tales of Cthulhu: Dunwich of the Dead
277403,Lost Tales of Cthulhu: Dunwich
224992,ボブジテン (Bob Jiten)
278783,Almanac: The Dragon Road
246606,Army of Italy: Le Divertissement Royale
246605,Army of Roussillon: Les Folies d'Espagne
273932,Hyper Battle Kaiju Fight: Wave 1 Battle Pack
280245,Army Group Center
280249,Army Group South
280243,Army Group North
280634,Bushido: Risen Sun – Two Player Starter Set
280633,Bushido: Risen Sun
281741,OpozO: Battle Warlords – Game Master
281740,OpozO: Battle Warlords – Game Player
125832,Pittsburgh 68
230792,Roswell 51
293053,Dead Men's Revenge
282674,Muffins Among Us: Food Truck Edition
282443,Muffins Among Us
311853,SPQR: A Clash of Heroes Starter Set
266623,Six Gun Showdown
284180,D-Day Gold and Juno Beaches: Across the Orne
284178,D-Day Omaha Beach: Beach to Bocage
284179,D-Day Sword Beach: On to Caen
284177,D-Day Utah Beach: Landing & Linkup
234274,Wing It: The Game of Extreme Storytelling
290508,Wissen & Quizzen: Die Welt der Saurier
285749,Wissen & Quizzen: Gefährliche Raubtiere
290507,Wissen & Quizzen: Retter und Helfer
285750,Wissen & Quizzen: Schöne Orte Europas
269556,FiveCore Brigade Commander: Brigade Level Warfare in the 20th Century
256021,Until the Bitter End
320062,Broken Skies
204657,Super Powered Smash Masters
284360,Wissen & Quizzen: Spannende Erfindungen
191301,The Walking Dead: All Out War
265840,The Walking Dead: All Out War Collector's Edition
180937,Nut Job
286277,Afrika Army Korps II: Torch
286278,Afrika Army Korps III: Tunisia
286276,Afrika Army Korps
253048,Legends of Signum: Battle for Vallor
337861,Tank Throwdown
230560,Ultimate Troll Episode 1: Dawn of the Voyaging Troller
193272,Bücherwurm
273646,Word Hunting
240004,Find the Pickle
286896,BS Button Game: Expansion Pack
286895,BS Button Game
277134,One Night Ultimate: Bonus Pack 4
213834,Four Elements
231837,Action Cats!
345931,The Shivers: StoryCrafter's Kit
165652,De Sang et de Tourbe
320,Scrabble
165628,HINT
239435,Red HINT
290769,Sell Outs
203673,Complicated Board Game the Card Game
232446,Eureka!
286422,Flip
256422,Warhammer Age of Sigmar (Second Edition) Core Rules
13845,Charlie's Year
94259,Charlie's Year Redux
303246,Nineveh: No Mercy
303247,Nineveh: Tug-of-War
211453,Ecogon
296759,Hour of Need: Divine Law
290626,Developing the Portable Wargame
294286,The Portable Napoleonic Wargame
193593,Voobrazhariy: Junior
290550,Movie Clichés: Horror Edition
290549,Movie Clichés: Action Edition
339676,La Juguetería
289951,The Portable Wargame
287701,Sell Outs: Traveling Salesman Edition
291674,Duel 52
210292,Moonstone
290859,Empress: Fight To the Top
330744,Evangelion Card Game: EV-01
330745,Evangelion Card Game: EV-02
232595,Skulk Hollow
2922,Chairs
296718,T'aimes-tu ça?
282094,BULLSHIP!: A New Spin to Liar's Dice
110,Auf Achse
10415,Naval Warfare '39-'45
209280,Family Plot
302304,SINS: Era of Sloth – Battle Pack
302306,SINS: Eyes of Envy – Battle Pack
302301,SINS: Gloom of Greed – Battle Pack
302303,SINS: Mark of Lust – Battle Pack
302302,SINS: Ooze of Gluttony – Battle Pack
320476,SINS: The Deck-builder
182510,Ravage: Dungeons of Plunder
184525,Obama Llama
170149,BrainBites: Myths & Legends
264633,Invictus: the King
266080,Invictus: the Shogun
359085,Ah Ouinnn? Édition 25+
325388,Trip 1907: Interactive Escape the Book Game
340199,Takaro! Bits + Bobs
340198,Takaro! Into the wild
311397,Judge Dredd: I am the Law – Starter Set
292910,Connexion
310847,5150: Send Lawyers Guns and Money
10738,Six Gun Sound
30834,Six Gun Sound: Blaze of Glory!
279328,Wish You Were Here
193295,Drunk Stoned or Stupid: A Party Game
216403,Element
167975,Opération Commando: Pegasus Bridge
299021,Champions of Akathena: Blood and Magic
299022,Champions of Akathena: Into the Wild
298538,Champions Combat System
299436,Fear God & Dread Nought 2nd Edition: Jumpstart – An Introduction to ATG's WWI Tactical Naval Game
335845,King of the West: The Banished
335844,King of the West: The Mavericks
105035,Command Combat: Civil War 1861 – Core Rulebook
299044,Fear God & Dread Nought: 2nd Edition – Tactical Naval Warfare 1906-1925
11673,Spanish Civil War Battles: Vol. 2 – Guadalajara & Penarroya
324718,Rally Round the Flag: Division Command
12333,Twilight Struggle
176247,Mixtape Massacre
350729,Mixtape Massacre (Director's Cut)
40092,Hobiti
146548,Imaginarium
300721,Naval Battles CCG: Cube Game
300719,Naval Battles CCG: Admiral's Handbook
300855,中央総武線SPEED: 中央線区間 (Chuo-Sobu-sen SPEED: Chuo-sen kukan)
300858,中央総武線SPEED: 総武線区間( Chuo-Sobu-sen SPEED: Sobu-sen kukan)
300859,京浜東北線SPEED (Keihin-Tohoku-sen SPEED)
300854,山手線SPEED (Yamanote-sen SPEED)
311736,1718: Death of a King – Swedish invasion of Norway in 1718
318393,1905: Days of Decision – The War That Never Happened
357661,Varia: Starter Set – Volcanic Warrior & Shadow Assassin
255233,Five Parsecs From Home: 2nd Edition
337864,Five Parsecs From Home: Solo Adventure Wargaming
269847,Dracula's Feast: New Blood
309861,The World Undone: 1914 – Galitzia
309863,The World Undone: 1914 – Serbia
294727,SINS: Rise of Wrath – Battle Pack
329497,SINS: Spawn of Minions – Trilogy Box
329215,SINS: Spheres of Torment – Trilogy Box
3214,Avalon Hill Game Company's Game of Trivia
302422,Air Combat 1930-1960
309137,Crazier Eights: Pantheon
302393,Cambrai to Sinai: Wargame Rules for WWII and all Land Warfare in the Period 1917-1967
289190,Nineveh Card Deck System
346970,Chroni: Les femmes célèbres
303323,Chroni: Rois et Reines de France
303322,Chroni: L'Histoire de France
4854,7th Fleet: Modern Naval Combat in the Far East
305881,Flames of War: Soviet Starter Force – Tank Shock Group
11168,Flames of War: The World War II Miniatures Game
261711,UnderWorld: The Card Game
311190,La Guerre de 1870: La chute de Napoléon III (juillet-août 1870)
214535,Commando 4 en action: Dieppe 1942
124199,Raid sur Bruneval 1942
306858,One Page Cthulhu: Volume 2 – The Black Caverns
306859,One Page Cthulhu: Volume 3 – Night in Arkham Woods
306857,One Page Cthulhu: Volume 1 – Miskatonic Tunnels
243,Advanced Squad Leader
344547,Catch Me If You Can: The Collector – Part 2
307989,タブーコード：ブルー (Taboo Code: Blue)
307672,Slam Wars: Wrestling Legends of California
307663,Slam Wars: Wrestling Legends of Canada
307640,Slam Wars: Wrestling Legends of Georgia
307660,Slam Wars: Wrestling Legends of Michigan
307680,Slam Wars: Wrestling Legends of New York
307658,Slam Wars: Wrestling Legends of Tennessee
307653,Slam Wars: Wrestling Legends of Texas
307675,Slam Wars: Wrestling Legends of the Caribbean
307641,Slam Wars: Wrestling Legends of the Mid-Atlantic
307652,Slam Wars: Wrestling Legends of the Mid-South
307655,Slam Wars: Wrestling Legends of the Midwest
307678,Slam Wars: Wrestling Legends of the Northeast
307666,Slam Wars: Wrestling Legends of the Northwest
307650,Slam Wars: Wrestling Legends of the Southeast
307647,Slam Wars: Wrestling Legends of the Superstation
307637,Slam Wars: Wrestling Legends of Florida
307777,4 хвоста.Гремучая пара
307657,4 хвоста (4 tails)
307583,Taboo Code: Red
265276,The Crystal Maze
258309,First Contact
310848,Obscure Battles 5.5: Turtle Ships
1800,Mythos
308761,Spaces: Fiction Add On
308760,Spaces: Music Add On
308758,Spaces: Places Add On
308759,Spaces: Sport Add On
308756,Spaces
227229,The Drowned Earth
251445,The Perfect Moment
302071,The World Undone: 1914 – East Prussia
272443,Night Class
244267,BarBEARian Battlegrounds
336189,Silly Aunt Sally
296737,5150: No Limits – Maiden Voyage
308552,Obscure Battles 5: Doria
89807,Bradley's D-Day
347888,Blood Red Skies: Battle Of Midway
311020,Marvel Battleworld
274206,ESCAPE Dysturbia: Falsches Spiel im Casino
306065,Sedan 1870
300493,Cruel Seas: Close Quarters
202982,Scrawl
300929,The Norwegian War of Independence 1807-1814
282699,SPQR: Warband Combat in the Ancient World
311528,Psychos & Slashers: Deluxe Set
237181,Batman Miniature Game (Second Edition)
278413,Charty Party
346659,Infinity CodeOne: Operation Crimson Stone
271064,Ascension: Skulls & Sails
250448,Relative Insanity
322865,Knockdown: Volume 2
322989,Knockdown: Volume 3
313542,Something Wild! Disney Aladdin
313541,Something Wild! Disney The Little Mermaid
340772,Something Wild! Dr. Seuss
345632,Something Wild! Five Nights At Freddy's: Rockstar Freddy Game
345630,Something Wild! Marvel Infinity Saga: Iron Man
358042,Something Wild! Marvel Spider-Man
313537,Something Wild! Mickey and Friends
345635,Something Wild! Peppermint Lane Santa Claus Game
345634,Something Wild! Star Wars Original Trilogy Card: Darth Vader Game
345633,Something Wild! Star Wars The Mandalorian: Grogu Game
358039,Something Wild! Star Wars: Boba Fett
313540,Something Wild! Tim Burton's The Nightmare Before Christmas
313538,Something Wild! Toy Story
313539,Something Wild! Villains
97377,Hail Caesar: Battles with Model Soldiers in the Ancient Era
338434,Hoplomachus: Remastered
285902,Riot Quest: Single-Player Starter Set
17618,World of Motor Racing
264076,Berlin Manalaysay's Combatron: The Card Game
287899,Aeronautica Imperialis: Wings of Vengeance
315474,5150: Bugs – Into the Tunnels
315470,5150: Bugs – No Retreat
315459,5150: Bugs – Breakout
236449,Conspiracy Theory Trivia Board Game
357028,Dungeon Fighter (Second Edition)
321047,Dungeon Fighter in the Castle of Frightening Frosts
321044,Dungeon Fighter in the Catacombs of Gloomy Ghosts
315976,Dungeon Fighter in the Chambers of Malevolent Magma
315975,Dungeon Fighter in the Labyrinth of Sinister Storms
268805,The Necronomicon Gamebook: Dagon
97929,ChaOS: Touhou Kontonfu
231674,Who's the Dude?
268834,Katag: Le jeu de Carte
2162,"Warhammer 40,000 (Third Edition)"
319702,Dak To: Hill 875
317866,"Warhammer 40,000: Elite Edition"
317865,"Warhammer 40,000: Recruit Edition"
308566,Nova Lux
317716,"Warhammer 40,000: Command Edition"
318939,Les Jeux Conficulture: Episode 1 – Gastronomie: La Guadeloupe
318937,Les Jeux Conficulture: Episode 1 – Gastronomie: La Guyane
318936,Les Jeux Conficulture: Episode 1 – Gastronomie: La Martinique
318980,Les Jeux Conficulture: Episode 2 – Tradition: La Guadeloupe
319043,Les Jeux Conficulture: Episode 2 – Tradition: La Martinique
318933,Les Jeux Conficulture: Rhums & Cocktails
319093,Bolt Action: Tank War – British Starter Set
319091,Bolt Action: Tank War – German Starter Set
319092,Bolt Action: Tank War – Soviet Starter Set
319090,Bolt Action: Tank War – US Starter Set
164848,Bolt Action: Tank War
36751,DC HeroClix: Batman (Alpha)
182276,Marvel Heroclix: Infinity Challenge – Premiere Edition
321200,Best 11 Board Game: AC Milan
321201,Best 11 Board Game: ACF Fiorentina
321181,Best 11 Board Game: Atalanta Bergamasca Calcio
321202,Best 11 Board Game: Genoa
319813,Best 11 Board Game: Roma
321214,Best 11 Board Game: SSC Napoli
321203,Best 11 Board Game: Torino FC
321204,Best 11 Board Game: U.C. Sampdoria
317115,They Were Soldiers
319715,Sucesos Argentinos: Volumen 2 – Economía y Sociedad
319716,Sucesos Argentinos: Volumen 3 – Ciencia y Cultura
347403,Sucesos Argentinos: Volumen 4 – Cambalache
319713,Sucesos Argentinos: Volumen 1 – Gobiernos y Conflictos
320020,Why You Lying!: Duel
327580,トゥルーマリンショー2 (True Marine Show 2)
333511,トゥルーマリンショー3 (True Marine Show 3)
319682,Best 11 Board Game: Inter
319635,Best 11 Board Game: Juventus
319742,Why You Lying!
285242,Bot War!
319527,Rise of the Democracy
1353,Time's Up!
320858,Sakura Arms: Saine Box
320859,Sakura Arms: Yatsuha Box
320855,Sakura Arms: Yurina Box
1860,Dragon Dice
320502,Dragon Dice (Fourth Edition)
307369,Instacrime: Munford
1607,Blurt!
330696,Iron Mountain: The Shadows Within
348940,Pesta: Omens of Emptiness
321207,Best 11 Board Game: Bologna FC
268681,The Battle of Adrica
297673,Pocket Paragons
193725,Blood & Plunder
298480,Blood & Plunder: No Peace Beyond the Line
218421,Street Masters
203073,Tag Team: Woodland Park Guerrillas vs. Back Alley Gators
263369,Arcmage
163745,Star Wars: Armada
313471,Knockdown
2223,UNO
154470,Italia '44
308500,Clash of Decks
340567,Ze Horror Attack Encore: Le réveil de la riposte des grands anciens
268225,トポロメモリー (TOPOLOMEMORY)
252212,Tales of Evil
256232,Evil Baby
269456,"Interceptor Ace: Daylight Air Defense Over Germany, 1943-44"
276169,For What Remains: Streets of Ruin
324555,Robot Overload: Expansion 1
324558,KAPOW! Volume 2
324473,Robot Overload
324512,KAPOW! Volume 1
8983,I.Q. 2000
300045,Rally Round the Flag
325322,Gem Runner: Starring Cache Cat
325323,Gem Runner: Starring Data Dog
325324,Gem Runner: Starring Giga Girl
325321,Gem Runner: Starring Bit Boy
352456,Escape Room: The Game – Challenge 2
228602,Valor & Villainy: Minions of Mordak
231045,Speed Colors
276616,Top Tale: The O.G – Volume 1
147194,Linkee!
291855,Ecologies
294777,"Black Powder: Glory, Hallelujah!"
319762,トゥルーマリンショー (True Marine Show)
328761,nickname party!
328292,nickname
199768,9DKP
135270,Shibumi
246911,Streets Of Steel: Kickin' Asphalt
322808,The Suits: Ladies
257081,My Hero Academia: The Card Game
185343,Anachrony
146144,A.E.G.I.S.: Combining Robot Strategy Game
191443,Unnützes Quizzen: Wissenschaft & Unsinn
328352,Wissen & Quizzen: Die Musikinstrumente
328671,Wissen & Quizzen: Faszinierende Pferde
321179,Tower of Silence: The End of Prophecy
291954,Evangelion Card Game
34245,Wizards of Mickey CCG
231409,Spellslingers
258539,Luminous Ages
341714,Coalitions: Raison d'Etat Expansion
345106,Coalitions: Realpolitik Expansion
65087,Beyblade
257601,The Duke: Lord's Legacy
195545,Oppai Go!
185836,ONUS! Greeks & Persians
165004,ONUS! Rome Vs Carthage
203560,Fall of Magic
11476,The Atlanta Campaign: Bald Hill and Ezra Church
260524,Beyond Humanity: Colonies
352289,Horror Trivia Part II: Deeper Cuts
4052,Star Wars: Trading Card Game
333487,Sanctuary: The Keepers Era – Lands of Dusk
333486,Sanctuary: The Keepers Era – Lands of Dawn
358881,Pletore
334354,Mutant Mudds Super Challenge
357408,ToeJam & Earl Tabletop Remix
341219,Yooka-Laylee
334352,Mutant Mudds Deluxe
317627,Flames of War: Soviet Starter Force – Heavy Assault Group
162295,Zik
127179,The Replay World of International Athletics: Part II – The Field Events
10766,OH
335664,Vengeance: Roll & Fight Episode 2
266589,Iconoclash
188547,Maximum Apocalypse
326485,Cthulhu Wars: Duel
335240,Vengeance: Roll & Fight Episode 1
335760,Wilderness Dice: BYOD – Ancient Expansion
335761,Wilderness Dice: BYOD – Domestic Expansion
335759,Wilderness Dice: BYOD – Exotic Expansion
335757,Wilderness Dice: Bring Your Own Dice
299069,King of the West: The Vigilant
356612,The Takedown
192283,Emojito!
354946,Asteroid Field X
336182,Venditio2
336181,Venditio1
310666,Crazy Uncle Charlie
265569,What's Missing?
239877,Wakening Lair
351332,Tiefenrausch
351192,Random Fun Generator 2
251726,CONFIDENT?
338215,英雄对决 (Hero Battle)
337888,英雄对决 (Hero Battle): Ultraman
259830,Hedgehog Roll
353139,DIEX AÏE 2: Return of the Danes
286414,Snowball Fight
337236,英雄对决 (Hero Battle): Marvel
296483,The Great Race
338031,Chamuyo: De una!
338030,Chamuyo: A full!
313889,Hoplomachus: Victorum
354204,Travelus: Describe
338646,Travelus: Excavate
354205,Travelus: Expose
354206,Travelus: Launch
354208,Travelus: Shape
354207,Travelus: Top
338643,Travelus: Connect
306142,Amigos de Mierda
341848,Łódź 1914
339582,Stadt Land Unseriös: SOMMER-Spezial
357014,I'm Right You're Wrong: NSFW
319529,Spukstaben
339444,Egotzi
339443,Kaomi
339511,Cradle - Faith & Fallen -
339502,Cradle - Sword & Sorcery -
338840,Take It Serious: Stadt Land Unseriös
290561,La Caza de la Calabaza
217035,Geek Out! TableTop Limited Edition
214176,Geek Out! The Big Bang Theory
296185,Takaro!
340514,70-luku: Vuosikymmenen peli
340515,80-luku: Vuosikymmenen peli
340516,90-luku: Vuosikymmenen peli
340512,60-luku: Vuosikymmenen peli
324143,Ze Horror Attack: Le retour de la revanche des héros londoniens! – Vol.1 Cauchemars victoriens
195450,Navíos de Línea: Trafalgar 1805
300905,Top Ten
340830,Arcana of Love: Passionate Deck
340832,Arcana of Love: Spicy Deck
340829,Arcana of Love: Sensual Deck
16105,Champions of the Galaxy
257305,SHASN
85769,Panzer: The Game of Small Unit Actions and Combined Arms Operations on the Eastern Front 1943-45
145633,Ascension: Apprentice Edition
308755,Ascension: Eternal
86663,Ascension: Theme Pack – Rat King
322124,Power Rangers: Deck-Building Game
331317,Coalitions
244612,Contame
338794,Tannenberg 1914
253664,Taco Cat Goat Cheese Pizza
341884,Ping Pong Literario 2
341883,Ping Pong Literario
1037,Deadlands: Doomtown
12957,Deadlands: The Great Rail Wars
73286,Deadlands: The Great Rail Wars – A Fist Full o' Ghost Rock
90944,Deadlands: The Great Rail Wars – Cry Havoc!
120368,Deadlands: The Great Rail Wars – Derailed!
342091,History of the Ancient Seas II: DIES IRAE
342271,History of the Ancient Seas III: MARE NOSTRUM
342090,History of the Ancient Seas I: HELLAS
290163,Shit Happens:  Full of Shit
287175,Shit Happens: Little Shits
353912,The Code Agency Sonderermittlung Krimispiel Fall 2: Das Verschwinden des Gary Sander
269546,"¡Apuren el corralito!: The 2nd Battle of Alihuatá, December 1933"
26614,Bestseller: Scrittore per Gioco
307305,Bullet♥︎
253399,Journal 29: Interactive Book Game
184151,Legend of the Five Rings: The Card Game
329580,Kneipenquiz: Back to School
306965,The Collector
344935,Scharz: Part II
344939,Scharz: Part III
344934,Scharz: Part I
183571,Deep Space D-6
345616,"Great Decisive Battle: The Campaign of Jinan, 1948"
345613,"Great Decisive Battle: The Campaign of Yudong, 1948"
345598,"Great Decisive Battle: The Campaign of Huaihai, 1948-1949"
247342,Village Pillage
287411,The Shivers
114504,Carnevale: Vicious Fighting Along the Canals of Venice
347620,Impro Tuhmat K18-kortit
346434,墨色山河——新中国史主题文创桌游 (Ink Colored Mountains and Rivers)
346433,金色军号——军史主题文创桌游 (Golden Bugle)
346432,红色记忆——党史学习专用教具 (Red Memory)
346481,Cryptic Cryptids
346480,Migratory Patterns
346483,Veritas
346478,Trial by Cipher
147445,We Didn't Playtest This Pasted-On Theme at All!
123129,We Didn't Playtest This: Legacies
266381,ZU Tiles: Hime Starter Set 1
347480,My Hero card game: All Might and All For One set
347478,My Hero card game: Izuku Midoriya and his classmates of Class 1-A.
347504,Escape Room in a Box: Time Drifters – Isabel's Story
347503,Escape Room in a Box: Time Drifters – Kira's Story
346152,Impro: hullunhauska seurapeli
310947,Blood Red Skies: Air Strike!
358662,Empatiza2
293348,Flesh and Blood
296694,BattleTech: A Game of Armored Combat
333174,Battletech: Alpha Strike – Commander's Edition
11825,Empire of the Sun
246761,Cahoots
248641,Monsterpocalypse Miniatures Game
41833,Creationary
349603,Auksinis protas: Startas Nr. 1
349610,Auksinis protas: Startas Nr. 2
349500,Auksinis protas: Didysis stalo žaidimas
349612,Kriminalkuvert: Todesspiel
349611,Kriminalkuvert: Ein schweres Erbe
283212,MonsDRAWsity
337098,Lords of Vaala: Dragonbond
299690,Forest Guardians
245378,Now goes me a light up
336962,Random Fun Generator
336791,Vendetta
296063,Mortum: Medieval Detective
322523,Warhammer Age of Sigmar: Warcry – Catacombs
181045,Texto!
332814,Horror Trivia
254201,Vossa Excelência: O Jogo Político
325578,Escape Room: The Game – Challenge
329669,Moving Pictures
337712,Guiscard 2: The Varangian Guard
226610,What Do You Meme?
353386,IQ ringas: Nr. 2
353387,IQ ringas: Nr. 3
353385,IQ ringas: Nr. 1
328061,Blanc-manger Coco Galette Complète
156714,Doomtown: Reloaded
354242,Yuncos: El lado oscuro de la luz
343071,The Code Agency Sonderermittlung Krimispiel Fall 1: Flammen im Theater
354203,Travelus: Evacuate
353880,Moly Atrapa
172007,The Voting Game
280809,Dungeon Mayhem: Battle for Baldur's Gate
294813,The Drifter
336120,Supernova
355138,Destreza Mental: Reconexiones
355137,Destreza Mental
351817,Marvel Zombies: A Zombicide Game
11167,Brain Quest
238221,Kampf gegen das Spiessertum
356421,Szilaj: A titkos küldetés
356417,Szilaj: Kalandok Miraderoban
335954,La Famiglia
339251,I'm Right You're Wrong
244083,Haste Worte? Das Würfelspiel
357699,Dungeonrunner: Cathedral of the Celestial
357683,Dungeonrunner: Caverns of Grot
357702,Dungeonrunner: Caves of Dey'Lithia
357652,Dungeonrunner: Crypts of Rojosh
357685,Dungeonrunner: Deck of Deadly Things
357696,Dungeonrunner: Forest of Torment
357651,Dungeonrunner: Lair of Lawnadynn
357682,Dungeonrunner: Mountains of Zokar
357640,Dungeonrunner: Muckelf Swamp
357684,Dungeonrunner: Roads of Tonar
357697,Dungeonrunner: Ruins of Narr
357703,Dungeonrunner: The Unknown Reaches
357681,Dungeonrunner: Tower of Saxon
357700,Dungeonrunner: Zoltar's Sanctuary
357638,Dungeonrunner: Castle of Emperor Zinn
301710,Varia
248385,IT Startup
285879,IT Startup: Brudne Przetargi
357923,Eldritch Cults
357922,WereKittens
357921,Blood Coven
358580,Cafe Rush: Table for Two
358200,Double Dose
358140,Dose Cards
337961,Transformers Deck-Building Game
358048,Cafe Rush
348133,Empatizate
333767,Stigmergy
247367,"Air, Land, and Sea"
318472,Blood Bowl: Second Season Edition
295482,Ah Ouinnn?
230543,Hostile Tactical AI
296164,Yura Yura Penguin
349169,Terra Mystica: Automa Solo Box
160010,Conan
2192,Rivets
304306,Dragoon: The Might and Magma Expansion
296304,"Warhammer 40,000: Kill Team Annual 2019"
113819,Tenzi
340691,"Navios de Linea: Aboukir, 1798 – 2nd Vol."
17437,"Scotland the Brave II: The Epsom Offensive – June 28-30, 1944"
17436,"Scotland the Brave: The Epsom Offensive – June 28-30, 1944"
124412,Asean Fleet
424,1870: Railroading across the Trans Mississippi from 1870
185295,Star Wars: Box Busters – Tusken Raider Attack & The Battle of Yavin
183782,Star Wars: Box Busters – Battle of Naboo & Battle of Hoth
153097,Heroes Wanted
174177,Most Glorious Comrade
193417,Captains of the Golden Age
186733,Naturally Disastrous
177751,Random Encounter: Plains of the Troll King
239234,Border Tensions: Dragons vs Robots
239233,Border Tensions: Zombies vs Wild West
340366,No Escape: Redemption
284488,FiveCore: Skirmish Gaming Evolved 3rd Edition – 20th Century. Modern and Futuristic Skirmish Campaigns
180155,Fire Emblem 0 (Cipher)
260471,"Warhammer 40,000: Kill Team – Rogue Trader"
289467,Hour of Need
311202,Cruel Seas: HMS Campbeltown
221544,Dragoon: The Rogue and Barbarian Expansion
334505,Flames of War: German Starter Force – Tank-Hunter Kampfgruppe
204801,Kneipenquiz: Das Original
344290,Kneipenquiz: Family & Friends Spezial
300033,Kneipenquiz: Fußball-Spezial
291008,Fou Fou Fou!
338508,"So, You've Been Eaten.: Dyspepto-Beastmol"
338501,"So, You've Been Eaten.: Confused Immune System"
261464,No Escape: Salvation
340406,Dead Reckoning: Salt & Thunder
340404,Dead Reckoning: Deep Legends
344349,Cards Against Humanity: Picture Card Pack 2
344348,Cards Against Humanity: Picture Card Pack 1
161317,Terra Mystica: Fire & Ice
280885,Terra Mystica: Merchants of the Seas
