id,name
27425,Cephalofair Games
4304,Albi
46179,Albi Polska
3475,Arclight
157,Asmodee
22380,Feuerland Spiele
15605,Galápagos Jogos
40478,Games Warehouse
8820,Gém Klub Kft.
18852,Hobby World
8291,"Korea Boardgames Co., Ltd."
23756,"MYBG Co., Ltd."
538,Z-Man Games
15889,Asterion Press
2366,Devir
5657,Filosofia Éditions
1391,Hobby Japan
15983,Jolly Thinkers
5812,Lacerta
9325,Lifestyle Boardgames Ltd
7992,MINDOK
21765,Roxley
25074,BoardM Factory
11043,Conclave Editora
34522,CrowD Games
31071,Dexker Games
8832,Funforge
4785,Ghenos Games
42147,Giant Roc
46500,Lord of Boards
30677,Maldito Games
36186,PHALANX
41423,TLAMA games
18575,FryxGames
46980,Brädspel.se
22560,Fantasmagoria
46884,Green Elephant Games
5380,Intrafin Games
32866,Kilogames
3218,Lautapelit.fi
34801,Lavka Games
25203,Lex Games
32591,MeepleBR
32395,NeoTroy Games
36366,Pridemage Games
7466,Rebel Sp. z o.o.
36563,Reflexshop
24844,Schwerkraft-Verlag
33998,Siam Board Games
11652,Stronghold Games
48279,SuperHeated Neurons
36763,Surfin' Meeple China
47848,Asmodee China
42032,Asmodee Italia
48269,Meanbook Games
17,Fantasy Flight Games
23043,ADC Blackfire Entertainment
2973,Edge Entertainment
4617,Galakta
34744,Playfun Games
39249,sternenschimmermeer
30958,Capstone Games
10768,Cranio Creations
23205,DiceTree Games
12540,Game Harbor
35960,Games Factory
35035,Mandala Jogos
29409,Super Meeple
4932,White Goblin Games
22609,テンデイズゲームズ(TendaysGames)
6194,Delta Vision Publishing
264,Heidelberger Spieleverlag
17543,"Greater Than Games, LLC"
28062,Ace Studios
36401,Arrakis Games
39390,Engames
50454,Fabled Nexus
33710,Fox in the Box
30552,One Moment Games
39,Pegasus Spiele
21053,REXhry
7345,Czech Games Edition
597,Eagle-Gryphon Games
29194,GaGa Games
23382,HaKubia
38505,HeidelBÄR Games
8923,IELLO
9881,"New Games Order, LLC"
17917,Ares Games
38809,Angry Lion Games
45134,Geekach Games
15906,Nuts! Publishing
14346,Planplay
6123,Red Glove
36,Sophisticated Games
35809,Zhiyanjia
1015,eggertspiele
267,999 Games
9068,Broadway Toys LTD
24883,Ediciones MasQueOca
155,Gigamic
30399,Ludicus
34188,Plan B Games
17786,uplay.it edizioni
8147,YOKA Games
1466,Zvezda
52,GMT Games
4,(Self-Published)
9074,Bard Centrum Gier
27022,Chrononauts Games
570,Udo Grebe Gamedesign
8759,Wargames Club Publishing
23202,Stonemaier Games
30213,Fire on Board Jogos
29242,Ludofy Creative
5400,Matagot
28323,Morning
33706,Dire Wolf
33626,Lucky Duck Games
48648,YingDi (旅法师营地)
9,alea
34,Ravensburger
5530,Giochi Uniti
858,Grow Jogos e Brinquedos
29412,Awaken Realms
47684,Rebel Studio
4384,Repos Production
9634,KADABRA
6214,Kaissa Chess & Games
31904,Ponva d.o.o.
32645,Sombreros Production
44209,Ігромаг
8401,PD-Verlag
7496,Egmont Polska
3,Rio Grande Games
2861,Ystari Games
7,Warfrog Games
7097,"FRED Distribution, Inc."
24298,FunBox Jogos
6275,HomoLudicus
9234,"Swan Panasia Co., Ltd."
50565,Bluebird Games
7162,Brain Games
40415,Divercentro
44241,Regatul Jocurilor
25624,Leder Games
30571,2Tomatoes Games
21608,CMON Global Limited
37959,MS Edizioni
2726,Portal Games
36831,Quality Beast
39774,Tower Tactic Games
10848,dlp games
30383,Baldar
51066,BGA Plus
49615,MEEPLE
9499,Tasty Minstrel Games
38298,Starling Games (II)
42875,Abraxas
13274,Penny Arcade
28072,Renegade Game Studios
27470,Lucrum Games
22651,Origames
221,WizKids (I)
3023,NECA
140,Splotter Spellen
3888,Stratelibri
42,Tilsit
46567,VAKKO
234,Lookout Games
24867,Gemenot
10,Mayfair Games
34793,Cool Mini Or Not
21020,Guillotine Games
22593,Chip Theory Games
46544,Dice Realm
38209,Gameland 游戏大陆
14813,Compaya.hu: Gamer Café Kft.
51,Hasbro
8313,Smart Ltd
33525,Game's Up
44532,Fishbone Games
39354,Delicious Games
35491,Atalia
29154,数寄ゲームズ (Suki Games)
39814,Wehrlegig Games
7251,Giochix.it
15108,Spielworxx
37,KOSMOS
21640,GP Games
8822,Ideal Board Games
31372,Igroljub
22,Piatnik
29156,Mindclash Games
42325,Grok Games
2862,The Game Master BV
25973,Zacatrus
58,2F-Spiele
7581,Runadrake
27082,Kingdom Death
26892,Karma Games
31815,Czacha Games
8351,Gen-X Games
30034,Pixie Games
10562,hobbity.eu
44349,Mosaico Jogos
40058,Skellig Games
14407,Riot Games
28415,GoKids 玩樂小子
17654,Serious Poulp
38,Schmidt Spiele
46474,CMYK
8845,G3
2164,North Star Games
44340,YellowBOX
50643,Fruhling-Honpo
171,(Public Domain)
3320,(Unknown)
47309,BrownCastle Games
755,Carrom Company
25960,Cogitate Games
7804,Crokinole World
5686,Felsberger
1562,Ferti
18842,Hilinski Brothers
9942,"Industries Prince, Inc."
5722,John Jaques of London
45738,M. B. Ross
9552,Mayday Games
6261,Mitra
5691,Mr. Crokinole
18843,Muzzies' Country Lane Woodshop
304,Noris Spiele
30166,Tischlerei Knels & Jeske GmbH
40273,Tracey Boards
7867,Willard
45938,Wooden Games Crokinole
40102,Wooden You Know Crokinole Boards
38363,Next Move Games
40462,Orangutan Games
9215,TWOPLUS Games
50230,Бельвіль
5977,Czech Board Games
3242,Raven Distribution
9459,Garphill Games
35928,Banana Games
30490,Ediciones Primigenio
27480,Fever Games
37975,株式会社ケンビル (KenBill)
26474,Action Phase Games
10290,Indie Boards & Cards
29895,Frosted Games
33010,SD Games
29,ABACUSSPIELE
8500,Gabinete Lúdico
9465,Gamesinitaly
29907,Games Factory Publishing
18529,NSKN Games
26630,Board&Dice
41518,Bucaneiros Jogos
25996,Jumping Turtle Games
1027,Days of Wonder
133,Hans im Glück
13,Wizards of the Coast
30521,Mandoo Games
32581,PaperGames (III)
42760,Yayoi The Dreamer
83,R&D Games
37681,Fabrika Igr
1280,FoxMind
22701,Game Salute
3490,HUCH!
10663,Quined Games
37459,Summon Games
403,Användbart Litet Företag
41,Descartes Editeur
531,Esdevium
4696,Quined White Goblin Games
4303,What's Your Game?
253,Editrice Giochi
12884,Pearl Games
74,ASS Altenburger Spielkarten
9235,Stupor Mundi
14078,Vennerød Forlag AS
36818,Mosigra
32651,Bright World Games
39751,Do it games
28640,LudoSentinel
105,R&R Games
42733,Flatout Games
396,Alderac Entertainment Group
48941,Boardgame Mall
40510,Delirium Games
44898,Little Rocket Games
35566,The City of Games
49208,Asmodee Korea
46577,Dragonfly Publishing
22650,GeGe Co. Ltd.
41676,Liam Games
28082,Нескучные игры
21341,CZ Cloud Soft Co. Ltd
3176,Top Licence Games
6352,Le Scorpion Masqué
40920,2 Pionki
6784,Bergsala Enigma (Enigma)
48438,Games7Days
8439,Happy Baobab
44140,Editions Philibert
17551,Ammonit Spiele
26598,Gigante Jogos
9382,Hutter Trade GmbH + Co KG
23296,Passport Game Studios
44144,Buró
39058,Surfin' Meeple
34501,Boardgame Space
38045,Cuaca Cerah Games
36981,Feelindigo
22763,Golden Egg Games
40841,Land of Beautiful Mind (سرزمین ذهن زیبا)
22973,"More Fun Co., Ltd."
11107,Nordic Games GmbH
24631,cutia.ro
42043,IUVI Games
3534,Martinex
39755,17wanzy (Yihu BG)
26427,Grey Fox Games
31839,Corax Games
27389,Don't Panic Games
26107,Thunderworks Games
29487,Ogry Games
38777,Outland
35831,The Wood Games
29085,Paladium Games
10739,Взрослые дети
14104,OKAZU Brand
1009,APE Games
549,Sleuth Publications
25842,Space Cowboys
1078,Ben Sanders Co.
111,Casper
150,Chessex
435,International Team
45510,Rawstone
112,Target Games
29629,"二見書房 ( Futami Shobo Publishing Co., Ltd. )"
26638,Bureau de Juegos
40171,Funiverse
31523,Keymaster Games
30091,Tranjis Games
40312,Sand Castle Games
18617,Red Raven Games
917,dV Giochi
26840,Keep Exploring Games
41030,Lotus Frog Games
45845,Strohmann Games
36961,Burnt Island Games
33845,Grand Gamers Guild
36754,Board Game Circus
43240,Hobby Game Mall
39637,Enjoy Game
65,Winsome Games
517,Upper Deck Entertainment
26542,Wise Wizard Games
29087,ADC Blackfire Entertainment GmbH
1386,Group SNE
1179,Peliko
694,Oxygame
27121,La Boîte de Jeu
6760,Blackrock Games
38574,Evrikus
26380,FoxGames
42145,Kobold Spieleverlag
38392,MEBO Games
46431,MTS Games
44181,Studio Supernova
40599,Salt & Pepper Games
3096,Argentum Verlag
3668,KDS Distribuzione
26604,Blue Cocker Games
38131,Deep Water Games
37230,Dude Games
30155,GateOnGames
504,Nexus Editrice
5527,Fantasy Shop
855,Phalanx Games B.V.
19047,FoxMind Israel
37883,Fun Consortium
9960,Maldón
5787,Morapiaf
34627,Nasza Księgarnia
14439,Far Off Games
6347,GameWorks SàRL
45523,Yes Papa Games
36949,Kayenta Games
10754,Plaid Hat Games
24042,Cube Factory of Ideas
36210,Lanlalen
42061,Tesla Games
5774,Bézier Games
4335,Competo / Marektoy
25406,Planszoweczka.pl
30113,Viravi Edicions
40576,Funtails
31099,House of Monks
21847,Pandasaurus Games
21491,Gordion Games
23628,Monkey Time
16688,11 bit studios
27654,Pendragon Game Studio
24489,Foxtrot Games
21756,Floodgate Games
24453,Panda Game Manufacturing (PandaGM)
11420,"Gale Force Nine, LLC"
33154,Kronos Games (Krogam)
50606,Cryptic Cardboard
50609,Cryptic Cardboard
41167,Popcorn Games
16826,Ludonova
4130,Wydawnictwo Gołębiewski
47851,Gameology (Gameology Romania)
34778,Last Level
43014,Baborka Games
43740,Board Game VN
50696,CoolPlay
32569,JD Éditions
92,3M
404,Alga
362,Ariel Productions Ltd
5,The Avalon Hill Game Co
4922,Barnes & Noble
4680,Borras Plana S.A.
35302,Brybelly
6765,Carl Weible KG
3828,Carlton Books
1307,Cathay
5314,"Cayro, the games"
2401,CHH Games
586,Copp Clark Publishing Company
17388,Creative Crafthouse
193,Crisloid
485,Dal Negro
11320,Dilemma Games
3082,Dujardin
377,Dynamic Games / Dynamic Design Industries
64,E.S. Lowe
11188,Fame Products
2456,"The Game Crafter, LLC"
16977,"The Game Keeper, Inc."
280,Gamma Two Games
958,Gammon Games
23107,General Sportcraft Company
10215,Gentosha Education
5085,Geoludie
3488,Ha Ha Sisters LLC
5247,Hartung-Spiele
3392,Hausser
19020,Hebsacker Verlag
6262,HEMA
5789,Hobby
9187,Ishi Press International
25837,J.P. Raymond Rivarola
4111,"Japan Publications, Inc."
291,"John N. Hansen Co., Inc."
335,Jumbo
26131,L'Impensé Radical
6266,L. P. Septímio
12135,Longfield Games
8253,Michael Stanfield
20,Milton Bradley
33127,Mitsubishi Fuso
16715,Monkey Pod Games
10094,nestorgames
99,Otto Maier Verlag
1781,Pacific Game Company
1530,Philos
1226,Play All Day Games
50298,Ponnuki
945,Reiss Games
9188,"Sato Kei Shoten Co., Ltd."
4668,Schmidt International
37270,Shin Kwang Baduk
433,Skor-Mor
288,Spear's Games
2972,Das Spiel
26130,Spielquader
10880,Volume-One Products
95,Waddingtons
3245,"Wm F. Drueke & Sons, Inc."
7506,Wood Expressions
9301,Woodstock Spiele
16758,"WorldWise Imports, LLC"
13414,Yellow Mountain Imports
7537,ZTS Plastyk
29313,Osprey Games
28620,25th Century Games
42294,Precisamente
1901,Überplay
31987,Windrider Games
39686,Across the Board
39794,Toy Box Games
114,Fata Morgana Spiele
19148,Playhouse Ltd
27878,TIKI Editions
5020,Ísöld ehf.
3395,Midgaard Games
3504,Möbius Games
44407,Nordic Games ehf
2528,Paper Iyagi
131,Venice Connection
1511,Ventura Games
40244,Delight
934,Bandai
31413,Sherlock S.A.
137,Don & Co.
7473,"Smart Toys and Games, Inc."
1905,Spin Master Ltd.
34112,Goat Wolf & Cabbage
14966,Print & Play Productions
48461,Sunnygeeks
6926,Excalibur (Board Game)
2778,Pro Ludo
33419,Edition Spielwiese
16755,Artipia Games
48430,Nova Era (Нова Ера)
7530,Spilaborg hf.
108,Gamewright
18856,"AURUM, Inc."
2691,Cocktail Games
30940,Hemz Universal Games Co. Ltd.
87,Zoch Verlag
29636,EmperorS4
10782,Takamagahara
29590,COLON ARC
47533,Diversion (دایورژن)
38846,PopcornEdu
32523,Quick Simple Fun Games
26720,Spaghetti Western Games
29082,Breaking Games
17130,HOT Games
10970,MESAboardgames
29786,Playagame Edizioni
40652,GRRRE Games
16092,Hachette Boardgames
38709,VR Distribution
23031,Magellan
8795,Playgo Hungary
44580,Board Game Rookie
47,Queen Games
10946,M-Ágnes
24215,Drosselmeyer & Co. Ltd.
6267,Odysseia Jogos
22649,Oink Games
33999,"Phantasia Co., Ltd"
8450,Phalanx Games Deutschland
9426,Phalanx Games Polska
4569,Cambridge Games Factory
17080,Boat City
11688,Ludonaute
45494,EVA GAMES
39594,Hunter & Cron
7340,Astrel Games
7335,Ceilikan Jogos
3954,Skandinavisk  Spil Kompagni
5022,Blue Orange (EU)
491,Blue Orange Games
27221,Coiledspring Games
34940,Le Grand Massif
12047,Oliphante
9051,Libellud
36274,Mondo Games
34846,Restoration Games
49417,Lucky 6ix
38305,Mancalamaro
38448,TCG Factory
28088,Klask ApS
30391,Big Potato
50837,CLD Distributing
1765,Dino Toys s. r. o.
34638,FantasTies
17159,Game Factory
27405,InterHit
35126,Roland's Revenge Games
36896,Kolossal Games
38822,Board Game Box
26,Games Workshop Ltd.
6521,Tropical Games
8617,Idea Edizioni
12054,Mass Games
11453,Microsoft Game Studios
3446,Ubik
13433,Minion Games
25866,Looping Games
36015,"Orange Nebula, LLC"
582,Gen42 Games
4570,Crómola
23494,Oficina do Aprendiz
14368,Productief BV
6350,Smart Zone Games
12402,Tantrix UK Ltd.
4675,Vendetta
25654,conception
17812,Arcane Wonders
50638,DICE TOWER ESSENTIALS
30928,Igiari
27795,minimalGames
9695,Clever Mojo Games
11199,LocWorks
27777,Pensamento Coletivo
31120,Jelly Jelly Games
792,Crown & Andrews Ltd.
2400,Desyllas Games
454,Goliath Games
153,Ideal
634,The Op
31036,Plasto
28648,Randolph
27490,WOW! What a World of Entertainment AB
8007,Victory Point Games
34669,Fowers Games
1001,(Web published)
49480,Choo Choo Games
50506,NizaGams
28545,Petersen Games
24792,Green Eye Games
37680,Edinorog
24886,Ninive Games
5382,"Valley Games, Inc."
23957,Gamelyn Games
7578,Kellogg's
33618,Fractal Juegos
27947,Vagabund
34963,Mysterious Island Games
28773,Pretzel Games
22652,Marabunta
7552,Kanai Factory
26885,963.com
12031,Black Monk
5885,Japon Brand
26138,Magpie (Korean Co)
19,Steve Jackson Games
4871,"Avalon Hill Games, Inc."
2962,PS-Games
5392,Schmidt France
4622,Selecta Spel en Hobby
7107,"Smart Games, Inc."
25970,F2Z Digital Media Inc.
28,Parker Brothers
39914,Indie Game Studios
39848,Zygomatic
18942,Sir Chester Cobblepot
15522,Rocks Games
19260,Bombyx
48236,Mostafil Games
50269,Salta da Caixa
17952,Redbox Editora (Redbox)
23599,UBO CnC
34209,Blackfire Games
47883,WoodCat
27151,Palm Court
31034,Megacorpin Games
43326,Taverna Ludica Games
11,F.X. Schmid
26883,Meeple Virus
18477,Top Toys
45931,Zito! Ώρα για παιχνίδι
28402,פרש משחקים: Game Knight
17748,Rightgames RBG SIA
28025,Ergo Ludo Editions
2,Moskito Spiele
5597,Laser plus
47140,گیمِ پندو (Pendo Games)
9139,Hall Games
27067,Fullcap Games
33809,Game Brewer
6189,Cappelen
44276,Vem Pra Mesa Jogos
27147,Monolith
33579,Mythic Games
40047,All In Games
5407,Asmadi Games
17899,Igrology
24589,Gremlin Project
42144,Grimspire
333,Hartland Trefoil Ltd.
4225,ACE Pelit Oy
4259,Compendium Games
103,Gibsons
3458,Joc Internacional
5979,Spiel & Kunst
307,Welt der Spiele
1629,Histogame
196,Multi-Man Publishing
27603,Nauvoo Games
23760,kártyagyár
26623,Horrible Guild
50068,Yellow Star
50075,Yellowstar Games
11752,Level 99 Games
27674,Aporta Games
37575,Dal Tenda
5350,Granna
36731,Sharp Point Publishing
2476,Battlefront Miniatures Ltd
17246,A1 Games
34043,Chronicle Games (Board Game)
17179,IGAMES
12275,Treefrog Games
7978,Dr. Finn's Games
7325,ElfinWerks
89,Truant Spiele
6174,Ulisses Spiele
26991,Button Shy
40993,Funbox Editora
44152,KOZAK Games
8328,"Gemblo, Inc."
44563,Muduko
2024,Lui-même
44,Goldsieber Spiele
6,Historien Spiele Galerie (Historien Spielegalerie)
8322,Vision
29930,Cosmodrome Games
36803,Sylex
7747,"Academy Games, Inc."
7186,ASYNCRON games
44204,Spilbræt.dk
47258,Sovranti
6846,Flying Frog Productions
50617,Fun Supply
37222,Purple Meeple Games
1017,ABRA
25576,Adams Brothers & Shardlow Ltd.
22395,Air France
7533,Alexander
21371,Allied Van Lines
46857,Ancient Chess
993,Arrco Playing Card Co.
9729,Bar-Zim
8988,Bayerwald Spiele
16355,"Bello Games New York, Inc."
690,Berwick's Toy Co. Ltd.
4371,Big League Promotions Corp.
26112,Bisonte
73,Blatz
31386,Bozart Toys
225,Cardinal
24091,à la carte AG
30303,CCI India
507,Chad Valley Co Ltd.
4718,Challenge Master Game Co Ltd
1958,Character Games LTD
40061,Chess Geeks
41671,ChessUSA
16846,Chupa Chups
789,Classic Games
18726,Coca-Cola
38035,Colombine BVBA
11001,Comedy Central
41769,Comedy Partners
4652,Creative Educational Aids Pvt. Ltd.
38036,Darmon Diffusion
691,David Westnedge
4886,De La Rue
8234,DeAgostini
11947,Deuce
24954,Dourios
8942,DreamWorks
8359,Efko
12542,EnumeroCribbageBoards
445,Epoch Playthings
1731,Estrela
10964,Excalibur Electronics
17008,F. W. Woolworth Company
13397,Fifth Avenue Crystal Ltd.
2033,"Friendly Games, Inc."
200,Fundex
247,Golden
30324,Guigou
22399,H. Baron
2748,Hausemann & Hötte N.V.
62,Hexagames (I)
1375,Heyne
4721,Holdson
897,Homas Spelen
1758,House Martin
1195,House of Marbles
8856,House of Staunton
7112,Imaginarium
2257,innovative KIDS
8402,Inovac Rima SA
50805,Intex Syndicate
233,Invicta Games
18663,Italocremona
3277,K & C Ltd
19208,K.E. Mathiasen A/S
8565,King International
35495,Kingsway Inc
2965,Kitfix Swallow Group
127,Klee
11944,Klopffleisch
327,Lagoon Games
30355,Lardy International
734,LEGO
5816,Lindop (William Lindop LTD)
15351,Ludens Planet
1670,Magnetic Poetry Inc
2627,Majora
22807,Manchester United Football Club
19205,Marigó
11885,The Mark of Westminster
2547,Masters Games
93,"Mattel, Inc."
8931,MB Jeux
4554,MB Spellen
8760,Melissa & Doug
3789,Merit
3364,Millenium
30331,The Museum of Modern Art (MoMA)
39560,Musketeer Chess
11952,Neroulia
1326,"Nintendo Co., Ltd."
39048,The Noble Collection
45579,O'Gowna Studio
39888,Open Board Games
11187,Oriental Trading Company
209,Patch Products
486,Paul Lamond Games Ltd
2188,Pavilion
648,Peri Spiele
5942,Piet Hein A/S
1087,Pin International
2256,Pleasantime Games
11559,Poptoy
115,Pressman Toy Corp.
25511,The Purple Cow
22546,Ramsons
134,"Research Games, Inc. / Athol / RGI / ARC"
9358,Revanche Spelen
11875,Robin and Nell Dale
4450,Rong Fa
49342,Rosiness
48977,Rot Ceramic
1138,"Sababa Toys, Inc."
359,Selchow & Righter
4274,Si-Si-Spiele
30733,Spencer Gifts
2625,Sterling Games
32737,Studio Anne Carlton (SAC)
36742,Sunrise Chess & Games
6088,Super Accord
38218,Søstrene Grene
964,Tactic
8089,Tesco
38625,Tezuka Productions
2942,Thomas Salter Ltd
627,Toy Brokers Ltd
6367,U3
11954,Vilac
6102,Walt Disney Productions (Disney)
23115,Węgiel
5700,Western Publishing Company
11702,Westside Fun Games
3121,WHSmith
16793,Wicked Vision
9851,"Wiley Publishing, Inc."
59,Winning Moves Games (USA)
24955,Οδύσσεια
2738,E L & M Productions
18788,Fantasiapelit
38926,Houpaa
125,MultiSim
8266,Silver Stars Publishing
19309,Les 12 Singes
47429,Buly Games
1749,Interlude
4358,"Capcom Co., Ltd."
31418,Catan Studio
496,danspil
26990,Dexy Co
116,Eurogames
4417,Hanayama
29036,IntelliGames.BG
2654,L&M Games
3533,Logojogos
13481,TRY SOFT
9413,Ludically
26030,Grandpa Beck's Games
37303,OPEN'N PLAY
19187,Sweet Games
36119,Morning Players
45074,Melmac Games
8,AMIGO
4819,Dr. Wood Challenge Centre
5640,Kikigagne?
2956,Shafir Games (המשחקים של חיים שפיר)
2919,Damm / Egmont
8785,Egmont Litas
900,Green Board Game Co.
405,Kärnan
4977,Kirjalito
1594,Litor
2378,Copag Cards
6818,Corfix
7772,Mercurio
27545,Tempo Games (I)
4192,"Deep Thought Games, LLC"
31085,Golden Spike Games
7365,Play Factory
6567,Adventureland Games
9287,Kanga Games
4238,Paizo Publishing
4428,Black Book Éditions
101,Sierra Madre Games
28765,Ion Game Design
36700,Flick Game Studio
47901,Curiosity Games
11611,Sugorokuya
384,HABA
46505,"Nabita World co., Ltd."
50576,Craftando Jogos
49,Columbia Games
40614,Asobition (アソビション)
48742,Dice&Bones
23976,Kayal Games
26450,Succubus Publishing
28790,Daily Magic Games
36693,Crazy Pawn Games
14188,Beacon Multimedia S.A.
29198,PSC Games
44955,Jing Studio
48587,Midnight Jungle
6011,Oya
11788,Epic Games
42511,Djama Games
42728,FunMIll.ru
39068,Road To Infamy Games (R2i Games)
254,University Games
1020,Nürnberger-Spielkarten-Verlag
23600,La Mame Games
41026,After 5 Games
29797,El Dragón Azul
25022,Igrato
35671,Mind Bottling Games
43169,リゴレ (rigoler)
585,Surprised Stare Games Ltd
16837,Sit Down!
26421,Tíkallinn
18701,Ankama
25185,Brain Picnic
43387,Mar Lúdico
47202,Neptuno Games
36580,Elf Creek Games
46507,Happy meeple games
46012,Devil Dice Games
27311,Grail Games
42898,Funko Games
6015,Hurrican
4524,Neuroludic
43876,Metafactory Games
44560,Dice High Company
36504,Boardcubator
13103,El Greco
4539,MB Giochi
17039,MB Juegos
17055,MB peli
17072,MB spel
6290,MB Spiele
26091,MB spil (Danish)
1390,Takara
26024,IDW Games
22936,Nazca Games
21134,"The Lumenaris Group, Inc."
562,Endless Games (I)
5320,Nelospelit
2891,Pando Games
55,"U.S. Games Systems, Inc."
27876,Odd Bird Games
26484,Ludus Magnus Studio
12024,Cryptozoic Entertainment
102,Decision Games (I)
28847,Formal Ferret Games
43382,Black Sea Games
46419,Brain Star
1312,Gamemasters Inc.
36041,Parallel Games
16605,Common Man Games
12106,Stone Blade Entertainment
26236,Ultra PRO
28175,5th Peg
14618,Acme Ruler Company
4074,Are-Jay Game Company
16336,C.R. Gibson
229,Decipher
22978,Double Diamond
23566,Field Mfg. Co.
7919,Frameworth Sports Marketing
40076,Gapple
9938,Halsall
19013,Horn
859,Hoyle Products
698,JK Games
19238,John Player & Sons
3922,John Waddington Ltd.
21378,Lash's Bitters
6720,MacGregor Historic Games
10710,Man-indo
25006,Montrose Games LLC
19229,Nu-Bef
668,Playtoy Industries
21373,Schweppes
468,The United States Playing Card Company
18715,W. D. & H. O. Wills
329,Whitman
42204,Mirakulus
26001,Spiele-Offensive.de
13476,Wonder Forge
6108,"2K Games, Inc."
12114,"Firaxis Games, Inc."
7383,Catalyst Game Labs
1869,Diseños Orbitales
16358,ISA
1064,"Games Research, Inc."
12879,Intellectual Diversions
1338,Jedko Games
16499,Kipo's
2721,Kod Kod
920,Miro Company
807,Mondadori Giochi
4653,Parker Spiele
272,Philmar
12819,Waddington Sanders Ltd.
22515,"SchilMil Games, Ltd."
49060,JOYPIE
7452,Österreichisches Spiele Museum e.V.
29691,Sinister Fish Games
47767,Novelty Corp
33459,Tulip Games
13583,XGen Studios
6508,Hexasim
27402,HC Distribuzione
39164,BoardGameTables.com
765,Educational Insights
3363,Alary Games
4752,"Beverly Enterprises, Inc."
5967,Divisible By Zero (DBZ) Aust Pty Ltd
8835,Educa Korea
4440,Euro World
8574,Hodin
239,QfreeGames
530,Sekkoia
9466,Winning Moves France
151,franjos Spieleverlag
26162,Wyrd Edizioni
13655,"Arsenal Publishing, Inc."
46430,GAMEARChive
30713,Magic Store Srl
43146,Pravi Junak
206,Jolly Roger Games
32922,ThunderGryph Games
42414,BGNations
3501,A. F. Blake Enterprises
39470,Blake Enterprises
1270,Front Porch Classics
17427,Inca Perudo
117,International Games
29195,L4 Studios
6623,McNaughty Games
5621,Mr. B Games
1902,Outset Media
45802,Planet Finska
868,"Reveal Entertainment, Inc."
3576,Simmons Games
28862,GDM Games
27811,Geek Attitude Games
34681,MoveTheGame Edizioni
49167,NewGame
46446,Moria Games
2843,JKLM Games
8844,El Viejo Tercio
29430,BLAM !
16102,ABBA Games
1772,Clipper
1060,Ediciones de Mente
1705,Face2Face Games
17447,förlAgo AB
46565,Gonggan27
417,Palitoy Ltd.
17424,Dice Hate Me Studio
22208,Yemaia
33570,Good Games Publishing
34033,Alley Cat Games
29738,Snowdale Design
41488,Board Game Leisure
44533,Bragelonne Games
2406,StrataMax Games
10708,Elzra Corp. (Elzra)
4419,Sunriver Games
82,Funagain
3743,Nash Games
31638,Inside the Box Board Games LLP (ITB)
34182,Second Gate Games
15891,Uhrwerk Verlag
5268,Trefl
17028,Van Ryder Games
22143,Two Lanterns Games
29340,Meromorph Games
5095,Hobby Base
5603,Atlantic Playing Card Company
6449,Chas Goodall & Sons Ltd
14920,Playbox
1120,TAG
154,Yaquinto
26059,K. Fisher Enterprises Ltd.
21,Canada Games
39558,Gametrade Distribuzione
5936,Modiano
3118,KDS Distribuzione (Italy)
25933,BakaFire Party
30739,Portal Dragon
25637,GameField
11605,A. D. Richter & Cie.
11812,Blizzard Entertainment
8316,Brevete S.G.D.G.
19242,Carlsberg
32807,Chinese Arts & Crafts
2157,Educa Borras
6689,Franz Schmidt
11607,Golconda
16700,Grapet
11747,Guanhua (冠華)
1425,H. P. Gibson & Sons
41311,Intercontor AG
9108,John Lewis
661,John Sands Pty Ltd
16652,Kerry's Mah Jong
11746,KR
25318,Laurence King Publishing Ltd
451,"National Games, Inc."
10007,"National Mah Jongg League, Inc."
406,Olsen
3897,Perry & Co. Ltd.
11606,Royal Depth
4281,SPM: Syarikat Permainan Malaysia
48404,"Spółdzielnia Rzemieślnicza Wielobranżowa ""Przemysław"""
8667,SYU Creation
11953,Zontik Games
43330,Imagine Jogos
6756,Playgo Ltd (Hong Kong)
9390,SpinBottle Games
1649,Grimpeur
9469,Kossetsu Games
34314,Sunny Games
2429,Wiggles 3D
3013,Fragor Games
36249,Game On Publishing LTD
23664,Brotherwise Games
7648,Amo Oy
50751,Happy Color
34201,Cosmic Games
38360,Forbidden Games
27515,Switch Games
32841,Druid City Games
12,Cheapass Games
33238,James Ernest Games
35230,Wyrmwood Gaming
40465,Calamity Games
2883,MindWare
21438,Éveil & Jeux
38674,"Inter Hobby Co., Ltd."
32140,Lúdilo
37148,Ninth Haven Games
29693,UTSUROI
47476,Geronimo Games
50993,Hachette Board Games UK
35166,Sorry We Are French
17184,Asylum Games (Board Games)
23993,Mercury Games
29413,Saashi & Saashi
23677,Big Fun Games (Board Game)
22905,Homosapiens Lab
49278,Asmodee Spain
75,Ragnar Brothers
31373,PieceKeeper Games
39456,Roomiz Games
22785,Five24 Labs
42203,funbot
46520,Poketto
34905,Saikorodo
45315,BoardBros
28987,"Pencil First Games, LLC"
29998,Emperor Penguin Games
81,Bambus Spieleverlag
27171,Drawlab Entertainment
38152,Playhouse
10881,Piece Craft
24222,Purple Brain Creations
76,Looney Labs
43891,Grand Trunk Games
4315,Wild Heaven
30685,AVStudioGames
24881,LudiCreations
39453,Side Room Games
45383,TGG Games
43864,Treetato Studio
12553,Fjölvaútgáfan
28651,Catch Up Games
34784,Editora New Order
24028,Tuesday Knight Games
26047,"Griggling Games, Inc."
123,Victory Games (I)
29307,Skybound Games
50427,Skybound Tabletop
15072,Cross Circle Games
28238,Tau Leader Games
4001,Abi Games
41412,Gam'inBIZ
46459,Giga Mech Games
47012,Guf Studios
5522,CSE Games
39733,Underdog Games (I)
30468,Games 4 Gamers
9541,Calliope Games
4406,Abysse Corp.
265,Drei Magier Spiele
24972,Lion Rampant Imports
6384,"Game Republic, Inc."
24504,cosaic
27371,Studio GG
14362,Placentia Games
4222,Post Scriptum
40815,Accessijeux
5761,Back Alley Games
672,"Family Games, Inc."
124,Great American Trading Company
1613,Identity Games International B.V.
21581,Marbles: The Brain Store
33500,Holy Grail Games
39502,Synapses Games
23762,The Canadian Group
13173,Crown Products
17166,Longshore Limited
28660,CreativaMente
1111,Privateer Press
54,Doris & Frank
11142,Krok Nik Douil editions
23209,Coffee Haus Games
27316,Trefl Joker Line
31101,Final Frontier Games
23451,Ndemic Creations
25355,Grounding
12446,Moonster Games
25549,Starting Player
1299,Diset S. A.
2060,"Yuhodo, Inc."
1876,Altar Games
32658,Blacklist Games
9545,Irongames
29972,HT Publishers
25854,Santa Ragione
18967,8th Summit
3683,Dan Verssen Games (DVG)
29456,Hush Hush Projects
32996,Rock Manor Games
40390,Boom Boom Games
48072,Bumble3ee Interactive
6012,Froschkönig GmbH
5805,AG Müller (AGMüller)
3626,"Basic Fun, Inc."
30,Berliner Spielkarten
5131,"Coach House Games, Inc."
7217,Editions ATLAS
24615,Helmut Lingen Verlag
2830,Heraclio Fournier
564,"Jax, Ltd."
21535,Prime Promotion
16769,Starz Entertainment
464,White Wolf Entertainment AB
2757,Cafe Games
9624,Fireside Games
16757,Stratagem Game Design
6348,Consim Press
2173,LudoArt Verlag
22226,Modiphius Entertainment
7985,Ediciones Zinco S.A.
5018,Encore
211,Falconer Printing
1397,Fanpro
342,FASA
17294,Imperium Jogos
13319,PRO-Games
30108,אוליב (Olive)
11669,Axel
38617,Sharp Games
11082,Rallyman
1752,Giochi Rari
18615,Greenbrier Games
27322,"Twin Fire Productions, LLC"
244,Playroom Entertainment
6589,Four Esses
6488,Hazgaard Editions
15984,Devil Pig Games
26503,Play Well Games
13421,Stardock Entertainment
43394,Studio H
35787,Mizo Games
16243,Mantic Games
26208,Winning Moves Germany
2486,Gorgonstar Publications
25069,Meeples Cafe
44109,Paradigm Infinitum Pte Ltd
17473,Sun Team Day Hobby Company
777,Simba Toys
5526,Mad Man's Magic
3481,"ООО ""Технолог"""
5367,Immortal Eyes Games
35071,Play Smart
22357,All-Aboard Games
24907,I Was Game
49472,Heidelbear Korea
37349,Flying Tiger Copenhagen
46717,Louvre Editions
4498,MasterPieces Inc.
14505,Rabén & Sjögren
27,Eon
1034,Tsukuda Hobby
40,West End Games
24884,"LMN+B, Ltd"
35738,500 Nuances de Geek
33081,Diemension Games
46928,HOLYSWORD GAMES
39391,Lockme
36632,Hall or Nothing Productions
29628,Act in games
1833,Litas Spil
14,Ludodélire
2239,Darwin Project
706,Halloween Concept
38819,Luma Games
18231,Ironhide Game Studio
44844,Light N Games Inc.
46724,HANALL M&C
3146,Jeux sur un Plateau
2832,Lord Carter
13938,White Wolf Productions
46,Adlung-Spiele
27828,Triton Noir
22637,Dice Tower Games
27541,Capsicum Games
41440,Awaken Realms Lite
2097,Murmel Spielwerkstatt und Verlag AG
7938,Ludens Spirit
6747,Marks & Spencer
9090,Smart Chick
5387,Edition Maritim
29398,ボドゲイム (Bodogeimu)
42670,Off the Page Games
11738,Sirlin Games
77,Cwali
2775,Hexagonal
98,Iron Crown Enterprises
16983,Deinko Games
26543,StuntKite Publishing
29516,"Bethesda Softworks, LLC"
36438,Themeborne Ltd.
39800,Exod games
3476,Kawasaki Factory
10428,Bonaparte
1906,Educa Sallent SA
9401,Funskool Games
14304,"Kawada, Co. Ltd"
33440,ツクダプリスクール (Tsukuda Preschool)
28225,Hard Boiled Games
45406,Badgers from Mars
7629,Small Box Games
25740,RASS Games
662,Arrow Games Ltd
389,Brio AB
1531,Bütehorn Spiele (Buchholz Verlag)
47674,"Caribou Mountaineering, Inc."
1935,Carlit
4045,Chadwick Miller Inc.
30405,Classic Toys
2701,Croner
28046,Daells Varehus
11948,Dos Reis
50096,Galison
16844,Galleryplay
130,Gamut of Games
11949,Ghisò
11950,Gigliodoro
6020,Glevum Games
21209,Gold Medal
121,Harlekin
11951,Hector Saxe
6338,IRWIN Games
3540,Joker
8085,Juegos Ya S.L.
495,K.E.Leg
13486,Kingstone International
24407,LuduScience
16880,M Petrushkin
24140,Marlboro
3229,Matsui Gaming Machine
23954,Maxco
9336,National Novelty Corp.
2432,Origem
22722,P:OS Handels GmbH
7885,Palet spil
500,Pelikan
4910,Pintoy
8666,play time
37505,Poolmaster
23041,Przedsiebiorstwo Zagraniczne LABO
24436,Regionalia Verlag GmbH
664,RoseArt
27269,S & E
3670,Saitek
48978,Schou
15026,Silk Cut
23146,Sladecolour Board Games
3080,Smethport Specialty Co.
2142,Square Root Games
22791,Top Mark
22353,Unicorn Products
32307,Exploding Kittens
37277,Shining Creations
5297,Oy Lollipop Ab
100,db-Spiele
2084,Creative Wargames Workshop
10451,"Purgatory Publishing, Inc."
1052,ToyCo
15429,NG International Srl.
46358,Nanox Games
38056,Smirk & Laughter Games
9365,Driftwood Games
356,Metagaming
2492,Aztral Games
26489,The Elephant Chess Club
290,"The Games Gang, LTD"
7031,Global Partner
47093,ilexberry B.V.
29330,Kumon
10711,LPSA
14233,Nekomado
2148,Origineering Enterprises Ltd
19149,Pàcly
14170,pieco design
8564,The Shogi Association
38998,Shogi.cz
23226,XVIe
8100,Revolution Games (I)
26089,Emergent Games (II)
22863,Play & Win
7702,Chili Spiele
39487,Mamute Jogos
7531,Strategic Space
24432,Menart
30433,Facade Games
48895,Games Unplugged LLC
237,Australian Design Group
4855,Corvus Belli
31213,Mont Tàber
2396,SlugFest Games
32732,Weta Workshop
22096,REDIMP GAMES
181,Game Designers' Workshop
1189,Drumond Park Ltd.
5870,Popular de Juguetes
22488,Super-Pauli
6070,"Toy Vault, Inc."
6176,Gozoku
909,Week End Games
50517,NAC Wargames
25884,Ravensburger Buchverlag
109,"Set Enterprises, Inc."
2864,Burley Games
38664,Shakos
275,Nova Game Designs
17968,PewterCraft
1634,Battleline
351,Intellect Games
6416,Novoplast
10514,Dust Games
46512,IV Games
5189,"Braincog, Inc."
488,Strat-O-Matic Game Company
16687,Japanime Games
34464,Banner Of War
35871,Kilovolt Design
3491,SimplyFun
43675,Edition Mandarin
46100,Exa
25994,Miao Trading Company
9114,The Suns
30304,"Super King Co., Ltd."
938,Wargames Research Group
30408,"Wenzhou Bingxin Recreation Articles Co., Ltd."
21807,蜻蜓牌 Dragon-Fly
3929,Compass Games
2069,L2 Design Group
3444,Wargames Research Centre Ltd.
37400,Jactalea
42442,Geoni
44712,Deep Print Games
34326,Goblinko
274,Chris Lawson
14318,AS Company
47284,Fotorama de México
2351,Gakken (学研)
465,Five Rings Publishing Group
5231,Carrom Art
4742,IKEA
4562,Mespi
10764,Olympic
6457,Black Industries
27068,Genius Games
17441,Gotha Games
4561,Mindtwister AB
14351,White Castle
33628,Mighty Boards
32595,Cloud Island
40402,TIME2PLAY GAMES
37006,Godot Games
29372,Elephant Laboratories
27936,Ludoismo
11805,Anomia Press
8495,Aquamarine Games (COMPUDID)
1997,Arxon
6285,Bookmark Verlag
30795,Brain Games Germany
553,Cadaco
932,CBS Electronics
311,Clementoni
38835,Coneways
3138,Espenlaub
4089,Falomir Juegos
21925,Fjarðarfell
2896,Fortuna Games
390,Fun Connection
9396,Game Design
47384,"H. I. T. INDUSTRIES, LTD."
6603,Hansa Toy Co.
14270,Hertzano Ltd.
3997,Intelli
16053,Lamda Limited
16399,Lastentuotetukku KY
2727,Lemada Light Industries
6791,Lifetime Educational Games
10925,"M & G Pacific Toys, Inc"
4611,Masudaya Corp
649,Perner Produktions GmbH
9319,Shelbud Products Corp.
7355,Studio100
21894,TM Toys
26551,TOMA Sp. z o.o.
1322,Tomy
39561,Toy Club
7997,Weico Produkte GmbH
35425,Yangxin Industrial Company Limited
46566,놀이속의세상
23332,Worldspanner
104,G&RRR
6892,MIKA
4603,Vini-Spil
42037,TeeTurtle
44231,Unstable Games
250,On Target Games
2354,Smirk & Dagger Games
420,Discovery Toys
25575,Elmark
12754,MoBi
6657,Ronda
43237,Το Καλό Παιχνίδι Α.Ε.
35817,"Dark Sword Miniatures, Inc."
1061,Ruibal Hermanos S.A.
28826,Rooster Games
15310,Gale Force Publishing
8689,Game Preserve
11530,Instytut Pamięci Narodowej (IPN)
7360,Osprey Publishing
45590,Planet Smasher Games
16940,"Knight Works, LLC"
3659,Catan GmbH
992,One Small Step
43879,1 More Time Games
36937,Big G Creative
38974,ぶんぶんゲームズ (Bunbun Games)
29351,DMZ Games
47671,Unexpected Games
31519,PYTHAGORAS
9656,Evil Hat Productions
66,Abalone Games
31199,abalone s.a.
6469,Abstract Games (magazine)
67,Galoob
48,Out of the Box Publishing
19237,"Snake Oil, LLC"
21625,Nestlé
5364,TableStar Games
79,Walter Müller's Spielewerkstatt
23245,Moaideas Game Design
37978,ICE Makes
11264,Editorial Dos Pasos
3676,Grimaud
9927,Russimco Games
2027,Top Cards
5117,Yetem S.A.
9361,Games on the Brain
1122,Hobbygames Ltd.
32781,Winning Moves UK Ltd.
27263,Kind Fortress
37869,Battle Systems Ltd
35298,Tabula Games
10868,Legion Publishing
1850,Mind the Move
39568,The Pandemonium Institute
78,Atlas Games
3956,Martínez Roca
1294,Unicorn (I)
33915,Mogel-Verlag
26472,Overworld Games
43306,Pull the Pin Games
17811,MB spill
27524,Ninja Division
14087,Soda Pop Miniatures
4763,Factor Games
1682,"Nike and Cooper Española, S.A."
4933,Smeets & Schippers
7585,Aldebaran Games
3388,Cra-Mor
12812,"Flying Tricycle, LLC"
23720,Home Run Games
36058,Japan Network Security Association (JNSA)
2952,Lost Games
29996,Serfs In The Pot
28793,Korona Games
6369,"Bananagrams, Inc."
17814,Peliko/Martinex Oy
645,"The Game Works, Inc."
26398,Vaka-Helgafell
4343,Weston Group
43050,Just Play Games
4883,Diehl Medien
1571,Inspiration Games
36876,Lark & Clam
32338,Braincrack Games
40083,Nice Game Publishing
39362,Zvata Studios
238,Dutch Blitz Games Company
19114,Manifest Destiny
4964,"Subbuteo Sports Games, LTD"
46638,Eleven Force
7860,Es-Es-Es
15229,FT Champs
3107,Jokari
6412,Megableu
22481,Replay HW
22441,Top Spin
9795,Fast Forward Entertainment
26900,Weird City Games
17977,Grouper Games
25548,FLIPFLOPs
43758,Hangom Games
27235,Perplext
19074,Game Night Productions
17594,Galmadrin
44158,"Imperial Publishing, Inc"
49655,oook! Game
50209,Playte
18090,Süddeutsche Zeitung
18021,HCM Kinzel
24320,Quixotic Games
7382,Leonardo Games
1349,Briarpatch
2028,Built-Rite
4352,Creative Child Games
1992,E. E. Fairchild Corporation
6531,eeBoo
4527,General Mills
1192,Hallmark Games
16041,JA-RU Inc.
4706,Russell Manufacturing Company
2792,ThinkFun
717,Whitman Golden Ltd.
42092,3 Emme Games
29784,Word Forge Games
41633,Circoctel
50138,Pygmalino
34805,Ôz Editions
354,Gabriel
4009,Pente Games
50342,Casa Estanciero S.R.L.
654,CEFA (Celulosa Fabril S. A.)
847,Chieftain Products
4612,Drechsler
8245,Juegos Crone
2090,Kuvataide
17882,Labo-Mix
9006,Max Ploys
2368,Murfett
3994,Playmix
4858,Production & Marketing Company
44714,Refax Oy
34674,ren ehf.
16091,Schowanek
1318,Sio
17229,Spectrum Games Corporation
12557,Spil hf.
30088,Super Impulse
45308,Tinderbox Games
26123,T. R. Urban & Co.
24099,Winning Solutions (WS Game Company)
5613,Xalingo Brinquedos
30657,YOHAN
15201,Dast Work srl
44309,DIEA Games
36277,Project Raygun
28177,Elite Games (II)
9491,CreateSpace
7993,Ganesha Games
17575,RetroPunk Game Design
39282,Grimlord Games
5217,Evertide Games
25191,Mirror Box Games
10044,Finnish Game House
139,Laurin Verlag
2907,Bizak
29931,Kids Table BG
9071,"Aires, Fanha e Raposo, Lda"
18858,ZickZack Spieleverlag
2425,Fishtank
43400,Board Game Hub
34776,"Mariucci J. Designs, LLC"
23961,Pegasus ToyKraft Pvt. Ltd.
12929,Eventide Games
14876,Smiling Monster Games
46508,SUNNY BIRD
36865,Beardshaker Games
6092,Bielefelder Spielkarten
5215,Cartamundi
21248,Castrol
1210,Clicker Spiele
23005,Coeur
41019,Dino Entertainment
19111,Heinrich Schwarz & Co
761,Heye Verlag
23059,Ilsespiel
23169,Kömmerling
36052,Solvay S.A.
22436,Teepe Sportverlag
23170,Underberg
18923,VEB (Volkseigener Betrieb) Spielkartenfabrik Altenburg
50913,Verlag Neue Kritik
44703,O Capturador
33446,Magilano
38141,Storm Chaser Games
38463,MUNDUS
6421,Brightway Products Ltd
786,Gazebo Games UK Ltd.
148,Holzinsel
17832,Robert P. Moore Games
28731,One More Game!
24412,Pleasant Company Games
27796,Kuraki Mura B.G. Studio
248,Hersch and Company
7346,Homo Ludens
33298,4Dados
43031,Atomic Mass Games
149,Jolly Games
51058,Day Day Board Game
44696,Lonny Games
25121,Grublin Games Publishing
402,Edition Perlhuhn (Göttinger Spiele)
1500,Kronberger Spiele
40481,Black Beacon Games
30471,King Racoon Games
46992,SEVENSEAS GAMES(七海桌游)
118,AZA Spiele
23373,GIndie
4092,Citadel UK
40053,Gap Closer Games
41371,Prétexte SAS
34857,itten
39423,Dolphin Hat Games
51019,Black Sea Puzzles
31098,Geeks N' Orcs
701,The Game Dealers Ltd.
4701,Jeux Dargaud
40744,Lil' Cerebral
35383,Moroz Dev Studio
40025,Spielefaible
40224,Watermelon Publishing
1991,Relative Range
17956,Bellwether Games
21478,Helvetiq
45904,Tucker's Fun Factory B.V.
132,Two Wolf
4442,DG Games
2672,King Cards
26185,Everything Epic Games
34108,Winning Moves International Ltd
29812,新ボードゲーム党 (New Board Game Party)
38287,Sparkworks
9495,Spiral Galaxy Games
36884,Lumberjacks Studio
4852,Marvel Entertainment
5963,Innovention Toys
42616,Funnyfox
25382,IronWall Games
25090,"Urban Island Games, LLC"
23626,Wisemen Games
45619,Idea Jogos Pedagógicos
34928,Octo Ludustudio
39982,Adreama Games
191,"Flying Buffalo, Inc. (FBI)"
893,Gameshop
308,Greysea Games
16,TSR
3318,TM Games
37558,Go On Board
2355,Worthington Games
26659,"Worthington Publishing, LLC"
36428,Randomskill Games
6944,DVS Games
28002,A-games (Board Game)
32515,Big Kid Games
2913,Your Move Games
28946,Chara Games
26218,Squirmy Beast
40430,Astrolabe Interactive
12845,Mantikore-Verlag
1917,Selecta Spielzeug
5888,Take On You
29350,Artana
36411,Bad Taste Games
27037,Jacksmack Games
37007,Eclipse Editorial
4826,Giseh Verlag
46723,KnC
16026,Mica Games
9348,Mindtwister USA
49263,Helaina Cappel
30327,QBIST
975,Oriflam
3553,"Shadow Games and Fantasy, Inc."
30482,Oxybul
35310,Dragori Games
39955,PvP Geeks
50379,Skytear Games
21086,Beautiful Africa
21091,GrapevineStar Media
40136,Phase Shift Games
90,TimJim Games
23313,2Geeks
27497,Green Couch Games
4269,moses. Verlag GmbH
5064,Radikal Games Ltd.
1410,Game Office
2011,Toyster
25,"Amarillo Design Bureau, Inc."
352,Task Force Games
3133,"Kokusai-Tsushin Co., Ltd. (国際通信社)"
5987,Magma Éditions
19174,Serges Medien
26624,Devious Weasel Games
952,Gallimard
5899,Pelito
6670,Protocol Productions
6672,R.I.P.A.
3805,Sfera
6671,Ventura International
29283,RUNES Editions
42076,Stellar Factory
35519,Timber & Bolt
650,Kidultgame
36660,ぐうのね  Sounds Good
2744,Gorilla Games
15516,Flatlined Games
6628,Brite Power International Ltd
2074,Capiépa Éditeur: Jeux Éducatifs
17253,Stylus
28209,Letiman Games
17865,Rather Dashing Games
44842,Keen Bean Studio
50478,Ludofun
33589,Uproarious Games
846,Sports Illustrated
39926,CGS- Creative Games Studio
29607,こっち屋 (Kocchiya)
48702,Korokorodou
40269,Ludic Dragon Games
43865,Motor City Gameworks
23816,Air and Nothingness Press
8134,Bezzerwizzer ApS
48779,Bright Eye Games
27089,Rook Card Company
4645,Toltoys
31778,Dark Flight
39834,Jordan Draper Games
26034,Beautiful Disaster Games
5500,GiftTRAP Enterprises
14306,Hemisphere Games
1714,Chronicle Books
50246,Postmark Games
42315,Wyrmgold GmbH
10799,Red Rook Games
31952,Blue Beard Entertainment
989,Gecko Games
34631,Wonderment Games
29142,GARYKIMGAMES
120,"SPI (Simulations Publications, Inc.)"
33126,Bad Crow Games
4143,John Galt
5429,Marflow Games
11651,Flying Games
32483,Berserkr Jogos
47651,Edgard
285,Fat Messiah Games
10821,Le Joueur
45750,Dagge Games
40506,Enigma Studio
39359,Steeped Games Ltd.
50453,Whirling Derby Games
25405,U&P Games
598,BeWitched Spiele
10716,In ludo veritas
6025,"Lock 'n Load Publishing, LLC."
27920,Divedice
6422,CrossCut Games
33942,Certifiable Studios
42818,Nemesis.Games
30296,Steamforged Games Ltd.
252,Edition Erlkönig
4845,The Pokémon Company International
46108,Warehouse Games GmbH
11335,Warlord Games
18765,Meridae Games
17248,Pulsar Games
25542,Kraken Games
9604,The Creativity Hub
459,Kadon Enterprises
6334,Pilot Games
27100,Jon Sudbury Games
6500,"Robot Martini, Inc."
33711,Hollandspiele
14254,Albe Pavo
2062,Watkins Strathmore
1398,Venatic Games
37659,Aurora
18962,Crash Games
32875,Bink Ink LLC
5186,"4Kidz, Inc."
7633,Globo Giocattoli
8505,Javos (PaN)
5244,Karto
34882,PlayMonster
5086,Premix
11720,Remoundo
6492,Somerville Ltd.
18665,Tactico
50761,внешторгиздат (Foreign Trade Publishing House)
32988,Twogether Studios
257,Hobby Products GmbH
44625,ZBB Editions
601,Buffalo Games
4713,Titanic Games
48544,Maestro Media
39673,Studio71
5941,St. Laurent Games
4750,Die Spiegelburg
144,Flying Turtle Games
12549,Gabob LLC
40362,LuPri
258,Leading Edge Games
25239,Ameritrash Games
5485,Games for the World
27353,Mittelbayerische Zeitung
19119,Stuttgarter Zeitung
31908,ConcernedApe
10857,Medusa Games
10797,Prime Games
15258,La Tana dei Goblin
2946,Siroz Productions
8805,River Horse Ltd.
2403,Matrix Games
13343,Double-O Games
21428,OldChap Editions
644,Pinnacle Entertainment Group
10053,Wyrd Miniatures
40131,HYBR
11165,Mál og menning
38261,Goblivion Games
2029,Païlle Editions
8342,Digital Eel
26568,Superlude Éditions
1951,Scribabs
5112,Wattsalpoag Games
6127,Mücke Spiele
11742,Éditions Sans-Détour
4109,CMK Partners
22761,Historische Spiele Zander
1164,History Craft
39371,Krealudik
50291,MP Juegos
2287,"No Guts No Glory, Inc."
9316,Norse America
7458,"Northwest Corner, Inc."
799,Past Times
15632,Ragnarök Games
4632,ROMBOL
4250,Running Press
4520,Shannon Boardgames
24753,Sources and Methods Games
3358,Game Journal
26589,Badger's Nest
48511,23rd Chamber
42730,Tiny Furniture
43867,Distant Rabbit Games
25235,Th3rd World Studios
4522,TENKIGAMES
40372,theory11
26220,Jasco Games
23447,"Gamesmith, LLC"
37622,Fort Circle Games
46892,Modern Games
34803,Sensible Object
10685,Fifth Column Games
11388,A/S Informa Forlag
33631,Assim Toys
2623,Baravelli
29810,BSiri Business
2380,Clem Toys
8885,Double Games
4953,Four Generations
15755,Fun-4-All Corp.
36999,H. Carlsen AB
17177,Henry Higgins Promotions
520,Irwin Toy Ltd.
7222,Mega House
22131,Müller Ltd. & Co. KG
6876,Nilco S.A.
3244,Nyt Nordisk Forlag
2120,Oy Fenno-Alga Ab
782,Peter Pan Playthings
17581,Playcraft Toys Limited
823,"Random House, Inc."
24145,Sanrio
25685,Taş Devrı Oyuncak
1177,Tryne
5445,Universal Cards GmbH
31141,VEB Germaplast
49401,Villy Nielsen ApS.
5994,Waddy Production
1327,Plenary Games
46772,Bloom Games (Korean)
14378,Ascora Games
6060,Blue Panther
40959,DriveThruCards
11600,MegaCon Games
10835,Kokörîn Kolorado
31717,Jet Games Studio
27107,Rule & Make
478,Cactus Game Design
4817,Uljö
7052,Blast City Games
14899,Emperors of Eternal Evil
28788,Draco Ideas
26267,Soso Studio
22062,Home Box Office
8179,Id&aL Editions
37233,Multiverso Jogos
49336,CafeMoka Studio
1291,Rosengarten
3905,Mega Brands
24784,Watchtower Games
25989,MushrooM Games (II)
4047,Leo Toys
156,Relaxx
42384,Midgard Board Games
29131,Lay Waste Games
10505,Art Games
50857,Ingenio Games
28148,Die-Hard Games LLC
7297,CD Projekt RED
37288,77spiele
15619,Winning Eleven Productions
42034,Bored Game Ink
31911,Dark Ice Games
1042,"Colour of Strategy, Ltd."
12049,Lervik Spill og Leker
30351,Mind Games  (II)
21043,quecke-verlag
47207,"Tantrix Games Ibérica, S. L."
27134,Tantrix Games Ltd.
34183,Inside Up Games
31107,Fobs Games
33591,Nighthawk Interactive LLC
31075,Stay At Home Werewolves
12036,Boosterbox.nl
38702,Borderline Editions
37586,Bannan Games
4456,Blue Opal
780,EKOS
3539,"Ekos-USA, Inc."
12089,"Kids On Science, Inc."
6774,"Polarity House, Inc."
8571,Tangent Toy Co.
3250,Telemotion Technologies
4067,"Temple Games, Inc."
42739,Runaway Parade Games LLC
37829,Flying Lemur Game Studio
22462,Fun to 11
33617,Boxed Lightning
44040,Legend Story Studios
27169,Knapsack Games
24554,Terra Nova Games
37933,Dranda Games
38610,Strategos Games
37278,iDventure
50703,Jianjie Star Games
26054,Extended Play Productions
45842,IHSV Games
8716,One Draw
37503,Broken Mill
44924,My Only Company
12573,Eskifell hf.
27973,I on U
26594,Mortensen Games
13235,Spellbook Games
29829,Archona Games
23975,KaleidosGames
23931,Cosmic Wombat Games
5108,Ludorum Games
581,"wiseandotherwise.com, Inc."
34969,Tompet Games
8827,Dragon Dawn Productions
45138,Hidden Industries GmbH
3117,Hanser
14543,5pb. Inc.
6129,Assa Games
29898,"Iron Kitten Games, LLC"
413,Fiendish Board Games
3110,Prinz Spiele
21487,Ericsson
4831,Strat-O-Sphere Ltd
7426,Emma Games
36713,Nightingale Games
39184,Lycan Studio
6013,Brändi
49491,Octopus Vertrieb sozialtherapeutischer Werkstätten
2994,Scholastic Entertainment Inc.
219,The Gamers
6577,Nomura Toy
28696,Vesuvius Media
41229,Light Heart Games
25554,Zafty Games (Zafty)
46439,Brainteasers
28437,Mighty Box (Mighty Box Games)
94,Clash of Arms Games
45948,Panic Roll
13773,Nevermore Games
5972,Cutting Edge Publishing & Design House GmbH
2394,"Spielfreaks, Ltd."
27649,Titan Forge Games
1605,Jeux Rexton
1211,"Standard Games and Publications, Ltd."
6844,Daiso (ダイソー)
22794,Editions Philippe Picquier
22428,Ensky
22769,Europdesign
17151,Grubbe Media GmbH
35494,"Hanafuda Hawaii, LLC"
36643,IndianWolf Studios LLC
43139,Miracle Fish
39094,Motobayasi
6173,Nakayoshi-Mura
24285,Robin Red Games
31602,Showa Note Organization (ショウワノート株式会社)
7176,Golem Games
716,Grünspan-Spiele
40707,Mojito Studios
23206,Backspindle Games Ltd.
39034,Crimson Company
22367,Grey Gnome Games
21564,France Cartes
12022,Koppenhol Uitgeverij B.V.
29065,Shuffle
50689,Sphinx Verlag Basel
5424,"St. Croix, Inc."
30846,Evensen Creative
24945,Jeux Opla
29273,Altema Games
35902,Golden Bell Games
4666,Steffen-Spiele
23584,"Ad Magic, Inc. ( AdMagic Games)"
4466,Kuźnia Gier
42306,El Dorado Games
38136,Alter Ego Games
905,Ground Zero Games
18698,Revolution Games (II)
31655,First Fish Games
27319,Markee Games
24936,Bombshell Games
3969,Dagoy
9512,Legion Wargames LLC
9046,Disk Říčany
28505,REGIO Játék
16784,Rhenania Gruppe
29885,Little Nuke Games
29184,Wolff Designa
141,Professional Motor Sports Games
19239,American Oil Company (AMOCO)
3850,Association of American Playing Card Manufacturers
16895,Auto Novelties Ltd
22404,The Denver Dry Goods Co
3697,Gladstone Games
27958,Go! Games
4800,Guinness Publishing Ltd
27641,Handa
19240,Hudson Industries Pty. Ltd.
23630,The Valentine Publishing Co. Pty. Ltd.
3198,"Washburne Research and Manufacturing, Inc."
25208,Power9 Games
31481,Sweet Lemon Publishing
25052,Funhill Games
23368,RBG
7425,Stolitsa Design Group
26784,ТРЕТЯ ПЛАНЕТА
16806,Italian Scopa
25555,The Spiel
29949,Gold Seal Games
45469,Aquí Hay Dragones
17415,Gripping Beast
22812,Studio Tomahawk
10348,Magazzini Salani
42087,Simetro books
17940,Story Factory
32319,Resonym
27445,Bonsai Games
21344,Grosso Modo Éditions
12744,Hopwood Games
39596,XVgames
40499,Iron Horde Games
26797,Smoothie Games
31,TM Spiele
36985,Jocus (II)
44681,Saxum Kiadó Kft.
14045,Designs In Creative Entertainment (DICE)
23,Chaosium
6354,Games and Puzzles (magazine)
771,Right Stuf
3001,W. Nostheide Verlag GmbH
4693,Weykick.de
22664,Nothing Sacred Games
11385,Club TreEmme
37305,Clevergreen Board Games
22864,Free League Publishing
12224,Paradox Interactive (I)
7568,DDD Verlag GmbH
1308,Citizen Games
14123,Living Worlds Games
3429,AGEMA
45228,Fantasia Games
21577,OSTIA Spiele
21070,"Jeffco Games, Inc."
5654,Peaceable Kingdom
10691,Saien
24148,studiogiochi SAS
9367,RBM Studio
34922,Plotmaker Games
40366,Les Editions de base
30007,Bankiiiz Editions
26925,Kamikaze Games
39051,Treecer
21667,EfcéFac
37698,Il Leccio
5353,Let's Play Games! LLC
9597,Skjøde Skjern
25114,Robert Burke Games
38920,Laboratory H
49649,Nerdlab Games
161,Hangman Games
38520,Hub Games
24617,Laboratory Games
22910,Drei Hasen in der Abendsonne
4441,Eclipse Editions
5876,Calco Games
31000,Woodland Games Limited
21505,PLAYthisONE
16639,Blue Terrier Press
1094,Games & Puzzles Publications
595,Hugendubel Verlag
28210,Toybox
35770,The Flying Games
4026,Gelber Marketing
8471,Gogny-Goubert
167,Huki
318,Suntex
15206,Настолкомания
28255,POOF-Slinky
640,Underground Games Inc. (I)
5559,Reiver Games
10440,Abeilles Editions
515,Just Games (I)
4108,Midwest Research
36910,Underground Games GbR
36971,Underworld Kingdom
4834,La Factoría de Ideas
535,Hogshead Publishing
306,Krimsus Krimskrams-Kiste
9429,Magnum Opus Press
1946,Rose & Poison
39753,Galactic Raptor Games
519,Conflict Games
10288,"Fantasy Productions, Inc."
25562,War Drum Games
1811,Rackham
1512,"Shrapnel Games, Inc."
41211,Explosm Games
23539,Rock Paper Scissors Games
29939,Push It Games
2954,DJ Games
5157,Jeux PBM
28468,Nordlandsippe
6514,Adrenaline Brush Ltd
10992,Bohemia
6401,Brookstone
2590,Cylinder Games
11081,Daddy-O Productions
8040,Domino-Verlag
11925,Elven Games
23160,Games & Graphics Inc.
39335,Gerd Koch
9386,Goki
6149,Intermón Oxfam
8905,Joen
50740,Juguetes del Puerto
165,Kontrell Industries
559,Lazy Days (I)
39958,Learningsmith
3259,Maplegrove
7791,Natural Wonders
28856,PICO PAO / Juegos de la Antigüedad
8989,Plasticart
4388,Plastolus Szarvas
14512,Profound
17532,RCR Terry GmbH
875,Schylling
21333,Science4You
23462,Starbucks Coffee Company
5808,Target
27830,Top-Game
5047,Top-Toy
7652,VEB Plastspielwaren Berlin
2274,"Worldwide Games, Inc."
5491,WWF
34350,PlayFusion Ltd.
218,Great American Puzzle Factory
30991,Mountain Gold Games
30373,"Adam's Apple Games, LLC"
752,GAMES Magazine
26367,Three Hares Games
30286,Mary Flanagan LLC
38353,Makaka Editions
44041,BAIKY
38417,Graphic Novel Adventures
32623,Inspiring Games
45359,Cacahuete Games
30625,"Fairway 3 Games, LLC"
4614,AoS Team
91,Prism Games
8302,Mystics.nl
23083,Among Meeples
39159,Bread and Circuses
1139,"Coleco Industries, Inc."
2165,Radio Shack
4981,Stiga
41126,Benesse
40585,EiSystem
22130,Ginbis
27031,"MARUKAWA CONFECTIONERY CO., LTD."
43523,Wanted Games
19056,Rewe
37912,LOKI
805,Daedalus
18964,Inner Kingdom Games
5814,Shadowfist Games
40303,Vetusta Games
31582,Green Feet Games
38443,Pandora's Box Studio
25153,V3G
21805,First Editions
22961,Daekor Designs
15944,Labo Market
7387,"WOSI ""Wspolna Sprawa"""
6865,Bex Sport AB
33324,Scanditoy
31509,Out of Order Games
38682,Explor8
46068,Opa! Games
60,White Wind
11046,Zombie State Games
30119,Captain Macaque
6382,T.C. Timber/Habermaass Corp
6101,Three Crowns Games
6474,Ediciones Rotura
42776,Active Magic Games
11368,Cubiko Games
46699,JellyCube
462,Base Toys
940,Gay-Play
11548,Harbert
152,Lakeside
21694,Whyme
40251,2niverse Games
39736,Memesys Culture Lab
28985,Alfil Juegos
2286,Intelligames
29452,Dark Gate Games LLC
39815,DG Games Entertainment (Dark Gate Games)
182,"Xanadu Leisure, Ltd."
8641,Grindhouse Games
4007,On The Line Game Company
46761,Chilifox Games
9041,Sunrise Tornado Game Studio
39337,Lafair Family Games
26142,Blakjax
8380,Discovery Kids
18916,PlaSmart
31334,Sharper Image
18821,MAGE Company
21895,Letheia
10627,Buried Without Ceremony
40092,The Hills Press
32892,System Matters Verlag
44250,uchibacoya
46428,Underdog Games (II)
41877,Space Cow
36639,analog lunchbox (アナログランチボックス)
1603,Giochi Preziosi
2431,"Quinn & Sherry, Inc."
35311,Crystal Caste
8112,IcehouseGames
44582,Thematic Games
32401,"Fallen Dominion Studios, LLC"
33013,Weird Giraffe Games
26026,"Sand Hat Games, LLC"
9839,Sixteen Coal Black Horses
24571,Peká Editorial
3177,Pfifficus Spiele
29411,Spyglass Games
33995,KEJI Inc
806,Topps
40286,Weltflucht Verlag
4103,Siren Bridge Publishing
26547,Novedades Montecarlo
18598,Ajax Games
4318,Sirius Products
12217,Qian Qi Dong Man
41895,Bad Comet
31129,Antler Games
16119,RETROPlay LLC
4821,The Toy Factory
21896,Split Second Games
973,Guardians of Order
365,Slag-Bla entertainment (now XXXenophile Books)
322,Studio Foglio
5768,Brohm-Parker-Spiele
1604,Istituto Del Gioco (IDG)
4864,Tofa
674,Discovery Games
5419,Diablos Polacos
10439,Arcane Tinmen
5804,Tenacious Games
24384,Gartenverlag Ansbach
3934,Morrison Games
39934,Blue Magpie Games
838,"Twilight Creations, Inc."
24672,"Prodos Games, Ltd"
17874,5th Street Games
1563,Sunset Games
43547,Fellowship of Simulations
27220,KOI Games
9332,Project Game
4049,Flower of Life Publishing Company
23768,TAC Verlag
50,QED Games
44347,Guildhall Studios
40690,What the Frog
33566,Gray Mass Games
23256,MS Jogos
31425,Asteria Games
40788,Contention Games
302,Spiel Spass
42492,Arkus Games
251,Precedence Publishing
29015,A-Muse-Ment
11127,CEPIA Games
30201,Flip Flap Editions
29754,Winterthur Schweizerische Versicherungs-Gesellschaft
25023,Les Jeux du Griffon
48388,Wydawnictwo AWM
30535,Adacio
27885,Volumique
7681,I Can Do That Games
2407,Clemens Gerhards
44265,Quoth Games
36458,Thistroy Games
28732,Flying Pig Games
296,Spiele aus Timbuktu
11729,Stratus Games
39898,Naylor Games
24295,Potluck Games
1847,"Covenant Communications, Inc."
26781,Emithill Ltd.
12966,SoftBank Corp.
4664,Bouken
25331,Monte Cook Games
70,Archangel Studios
50033,MOOD Publishing
36344,Sore Loser Games
38956,Puzzling Pixel Games
26079,Great Northern Games
43063,Blackout Spiele
41203,Primus Games
9053,Prolific Games
170,OSG (Operational Studies Group)
30841,Big Imagination Games
34822,One Free Elephant
30941,Fox Tale Games
9179,Famosa
7063,Moose
10652,Wargamer Games Studio
38782,Miniaturicum
45552,Grammes Edition
34864,"XYZ Game Labs, Inc"
42552,KC Games Co LLC
32575,"Flatworks Gaming, LLC."
24266,Euphoria Games
2667,PLAAY
15657,"Conquistador Games, Inc."
24578,Hyperbole Games
29356,AlcyonCreative
17872,Ali Baba e.V.
33716,Archon Games
2055,"Excalibre Games, Inc."
4993,"Mind Games, Ltd. (I)"
30167,Tantrix Holland B.V.
25522,ST Games
8595,Geode Games
29639,Hoy Games
224,"Cranium, Inc."
1533,Lost Battalion Games
7292,Fox Games
38796,Jolly Dutch Productions
41833,Mixlore
27252,Nabeno Kikaku
24820,1A Games
22617,Fabregas
35301,Wren Games
5109,Too Fat Lardies
29736,Table Tyrant Games
26110,Mind Fitness Games
1884,MOD Games (German Publisher)
23972,Sunnyland
9992,Prometheus Games
10170,Crafty Games
21176,Local No. 12
31916,Thing 12 Games
28478,Undine Studios
26189,大気圏内ゲームズ (Taikikennai Games)
36220,Dragonsmith
242,Design Depot
1700,PTP
8203,Phoenix Interactive GmbH
43207,Rocket Lemon Games
16140,APEX Spiel und Hobby
38267,Joseph M. Cornacchia Inc.
563,"Pictionary, Inc."
7829,Publijuego
5670,Ideal Games
2031,Khyber Pass Games
39816,Octoraffe Games
24762,Fairmount Gaming Simulations Co.
689,Rostherne Games
23797,Azahar Juegos
8911,Q-Workshop
926,Imagination Games
5882,Da Vinci-Spiele
22964,Lone Shark Games
12067,Baksha Games
8722,Numbskull Games
49650,Demonic Games
26628,Quibble Games
30081,GIFT10INDUSTRY
122,Spielzeit!
4756,Kadokawa Shoten
28249,4Moon Studio
34218,JuegosdeMesa.com.ar
30392,Linkee
236,Tresham Games
40291,Grumpy Owl Games
23283,VentoNuovo Games
241,Sacred Chao Games
27187,Ginger Ale Games
27075,Rascals Products Limited
57,Upstarts
15123,SharpSharkGames
227,Eight Foot Llama
208,Up and Away Games
33624,Oni Games (I)
7490,StrikeNet Games
142,Avalanche Press Ltd.
41180,Norsker Games
46831,BlackSands Games
37748,Simpubs Ltd.
17547,さとーふぁみりあ (Sato Familie)
27761,Lost Boys Productions
29569,Magic Meeple Games
47349,Kuckuck & Straps
2168,Nathan
4244,3-Hirn-Verlag
43484,Paper Plane Games
42834,Sidekick Games
4658,"1% Inspiration Games, Inc."
37460,Nutmeg Games Inc.
29850,All Or None Games
12620,Dwarfstar Games
368,Heritage USA
28549,Distribution LeValet
37765,Yoka by Tsume
7877,LudoPathes
8531,Spartan Games
33808,Monsoon Publishing
18569,Harebrained Schemes
28866,Fully Analog
36926,Ariah Studios
18093,Dennis's
18644,Dondorf
2551,McLoughlin Brothers
1737,Hackwerks Games
25534,Good Little Games
7428,Cole Medeiros Games
2747,Fire and Fury
1868,Quantum Printing
42955,Versa Press
19173,Igra Toys
19182,Meto
373,Mieg
6397,Nürburg Spiele
19183,PGH Geschwister Scholl
19181,VEB Metaplast
2321,Swiss Games
26146,Lost Games Entertainment Ltd.
46727,BFF Games
48607,Grimfield Games
42352,Meeple On Board
37835,Pillbox Games
11015,White Dog Games
3406,Six Angles
36996,Panda Cult Games LLC
37644,DEAR SPIELE
19065,Talon Strikes Studios LLC
228,APBA International
270,Staupe Spiele
29395,Tinkerbot Games
27733,Penta merone
27665,Table Cross
27444,Circle 3D6
14983,Advanced Ideas Co.
42758,Perro Loko Games
2943,Condor
44217,Rebellion Unplugged
27299,桜遊庵 (Ouyuuan)
603,Family Pastimes
30773,Keller & Mayer
8290,Zonnespel
996,"Herbko International, Inc."
631,Siler/Siler Ventures
28792,Wonder Games (II)
24991,Loris Games
8750,PYXI
25939,Palatia Spiele
42923,Cat Quartet Games
2764,Kraul
33169,Cardboard Edison
44375,Platypus Game
195,Azure Wish Enterprise (AWE)
5855,dtv (Deutscher Taschenbuch Verlag)
4765,Funk & Wagnalls
5856,Langewiesche-Brandt
8660,Robert Abbott
4906,Stein and Day
36497,Hexy Studio
489,3W (World Wide Wargames)
11922,Konami Digital Entertainment B.V.
49930,Plepic Games
6335,Ludibay
30663,Escape Studios
28221,CreativeMaker LLC
758,Interactive Imagination Corporation
51112,Calvinus Games
42431,Brookspun Games
8728,Blue Dolphin Games
35949,Akers Games
38176,Vigour Games
15452,Fishing Cactus
34367,Tea Time Productions
28952,Shanghai Creative Tree Cultural Spreading Co. LTD.
28769,OK Ediciones
31877,Atheris Games
10413,Jack Darwid Games
5833,Holiday Games
49576,Cards Against Humanity  LLC
7855,Ginger Fox Ltd.
5680,Terrorbull Games
27708,Past Into Print Publishing
660,Dover Publications
621,Hutchinson
7474,RBA Libros S.A.
1145,Sagacity Games
35941,RunDOS Studio
928,"Critical Hit, Inc."
3130,ZuGames
32790,August Games
8749,Good Company Games
44132,Alone Editions
35392,Reggie Games
23136,Bianfeng Games
3428,Marshal Enterprises
11065,Abstract Planet Ltd.
568,Lumicube
214,Seventh Seal
39547,Zombi Paella
31315,Rooster Teeth Games
17699,Masquerade Games
28014,Game Fabrica
37479,Przystań Gier
12138,Ludocom
6468,"Square Enix Co., Ltd."
6406,Braunkohl Verlag
35872,Rhino Game Company
2465,"Terran Games, Inc."
51114,Brueh Games Inc.
32639,Creating Games
2944,Strategy Game Company
28007,Ninja Star Games
30672,Sphere Games
136,Holtmann VIP
23133,New Line Productions Inc
1376,L. F. Enterprises
25585,Marrow Production
37143,Games by Bicycle
12818,Closet Nerd Games
14121,Sandstorm Productions LLC
8828,Vainglorious Games
1095,Replay Publishing
34672,Red Genie Games
22669,Be a Broadway Star
37421,Lulla Games
38871,Pavana Games
2886,Conquest Gaming LLC
41200,PenTree Games
22447,Bibelot Games
22432,Okoïa-Addendo
477,Whale Toys
16209,NERTZ Inc.
46607,Jack Dire Studios
35925,Multifaces Editions
8309,Bucephalus Games
6996,Mudcap Games
46981,Studio Stratosphères
7225,SkirmishCampaigns
38540,Spielcraft Games
29716,March Hare Games
24668,Dyskami Publishing Company
176,Hillary's Toy Box
40953,Furor Teutonicus Games
36056,Doomsday Robots
11552,Ayatsurare Ningyoukan
31409,TTCombat
1768,TF1 Games
28074,"subQuark, LLC"
31946,Oeuf Cube Editions
23828,Brainwright
1228,Olympic Card Company
143,M + A Spiele
30569,SunCoreGames
38705,Oka luda Editions
189,XTR Corp
40324,Cackleberry Games
41930,Radical 8 Games
24619,Black Box Games Publishing
31636,Svět deskových her
25384,Purple Games
2646,April House
24821,TJ Publishing Company
29655,Stuff By Bez
46243,AMO Toys
45669,Crazy Like a Box
8499,Collins Epic Wargames
8784,Bellica Third Generation
2538,Strategy Gaming Society
2197,Dancing Eggplant Games
23220,"Collett-Sproule Boxes, Limited"
1123,Holdsworth Thos & Sons
31874,Manhattan Agencies
6255,N.V. Smeets & Schippers Amsterdam
676,Tiger Electronics
1026,Tiger Games
9762,Cubicle 7 Entertainment
34782,TCA Games
1896,Wassertal Spieleverlag
31148,Rulefactory
31603,Axis Mundi
22792,Hawk Wargames
696,Pair-of-Dice Games
1244,Against the Odds
1243,"LPS, Inc."
23299,3DTotal Games
27553,Water Bear Games
32612,Fabricate.IO
37427,The Game Forger
159,McGartlin Motorsport Design
1004,"C3, Inc."
1954,Koplow Games
8718,Chick-Fil-A
1904,Gigantoskop
6362,Gizmet Gameworks
7502,Sky Castle Games
42072,Zemilio Entertainment
29097,Lynnvander Studios
569,Living Dead Entertainment
1574,Habourdin International
36918,Cardboard Dynamo
49713,NISEI
8930,Ludarden
30229,Kudu Games
18959,Smart Play Games
26926,Rob and Dave Games
8327,"Artra Design, Ltd."
13477,Pigphone
44302,Lord Raccoon Games
4027,Euro Games
25210,DPH Games Inc
22702,Fabryka Gier Historycznych
24713,Fundacja Niepodległości
33713,JackBro Playful Creation
29314,"Force Of Will, Inc."
25566,Gate Keeper Games
1814,SPW (Schroeder Publishing & Wargames)
1979,IcePack Games
620,Mesomorph Games
4751,Piecepack Games
7386,RamalamaS
1722,Workman Publishing
1690,The Embossing Company
2574,Puremco
9567,Edition Spielkunst
39609,Citadel's Game Series (CGS)
6695,Quest Games
1665,New England Simulations
26478,WIBAI Games
30684,ODAM Publishing
9652,On Military Matters
35983,SAS Creative
3012,Laughing Pan Productions
4567,Djeco
6328,Cipher Studios
29417,Fridgecrisis Games
33322,Sky Kingdom Games
27131,YAY Games
42296,Platypus Industries
32585,Junk Spirit Games
1845,Heartbreaker
7776,Wydawnictwo MAG
22521,GAME-O-GAMI
49276,Deer Games
450,Salagames
3249,Angelo Porazzi Games
1754,Hobby & Works
3704,Time Life
37600,Chickapig Farm
28647,Cardboard Fortress Games
30821,Eurydice Games
17449,Gilded Skull Games
49000,Rusty Robot Games
3464,Pfizer
24956,Lamp Light Games Inc
29280,Studio Woe
3215,Rebel Forge
23167,上海一逸文化传播有限公司
26196,Waterfall Games
16005,FunFair
6263,British Games Ltd (BGL)
33254,GAMIKO
26318,Meridiano 6
39428,DigiSprite
30630,Cherry Picked Games
1350,Black & White Games
13396,Find It Games
688,New World Games (I)
44425,partymeeple
26161,RAEZ
43132,Origame
316,CoCoCo
1202,Weekend Farmer Company
25500,Product Arts LLC
21740,Gamer Nation Studios
5684,Studio 9 Incorporated
35444,Amphora Games
42319,BREMEN Games
5442,Europa Simulazioni
30006,Buzzy Games
34009,Demoela Giochi
42879,Arvis Games Inc.
46707,Paverson Games
46861,Joymath
8890,Playoff Games
26939,SunTzuGames
169,Kenzer and Company
16941,Brettco Inc.
9421,Sly Frog Games
1259,Lambourne Games
24464,Buchclub
23065,Gamina Ltd
31024,Spaceballoon Games
15269,Grafika-Grafoprint
25635,1nite werewolf
711,The Really Useful Games Co.
222,Theta
27099,WiWa Spiele
1956,The Cunning Artificer
2826,Mongoose Publishing
1125,Tudor Games
46021,Wonderspell
652,"Skirrid Company of Great Britain, Ltd."
8118,Thinx Games
39953,Rotten Games
25162,Trip West Games
34719,Wyvern Gaming
8423,Clifford Toys
22482,Diddl Spiele
4495,Dinosaur Publications
2931,ED-U-Cards Mfg
21392,Johnston's Chocolates
2922,Safari Ltd.
18941,Smithsonian Institute
1964,Stancraft Products
19164,United Games Company
25066,The Red Joker
30525,Craft Fair Games
7464,Schweizer Hotelier-Verein
25791,CMX Games
15921,Ilopeli
261,Monocle Games Ltd.
22518,Albino Dragon
2698,Toccata Games
31843,Knight Models
11092,CZ Games
45435,Anvol
3820,Grand V
770,Cool Studio
38034,Nerial
7322,Tuonela Productions Ltd.
1568,Ad Astra Games
39271,Sunday Club Games
772,(Looking for a publisher)
3414,Perry Moore Games
35217,Archon Studio
7370,Sony Computer Entertainment (SCE)
31730,Lucky loser
918,Game Concepts
2010,Guidon Games
44688,BYR Games
8445,Great Escape Games
2663,Partizan Press
34605,"Monkey Jump Games, LLC"
23676,Capstone HK Ltd.
45860,Glass Cannon Unplugged
666,Yanoman Corporation
15009,MJ Games
29921,Dice Sports
35143,GREIFERISTO
7954,Newcome Spiele Vertrieb
1102,Pacific Rim Publishing
37916,Thin Red Line Games
40153,3-headed dog
19146,Break From Reality Games
44006,双子のライオン堂 (Twins Lion Do)
35692,Sentient Cow Games
25616,Junias
25615,Kunpu
46322,Happinet Games
7762,Ducale
39602,Games Adults Play
26448,Baxbo LLC
41859,Komarc Games
41441,homunculus spiel
33287,"Massif Games, LLC"
27712,HISTERIA GAMES
27711,Taberna do Dragão
43054,Smart Troll Games
37832,Detestable Games
39274,Draco Studios
29649,Fishwizard Games
41007,Old School Wargames
2385,Playme.de
536,Journeyman Press
3151,The History Channel
3150,TriKing
48395,Groovus Games Unlimited
4676,And That's The Way It Was...
4301,Greenfield Hobby Distributors
29444,AT Games
1982,Hilco Corporation
4134,Kenbrite
2316,Vedes
46792,Winshare Puzzles and Games
22191,Helvetia Games
38130,Ginger Fox Games
46051,Wonderful World Board Game
7478,"Bojeux, Inc."
11307,Diamond K Games
30649,Xtronaut Enterprises
205,Games Research/Design (GR/D)
29618,Li-He Studio
10425,Bico de Lacre
37851,Treta Games Studio
37508,Room 17 Games
25106,Dann Kriss Games
1857,Warhammer Historical Wargames Ltd
10484,Chaos Publishing
39305,Counters Out
9797,"Triple Ace Games, Ltd."
610,Charbanova
37848,Aegir Games
30388,Dust Studio
36073,A.I.Lab.遊
44228,Necromolds LLC
30017,Pasacronos
33695,The London Board Games Co
44599,Travel Buddy Games
30725,"H-B Productions, Inc."
4118,CoSi
28143,Medieval Lords
392,Good Industries
2790,Editoy
21619,Toolbox for Education and Social Action
37947,Forsage Games
29102,Graphic Studio Forsage
4999,Zero Radius Games
2460,Fiasco Games Company
2788,Gowell Classic Games
2332,Play Again Games LLC
39993,Board Game Brothas
49627,Colorway Game Labs
7510,Ambush Alley Games
7108,Européenne des Nouveaux Jeux de Savoir
45548,Duàn De Lǐ (段的理)
63,IQ Products
45541,Jian Lun (剑伦)
5510,John W. Hill & Co.
45547,Shuāng Hóu (双猴)
9854,Watilliaux
18880,Werner & Schumann
1462,Sabertooth Games
9369,Battles Magazine
45266,Lost Boy Entertainment
2155,Portobello Games
29387,ペンとサイコロ (Pen & Dice)
37142,Worldshapers
24763,Red Republic Games
39147,Dissimula Edizioni
38120,BrainBrainGames
36984,Card Castle
37893,TRVLN Games
25923,Take Aim Designs
29222,Comet
6552,La otra jugueteria
3861,Heliograph Incorporated
37625,Linden Lake Games
35123,Super Noob Games
4322,Seaborn Games
34710,Black Forest Studio
37127,Mountaintop Games
2890,Comic Images
38427,Unique Board Games LTD (UBG)
37690,BGD Board Game Distribution
2183,"All Things Equal, Inc."
42816,Skipshot Games
4473,Lancelot Games
96,Wotan Games
42476,Tarot Games Hong Kong
540,Vae Victis
29453,Lupo Art Games
10292,Fafner Spil
514,Sternspieler
33439,Infinite Dreams Gaming
18822,Stragoo Games
29404,Tower Guard Games
41691,Lowen Games
32482,Forged by Geeks
5467,"DTI (Diverse Talents, Incorporated)"
43051,Tiger Board Games
23073,Super Mega Games
1843,Red Omega Studio
28829,Gotta2 (ゴッタニ / Gottani)
38717,Wild Power Games
3617,Iplay Games and Diversions
1024,Marx Toys
30943,壬辰 (Imjin Creative)
29491,InMotion
24872,Le & Le Games
27211,La Mongolfiera SAS di Valentina Fornari & C.
13024,Wargaming.net
6509,"Red Juggernaut, Inc."
22332,Holocubierta Ediciones
28245,Elemon Games
2631,Fisher Price
44243,Subsurface Games
5342,Double A Productions
27019,Juhu-Spiele
5055,1-2-3-Games Éditions
8912,Action GT
8955,"Andres i Andreu Produccions, S.C.P. (Andreu Toys)"
2594,Bartl
1558,Funtastic
4710,Hatley Products
8896,Jensen
22806,Mester
32537,Tac-Mot
7895,Tader Products
1782,Tri-ang
18844,VEB Thüringer Schmuck Waltershausen
48924,ABM Yayınevi
48925,Fox Mind Israel
43446,Organics Based on Ideas
31466,Simple Rules
36719,CtrlAltCreative
4425,Tailten Games
453,Last Unicorn Games
1967,PyroMyth Games
22685,Loot Corps
10482,Petroglyph
41707,Treasure Falls Games
29682,Lion Games
27324,Alchemicus.pl
13288,SINONIS
36642,Iff Studios
3937,Go Stop Games
44234,Olin Studio
36920,협동플라스틱 (Hyeob-dong Plastic)
338,FPG
39193,HutChu Enterprises LLC
17967,Gung Ho Games
35514,スパ帝国 (SPA Game)
9098,Art of Games
1540,Filsfils International
5049,The Space Gamer
29978,梟老堂 (Fukuroudou)
27392,Storyception Games
25662,Escape Velocity Games
16756,conBarba
7306,Nosolorol Ediciones
556,Agents of Gaming
18001,Tap To Win
10325,Formosa Force Games
9204,Advendise
22414,Dorel Juvenile Group
13884,Caravel Games
45089,J-POP Games
10486,Yaruki Zero Games
44861,VUCA Simulations
39625,"Gather Round Games, LLC"
27575,EX1ST GAMES
46595,Hen House Games
6562,The Happy Puzzle Company
29178,Poppy Jasper Games
47118,BS Toys
7560,Toi-Toys BV
8929,Specialist Military Publishing
3573,The Wargames Directory
16362,Clockwork Colossus Games
46696,Prometheus Game Labs
7509,"Word Blur, LLC"
6989,Third Dynasty Games
41498,Foam Hammer Games
24340,spielpunk
6103,AS Manufacturas
34266,Editions Edmond Dujardin
7192,Hola Colina S.A. Colombia
27596,Play Value USA
40208,Ginger Snap Gaming
5030,Broman/Percepta Corporation
2081,Genesis Art Studio
9588,Hartville Game Company
1250,Stillmore Products
84,Straight Line Products
30694,"Shepherd Kit, Inc."
40892,KENSHO Kft.
962,Omega Games (I)
4200,Penguin Books
16515,Treasure Press
33943,Space Buddies
32715,Just Games (II)
26957,Just2play
5614,CCP Games / CCP hf (Crowd Control Productions)
793,La Mèche Rebelle Editions
12788,Moskito GmbH
49182,New Venture Games
3174,Oak Games
6330,Longman Publishers
16346,Deluxe Games and Puzzles
31646,Black Box Adventures
18046,"The Pericles Group, LLC"
15960,Thornhenge
30669,"Electric Games, LLC"
5665,Haywire Group
393,Dark House
266,Pagan Publishing
537,spareChange productions
9540,Wells Expeditions
23735,Eurojuegos Buenos Aires
26898,Mystical Games
576,Icarus Games (US)
37674,Economicus
36477,Zephyr Workshop
14672,Decalset
30191,同人ショッにゃんごろべりー (Doujinshop Nyanngoroberry)
24,Panther Games
39194,Social Sloth Games
43373,V Games
3170,Saturday House Inc.
30689,Vorpalia Games
46800,Hegemonic Project Games
32719,STORMAKTEN Production
48062,Escape Plan Board Games
4983,Lúdika y Artefactos
28272,Gamestore Banesto
41727,Seabrook Studios
4683,Ludolux
32624,Strawberry Studio
44457,SPIELPUNXX
29477,Uncanny Cardboard
2099,Pazow!
28263,Spider-Goat Games
3163,Canons en Carton
28854,Leikkien Group
38369,Lost Tile Games
33837,Orange Machine Games
25915,Pulp Alley
539,Moments in History
4231,Lo Scarabeo
40176,Barrett Publishing
2824,Warm Acre
4194,Fellowship Games
3251,The British Museum
3025,Editora Abril
24921,Gaudé Création
50685,HistoryGames.it
9014,Senet Belgium
45559,Featherstone Games
5639,Lansay
31735,Firelock Games
26476,Frog the What Games
7892,Stein-Thompson Games
38712,Zagor.hu
43182,Heavy Punch Games
8167,"MindMasters, Inc."
42259,Koliba Publishing LTD
5339,SportFX
1118,Feige Spiele
7197,Starducks
10894,Bushiroad Inc.
45309,Cogito ergo Meeple
4333,Gut Bustin' Games
33208,CardLords
14696,Europäische Spielesammler Gilde e.V.
11079,Spiele Kreis Wien
1616,Unicopli
31827,Tyto Games
37435,Stormcrest Games
36815,Play Nation Studios
5546,MM Board Games
30142,A.P.S. Che l'Inse - Demoelà project
22987,Escapade Games
1963,Quarterdeck Games
46155,Quarterdeck International
6079,Casasola
452,Global Games Company
46586,RAYBOX Games
8398,LOGIS
45131,Cloud Games
28140,Legend Express
32804,Games & Gears LLP
30927,Thylacine Games
37022,Diceborn Games Ltd.
32845,Magic Press Edizioni Srl (MPE)
5565,Goadrich Games
299,Universal Games
27824,Gamewalker
624,Livingstone Games
32122,Fantasy Workhouse
4110,BHS Games
34093,Imagination
188,Pacesetter
29032,Gunpowder Studios
25984,ThinkNoodle Games
20901,District Games
45616,Lazy Squire Games
10072,John Adams Toys
7759,Techno Source
29514,榎乃家 (ENOYA)
37519,"Smart Iguana Games, LLC"
27673,BoardGameGeek
429,Tah-Dah!
30248,Inventedfor.com
710,Majestic Twelve Games
13442,Posthuman Studios
34211,Tactrics
22745,Heart of the Deernicorn
25167,maverick muse
42419,Cucafera Games
29800,Vermin Games
26575,Shoot Again Games
42159,Gnomosapiens
34495,Chocolate Pi Games
23783,Angry Duck Games LLC
11145,Fat Brain Toy Company
12596,Freebooter Miniatures
23710,Bedsit Games
22760,Ludifolie Editions
15705,Ludimaniac
3373,NekoCorp
17154,Wishing Tree Games
45621,On Trend Goods
28451,SRG Universe
37196,2 Ton Porcupine
26119,Inte-gra
41050,TVP
40414,Into the Unknown
9407,"Hostage Entertainment, Ltd."
25852,MW Games
28507,Domina Games
19090,Frost Forge Games
43119,Apollo Games
42810,Circuit Works
9126,"LMD Enterprises, LLC"
31406,Mighty Fun
37661,Kampfhummel Spiele GmbH
29292,Games Afoot
29510,BOARD TO DEATH
5935,Masenghini
35964,Dionysos Games
1889,Minden Games
34661,Nexo Ediciones
1223,SIMTAC
49884,Olibrius Editions
33965,Più Trentanove (Thirty-Nine More)
8944,Puzzlewood
27969,Gateway Games
39189,Hit 'Em With a Shoe
42593,Exocrate Games
36578,WinGo Games
37254,Hill Gaming Company
3766,Future Magic Games
5359,One Eye Productions
39530,Derruba Peças Jogos
5846,Games On The Way
27088,"Affiliated Hospital Products, Inc."
27087,Archarena Company
27086,Carrom-Archarena Company
29083,Edw. Mikkelsen & Co.
29101,Leonard Mfg. Co.
5234,Last Stand Games
31829,"Engine ID, Ltd."
46382,Red Mojo
26081,Outer Limit Games (II)
25706,Wise Games
11650,Spot Games
28870,Royal N. Games
36152,DTDA Games
30532,Tiny Battle Publishing
27141,Most Mondays games
35061,Gaiagames
12630,Aqua Games
9973,Creative Data Systems
44756,Poncho Games Argentina
33024,Soaring Rhino
40824,neat games
2141,Arbeitsstelle für neues Spielen
4663,GameHeads
440,Aladdin
27815,I-S ULTD
7102,Pike and Shot Society
43145,Story Machine Games
1640,Salvador Games
40019,Ridley's Games
33432,Golden Age Games
49645,Hyperlixir
11073,0 hr art & technology
33346,Pangea Games
45147,Smart Flamingo
48407,The Everyday Game Company
27242,Cheeky Parrot Games
26923,Rudy Games
47514,SNAFU Design
4717,Coluna Jogos e Brinquedos Ltda.
27352,Winterhearts
6146,War Storm Series
46279,Hunt A Killer
27639,Bomba Games
3419,Ludic
31340,Wild & Wolf
4220,Bent Castle Workshops
36038,ATOMO GAMES
38694,Infinity and More
24914,Epic Scale Games
40287,Bluepiper Studio
2844,Norfolk House Enterprises
42832,Unsolved Case Files
42199,Peacock Tabletops
30042,Secret Base Games
46429,Clockwise
30267,SHINOJO
8676,Maxveld Games
3674,Broderbund
30796,Doppeldenkspiele
11114,Et Games Limited
47136,Mccoy & Meyer
24835,Yodeo Games
30160,CounterClockwork Games
2825,Elven Ear Games
25460,Nikon
26629,Sideline Strategy Games
32814,B&B Games Studio
1041,Johnny Reb Game Company
37857,OOMM
35641,Paisley Board Games
2096,Histoire & Collections
8524,Brookhurst Hobbies
3324,C in C
2507,"NavWar Production, Ltd."
31042,するめデイズ (Surume Days)
41133,Head Quarter Simulation Game Club
3925,Casus Belli
27306,Math for Love
22607,Sam Mustafa Publishing LLC
30149,One Thousand XP
44409,Hodari Spiele
24810,"Zucchini People Games, LLC"
6144,Margam Evans Limited
3660,SFC Press
5072,Pratzen Editions
37162,Ambassador Games
23942,Soppol
25281,Meltdown Games
29063,Ejin 研究所 (Ejin Kenkyuujyo)
11823,Gifted Vision
1707,World Games Company
30961,Instytut Wydawniczy Erica
28914,Ruddy Games
29464,CGC Games
46569,Cardboard Alchemy
10470,DK Simulations
4512,Quirk Books
1315,A Couple 'A Cowboys
7639,Candlewick Press
24576,Hawthorn Games
47478,Jogos da Terra
2587,The Kirk Game Company Inc
21868,"Libourne Design, Inc."
45970,Mazeology
49370,Moritz Spiele
39709,Rationella Media
4277,"Recycled Paper Products, Inc."
45757,Sprea
43445,Rafael Prado
30382,Beardy Brothers
1408,UKW
25657,Enterplay
35203,Flyos Games
22290,UnBound Games
32670,Cobblestone Games
36244,Gamephilia
14621,ZimZala Games
31525,Dr. Richter Konfliktsimulationen
45900,Wheelhouse Games
37642,Wydawnictwo Wysoki Zamek
34686,Reihon Games LLC
25990,The Secret Games Company
31467,Acacia games
28302,D.P. Ives & Co.
2469,HiKu Spiele
11248,M. Hornauer Verlag
5037,Steidl Verlag
4555,Stiftung Oldenburger Wall e.V.
9298,Verlag Bert Schlender
38215,Stimulus Games
2352,People's War Games
27871,Fight in a Box
6681,Phantom
414,Magnolia Game Company
9088,Plateau Company
31217,Tortugames
4762,Wyrd House
23394,Psykéludique
39656,RUDY3 Publishing
4771,TUSBAS Alliance
10599,Fully Baked Ideas
1235,Murfett Regency
927,Cloud Kingdom Games
388,RiddleMaster Games
7504,Wolf Fang P.H.
27429,Battle Hardened Games
30412,David Wang Studio
1433,Andrew Jaster Multimedia Design
38214,LionWing Publishing
22204,Black Oak Games
25944,Black Locust Games
16230,Mindwarrior Games
31108,Metal King Studio
21114,Vesper-on Games
10669,Ruga Ruga/North Star miniatures
787,EMS
8363,Dadi & Piombo
4115,Charles E. Tuttle Co.
11706,Pancerola
33200,Aasageko
6806,Advance Games Co.
617,Fler bollar i luften AB
6579,Flitzebogen
45843,Castillo Games
1334,Newfeld Limited
6674,Star Game Co.
4129,Precis Intermedia
48232,Adoleta Jogos
35948,Simplicatus Games
15255,"VicTim Games, LLC"
8786,CentroCoop
13707,HanbitSoft
7017,Magic Toys
30098,"Spółdzielnia Rzemieślnicza ""Otwock"""
23872,Winning Moves Australia Pty Ltd
33413,Play With Us Design (玩聚設計)
36437,HGN Games
25822,Historic-One
2933,Britannia Games
38842,"Canvas Temple Publishing, LLC"
41717,4Univers
41437,SPIEL INSTABIL
1943,ABC Toys
1712,Pyra-Tern
46276,New Mill Industries
869,"Kondrick, Inc."
1114,Palabra Enterprises
38977,Worldwide Games
46752,Studio Midhall
40179,Black Key Games
28593,Jonathan Pac Cantin Games
27407,Analog Games
17591,GCT Studios
2371,Chessapeak Games
34127,EW Finks
15746,Masteray
26555,Taurus Games (II)
474,"WOW Toys, Inc."
35110,ALC Studio
3132,Speltjanst
26844,Stone Circle Games
2730,"Goldbrick Games, LLC"
50397,Sergio Bonelli Editore
29983,Nerdcore Medical
45389,Arcasam Games
4793,"Eye-Level Entertainment, LLP"
46460,Seahorse Laser And Design
1536,The London Game Company LTD
29863,Upcoming Minds
12117,Gamer
455,Gametime Games
1573,"Heritage Models, Inc."
41690,Hogg Publishing
27703,Old Casa Games
8670,Experimental Playground
46756,Confident Games
484,Phoenix Games (I)
3955,"SFR, Inc."
5053,Hofyland community
7025,Impact! Miniatures
29696,CosplaYou
14227,Mattel Electronics
47964,"FI Entertainment Co., Ltd."
24402,Ziko Games
725,Xeno Games
1825,Far Future Enterprises
29127,Intaglyph
25147,Imbalanced Games LLC
32912,"Mystic Tiger Games, LLC"
1687,Vanished Planet Games
31254,Past Go Gaming
9755,the glyphpress
22624,WBS Games
27671,Enjoy Thinking Studio
4361,Iron Ivan Games
36936,Walnut Games
35663,Venatus Ediciones
7969,Inteligente
27369,Unplugged
11981,Final Sword Productions
29733,Voodoo Games (II)
41410,BARD Games LLC
18929,Goblin Army Games
50984,Key Enigma
41887,Cosmoludo
5952,Fi Du Dé
29435,Koti Games
2167,The Bodleian Library
2166,The British Library
797,"Oxford Games, Ltd."
42437,Boardgame Racoon
39862,Rabbiteer
11563,Fodor Műanyag
12571,Gulliver
11558,Kardosjáték és Dekor
11564,Makimpex 2000 Kft.
50536,Noriel Games
11557,Wolfland
29418,Dreadful Games
17399,Hidra Games
5675,Anjar Co.
3535,9th Level Games
30989,いかが屋 (How Ya)
328,Horn Abbot Ltd.
48884,Arcastudio
11378,Acies
27461,Giant Hobby
49371,Paper Boat Games
27721,MOZI Games
47680,Pops & Bejou Games
35800,Aleph Game Studio
35933,Copper Frog Games
28432,Playmore Games Inc. (Finnish Publisher)
30096,Bedbug Games
26977,Midnight Campaign
6192,Territoires d'Outre Mondes (TOM)
32815,Carpe Omnis Games
49061,Ludopolis
16327,QMOND.ME
2079,Quest Machine
523,Faby Games
39116,Straight Jab Media
37231,"Bear & Bandit, LLC"
33006,Fisher Heaton Games
32889,HenMar Games
5647,SandTimer
2360,Two Hour Wargames (THW Game Design)
48444,Barrel Aged Games
36589,Cards of Fate
6731,Psychopathic Records
3709,KnA Games
33972,Arial
33527,Oathsworn
38439,Horizon Games (III)
34416,Maze Games
39962,Maple Games
23015,Redshift Games
10258,Blue Sky Enterprises
41312,Cinnamon Games
1166,FUBI-Spielvertrieb
3765,Fun Factory Games
7053,N.G.W.T.T.
29385,Invedars
36577,Flying Meeple
15787,Smiley POP
843,Gamescience
27259,Iron Fist Publishing
34727,Quantum Games (II)
42591,Dream Big Games
50210,Gamma games (Pty.) Ltd
8312,B2FGames LLC.
4342,Late Toccobushi Game Club
24535,Outlaw Miniatures
4781,"Pywacket, LLC"
2816,"Box of Golf, Inc."
39707,Time Slug Studio
28766,Gameworthy Labs
1621,Matt Worden Games
42747,The Dietz Foundation
10464,Giuoco
5932,Balance Games
27506,Ludogix
3404,JAGA: Japan Games Association
3403,Nagaoka Shoten
16585,MHR Games
931,Microgame Design Group
2537,Platinum Dragon Productions
32174,Uplink Underground Games (II)
33281,Arcano Games
5193,Krone Spiele (ASS)
27460,桌遊鬍子 POKI Design
31973,Trafalgar Editions
27664,Mystic Ape Games
28877,High Roller Games
45743,Fandrake
34802,The Canada Games Co.
35920,A.ger Games
37212,Slinky Gibbon Games
2993,Cool Stuff Unlimited
1602,SDC (Simulations Design Corporation)
31967,Stone Mountain Press
42522,Seajay Games
8698,Planet Thirteen
323,Eden Studios
44103,"Mann, Ivanov, and Ferber (MIF)"
38050,Black Box Work
17973,Kiehly
44207,Cation Arts
832,Chivalry Games
25916,Games by Play Date
30474,Mythica Gaming
7598,Mikugames
6952,Tempo Games (II)
8551,Glacier
13699,Qvinta Essentia
16705,Ayu-ya
25940,SolarFlare Games
749,"Eddie's Games, Inc."
751,Spy Alley Partners LLP
5593,Zabazoo Corporation
2146,I Libri del No
32449,Orca Jocs
6576,Juegos Fournier
14529,2D6.EE (Side Quest Games)
25284,DogEared Games
11309,Moosetache Games
8022,Hambledon Continuum
8740,"WarriorElite, Ltd."
7373,Gambit
47386,Montrose Biology
36648,Strange Machine Games
33007,Doppio Gioco
1194,Tonka Corporation
39195,Shadowborne Games
41591,Liner Note
25691,App Sauce Labs
38390,"Creaciones Lúdicas Sinoespañolas, S.L."
1467,KMS Industries Inc. Scientific Games Div.
5251,Dragon
25587,Blauberry
39515,FunDaMental Games
2178,Tuppertoys
44151,PKB Games
23953,Torre de Jogos (Games Tower)
38402,Mighty Fist Games
31788,JAMA
7317,Insight Games
36165,Room and Board Games
34269,Game Absorber
939,Allumbra
28926,Regular People Gaming
21967,Roll D6 Games
28090,Good Game Studio
35120,2D10
2176,Simulation Games
9517,Book Ranger
37615,Simulacra Games
17991,Darwin Games
4155,Hot Stove Games
2458,Sherco games
33111,Familiar Games
12834,Adult Swim Games
29166,倦怠期 (Kentaiki)
44639,PARIA
8799,Twisted Winds Ltd
7768,"Gozer Games, LLC"
40997,KYF Edition
47465,Escape Tabletop Games
31232,Rulez Srl.
25652,Yū-gen Roman
7200,Pegasus Hobbies
37399,Dijon Jogos
40334,Hypercube Games
1306,Silver Bear Marketing Ltd.
173,Three Wishes
21783,Vega Forlag
6339,Larousse
49543,Blue Wing Games
29864,Steamboat Gothic Studio
4195,MJ&E Productions
44629,Brinquedos Junges
588,Early Learning Centre
27832,"Full Base Union Enterprise Co., Ltd."
3548,Der Grüne Punkt
38321,Inspirion
11279,Leslie Scott Associates
12803,Melco
779,Paradigm Games Ltd
6360,Pokonobe Associates
18727,Salco
45392,Santa Teresa
21744,Siam Mandalay
21293,Stihl
8841,tridias
46367,Десятое королевство
46970,Darrington Press
24232,Dark Space Corp
172,Enginuity
25165,Epic Slant Press LLC
30240,BigRedBat Ventures
44395,Ejected Planet
17027,Wacky Works
7352,Inside Sports Games
658,Jordans Games
33389,Sizigi Studios
884,Third World Games
1063,Overlord Games
18467,Magpie Games
27026,Chicken Dice Games (チキンダイスゲームズ)
42651,Southern Cross Games (サザンクロスゲームズ)
46809,Sundial Games LLC
26642,Carrera Tabletop Games
2552,La Haute Roche
11998,Bluestar
23568,Irondrake
44780,Open Sesame Games
24946,Shiro Games
44485,Тверская типография
49005,Equivoques
36163,Artisan of Games
22126,Zongheng Board Game
39835,Agie Games
42798,Cubee Games
29319,かぼへる (Kaboheru)
8842,Jugamos Tod@s
40447,Tempus Fugit Games
3258,"A. K. Peters, Ltd."
7932,Wydawnictwo Imperium
31865,Infinite Heart Games
12923,Igramoon Spieleverlag
40373,Ludicorn
3149,"Jennick Games, Inc."
26037,Boardgame Guerilla
424,Schutze Games
50624,Board Zeppelin
38719,Vatal Entertainment Studio
14134,Ubisoft Montreal
49368,PureArts Studio
29215,Fongomongo Games
14804,lulu.com
44698,DICE TOY LABS
8869,DDH Games
42433,NRPGames
37239,Lunatic Board Games
22225,Turnham Games
25607,CDP.pl
45307,Runnaman Games
9185,Fórum Barcelona 2004
1985,UNESCO
29825,Obscure Reference Games
37082,Heel Turn Games
3611,Filsinger Games
44118,Stone Sword Games
548,Reaper Miniatures
22809,FableSmith
32237,Tailor Games
160,Anoch Game Systems
3944,Old Dominion GameWorks
29375,Tin Shoe Games
44091,Winsmith Games
26846,Legion Supplies
34113,Drawblack
43804,Goblin King Games
1555,The Emperor's Press
29838,Admiralty Trilogy Group
34386,Veldi Games
26005,IF Association
8180,Smartass Games Ltd.
44615,Boar-Game Studio
192,Fantasy Games Unlimited
292,Orda Industries Ltd.
48151,Portland Game Collective
43728,debitel
742,Spencer-Murray Corporation
45628,Damfino Productions Ltd
38739,Green Meadow Games
9507,RavenBlack Games
1863,Excelsior Entertainment
1028,Attactix Adventure Games
9631,Onni Games
40180,Dazzleedu
39553,ZXG
44211,wredespiele
31635,Yanaguana Games
126,Power Games International
9333,Knightweaver Games
33166,4 Sisters Games
2428,Aulic Council Publishing Co.
41222,Press Pot Games
43800,TËMABREW
23233,Diachron Games
10712,Game Market
6407,La Montagnard Inc.
5745,SAEC Games
2070,Thunder Castle Games
3959,"R. A. Frederickson, Inc."
41778,BANANA SMILE
6960,MCS Group
31341,"Nexci, LLC"
41918,Towpath Gaming LLC
29859,Decoct Design
25699,Worlds End Publishing
15094,Coerceo Company
9380,Tranco Co.
33312,Dr. Livingstin Games
26501,FunWiz
24158,Association for Craft Producers
39392,World on Wheels
6506,Solbenk
3559,Alsip and Co.
46255,Dragon Egg Games
38900,Splattered Ink Games
39370,radiuthree
25317,Paris est Ludique
42229,The Enigma Emporium
27416,Inventure Cloud
17628,Hollingsworth Bros.
47850,T-Tower Games
41847,Ernst Klett Verlag
1363,IWA Rechenschieberfabrik
42996,Token Synapse
29476,"Silverleaf Games, LLC"
23992,Sprocket Games
34295,THQ Nordic GmbH
36594,Nebulous Games
5793,Micki Leksaker
8568,Consorci de Biblioteques Universitàries de Catalunya
28186,Ral Partha Europe
37518,Gutter Games
1126,Gamesmiths
11095,Quantuum Magic
34271,Guru Fabric
49392,WeLoveGames
6128,Phantastische-Spielewelten
4543,Edith Schlichting Company
13228,Quality Time Resources
1620,GameSource
3722,Rail Gamer
23683,Creative Foundry Games
40739,Monkeyshine Games
29455,Randover Games
5254,Maynard's
35305,Absurdist Productions
11525,Eternal Revolution
8490,Game InVentorS
3883,Hawgleg
32859,Mind Games UK
34929,Pink Monkey Games
29501,Mock Man Press
12092,Ducosim
6557,Vivid Imaginations
29737,Mallegory
1352,Harper Prism
25686,Table Friends
6940,ABC Nürnberg
28006,Adolph Holst A/S
6212,Alortujou
26821,C. G. Vogel
6914,Chelona
607,Galt Toys
5450,Gardner Games
27337,Innovakids GmbH
2924,Papita
1544,"Parlor Games, Inc."
2357,ParlorGamez
3106,Rocket Toys and Games
738,Talicor/Aristoplay
29837,Technoplast
45779,Perte & Fracas
11709,Plankton Games
30912,Caper Games
24249,Fireforge Games
10281,Onyx éditions
28720,Proyecto Cruz SL
26738,Art and Games
4418,Virgo
1746,Starfire Design Studio
3812,Bill Leeson
34028,Johan Hörberg
33900,TUKAPON
4714,Easy Eight
47334,Stadt Lauda-Königshofen
42716,Fourtato Games Inc.
42641,Muse on Minis
40054,Strange Space Games
5671,Ceméa
8874,Flair Promotions
5145,Ticado
39115,ZhaoFeng
31598,Cérigo Editions
33672,Gamdow Games
6684,Scale Creep Miniatures
34222,Imagine Realm
36240,Luminary Games
49781,Gummy Bear Factory Games
36208,一年中未来 (Ichinen ju MIRAI)
48933,The Game Builders
32353,Bravely Told Games
36670,Loyalist Games
24703,Block House Inc
50902,C.A.J.A.
9222,Hans Joseph GmbH
50760,Wünnenberg Verlags-KG
310,Interformic Games
6427,Test of Battle Games
33231,Lost Cog
27237,Smiling Goblin
46049,Aesc Games
5337,Einson Freeman Pub. Corp.
7206,Halsam
32990,"J. Pressman &  Co., Inc."
2054,Pepys (Castell Brothers)
23062,Springfield Photo Mount Company
1025,Transogram
29106,Upson
27619,Arms and Armour Press
46437,DBA Skirmisher Publishing
2664,Frank Palmer
46438,Great Oak Inc
25199,Hard Press
33137,GALLERY OUCHI (ギャラリーおうち)
31763,Azure House Games
30078,Apokalypse Inc
38816,Reverso Games
1022,Fagus
10878,Uncle Mike's Worldwide
985,"Dragonlords, Inc."
39499,Infinite Pi Games
4366,Firefight Games
28532,District 31
24311,Pen and Sword Books
40399,Analog Game Studios
6016,"The Boots Company, PLC"
21851,W H Willis & Co
17180,High Flying Dice Games
23389,Zombie Orpheus Entertainment
31996,Move Rate 20 Games LLC
5872,Pink Godzilla Games
45603,Offline Editions
42373,Valiant Game Studio AB
37380,Twin City Games
30203,Game Flow
22442,Farm Fresh Games
2442,Constable & Co. Ltd.
2443,General Publishing Co. Ltd.
2444,Oxford University Press
40591,Intrepid Games
1281,GIOGAMES
45335,Depot
11178,"Mannix Co, LTD"
6370,Unknown Games
23694,2 Creativos
34360,JUGAME STUDIO (ジュゲムスタジオ)
38224,Quirky Co.
8690,Jotto Corp.
31116,K2 Publishing
1957,Green Ronin Publishing
47266,38 Studios
30083,Alchemist Miniatures
7903,Kraken Editions
692,Adventure Games
40212,Project Genius
51009,Sobremesa
4248,"Piquet, Inc."
1003,Tolany LLC
32120,Liminal Games
6733,Mondainai
4584,4th Street Software
27625,Polkovnik Productions
32610,Bleem Divertissements Inc.
28719,Sigil Stone Publishing
36448,Catch Time Studio
584,Sphinx Spieleverlag
36564,Perry Miniatures
45179,Hexa House
28663,Snake Eyes Games
6187,Gottick Games
9606,RANKA
3544,Crawford & Company
4954,Grossett & Dunlap
17915,I. & M. Ottenheimer
17914,Signet
41605,Dreamcraft Games
43053,Débâcle Jeux
2636,"Versal Technologies, Inc."
2107,Intuitive Marketing
40354,Peculiarity
1521,Pierre Belvédère
3071,Crocodile Games
10741,Gamerz.net
9674,Oberschwäbische Magnetspiele
45955,One Page Rules
223,Real Action Games
29647,Postindustrial Games
42642,Blackbody Lab
41872,Arkada Studio
2660,Somac Inc.
13042,Battlefront.com
2003,Thunderhaven Game Co.
23325,Grow Giant Games
2712,"Screenlife, LLC"
9530,NIG Brinquedos
16267,NRK
6188,Gyldendal
35000,Piggy Bank Games
6329,Editions Fenwick
914,Shoptaugh Games
42243,LISTRONIC
9409,GDC-GameDevCo Ltd.
4182,iUniverse
2328,William Morrow & Co.
9558,Cremm
2113,Speelstijl BV
46976,DAM Things!
4911,Real Deal Games
31949,Yoka Boardgames
33,Fanfor-Verlag
11656,Oakland Publishing Services
8652,Druon
31229,Little Future (リトルフューチャー)
27853,BTR Games
604,Phoenix Enterprises Limited
22098,Bernard Games L.L.C.
43243,Hornet Games
959,"Janjohn Games, Inc."
35759,MOGwai (モグワイ)
34637,Ponkotsu Farm (ぽんこつファーム)
44661,Orion Games
24826,Imp House LLC.
34566,AndHeGames
37706,"Blackout Games, LLC"
6077,Golden Laurel Entertainment
3966,Morize Chavet
7878,Salvador Gadea SA (Gadea Games)
43413,Diverse Enterprises
28472,Punch-It Entertainment LLC
37448,Hologrin Studios
27293,Treesharp Games
28770,Culturarte
8347,Danawares
46043,Bright Light Games
14750,Let's Play
41837,Zielona Sowa
40517,Yoshikawa Design
36348,Mindmade Games
1150,"Brainstorm Games, Inc."
1392,Epoch
686,Aristoplay
1222,Loresch Publishing
37354,NightDreamer
5557,Spiel-ou-Face
48529,von Braus publishing
22573,Famous Games Co
38997,BoomBox BoardGames
2901,Mentalis Limited
35056,Fantastic Lombric
33840,Chiveus
1888,Grapac Japan
43312,Aurora Game Studio (France)
14639,Horst Rokitte: Ideen für Spiele
35814,The Spiel Press
1314,Sports Action Game Co. Ltd.
5381,"Fantasy World, Inc."
28450,Game Nowa
29916,Playco Games
12140,Crooked Dice Game Design Studio
472,Purkess Brittain Games
24069,Arborel
2496,Peter Pig
2497,RFCM
2755,Snarling Badger Studios
28607,Paw Warrior Games
25216,Komado
29976,Grim Games
42530,Gyrating Hamsters
3671,VBAM Games
34256,Triumvirate Games LLC
45169,Wizard Woodworks
40851,Furious Tree Games
849,Firefly Games
31714,Trader's Luck Games
3396,"Les jouets BOOM, Inc."
28366,Burning Games
30936,StormGames
6404,Forge World
1928,John Wiley & Sons
47828,Rose Gauntlet Entertainment
32928,Riddle Inc. (株式会社リドル)
10256,Gamealogical Institute
33651,Silverclutch Games
36442,uWookiego
39881,Sky Developed LLC
40349,Tabletoys Indonesia
4665,Visionary
9240,Burnt Toast Publishing
12656,"Tinderbox Entertainment, LLC"
44978,Le Lion Vert
633,Tolmayax Games
44289,Plakks Entertainment
37436,Tamanduá
40797,Flagship Magazine
7859,Ghoulash Games
30445,Why So Ever
11219,Access Games
1043,Herder Spiele
2000,Verlag für Fantasy- und Science Fiction-Spiele
25163,Voodoo Bunny Co. LLC
45581,Moonstone Games
45873,Jellyfish Game Studios
29053,Fliip LLC
32516,Vorpal Chainsword Games
2255,Giochiclub
14521,Black Dove Games
11220,Battle Bunker Games
6093,Fairplay
9191,CEJI
46295,Coozies Games
48330,Thomasson Toys (トマソン玩具)
31037,BadCat Games
17463,Edu Games Ltd (UK)
34930,Mushroom Gaming Co
39177,Russian Toy
2323,Leptopus Games
32644,Paper Forge
3837,Magic Box Int.
45933,Caracol Juegos de Mesa
46348,MasoGames
2068,River Edge Game Company
1468,Halex
9436,Mad Cave Bird Games
25048,Command Post Games
42787,JoyEnjoy Inc.
2853,Vandering Publications
48073,Birdwood Games
2652,Arti Grafiche Ricordi
3137,Éditions du Hibou
7385,Hibou
36194,Aether Tower
26699,RAINN Studios
45276,Sampo
23157,Clay Crucible Games
37266,APA BoardGames
43440,BARPIG
3915,Aberrant Games
47802,Malinche Games
42324,Synergic Games
1800,Krypto Corporation
2140,Levenger
895,MPH Games Co.
39897,Cerebrer Games
45769,Islima Games
43235,NICE TRY Games
22366,Saga
10472,"Grenadier Models, Inc."
37870,GP (Gamers Paradise)
2292,Foundry Miniatures Ltd
33511,GoccoGames
44967,Incel Riot Studios
11265,Rob Fisher
24649,Dog Breath Games LLC
30353,Nexus Games LLC / NXSgame.com
46063,Wight Hart Games
1023,"Simulation Design, Inc."
1556,Old Glory
42984,Blue Fox Games
13358,Revision Games
18221,Playford Games
2118,Rex Games
561,Bowman Games
28899,Augsburger Spieleschmiede
831,"Fantasm Sports, Inc."
40174,Catastrophe Games
730,"Legendary Games, Inc."
27157,Anvil 8 Games
3912,"Stelledar, Inc."
45224,Moskito Games
902,Dream Pod 9
39787,Hiatus Games
1576,Pacru Ltd
1475,Round Table Productions
15893,Éditions La Donzelle
4641,Chaos in Motion
36850,Wizards of Learning
10949,AZ Games [La Araña y el Zapato]
3165,Beer & Pretzel Games
9790,Øone Games
50181,Studio Trojan
13281,Opportunity Games
1627,Richard R. Sartore & Associates
7289,"CribbGolf, Inc."
969,MJ Moran Company
24735,Kalango Analógico
5983,History In Action Game (The Galactic Attic)
528,Warren Company
17465,AHC Publications
7050,Argus Books
10481,Associates International
6714,Bits & Pieces
1274,Canadian Wargamers Group
4071,Counter Magazine
11074,Croftward Ltd
6951,Eden Publications
10271,Newsfield Publications Ltd.
5813,Playboy/Rathcon
6227,Project Analysis Corp.
10679,Reluctant Publishing
14213,Sladen Publications
12116,Spel in Zicht
14829,Spiel-Verlag Hamburg
8913,Spielerei
4746,Stratagem Publications LTD
26395,tacticalwargamer.com
6912,Taktyka i Strategia
13409,Ursa Major Entertainment Inc
37265,Spell Games
18896,Rielekst
49024,Tempo Games (III)
1144,"International Playthings, Inc."
34154,Happy Harpy Games
493,Graham's Games
10736,Historic Battlefronts
46503,Keepdry
7638,Discovery Bay Games
49671,Dabeco Games
28774,Argyle Games
43097,Tembo Games
39757,RealityGame
1636,Dogtown Games
1643,LMW Works
44220,Cuis
33653,Rottenlead
22564,Real Dreams Games
23391,TroisStudio
7595,"Newdale Development, Inc."
5702,Wackee International
1387,Enix
24958,7/5 Games
28949,Black Light Games
497,bePuzzled
1197,Lombard Marketing
4030,Cuboro
4016,S. J. Miller
9123,Krajowa Agencja Wydawnicza
21247,Singapore Airlines
25588,Simple Design Publishing
2308,Novina
38738,Brouhaha Games
4136,Hippocrene Books
8091,Gryphon Forge Games
28049,Brain Punch Games
10080,Goblinoid Games
36889,Kene Yapım
4902,Owzat Games
30790,Merlin Pool Games
23855,Tabletip Games
3152,Californian Products
7572,Circa Circa
2226,"Super Star Game Co., Inc."
25569,Ensignia Games
47112,Redzen Games
34565,Herbertz Entertainment UG
28246,Broomstick Monkey Games
655,Denys Fisher Toys
6333,Lilí-Ledy
395,Space Age Games
1081,Prestel Verlag
37236,Keylugen
550,Spieltrieb
42197,らなとパパ (Lana&Papa)
38703,Mid Level Meeple
35919,Lost Treasure Games
45491,A1 Asakusa Toy Co. (株) エーワン
42957,Chèvre Edition
23832,Lifetime Games
35996,Brando Gameworks
1840,Avid Press
26401,Warhorse Studios
35204,Vice Games
21433,Editoys
4228,"Ball Park, Inc."
14910,Soylent Games
40192,Cheap Sheep Games
22837,Make Believe Games
41630,Tidbit Games
27238,Perihelion Games
1163,Rand Game Associates
9015,Morton Productions Ltd
46848,Immolation Rite
26320,Mystery Parfait
27628,Social Hour Games
1588,American River Games
47101,404 on board
39853,Lodus Games
26101,Hikidashi Trick
38449,Page-turner Games
40266,Baloise Group
45462,Hot Banana Games
23598,Playad Games
31394,Navespacial Producciones
29155,Magna Craft
31936,Fantasy Board Games LLC
22512,Vedra Games
207,Locust Games
32883,QANGO Verlag
363,Inquest Gamer Magazine
212,Princeton International Enterprises
36565,Grandoor Games
7151,"Buch und Zeit Verlagsgesellschaft m.b.h., Köln"
25141,Fratelli Fabbri Editori
17302,Unipart Verlag
1745,Usborne
1305,JagdPanther Publications
36035,Iron Hippo Games
1834,Games USA
145,Ludis
6249,Oregon ConSim Games
35609,Shadow Squirrel Games
44489,Solis Game Studio
37636,Sparr Games
28548,Rocca Spiele
30732,Kompas Publishing
7216,Horn Abbot International
6291,WorldWorks Games
1311,Y.E.S. A/S
34516,Happy Games Factory
18666,Taban Miniatures
2564,Prestige Games
48996,Editorial SJS
48995,Mal Hijo Games
36583,Gray Matters Games
39211,Mackerel Sky Games
162,Inward Games
2573,World Game Review
42059,Blue Wasatch Games
39645,Innocent Traveler Games
42601,Old Novel Games
14435,Ice-Pick Lodge
39731,Dracomaca
37264,Flying Leap Games
2703,Initiativet
42547,Companion WarGames
815,Meteor Verlagsgesellschaft
45956,Azure Horizon Games
16944,Rapid Fire Publications
40332,TGM Editora
24537,Galactic Sneeze
16531,Be Good Company
1007,Stupendous Games
21000,Carma Games
3669,Pearltime Games Ltd
28746,Juegorama
7984,New Media Publishing
21552,Logy Games
39399,Happy Gorilla Game Studio
34714,Bomber
2745,Kineti-Go Games
26621,Apostrophe Games
31933,KiteLion Games
185,Thomas Naylor and Associates
2684,Mystic Eye Games
9844,Radioactive Press
29022,Penguin Spot
27709,Singu Games
35131,"Clutch Hobbies, LLC"
5179,"Margaret Weis Productions, Ltd."
34199,SB Games AS
11108,"Home Lantern Games, LLC"
71,Glastyn Games
27210,Leprechaun Games (Board Game)
2012,Spiel Verlag Erich Perner Gmbh
40238,Times Infinity LLC
1329,Alternative Armies
460,Fleer/Skybox
18640,TF Verlag UG
31237,The Contender
3084,Urban Mammoth
1342,Airfix
24062,Grandstand Leisure N.Z.
444,Sears
2682,Virtualturf Ltd
17396,Hatch Games Limited
5508,Synelix
36962,TACTICAL GAMES
49686,Timashev
29486,Infectious Play
44526,XOLLOX Games
830,TooDoo Editions
41649,Forsaken Games
9147,JAKKS Pacific Inc.
1818,Mazas Edition
32291,2 Handsome Games
5185,Joe Fourhman
40119,GamesQuest
42528,PETEVIL
44297,Cardium Games Ltd.
1501,International Oilman
565,Northern Games Co. Ltd.
28222,Linguascope
12072,MDVC Games
28294,BlankMediaGames LLC
6408,Avril & Floréal
36001,Kuro Neko Design Workshop
3551,Rampart Games
22255,Ninja Print
8679,Arkenstone Publishing
903,Musashi Enterprises
904,Voyager Entertainment
12941,Asymmetric Publications
44754,Doolittle Gaming
7922,SoCoGe
43359,Barry & Jason Games and Entertainment
35748,MANGROVE GAMES
43028,Ludistri
36392,Aurora Game Studio (China)
12354,Renwal
699,Shipps Ltd.
33207,Bushiroad South East Asia Pte. Ltd.
25470,KogeKogeDo
7564,WIN: Das Spielejournal
45705,Hill Goat
30607,Big Punch Studios
320,Invisible City Productions
11440,Turning Point Simulations
46706,Saenggak Plus Edu
38081,Grizzly Games LTD
29044,Know Chance Games
9453,Simcreations
35762,Smile
9377,Andrew / Clay Games
3545,Re:creation Group Plc
6894,Tadpole Games
8924,Games Centre
31205,SoLunerG
37536,Strangely Games
45369,Kojar
21979,Brain Candy Games
44889,Boda Brothers
33539,Siroup Games
12112,TuttiGiochi
39783,Limbo Miniatures
24331,Artistic Justice Games
27938,Sasquatch Game Studio
9136,Dohánytoys
5515,Dragonchess Inc.
40514,Yutopi
5478,Uncle Wang (Da Fu Weng)
41661,Monster Fight Club
2248,Table Tactics
9178,Panini Games
175,VSK-Erwachsenenspiele
7751,W. Keller & Co
8642,"Mindlogic, Inc"
2852,Blue Zebra
46917,Crown Toys & Gifts
18938,AOP (Aquariums of Pantheon)
25418,Helike
41297,Jason Anarchy Games
21635,Wiseman Innovation
4686,La Folie Douce
28316,Darmstadt spielt
8907,Stiftung Spielen in Österreich
22292,L'Arbre a Jouer
1241,Aurora
23492,Holz und Spiel
24460,Ninehorse
23491,Schuma
19179,Slater & Tutton Ltd.
35910,Arcadia Designs
11063,Nelostuote Oy
2267,TDD Inc.
42404,After the World Ended Committee
18579,Escape Pod Games
24694,i-Kore Ltd.
38942,Man O' Kent Games
12556,Interaction Point Games
44341,Doctor Popular Toys & Games
44294,Inspiration Play
15702,Genie Games
26953,Modest Games
39557,Postcard Games
11258,Edition Siebenschläfer
9412,Trofé
7893,Peregrine Games
5612,Opstelten Speelgoed
6256,Zilch Games
39611,The Noble Artist
21435,Coisinha Verde Games
8634,authorHouse
47884,Tettix Games
5187,Gmeiner-Verlag
12729,Nocturnal Media
2787,EOS Press
43797,Wisdom Owl
605,tjgames
31388,Tanemaki Designs
1248,Innovative Game Technologies
1247,Prismatech Publishing
8406,Misty Moon Games
438,Inferno Games
5858,Oversoul Games
45199,Axo Stories
49493,Wild Life Games
45982,Most High Design
2016,Harenberg
23577,Alien Dungeon
42762,Gaming Hole
2222,Dust Bunny Games
50744,Galaxy
26526,Killer Robot Games
35508,De Architecturart
9363,Demagames
768,Templum
45467,White Label Games
50213,High Noon Game Inc.
30401,DISRUPTIVE INC
46536,Short Hop Games
30831,4Hogs d.o.o.
32836,"Game and a Curry, LLC"
36009,Cravon Studios
4695,Sun * Games
974,Blood & Cardstock Games
37218,Baskerville Productions
10456,Elfenherz
27447,ChagaChaga Games
26941,Uzumaki Switch
3616,Westminster Games
31040,I Will Never Grow Up
20194,Cardboard Island Games
5011,Raiding Party Games
37510,"Three Nail Games, LLC"
36953,One Method Monkey
28265,New World Alchemy
36770,Dawn Town Games (DTG)
29591,Bright Light Media
411,Component Game Systems
51205,Woooooober Games
37539,Warcradle Studios
1842,Plan B
46748,Print & Fun
4628,Die Kiste des Brettspiels
36082,Last Ditch Games
16481,Whimsy Games
36965,Closet Full of Games
32146,"Sabatini, LLC"
25879,Manikmaya Games
37155,Walrus Ventures
37752,Brote de Juegos
6399,3 Man Chess
2857,Lou Zocchi (printery)
16521,"Cleveland Kids, LLC"
2711,Flamenco
21900,YOY
301,Evidence Interactive
1569,"Horizon Games, Inc."
2133,The Avalon Hill Intercontinental Kriegspiel Society
8804,CatImperium
11416,Games International BV
40375,Teknisk Forlag
11978,Trixy Games
1859,Vic-Toy
12091,シュウクリエィション (Shu Creation)
32456,Royal Art Games
10969,anekona hawaii
5970,Kumu-Lipo
38915,GameRock Studio s.r.o.
49036,Pandemic s.r.o.
69,Blacksburg Tactical Research Center
29851,Foursight Games
33365,SmartPlay Editorial (SP)
24188,Battlezone
4038,Thane's Games
4534,StonePlay
7264,intellego holzspiele
39372,JACAMBLY GAMES
21481,Kikkerland
7492,ÁSZ
18681,Il Barone Games S.r.l.
15531,Hungarotoys
42480,Retro Games Ltd
4246,em4miniatures
25962,"Bigfoot Games, LLC"
23262,Micro Art Studio
243,Cybergecko
32923,Mulligan Creative
35167,The Mountain Men
49983,Everybody House
956,CardChess International
38847,Bearded Board Games
39054,Workhouse Games
32872,Red Eyed Rabbit
5827,Lumpley Games
49702,DNR Boardgame
30605,Igel Spiele
31222,Muravey Games
38140,offcut games
42049,Kozz Games
38558,Shinobi 7
988,Simulations Canada
677,RDA Marketing
524,Real Original Games
26948,MomentumVolsk
40148,Three Headed Monster
4833,HaPe International
21042,Island Officials LLC
35342,Stramash Games Limited
40657,Grupa MV
27568,Lagniappe Games
27424,I Am Factory
4777,Summit Games Ltd.
398,Atomoton
38655,Gangly Games
4678,West Wind Productions
3383,Wild Card Games (Board Game)
1492,Alna
42360,"Two Robots, Inc"
163,Spielclub
32594,Urban Meadows Publishing Ltd
33327,Baba Geek Games
6091,Falke
38769,PlastCraft Games
5973,Ship of Fools Games
26061,Takoashi Games
32638,Rogue Artist Creations Ltd.
930,Matchbox
2234,oddz on
28664,Scale Games LLC
17554,"NSB Games, Inc."
38161,Clarkson Potter
11222,Ludik Québec
935,Spearhead Games
1934,Drübberholz e.V.
3119,Dark Age Games
8981,Mr. Do
40298,Laid Back Games
48090,Other Worlds Gamebooks
39081,Denkriesen
40310,Chinook Games
16858,Dagbostar Games
43732,Lord of the Chords LLP
27230,Le Droit de Perdre
297,Crib Wars International Corp.
774,Greystone
38815,Les Jeux du Lac
643,Rhino Ventures
6217,Matter Group LLC
2904,HL Games
39720,Studio Turbine
28173,Naturalist Games
4903,Zelosport
36622,SharkeeGames
38654,Hellion Cat
19017,Verlag Schmidt Zwiebeltürme
39821,Screech Dragon Studios
18907,Historical Board Gaming
33722,Topi Games
34950,Chiaos Creative
19118,Dada-pelit ky
1716,Tabletop Games
40691,Highborne Games
29310,Tantrum House
35173,BGC Editora
30681,Cyber Rhino Studios
24942,AzaoGames
33978,Adversity Games
12824,WildFire LLC
1734,Close Simulations
14878,The Game Chef
28584,Rojas y Malaret
41528,Pinbro Games
9254,Jira's Games
29201,Pronto Play Games
37450,Ludocracia
3003,Alzo Zero
2999,Italeri
40852,Lubee Edition
42514,Dachshund Games
35365,GameStax
50148,Pegasus Games NYC
27977,Convergent Games
24980,North and South Games
166,Simulations Workshop
220,Feuer & Flamme
35866,Sculpin Games
1836,Creations Chaos Inc.
7742,"Joe Magic Games, Inc."
39592,Argyx Games
15348,Travesty Games
46449,Pangaia Games
12303,Ludocortex
10324,Beholder Kft.
10913,László Prekop
35021,Moosh Games
25827,darbel
45191,ZU Studios
23994,Boîte de Jeux
35626,Niebla Games
39424,5 Color Combo
9419,Goldmerk
48203,Navigator Creative
44631,Enhance Games
26240,Caffaro Hnos
7493,LongAlive Games
1944,Carolina Biological Supply Company
3328,"Sinauer Associates, Inc."
1974,Dragon Radieux
18935,Superhuman Games
119,Trollspel
1011,BSO Games
28433,Facily Jeux
45770,Le Délirant
2833,USA Games Inc
2466,Chipco Games
1254,Channel Craft
7896,In2 Games
4939,brabander
22822,"Attack Dice, LLC"
30792,トーホクウィステリア (Tohoku Wisteria)
27203,Acme Game Company
30418,Versand Fritz Deckert
39492,Merlin Games
873,Warp Spawn Games
38212,Two Moles
6659,Poyeba Games
2809,Lost Adept Distractions
723,NBC
1370,Curious Games
12554,Frímerkjamiðstöðin
12572,Gutenberg ehf.
16683,Rainbow Works
503,Glücksritter Spiele
29697,吉々庵 (Kichikichian)
32837,"Crypt Monkey Studios, LLC"
42038,ドイツゲーム喫茶B-CAFE
187,Binary Arts
8753,FlasterVenture LLC
40091,Coo' Games
3235,Wessex Games
40500,NANAWARI
4707,Challenge sprl
37949,General Games
3014,Valen Brost Game Co.
33274,Pumpkin Games
36417,Tetrakis
14310,"Fantastic Forges, Inc"
5916,Jouets Bo-Jeux Toys
29407,2mt Games
25209,"Derpy Games, LLC"
778,Connections International (Europe) Ltd
14892,Connections International Ltd
28422,Connections U.S.A. Inc.
409,Sentosphère
27127,God Hates Games
216,Dan Smith Industries
6035,Role et Strategie Editions
26820,FRogN Studio
3469,"Éditions Gladius International, Inc."
38758,Gobico
49343,Level 32
7693,Simi Game Knights
15179,Morphology Games
51072,Combat Rules
30049,Popcorn Sunshine Games
33411,Mentha Designs
37379,"Cloudbreak Games, LLC"
1565,Dang Fun Games
800,Kheper Games
29932,Cradle of Games
50976,Cradle of Games
36837,Gwin Games
5036,"BLM Games, Inc."
7038,Daltoons Productions
21872,Racky Spiele
47676,Uncorked! Games
5658,Funmaker Games
30370,escenaRYS
4223,Daemon Editora
24877,Troubadour Games
28786,Accentuate Games Ltd.
15294,Vanguardia Games
4276,Cub de Jocs
21339,Moldex
41990,Nerdvana Games
49415,Earthborne Games
49475,Fantasia Edizioni
42298,Steel Cave Studio AB
15119,Lud Editions
7475,C4 / Creative Cell
14522,Strothmann-Spiele.de
7909,Ertrob/Cobi
6172,4J Enterprises
21363,Thermopyles
28114,Capital Gains Studio
39156,Battlespace Games
12001,Caldwell Gameworks
6682,PHI Sports Games
1424,Live Oak Games
33239,Little Fish Industries
42532,DELiGHTWORKS
970,Faysylwood Press
27903,Недомино
26696,Aerjen Games
42088,Gindi
27762,Hikari Games
5210,Sagely Games
10504,Jouets Éducatifs Universels
439,Kenner
3311,World Minds
2389,Last Gasp
45079,Reverse Games RG
47960,Great Games
36160,Sabrewolf
40965,Hiboutatillus
44486,Loco Coco Nuts
19274,Leko Games
30276,FunTimeGames
26831,Magic House Games
11546,Silent7Seven Games
16795,"The Brand Cafe, Inc."
798,Historical Collections Group plc
29594,Alt Mode Games
1423,Fact and Fantasy Games
31487,Tin Hat Games
30862,Haas Games
5873,NFFX Design
38746,MixinGames
231,Playline
2339,Mings Enterprises
15830,Yago Pool GMBH
35032,こぐま工房 (Koguma Koubou)
30483,"Destiny Horizons, Inc."
31637,Cthulhu Project
39148,Davis & Daughters Games
6476,Blair Arts Ltd.
3855,"INI, LLC"
25945,SoulJar games
8169,Benassi Enterprises
7333,Astrel'
8904,icarus
43949,Adellos
30848,Adventure On Games
26207,Wydawnictwo Alter
2042,Action Games and Toys Ltd
1019,CASA Consultors i Arquitectes SL
42821,Evofun Inc
1317,The Realm of Fantasy
9004,Ironside Games
15823,"Plow Digital, LLC"
30307,Plow Games
34820,ReTurn from Subroutine LLC
2426,Lucid Raven Productions
26219,Table Forged
11228,GMK
6691,King's College
9086,EpicTCG.com
16225,Clarendon Games
31214,Neobite Games
9502,Totally Insane Card Game Company
4820,Astragal
15694,Status Belli
35144,Proto.Toys
31095,ばねゲー部(仮) (Spring Games Club.temp)
383,Historical Concepts
15899,Witty Editions
21508,Main Cards
34455,BocksVerlag
32933,Yamat
40730,Origami Whale
400,Tor Books
11550,All Fun and Games
3040,Historical Alternatives
43687,Signature Board Games
10311,Mindspan Labs
29234,Ludus Distributors
147,Kuhlmann Geschichtsspiele
3742,Platypus Games
44073,Jeux de Guerre Diffusion
32404,Raentikgames
27489,Twizmo! Games
32143,Gaudete Games
19088,UniForge Games
44899,Sly Game Design
1583,American Publishing Corp.
824,Great Games Pty. Ltd
10805,Imagine-Action Games
1477,Troll Lord Games
29948,Ironmark Games
516,Interactivities Ink
2518,Wiggins Teape
33174,Little Bighorn Games
45177,Yeast Games
8323,WorldsForge
41409,Clever Unicorn Games
9754,GameWick Games
24758,ZGrani Wydawnictwo Gier
29209,Natural Games
19243,Playsino
11615,Verlag Albrecht Schmidt
41627,Dorehami Games
1828,Falcon Games (I)
23821,T.O.Y.S. International Inc
23820,Toy Tek
1695,Home Rock Entertainment
18570,Living Waters Wholesale
1925,White Mask Productions
467,Stone Ring Games
25431,S2 Adventures
18320,Alice Soft
18319,Galaxy Plan Inc.
912,Sho-Kikaku
3736,"O2 Games, Inc."
32962,Müller-Mätzig Spiele Verlag
7132,MAG (Make-A-Game) Ltd.
9165,"Scimitar Games, Inc."
4392,Poultron Press
45141,CrashStache Games
22889,Baca Forrest Games
5065,Goalmind S.A.
30888,Gamely Ltd
7900,St. Magnus
3483,Beleduc
46714,GravityGames
15809,Zenit Miniatures
26291,The Infantree
24429,Stupid Awesome Games
27691,BNKB Games
3465,G.D.I. p.v.b.a.
14438,Shadow Mountain Publishing
23763,E. Conzept
27855,Daft Concepts
27806,LiveLoveLearn
38223,ひとりじゃ、生きられない。(I Cannot Live By Myself)
298,Gandy Dancer Games
9464,Penrose Press
29255,Danko toys
14975,Искра
1378,Footloose Productions Ltd
23513,Red Tin Bot
24841,BrickWarriors
36911,Emmerse Studios
37708,Gatwick Games
4772,Isensee Verlag
3331,3J Games
49308,XD Productions
27040,LINEA ROSSA GAMES LLC
34639,Linea Rossa Games LLC
26847,Apotheosis Games LLC
24854,Minotaur Games
11814,DiceFestGames
39169,Steel Squire
37544,Silver Gaming Company
26585,"Sports Mogul, Inc."
15369,Orion's Bell
8708,"Hokuseisha Co., Ltd"
21903,Okuno Karuta
8709,Totokobo
26191,Chinchilla Games
31504,Rampage Games LLC
26837,Bushbaby Games
3804,Leland Corporation
3803,Virgin Mastertronic
3802,Wise Owl Software
28495,AllumetteS créations
23344,Kazoodoo Games
46891,Zombies y Princesas
4309,Genio Toys LLC
1679,SALO
10532,Reality Cheque
10568,Skortched Urf' Studios
32495,Borzag Games
4502,Zygote Games
39466,Flora and Nora
23712,Innovative Games Creation
22570,PK Torretto
3575,Tree Toys
4400,Callao
38364,Gold Cauldron Games
36987,Ifoksapop
32980,Half Wing Games
1570,Crown Tactics Inc.
23106,"3Some Games, Inc."
1018,thepollgame L.L.C.
17081,Talon Games
29891,Moe Blaze
43923,Sparky Cells
1074,Egel-Spelen
26488,Dog Might Games
8819,"T.O.G. Entertainment, Inc."
1050,Jeux Actuels
35642,Games Lab
174,Wittspiel
2585,"Holistic Design, Inc."
29458,Spellforge Games
25152,King Post
766,ASL Pastimes Limited
39520,East Street Games
37124,MAD Games Ltd.
9785,Exile Game Studio
19063,Tin*Star Games
18447,Zoé Yatéka Créations
10449,Clipper Games Ltd
29648,Sinister Design
822,DMR Games
6116,@games online
1883,alphaBIT
48277,The Moongrel
4337,Joyride Entertainment
6955,"Press Pass, Inc."
16263,Zeitgeyser LLC
37258,One Day West Games
6729,Kallmeyer
46448,Sunrise Game Studio
26536,Gray Wolf Games
7880,Willow Tree Games
32000,Totally Wholesome Games
32641,Entropic Games Ltd
32609,Mobi Games Inc
39567,Howling Hog Games
13111,edushape
10901,Magneto
4482,Mako
1411,Regev Games
19206,Horisont Enterprises Ltd. Oy
3114,Hiron Games
50738,ABS-CBN Corporation
32451,Balangay Entertainment
38728,Lega Nerd
8843,Instituto Andaluz de la Juventud
1407,Salamander Games
12555,Fjallið hvíta ehf.
39959,Keifer Art Inc.
28388,Épica Juegos
9613,Simployt Games
6246,Gamesformotion
24526,Accomplice Productions
2379,Franklin Merchandising Company
37469,Gold Baby Games
14980,Lumos
4157,"Science Research Associates, Inc."
1316,WFF 'N PROOF Games
25755,EGRA Games
31403,Skulls Mini
27325,Casual Dragon Games
11979,MeterMorphosen
8631,Éditions du Boréal
2621,Productions Ludica Inc.
28752,Chancegamer LLC.
4444,Family Fun & Learning Company
17821,Papa's Toy Company Ltd.
26006,Catalan Games
23884,Zoydan Games Inc.
16258,Silva-Verlag
4414,Adica Pongo
22180,W. Forster Games
30603,Zadorf
17195,"Heartland Consumer Products, LLC"
4423,Wiggity Bang Games
31896,Black'N'White Games Ltd.
10740,Wirtualne Wydawnictwo MARK6
4480,Birdcage Press
820,Dream Green
25353,Alloyed Creations
18026,Rock Science AB
1204,Silberberg Spiele
1532,Gnugames
38849,Octopus Games
34283,Wild Boys Studio
835,Ludopress
1288,Konami
2581,Strate & J
37796,Toon Hammer
11294,Eesti päevaleht
2253,Revaler
37393,HAL-13
50697,Double Combo Games
11396,Spielen
4753,CubiTeam
40202,Laserox
30409,VRGames
5084,Funstreet Games
2203,"Hubbub, Inc."
657,Henmead
1744,Rigby
473,Dice Corp
1601,TyR
7434,"Hilaria & Ludi, LLC"
3217,Big Bad Wolf
5867,Fallon
8142,Fun-at-Home Games
4291,New Entertainment Ltd
10727,"Caledea, LLC"
4258,Yggdrasil Jocs S.L.
17856,Culligan
42841,GOTY-Games
16750,Gamester Magazine
7588,NamuHana
5541,Yunnori
17911,Level Zero Games
4754,Olves Spiele
18,Supremacy Games
25421,Sherwood Games
37232,Surprise & Expectation
463,"Aegis Entertainment, Inc."
22280,Odynaut Games
1121,Sterling Publishing Co.
412,Omni Gaming Products
42045,PlaFul
27434,Cyningstan
38726,Guild Publishing
30072,ΕΠΑ (EPA)
37507,APAS Verlag
12532,Rising Star Games
10033,Five-Up Company
3819,Farsa's Wagon
36945,Hercules Game Studios Ltd
32563,Yombembo Games
7073,Custom Game Co.
28470,Predicate
8122,RealmsMasters Game Forge
39038,Original Content London
23609,MARS GAMES
8174,NoMADS GAMES (I)
7010,TwinBlade Games LLC
2309,Amerigames International
3675,Center Parcs
567,"MindTrap Games, Inc."
40016,A Smith Games
37555,Wannaplé
37413,Tetrahedron Games
16389,Wulven Game Studios
1180,Wheeler Games (Board Game)
5481,"Rankum, LLC"
48057,Mini TableTop Games
11146,Old School Sports
48386,Rustik Classic Games
571,Tyco
28702,Thinking Past
9140,Natural History Museum
1461,Alma Giochi
3036,Top Games
4316,Defifoo SA
37538,Recoculous
3026,Brainbox Games Pty Ltd
17588,"InnerLinks, Inc."
21013,Brooklyn Indie Games
762,Capital Games Ltd
39426,Liniex
29899,Garage Games Australia
29831,Everwerks
1130,Blue Kabuto
7854,Mark Steere Games
9470,Jeezle Pete's! LLC
31492,Joyco
40564,Crooked Tower
45947,DR Games
428,"Bates Games, Inc."
9508,Ziggurat Games
19191,Agerex Oy
38910,Cutlass Boardgames
4563,MindSports
48230,Pillsmarsh Ltd.
25079,GetDigital
9487,Tessera Games
25867,Przedsiębiorstwo Innowacyjno-Wdrożeniowe Medicat sp. z o. o.
22276,Kompass Spiele
7273,Cameo Games
24660,Art. Lebedev Studio
1075,Gametree
32162,Au Jeu Retrouvé
29879,KinSoul Studio
40497,Freak & Chic LLC
2812,Eye Spy Enterprises
707,House of Slack Games
31383,MDR
17700,Family Games (II)
44022,Mirel
7623,Georg Appl
34254,nikamundus
4135,Shadis Magazine
3144,mgxmedia GmbH
3175,Papergames (I)
17376,Sanoma Pro
26938,Counterculture Cards
13450,GTR
42627,The Escape Game
45329,This Way !
1142,Rykodisc
5318,Luchacabra
6800,American Toys
1155,Schaper
19166,Takatoku
40912,Bin'Fa
3196,Goodman Games
8367,GameTable Online
5406,Triumph Games
35199,Pirojocs
26798,Protean Games
1173,Animal Town Game Company
7675,Cooperative Games
1856,HearthSong
276,Samsonite Corporation
7608,Fotorama USA
21463,IMC Toys
28380,"Good Knight Games, LLC"
1013,Carpe Diem Games
30129,Pygmy Giraffe Games
36762,IION Games (It's In Our Nature Games)
1199,Cheatwell Games
28730,Project Danger
1229,Game Publications Group
40769,Transit Tees
42523,Player Ten
18951,Holstein Spiele
27988,Studio 202 Games
23380,13Rentgen
34006,Poisonfish Games
43084,Studio Agate
49003,Playlogue Creations
46764,Tuber Productions
44161,Zerofun Boardgames
4672,Oracle Games
7821,Orðaskipti ehf.
953,Prodijeux
29405,Sofa Games
8653,Hattrick
7788,E. Allan Brooker Ltd.
32948,Hasbro Industries (Hasbro Bradley)
6857,Industrias Geyper S.A.
7757,Berea College Crafts
11334,Lemeco
2488,Capri
1639,Mishler Company
2022,Score Entertainment
40069,Squamous Studios
19288,Maranda Games
1999,Jumpin' Banana
11323,Paladone
735,Saller & Brunner Verlag
10951,Hex-tri Társasjáték Műhely
22732,Pendelhaven Press
4462,Öbergs
6221,Offason
34878,Ferris Hayward Ltd
527,"TDC Games, Inc."
3909,S.E. Products Corporation
41506,back2brain
9565,"Castle Games, Inc."
430,Rimbold Enterprises
28172,Inedo
49870,One Up Parties and Games
5139,"Brain-ed, Ltd."
437,Daimler Chrysler AG
203,Kenterprises
8063,"Taoist Arts, Inc."
16998,Amico Giò
1803,Mego Corp
25490,Prettiest Princess Games
30159,Vile Genius Games LLC
10907,Halcyon Games
1070,San Serif Print Promotions Ltd (Serif)
6438,BibleQuest
379,Lion Rampant
11489,Abadis
529,BoneGames
29672,Literally Wizards LLC
22877,SJD Games LTD
7468,NHL Enterprises
2283,Playoff Corporation
345,Pardee Games
24782,Baolin
21107,Winterlair
30397,Castle Productions
8987,Bambola
746,The Games Team Ltd.
10732,Flying Pig Games LLC
7445,Perra Cómics
8385,The Giant Brain
7930,Marina Games
2347,Legend Games (I)
419,Dieter Danziger Verlag
30253,Happy Otter Games
38670,So Way Totally Awesome Games
9715,Dice Maestro
618,Wrebbit
32340,Fox and Ox Creations
11203,Ace of Brains
34230,He Does Not Throw Dice Limited
43701,Phantasio Games
317,F-Hein-Spiele
7542,"Spółdzielnia Rzemieślnicza ""Żoliborz"""
616,Cold Creek Publishing Co.
34571,Ggame
13909,Interplay (Board Game Related)
37768,Jorta bvba
10842,"Pajaggle, Inc."
1456,"Zomax, Inc."
9101,Straky na Vrbě
5764,Imperium
33284,"Galatune, LLC"
35942,Half-Monster Games Pty. Ltd.
2669,Triangel Team
279,Stonewall Developments
1753,"S & S Innovations, Inc."
1831,Solar Games
42359,612 Games
13291,Narodowe Centrum Kultury
6398,PowerPlay Industries
8193,Liga de Futbol Profesional (LFP)
17757,Tiltfactor
3312,Åhlén & Åkerlund
8446,United Toys
3290,"The Gelles-Widmer Division: McGraw-Hill Book Company, Inc."
22010,Twentieth Century Games Limited
1962,Orchard Toys
30336,Alex Brands
21239,Brinquedos Rei
30273,"MegaGigaOmniCorp, Inc."
15001,Acabo Games AB
1549,Lost Horizons
41449,SYYA Games
3834,BlindLuck Studios
21398,Universal Studios
35521,Turn One Gaming Supplies
8685,Stractical Concepts
1141,Dearborn Industries
3115,Fabbri Editore
7310,Koster Brothers
18218,J.M. Kronheim & Cos.
34027,L. J. Hjerta
33008,Pellerin & Cie
25295,VEB Berlinplast
30291,Verlag A. Eggenweiler
6276,W. & S. B. Ives
33201,Ingenium Games
9430,Clown Games
24982,The Flux Capacity
1692,"Front9, Inc."
179,Zobmondo!! Entertainment LLC
19277,Touch Paper Press
31895,Eclosion Games
6798,Celador
28030,"Topwise Games, LLC"
28803,Shared Bulb Games
34058,"Ok2Win, LLC"
10070,Raku Games
38662,CatDragon Games
15934,Vivid Games
1795,America Games Inc.
3091,Creative Conceptions
12643,Hisab-Joker Co AB
30604,OV-Großhandel
32342,Pocket Option Games
28739,Melon Rind
284,Corglenburg Ltd.
2445,Elliot Right Way Books
11186,Sensalot
27372,Miss Merc007 Games
896,Franklin Mint
17414,Lusval Éditions
6660,Creative Playthings
25846,Dynamite Entertainment
8919,ToySmart
31197,iN'sanity Games
42533,PDU Games
1115,DG Associates
2041,LORE / JMJ Enterprises
1986,"Empire Games, Inc."
5461,Entreprises B.R.A.G.G.
12037,Norsk Publikasjonstjeneste A/S
431,Strange Magic Games
27320,"Two Penny Games, LLC"
27714,"Evermore Industries, Inc"
3289,MGA Entertainment
30610,Waxwing Games
4642,Spiellabor
38213,YULU
18354,H@LL9000 e.V.
44249,W4kangoeroe
2341,Black Dragon Press
788,Alien Menace
7883,Edukit S.A
7851,Etapa Nueva S.A.
432,Antler
682,VCR Enterprises
38825,Gilgamesh Games
42857,Jacob's Brick Games
31241,Amazon
16554,Remember
30414,Gamia Games
146,Daggit Games
512,Kohner Bros.
16342,Mini Toys
26783,Onion Squire
24568,"World Wide Chaos, Inc."
7549,Loki margmiðlun ehf.
47559,Spilaborg ehf.
24748,9 Kingdoms Publications
3872,Speerit Strategy Games
9596,Leikco ehf.
5094,U Group Holdings Ltd
18207,Greenstone Games
3634,Human Head Studios
972,Dart Flipcards
21937,Funnybone Toys
6626,Arbetskooperativet Spelverket
27150,Ramses Bosque Art
28893,World Within
3708,Symbiose
29527,Gangrene Games
5438,MBF Games
743,Searchglen
215,Millennium 2 Games Limited
23585,Sixpence Games
12095,"Don Gusano Games, Inc."
29626,Rocket Games
16951,HungryRobot
423,Prince August Games
3322,Nationalencyklopedin
1394,Games Above Board
35955,Peláez Creative
6099,Flair Games
21806,Fragames
3970,MindWalk
44758,Amuza
26942,Secret Potion LLC
30678,DFTBA Games
28274,Aquarius
1534,Fremantle Media
861,Bioviva
10590,AB-MM
24110,THX Games Zrt.
319,Dreamsville Publishing
22800,Tech Lab Games
5343,Cheese Weasel Logistics
23964,Appletree Toys
22886,Chemoplast Brno
45149,Black Mamba Games
27477,Code Monkey Planet
31836,1979games
1077,"Anthony Innovations, Inc."
8687,Indie Games
17324,Game Company No. 3
16068,Tartan Grizzly Productions
7408,IQideas Ltd
1519,ITOS Enterprises
44218,Mad Dash Enterprises
25949,Gothic Green Oak
7303,Semper
5782,Les Zibrides
1207,Wild Connections
2356,Sarl Selene
1764,Rumba Games
1849,Start Space Games
12253,The Creative Assembly
36629,Kwatta Games
43689,E Mobility Now
937,Cell Entertainment AB
1266,Omnia
48263,BOOM Editions
31452,De-Evolution Studios
22346,Zenescope Entertainment
2495,New Classic Games
2367,"The Garden Game, Ltd."
12316,Diceless Games
186,Savant Garde Entertainment
28414,Lost Age Games
22517,Marc Vidal
26403,KOMA ehf
30317,Scandinavian Boardgames
936,Intellijeux
25894,Ariac Games
25887,CAP Games
23120,"The Presidential Game, LLC"
4980,Lelutukku
19145,Oy Non-Food markkinointi Ab
929,Van der Veer Games
38109,The Daniel Zayas Company
15,Twentieth Century Renaissance
37595,Kevin's Got A Gun
29275,Eye4Games
32407,Wild East Game Company
954,Henard Industries
38792,TwoPointOh Games
364,Land of Legend
4060,"Arguegame.com, Inc."
39945,Paradys Games
15314,Daigt
2629,"Sallent hnos, S.A."
22815,Print and Roll
709,Die Wuselmäuse
12241,SPIRING Enterprises Ltd.
25590,"Fremont Die Consumer Products, Inc."
1457,Cirondo Games Company Limited
1972,"Baranarab Innovations, Inc."
1107,Char-Donn Creative Marketing
3967,Claxon
29804,Route11
23864,Nick Pace Entertainment
268,Maruca Industries
23455,B&R Mindworks
1431,"Mag-Nif, Inc."
1755,"Games Partnership, Ltd., Inc"
9173,Hyperion Games
1089,Arcane Games
4321,Fleurus
8483,Juegos Dani SA
10997,93 Made Games
15349,Edigráfica Games
4407,Nickelodeon
7660,Art Meets Matter Ltd
950,"Zipwhaa, Inc."
8691,Wayne Bobbette Enterprises
39823,Gato Studio
6647,4Kids Entertainment
1548,"DCP, Limited"
374,Lionel Trains
26680,"Supersonic Bionic, LLC"
33689,"Turtle Dream Games, LTD"
1593,"Mamopalire, Inc. of Vermont"
2439,Playus Maximus
1647,"Snafoo Games, Inc."
8602,Mind Altering Games
42905,X2 Games
47256,New Making Studio
45509,Heiwa Kogyo (平和工業)
1093,Fugitive Games
6997,Anatex
45440,"Ed. Inter Co., Ltd."
3350,Card World
46028,Tiny Concept
6047,White Horse
669,Future Games Ltd
26897,Modern Evil Press
16739,Sky High Games
34480,rappel GbR
24312,"TwoMonkeyStudios, LLC"
1704,McNutty Games
30580,Senyac Games
47678,Spacetopia Pte Ltd
25565,Blind Ferret Entertainment
5710,Clou
9828,Cutting Edge Games
36733,Open Road Games
1092,"Hidden Talents, LLC"
26769,Hueber Verlag GmbH & Co. KG
1188,Kunnskapsforlaget
3509,Lakki Patey
27186,Rainbow
9252,Fun Q Games
232,Endgame Entertainment
15004,"Intercommerce of America, Inc."
5617,Basic Concepts
23294,Samatli
37725,Outside In Games
32030,Ultra Evil Studios
28425,Papaya Editora
1263,Keys Publishing
19129,Marchant
25595,Dizemo Entertainment
40187,The Freaky 42
27177,Clover
25861,Spółdzielnia Rzemieślnicza Spójnia
23759,Doomed Legion Games
29500,Black Straw Games
4544,RTL Games
46964,SolidRoots
25793,Waning Gibbous Games
33303,"Saved Game, Lda"
33576,5tails Studio
1715,Belser (Kosmos)
37003,Braine Games
7471,HiT entertainment
6884,Pole Position
4948,Spezet
3462,Compete Now
39031,EPEE
13226,Game Zone
8388,mental_floss
282,Cut and Run Productions Ltd
6535,Recreation Group Plc
36047,idea Hellenic Design
9050,Imago
26741,Playful (Board Game)
886,Ultimate Games
5241,Arasai Overseas Ltd
29517,Summon Entertainment Corp
5466,Recent Toys International
25250,Distribution Dude
38744,Professor Puzzle Ltd.
37841,Team Custard Kraken
37311,RTK Studios
2383,RoseKnows
7058,"The Flaggs, Inc."
1320,"Great Games, Inc."
476,Samuel Ward Co.
18920,thinkgeek.com
33286,Shawnsolo Games
3035,HT Games
30472,Hex Games (II)
32840,Monkey Beak Games
34396,Quirky Engine Entertainment
3560,High Games Entertainment
48439,Loosey Goosey Games
544,Conceptual Math Media
49895,Äventyrsspel
434,Distant Seas Publishing
2438,The Card Cabinet
1325,Iron Sun Games
12987,Aardman Animation
5138,Cards Inc
3854,Nova Carta BV
630,Edualc Z Promotions P/L
7253,Ets. Couvat
29675,Board and Tale Games Inc.
6870,"Tuf, Inc."
15658,Cheeky Dingo Games
850,GameStar Designs
43460,Ngũ Hành Games
177,Evil Polish Brothers
1267,"Big Toe Games, Inc."
41398,Ply Games
300,"Game Development Group, Inc."
22969,Ars Vivendi Verlag
23512,RIWA Spiele
3061,Kidology
7205,DeathTech (web-published)
580,Earwig Enterprises
26762,Dark Blade Creations
15583,Bag-O-Loot
819,B. E. Game Corp
8226,Ditoys
16729,MacDue Toys & Games
40205,"LearningHerbs.com, LLC"
7816,Wilderness Awareness school
1040,Paper General
3148,Autobridge Company
11086,Jannersten Förlag AB
7737,Pinstripe Publishing
29193,Friendly Rabbit Inc
2071,Buschfunk
6304,Volume Sprayer Mfg. Co. Inc.
397,Mythrole Games
27883,Jenapharm
2749,Jocus (I)
19311,Wooky Entertainment
5236,Indie Entertainment
21105,Mitee Games Inc.
9330,W. H. Storey & Co.
2075,B&B Productions
10551,Elmore Productions
804,Oberon Games
201,Wingnut Games
3958,Hidden City Games
28268,Six to Start
7301,D'Avekki Studios Ltd
2601,Social Games
7630,Continuum Games
30743,Baccum Inc.
42116,Hygge Games
23331,Kylskåpspoesi AB
5863,Mind Candy
324,KP Games
3308,Birjan
39981,Paessler AG
17093,Geotoys
754,"Boardroom Productions, Ltd."
899,Andon Unlimited
21716,Creative Designs
7801,Traditional Game & Toy Company
11645,Barking Spider
14038,AV Editions
29301,ION Card Game
49454,Heathside Trading Ltd
21516,Main Street Publishing
3129,Edicarton
7891,Lézéditions du Yéti
5444,Yeti Entertainment
1940,"Intelectual Technologies, Inc."
27431,Stillmark Oy
7686,REMUS Produktions- und Entwicklungs GmbH
331,Placebo Press
4369,Lisciani Giochi
26593,Aviary Games
6549,Education Outdoors
647,Late for the Sky Production Company
1537,Rogue Publishing
36154,Traffic Game Inc.
6439,Minerva
2937,Aspen Books
3330,"Boardwalk Design, Inc."
23477,Tolman Games
13177,Империя
47751,LSV Leipziger Spieleverlag GmbH
5743,S.G. Games
30438,"Purvis Enterprises, LLC"
5754,Spare-Time Corporation
32947,Hassenfeld Brothers Inc.
42055,Limite Limite
26287,Inga Giacatolli
12836,Sligro
45654,G. Sorima SL
45653,Manuel Gimenez Reyna
8399,IQ-Spiele
1642,Dead Ant Games
3568,Spran Enterprises
25389,Hippocampus
2365,"Specialty Board Games, Inc."
45885,Cromy Rioja S.A. (Cromy)
25313,Waits In Graves
811,Mag Force 7
26639,"Cinelinx Media, LLC"
5365,Lizardy
48143,J. A. Ball & Co.
2615,"Ash Grove Press, Inc."
4586,Argo Games
4587,Software Creations Ltd.
31261,Kölner Stadt Anzeiger Magazin
7827,Shadowcircle Press
372,Canopus Consultancies
1242,"Imagineering Design, Inc."
8824,Outplay Games
1775,Not the Network Company
22306,Buckingham Toys
49125,Trick or Treat Studios
11547,New Idea Game Co.
20912,CREATURES Games
26761,Wargi Studios
1059,Resource Games
16075,TAKE OFF! Inc.
339,Playco Hawaii
107,Mox Srl
32905,Decking Awesome Games
47203,Abstract Games
37426,Meet Me At The Table Games
178,Excelsior Games
2182,Anton Publications
872,Countermoves
164,Iron Bear Studios
1365,"Petermark, Inc."
271,Sagarian Corporation
9637,Palladium Books
40567,Red Duke Games
21643,Dangermoose Entertainment
2888,Khalsa Brain Games
9590,A&KJ Productions
3813,G2 Games  (Board Games)
1220,Rainbow Games
30141,Hidden Ladder Games
1526,Olga International
3690,Rainfall
5934,Italcards
2560,Learning Resources
23625,tjitji toys
6916,Discovery Communications Inc.
3524,Osterman & Westergren AB
19204,Mysterian Games
4430,Fuller Flippers
2018,Crestline Manufacturing Company
18420,DBC Company
18812,Duplicon Company Inc
7831,Games & Gadgets Ent.
1835,Gangler-Gentry Co.
4017,"Nienstaedt & Co., Ltd., Hong Kong"
3288,Qubic Games
18414,Score-Four Ltd.
22324,Spielkiste
18423,Sunshine Initiative
4208,"Tedco, Inc"
8389,Tviksta Spel
8810,Gestion Group-Or
1877,Productions Frik International
1313,Smartegg Games Ltd.
8597,UGames
7336,Strategic Retreat
41806,11231 Games
24780,Munji Studios
235,BattlePlay
1592,Bensussen Deutsch and Associates
29138,Z OR ALIVE CIE
23189,Creative Concepts Inc.
24726,Bed Beard Games
6566,Guau
47402,Royal
27861,Hogger Logger LLC
39844,OnTopGames
33731,apauling games
4774,McNeill Designs
697,DaMert Company
33569,Toystorian Enterprises
28513,Knight Games (II)
5399,"Savita Games, Inc."
2961,Radica
97,Incredible Game Company
23686,Never Peak Games
587,Yorkshire Television Channel 4
12992,Bonsai Entertainment
747,Windy Ways Games Pty Ltd
11233,Esticorp
16596,PICAM (Products International Company Advertising/Marketing)
15133,"Regina Products, Inc"
4154,Skyline Toys
4296,Games Unplugged Magazine
29611,T-Cat Productions
17831,Wendy's
32547,Awful Fantasy
369,"Questone Marketing, Inc."
1450,GhazPORK Industrial
16372,GameBrotherZ
11301,Xiao Guai Dan
23719,Right After Then Design LLC
15325,Le Chen Toys
41324,Mysterious
6207,Shifting Skies Games
17255,Samuel Webster & Sons Ltd
12844,Red Media
5653,Dorcy Irwin
33599,BETON GAMES
8986,Perry en Co (Penco)
22919,Victory Spelen
18928,Meetpoint LLC
15696,Amalgam
32421,Komo Games LTD
50961,McMiller
30262,Four Star International Trading Company
1203,Fun & Games Group
18671,Game Knight Games
6560,C and J Toys Inc
8343,Virtuda
3399,Tremorworks
7201,A. N. Myers & Co
22747,Adolf Sala
45459,Anglo-American Games Co.
7548,Brückner Spiele
17031,E.I. Horsman
24593,Euer Spielemännlein
6226,F. H. Ayres
6021,Fairylite
5622,"G. J. Hayter & Co, Ltd."
8846,Halma Co.
18784,Ilex
1293,Information Erdgas
21443,Jeux Stella
29597,Josef Friedrich Schmidt
18877,Lederbogen Karl-Marx-Stadt
49427,M. Klein & Co. GmbH
2926,Nederlandse Spellenfabriek B.V. Amsterdam
1822,Playtime Games
17398,Royal Series
3104,SPIKA GmbH
18863,Stockinger & Morsack
18789,R Turner
2746,Wild Horse
3135,Parklife Games
9275,Best EPE
18820,EDUSCHO
27361,Around The Clock Games
1161,Fresno Gaming Association
818,Torchlight Games
1137,"MindGames, Inc."
784,Brand Makers International
23607,Scandinavian Trend Company
498,Sesam
11017,Die ganze Woche
28133,Maison J. Battat
370,N.P.T. A/S: Oslo
833,Green Dragon Creations
8029,Big Fun
1495,Games for Pleasure Ltd.
32850,da Vinci's Room
31989,Max Manga
2761,Army National Guard
2880,Latz Chance Games
33234,Officina Meningi
36813,Wese
1472,"United Enterprises, Incorporated"
1264,TriBond Enterprises
888,Companion Games
30089,Qullus Games
17879,Teorema
8570,20th Century Fox
3552,Uncle Skunkle Toys
16357,Spontuneous Games
4662,"Greenbrier International, Inc."
9506,Design Edge
88,Board Not Bored Games
2091,Paletti
44262,Antoine Brissy
46153,ATM Gaming
43231,What Do You Meme?
1618,Neogames
1619,Outer Limit Games (I)
42633,Games with Teeth
4620,Ricordi Giochi
2334,The Gadget Shop
30866,Irrational Ventures Inc.
7400,"Southern Fox, LLC"
39347,Fidget Creative
2008,Abel Klinger
19082,Gustav Weise Verlag
7962,Heidmük-Verlag
19059,Helingsche Verlagsanstalt
8454,Jos. Scholz
22498,KiK Textilien und Non-Food GmbH
1292,Merlin Collectibles
27180,Charm-City-Games
36066,Studi-Jo Pi
4152,Disney/Pixar
2906,Commando Wargames
1426,Group 3 Games
653,Romancing Cathay
8714,Giftcraft Toys
2202,Saalfield Publishing Co.
4900,"C-ME, LLC"
2372,Mega Products
522,Mad Hatter's Toy & Game Factory
33964,Rhino Games
106,Mendocino Game Company
864,Lugano Toys
14632,KiniGame
12817,GlowFly Games
29488,Shades of Vengeance
18576,Bella Spencer Games
3398,Krakowska Grupa Kreatywna
3579,Whowins Games
7743,"Top Drawer Publishing, Inc."
2696,"Phillips Publishers, Inc."
5029,"American Toy & Furniture Co., Inc. (ATF)"
6375,LENA-Spielwaren GmbH
15014,Viking Toys
43,Ampersand Press
613,"Games For All Reasons, LLC"
23303,Scallywags International
4651,Arthaus
336,Pioneer
12035,Edda útgáfa
33165,Diegetic Games
16926,Dyad Games
31124,XII-Game
887,Donruss
40177,Agrypelago Games
976,Destination Games
1396,Fast Forward Games
13978,Signal Fire Studios
15718,Omnigames
21668,United Square
4383,Dice & Games Ltd. London
40745,Marbury Works
38260,The Finance Game Company
8877,"Knapp Electric, Inc."
5549,L. S. Ayres & Co.
23334,TAMAKONNYAKU label
22024,INWAP Games
11789,THQ
7363,Tangent Games
27966,CES
3957,Palet Miro
10083,RiotMinds
1766,Clear Conscience Gaming (CCG)
574,Wolfgang Joker Spiele
971,EIDOS Interactive
948,Gentertainment Inc.
6571,Tri-Vir Sales
2233,"Warren Industries, Inc."
6283,Games for Table Races S.L. (Spain)
42782,Jolly toys
7977,KIDFUN
3225,Abbey Games Ltd
4107,Harlesden Games
1922,Onsworld
30150,Hunter Leisure
5861,Squale Games
2179,Jarvis Porter Ltd
2002,"The Five of Us, Inc."
2303,Talentoy
812,White Buffalo
885,Medallion Simulations
16904,Playdao.com
10761,"Ovation Productions, Inc."
6602,Dübreq
826,Mind Movers Limited
1515,"Cashflow Technologies, Inc."
23420,Popurri (Попурри)
15101,Admondo
50626,Metrotoy
712,Woodrush Games
7071,World Games
26528,Karto-Myynti Oy (Finnish Publisher)
6133,Upper Deck International
47326,Tambù
8301,Burbank Toys
1514,"Educational Design, Inc."
3725,Skye Marketing Corporation
23561,Το Κόκκινο Πατίνι
4844,Ratkins Games Downunder
27266,Fire Squadron
45538,モクバ堂(Mokubado)
26509,Joyride Games
854,Paragon Reiss
39529,Penguin & Panda Productions
37449,RUSH Games
4460,Impact Games
30761,Point 'n Click design
2032,Feva (UK) Ltd.
3417,Aristospel
2620,Bell
22000,Cavalcade Games
5151,KIM toys
1328,Smurfit Games
3529,Tactica
2612,"Fire Island Games, Inc."
17108,Kroeger Inc.
6321,Leksam
30640,Toy Island
461,Strategic Studies Group
16025,Variant Media LLC
1200,BV Leisure Ltd
37864,2Fat2Fly
7678,NoDiceBoardGames Ltd.
4580,Nordisk Film
25408,Elbowfish
2191,Baron/Scott
31823,Rainbow Designs
11469,Electronic Arts Inc. (EA)
1167,Amway
4811,Warren Paper Products Co.
25213,SpielHouse
675,Oliver Games
10626,Tücsök
39083,Ostfrieslandshop
21617,[touch]
6607,Janod Jeux
8633,Jeux Michel
5079,Playmates Toys Inc.
845,National Geographic Society
1262,G. R. Welch
1645,Miko
42745,Cojones
24538,Alien Lab
6946,Amcor Games-Amhad Ltd.
2384,Two Game Girls
2100,The Movie Game Inc.
3188,G & E Enterprises
7457,The Great American Greed Company
11052,Agentur Vielfalt
31123,Space Reindeers
11455,Delcourt
5412,Accoutrements
10211,Archie McPhee
40646,Andy the Game Maker
46319,Biyigames
8681,Forbes Taylor
4426,Master Ion Sdn. Bhd.
18659,TopatoCo
37481,Fat Fox Games
46266,Meteoro Games
35,Orion
23162,Pontaccio
18704,Float a Goat Games
2947,De Bono Games
1497,Colorforms
23258,Combina
19261,Gordon
9571,Novel Toy Company
18823,Piko
21278,R6 Zigaretten
21279,Uvex
21089,VEB Meiningen
40403,ΕΡ.ΚΑ.Π.
7309,Rubbing Hands
6737,Javoz
378,"Ultimate Gifts, Inc."
25666,Iron Box Games
18919,Black Tea Studios
26576,Boardworks Games
33383,Dethrone Games
33387,"Space Goat Productions, Inc."
22501,Otto Maier Benelux B.V.
34361,Padgett Bros
4490,Toys Pure
46898,Rigo Games
2273,DCK Wallace
1085,We R FUN
2391,History Games
1383,Over The Edge Games
6007,Palmer/Cornale Games
23649,Nova Forge Enterprise
3655,Casdon
22566,Corinthian
22589,Durable Toy and Novelty Company
2112,Gotham
6234,Gotham Pressed Steel Corp.
22583,Harvey Company
22569,Hero Manufacturing Corporation
22584,Joseph Schneider
22568,Jotastar
17813,Kay
11438,Lindstrom Tool & Toy Co.
22587,M. Redgrave
22588,Madison Industries
4339,Northwestern Products Co
22585,Reynolds
22590,Rich Manufacturing Co.
22582,Seaforth
4700,Steven Manuf. Co.
22586,T. Cohn
7155,Wolverine Supply & Manufacturing Co.
2405,Crystal Spider
4647,Arne Blom Marknads AB
30728,City Marketing Group
5985,Geographia Ltd.
23397,Company Preuss
23124,FPR
11033,Sala Games
6380,Playskool
2284,Oneliner Ltd.
12174,Topvogue Ltd.
9242,Abbatt Toys
24628,Alfred Hahn's Verlag
28353,Bączek
8184,Didacta
22693,Dr. Rolf Ottmüller
50219,Finken Lernspiele
22743,Georg Schicht AG
44500,Kids at Work
22854,Ladybird Toys and Games
21104,Medallion Press
5709,National Wildlife Federation
21824,Pestalozzi-Verlag
11699,Safion/Escha Nederland B.V.
24458,Star Kartec International GmbH
8294,Warner Press
21475,Premier Toys and Hobbies
628,Finger Products Limited
9731,Funville Games
36054,Li-Lo Leisure Products
37897,West 11 Designs
3184,Little Harbor Corporation
1260,Southold Game Corp.
21441,Plan Toys
3530,Sala
18379,VEB Druckwerke Reichenbach
40549,WowWee
960,Lauwers Games
757,Hammerhead Enterprises
3876,3am Games
2831,Elfin Design
3337,Sancho Games
44904,Hot Taco Inc
11366,Oliver Games (I)
1351,Toy Biz
23460,Touring Card Company
9622,Wallie Dorr Co.
1156,"Distinctive Games, Inc."
8018,Sega Toys
3983,Tobar Ltd
26910,Manawaker Studio
12398,Trilobyte
16237,"Poole Enterprise, Inc."
343,Guild of Blades
4395,"Sevinpold Castles, Inc."
38069,Spiegel Online
17048,EDAF
7799,F-Rohling
8548,Freyspiel
14334,Jolly
1309,Teck Enterprises
33082,Maki A/S
991,Globopolis
2793,Si-yat-sa
18974,Guild Toy Company
16568,"Jilmar Co, INC."
3911,Small World Toys
5446,Fidelity Electronics
890,The Skip-bo Company
3748,KG Unique Designs
23932,Kids Commotions bv
18815,Umbra OÜ
40943,Dilettante
34937,"NIS America, Inc."
6740,Funrise Toy Corp
21562,"A M Smith, California Wine Depot"
34476,AA Lúdica
21391,Bacardi Limited
45886,Bag of Bonz
30662,Bambolino toys
22329,Callaway
22247,Cockburn's Port
6582,Codeg
23458,Comas
23193,CowoC Inc.
18522,Elkloid Company
21380,Enoch Morgans Sons Co.
5631,Esso
16800,Excite Limited
4955,FridgePlay
6891,Jaymar Specialty Co.
14602,Leaping Dog
45145,Lucky Group
9189,"Marion Co., Inc."
14350,Oetinger Spiele
21103,Old Holborn
45960,Pier 1 Imports
2847,R.J. Reynolds Tobacco Co.
9371,Rite Lite Ltd.
24666,RMS International Ltd.
1146,Saml. Gabriel Sons and Company
21561,Simpson Spring Company
8865,Soviet Union
17123,Stokes & Dalton
11728,Unikatoy
29940,Venture Inc.
45146,Wood Works
24452,Deco Play
23742,Small Foot Company
30538,Vileda GmbH
13328,iToy
49447,Carstens-Holzspielzeug
22561,Real Wallachian Games
5384,Columbia Pictures
34073,Creator Studio
9239,ProLog Therapie- und Lernmittel
6396,"Schoenberger Productions, Inc."
1867,Ghettopoly.com
347,Whyspire? Games
28383,Ergo Sum Games Ltd
8498,Balls Out Entertainment
29523,Grandi Giochi
21515,Buki Toys
4455,GT² Fun & Games
3723,Four Four Four Limited
957,"The Future Trends Experience, Ltd."
17317,Giant Goblin Games
7760,Ekta Products PVT. LTD.
46631,Nowus Games
50471,BK
27000,Haufe-Druck
16702,Kids Fun Factory
7869,Mulder
14570,Retro Range Toys and Games
23730,RPS
23385,Société Française de Jeux et Jouets
21331,Technofix
22174,Unis France
18870,Verlag Volk und Bild
19032,Zinke
26031,AAIIEEE!
15677,Pondering Armored Vehicle
16095,Toy Site
44911,Ling Hui Co. Ltd.
47524,TopBright Toys (TOP BRIGHT)
27244,Foam Brain Games
1379,"Fleet Games, Inc."
32592,Game Revenant LTD
29383,Margrave Games
1719,Lakeshore Learning Materials
2713,CARDZ
6558,Warren
5163,Flinch Card Co.
7518,M6 Interactive
29554,"Five Below Merchandising, Inc."
40154,Ooba Games
5569,Agata Zasowska
50296,Formatex
1479,REMCO Games
23741,roominteriorproducts
33841,Trident Game Studio
23985,3VO
23805,ABN Bank
24390,Advo B.V.
8821,Albert Heijn
24354,Ambachtelijk Bakkers
30802,Ark Boeken-VVHS/BKV
24244,AT&T
24129,Banketbakkerij
43403,Bengt D. Bengtsson förlag
24072,Bergsma
6067,Bevink Edities
24355,Bijenkorf
24187,Boerenleenbank
24282,Bureau Boek en Jeugd
24353,City Centrum Zwolle
24399,Club Pour Vous Madame
16493,Colgate-Palmolive Ltd.
24157,DAK
24176,De Ruijter
24154,DEFKA
24559,Delo Spiele
5910,Deutsche Bundesbahn
7244,Deutsche Postbank AG
24242,Diabolo
24904,dielmann
24050,DK Umweltverlag & Promotion
16838,Douwe Egberts
1490,Eastman Kodak Company
21148,Eldorado
24218,Em. Querido's Uitgeverij BV
24377,Eurofranchising B.V.
24739,Evora
23982,Fides
23978,Foto Veerman
24040,Freunde des Wallrai-Richartz-Museums und Museums Ludwig e.V. Köln
24283,Gemeente Woerden
22627,Grodzinski
24557,Hago
23292,Happy House
24162,Hart van Brabant
24160,Heinz Appel
21567,Hemma
24230,Hero
23983,Hoechst
21029,Hunsrück Ferienpark Hambachtal
24257,icob
24044,Impresariaat Lumen N.V.
7294,Isratoys
21115,James Brown and Son (Glasgow) Ltd
23909,Jan Linders
24376,Jantje Beton
24335,Joop Wiggers Produkties
24258,Kabouter Spelen
46076,Katapult
24346,Koninkluke Fabrieken
24855,Landesjagdverband
24903,Langenscheidt
28047,LLI
24116,Loewe Verlag GmbH
23984,Loha Werbmittel
24229,Mars
24017,Mijn Tuin
9986,Music Games
24120,Nationaal Bureau voor Toerisme
12171,Nationale Nederlanden
24161,Nationale Postcode Loterij
23912,NCB
24192,Het Nederlands Zuivelbureau
24275,Nederlandse Omroep Stichting
24073,Nicotoy
23688,Obchodni Tiskárny
22446,Omnium-Waalwijk
24658,Otto Noack
24206,Panter Sigarenfabrieken
24127,Petit Bistro
19044,Phantasialand
24389,Philatelica
12565,Philips
24375,Phonokwartet
17489,PlayMobil Interactive
11332,PTT Post
24128,Puik
9599,Rabobank
22224,Raiffeisen Landesbank
24292,RAL GmbH
5118,RAY
24204,Reclamij BV
24349,Roos Warenhuis
18805,Rudolf Forkel KG
3918,SanomaMagazines Finland
23919,Schott-Zwiesel-Glaswerke AG
19033,Schwager & Steinlein
15308,Shell
24018,Sijthoff Pers
22887,Sparkasse
26558,Speelkaartenfabriek Nederland
24175,Stedelijk Orgaan GVO
24163,Stichting de Rode Lelie
24007,Stuurman
4324,Toys & Games Express
24231,Trias
24119,UitGeverij de Harmonie
24039,Uitgeverij De Mandarijn
24126,Uitgeverij Heuff
24193,Uitgeverij van der Meulen
24118,UnieKass
23910,URB
24071,Veilig Verkeer
6964,Venes Utrecht B.V.
22207,Vereinigte Kunstanstalten Senkeisen
18924,Verlag für Lehrmittel Pössneck
24558,Verzorging Mol
24316,Viva
24049,Vola Nederland BV
24186,VSB-Bank
31301,W-H Almere (Wins-Holland)
24205,Waard
24177,Wehali
24347,Winkelhof Bergambacht
6725,Huggermugger Company
9244,Toyland
1455,Susan Prescot Games
16560,TV Supertech
14698,DBGM
2382,"Gametime, Inc."
24802,Handiform Plastic Corp.
23159,Hoi Polloi Inc.
5887,Invento Products
1774,Kaye-Jacobel Associated
18936,Micro-Lite
1333,The Rumbold Gallery
3652,Skansen Designs
45385,Exequor Studios
5988,"Vintage Sports Cards, Inc."
24679,Hoke's Games
4344,"Class Struggle, Inc."
9784,Metracon
28900,Niffler Ltd.
8544,B1 Games
8545,Genius Product
34810,Skyler Innovations
3224,Gessnitzer & Städtler Verlag
42180,"Professor Puzzle USA, Inc."
33992,Imagination Entertainment Ltd.
1421,Whittlecraft
18516,Montour Novelty Co.
22996,"Service Kits, Inc."
18514,"The Shanin Group, Inc."
32817,"Tomy Company, Ltd. (Takara Tomy)"
35162,Bell and Curfew
1448,Auf/Zu
25594,Chase Games Inc.
4840,Clark & Sowdon
45905,Climax Print.
17119,Dean Designed
3998,Hanje Spiele-Atelier
22147,Hemsby's
10852,Old Time Games
8311,Paddock Game Company
21442,Rapidoats
21379,Robertsons
6629,Siso Trend
7927,W.G. Young & Co.
4694,Zulu Maraba Toy Co.
11880,Miggle Toys
8412,RSV Productions Inc.
7736,Wilder Manufacturing Co
44089,Contento Forlag AS
436,ICA-förlaget
4720,Ivory Tower Publishing
3376,Ohio Art
19180,Good Play
3210,J.H. Singer
19186,Mertens more than wood
19185,Meyer und Stegmann
47193,Playtive
7863,Saussine
19018,Simscroft Company Inc.
8686,Tic Et Patte
19184,Weltbild
22019,Plato Magazine
24603,Cantrip Games
714,MMG Ltd.
2399,Rocco giocattoli
16746,Crown Publishers
1486,THOMPSON Industries
25883,Amor Spielefabrik
5880,Bienengräber
23482,Boy's Own Paper
8730,Cooperman Fife & Drum Company
26997,"Josef Schneider Jr., Wien"
26693,Stafford Products Co.
8826,West Enterprises
21871,Argos
18143,Autruche
21245,Cossack Vodka
38646,Duty Free Club of Fine Brands
8616,Heineken
21250,Jack Daniel's
21280,Johnnie Walker
21242,Justerini & Brooks
21244,Martell Cognac
21243,Ruddles
21251,Simonds Brewery
21249,Tennent's Beer
21246,Whyte & Mackay
7532,RUCH
7534,Samo-pol
262,Imperial Games (I)
26675,Jade Games
3738,Boxer Games
9171,Designista
1566,Inkognito
26485,Ernst Schütz Spielefabrikation
40190,Tabletop Troubadour Games
16678,Amloid Corporation
26713,Feels Right Design
3923,"MYNDzei Games, llc."
21859,A Collier
21781,Alliance of Liberals and Democrats for Europe
16859,Andrews Liver Salts
40327,Auzou
22920,Betal Games
22476,British Gas
21566,Buffalo Grill
7198,C.W. Faulkner & Co
17199,Chiefton Products Ltd.
47895,Christine Bonneton
17200,Cow & Gate
17727,D & W Gibbs Toothpaste
11497,Dagobert
21785,Del Arte
17121,E S & A Robinson Ltd
8756,Ediciones SALVAT
23689,Editions Dusserre
23261,Ferguson Electronics
47896,Festival d'Aix-en-Provence
23293,G Heath Robinson & J Birch Ltd
46827,Geste éditions
17078,Globe Series of Games
21786,Heron Maitres Cartier
21568,Herta
18857,The International Card Company
42743,Jämtlands läns museum
49465,Jeux Sylvie de Soye
21563,JTR Paris
11510,Kim'Play Cofalu 
22529,L'Institut National de Cancer
23317,Libby's
38772,Magtoys
22161,Mauclair et Dacier
47874,Mon Petit Art
21569,Monic
11879,Multum in Parvo Co
47897,Mystère Public
23767,Naipes Y Especialidades Graficas
5021,National Trust
21557,Norvic Mill
46859,Nouvelles Éditions Bordessoules
49242,Osratouna
18517,Oxfam
48168,Palette...
16971,Patterson Blick
39977,La Petite Boîte
49171,Pif Gadget
48345,Quelle histoire
11037,Roberts Brothers Games
16658,Sampson Low
48019,"Si/si, les femmes existent"
21779,SMB Paris
23459,"Soldiers, Sailors and Airmen's Families Association"
21913,Southern Cross
22312,Taunton Cider Company
8424,Tower Press
21874,Victory Press
17122,W G Clarke
21980,W. H. Cornelius Ltd.
16897,Warburtons
18886,Warner Bros. Interactive Entertainment (WBIE)
23321,Willow Press
17271,Woolley & Co
6610,Living Waters
48953,DSS Games
8070,Adam Opel AG
23126,ESC-Toy Ltd
22271,Gorden Designs
35890,Hayes Specialties Corporation (HSC)
21550,Ahorn Holz und Spiel
11198,F. Brunner
19163,Frank H Richards
23753,Irwin Pacific
1319,Pass-out Games
560,Big Fun A Go Go
1738,Kids International Ltd
31344,The White Company
20902,Birkel Teigwaren GmbH
19062,Carl Werner
12310,Catullus
998,Cincinnati Game Co.
18909,Erhard Neubert KG
999,Fireside Game Co.
5729,G.M. Whipple
19046,Glücksklee
1097,Great American Game Company
19058,Groneweg & Meintrup
18888,Humanus-Spiele
22475,I.C.C. Product
19057,J. Bünting & Co.
21147,Kaba
18586,Kasco Mills
18927,Klipps Kaffee
4464,Kultquartett
19083,Leipziger Kinderbuchverlag
18890,M. Dittert & Co
2501,Merrimack Publishing Corp.
17794,Multicolor
15713,ONKEL & ONKEL
6388,Review and Herald Publishing
18878,Richard Hauenstein
36245,"Sage, Sons & Co."
19084,SchneiderBuch
19060,Schüle-Hohenlohe
9808,St. Benno-Verlag GmbH
19045,St. Briktius
22403,Verlag Bing Werke AG
19043,Volkswagen/Audi
18876,Walter Flechsig
4822,Warren Built Rite Games
10468,Weltquartett
4196,David Moffat Enterprises
11226,Bagolyvár Kiadó
11565,Nakladatelství PRAGMA
37906,Foxtales Studios
4242,Alföldi Nyomda
8200,Triál
19241,Bell's
23419,C. Blumhardt & Cie
23074,HARIBO GmbH & Co.
315,Awesome Games
51115,Planet Fun
813,Card Sharks
110,Red Storm Entertainment
7818,Ferriot Cric
44841,Suomen Pelimiehet Oy
426,Ungame
3550,Child's Play (International) Ltd
21816,WeaselPants Productions
26735,GameZone Miniatures
33702,Fibonacci
49554,Millennium 2000 GmbH
15565,Aktiebolaget Grafisk Konst
10769,Sago-Konst
25376,Oneupmanship
50975,Imperial Toy
635,Klutz Press
29995,Walmart Inc.
14533,Gebr. Ludwigs oHG
8400,Homax
39939,Österreichische Post
17667,"Lucky Numbers, Inc."
31495,The Bombay Company
4952,Fair Trade
2231,Feldheim
17808,H&H Games
16831,Jersey Wood Enterprises Ltd.
25485,Kuemmerling
16714,Mainstreet Classic
25932,"Mischief, Inc."
16716,Mr. Man
17985,Toyrific
4916,Toysmith
1844,Troika
31496,Woodrich & Wells
309,Timbuk II
24882,BoardGameTravel.com
29484,GrubTon Games
9052,Smiths Crisps
17098,"CBS Broadcasting, Inc"
4362,Bluebird Toys
963,Vision Quest
48748,"Bandai España, S. A."
9106,Rubinstein
10448,Trends International
5799,AK Spiele Heimchen
28634,Atmosphere
11941,B & S Company
36833,Biserka
28632,Carls Stenders Kunstforlag
6038,Dalmau Carles Pla S.A.
18719,East Hull Press
7267,Edizioni Cicogna
11484,Gayplay
3300,Harett-Gilmar
21570,Hartwig & Vogel
2409,Heros
8528,I. P. C. Universal Corp.
11503,J. A. Endtersche Verlagsbuchhandlung
23165,J. Van Brunschot
6154,J.L.
36834,Jugoslovenska knjiga
3890,North-South Books
23991,Toytown Company
47805,Unger Spiele
11616,Verlag Paul Schwarz
9156,Volumétrix
50161,Ο.Β.Ε.Π.Κ.
11290,Brooke Bond / PG Tips
45868,Contender Entertainment Group
1797,Dorling Kindersley (DK)
21626,English and Scottish Joint Cooperative Wholesale Society
22360,First Great Western
24518,Fleetway Publications
17459,Flutter-Met
2769,Ford Motor Company Limited
24650,Förlaget Rebus
24806,Gift Wishes
23291,Greta Games
12213,Hazel Mill Toys Ltd
16970,Heinz
22431,Henbrandt Limited
23231,Johnson Brothers
2477,Joshua Morris Publishing
7845,Kardonia Ltd
23318,Lilley & Skinner Ltd
23098,Mini/BMW
23825,Missionsbuchhandlung Herrnhut
31858,Paperchase
22218,Peachy Products
7706,Robert Ross & Co.
21571,The Royal Academy of Arts
32997,Shamrock Gift Company
23467,The South Wales Electricity Board
11935,Squirrel Publishing
16907,The St. Michael's Juvenile Card Games
24005,Stena Line
23804,Willens
4295,Family Card Games
2224,Jewish Educational Toys
16991,Nadel & Sons Toy Corp.
17007,Wells Co.
2180,CO-5
15537,Nichols Novelty
358,Zod
30499,A. & G. Manufacturing Company
49887,Chun Yee Toy Factory
50798,Domino Vertriebs GmbH
18802,Kaysons Novelty Co.
24852,Kentheon Corporation
28644,Linde Nielsen
25446,LOS
16440,"Milomex, Ltd."
23069,Muskaan Toyz
2840,Ranger Steel
26237,Tiger
7156,Castle Classics
21628,Mani Industries Ltd
2774,Maple Toys
6418,Wing Tat Hang Kee Co. Ltd.
6561,Juguetes Ludik S.A.
41898,Wonderdice
6856,Geyper
16337,Frangelico
16338,New Seasons
2586,Wes-Twins
23154,Gegu Spielwaren GmbH
3046,K&K International
22390,Au-Vid Incorporated
9479,Vaba Maa
7091,American Toy Works
19036,Concorde Toy Company
22009,Defiance
12346,Drivabolagen AB
21237,Foster's Group
6907,Gold Medal Toy Co.
4704,Playtime House
10566,Walbert Toy Manufacturing Co.
29913,Wari
47597,Anker Play Products
30822,Bazoo Global
38238,Oblak
39001,AB Sandbergs Sportspel
10124,De Agostini
31010,Co Ma
22511,Empire Plastics Corporation
20903,Escho
35300,Gerla Plastik
32648,Hawkin's Bazaar
10489,Lubbers & Bell Mfg Co
49478,Montana
32677,Original Pussy
26662,Parris Manufacturing Company
5646,Pentangle
48859,relo
23580,S.A. Derwik
21036,"Sherms, Inc."
24212,Sterling Innovation
27231,Verlag Junge Welt
24613,VERO
30268,Real Fun Toys
17010,Bart Smit
8287,deSka
28876,Grafix Travel Games
7497,Randtoy
51084,.comdirect
9607,Adamigo
29026,Allgäuer Zeitung
16840,Altap
39723,AMMO Books
50764,Anko Spiele
30908,Art Keeping
2850,BBC Enterprises
49298,Belmonte
38244,Bendon
28020,Bentino GmbH
47043,Bible Games Central
7456,Big Box
15660,BIS Publishers
51006,BMG Ariola Merchandising
21282,Boehringer Ingelheim
22393,Bräuner Produktmanagement
10737,Brinquedos Toia
8582,Buena Vista Home Video
2991,"The Center for the Gifted Child, Inc."
18965,Chetart
25501,Classical Historian
46093,Cool Muses
36810,Dečje novine
10062,Depesche
9976,Deutsche Bundespost
15627,Deutsche Eisenbahn-Versicherungskasse (DEVK)
42785,Disney Theme Park Merchandise
51085,E.A. Seemann
22530,eBay
50959,ebos wonderful reminders
50792,Edm. Romberg & Sohn
8655,Faber-Castell
49277,Faithful Kids
50952,Falke Wolkenhopper
3701,Frank Schaffer
24824,Frankie & Benny's
21666,Fresh Artists
40254,Generalife
2504,Gosling Games
24823,Grammar Gamecards
43241,Granada Publishing Limited
48592,h.f.ullmann
14380,Hemmets Journal AB
49353,Hermann-Gmeiner-Fonds Deutschland e.V.
8132,Impact Photographics
1208,Insel Verlag
26231,Jacobsony
50653,juegos EDUCA
7858,Justizbehörde Hamburg
4991,K. Hjelm Förlag AB
49351,Kazi Studios
42232,Kew Gardens
8001,Kids Games Ltd
43318,Kronans Apotek
11225,Kustannus Oy Minnie
30337,Lagerhaus
50784,Manufactum
28547,Max Hamburgerrestauranger AB
23541,The Metropolitan Museum of Art
23355,"Ministerium für Umwelt, Raumordnung und Landwirtschaft"
4564,Missio
38858,Mission Nutrition
36903,Mudpuppy
4830,NASA
50960,Neukirchener Verlag
49299,Nix-Productions
48013,Off Toulon
9063,Otava
12003,Patmos
24250,Peter Hammer Verlag
7685,Play Time Promotions
30870,"Pomegranate Communications, Inc."
4211,Princeton Architectural Press
49845,Princip Game
4796,radio Bamberg
50953,Schülke & Mayr
50956,Smart Games
8257,Spektrum der Wissenschaft
50097,Spiel mal
30960,Spirit Marketing
30787,Stadt Eberswalde
2536,Taz
22615,TEDi
27725,Tourist Verlag
24633,Verein für Zahnhygiene e.V.
18999,Verlagshaus Braun
3724,Viacom International
31096,Bierregion-Franken.de
11345,Bluw
46735,Café Viereck
7574,Caja Duero
23006,Condor Flüge
23208,Copsis
22883,Edition Seestern
7270,Ehapa Verlag
19108,Energie-Verlag
22217,The Hero Construction Company
43047,HMA Creative
30679,Hochwasser Kompetenz Centrum
7555,Hrútabræður
23848,Investment Week
4236,Land Rover Group
22979,Märklin & Cie
1459,Mercedes Benz GmbH
23132,Playaday.Com
3563,Renault
4816,Revell
24740,RSPB
16734,Sörnsen Holzleisten
22688,Takko Fashion
24822,Ted Baker
25010,Thomae
24979,Volvo
21509,Aero Lloyd
11975,Aventis
29573,IMC Games
16833,Impag Toys Europe B.V.
4264,Loncraine Broxton & Partners Ltd
29796,Ottensten
21446,Pusser's
3028,Remy Martin
45185,Swing Ltd.
46032,Terra Toys
12865,Tiimari
12256,ZPH Elbar
21927,"Anti-Monopoly, Inc."
3060,Hanky Panky Toys
7374,Compass Labs Inc.
783,Crown Games
22186,Distribuzione Associata Giocattoli
42024,Everlite Travel Goods
2699,Executive Games
41256,F.J.T Inc.
40601,Games Hub
17717,Hershey
7438,John Deere
24041,The Kennedy Co.
21393,McCormick & Co
5874,National Game Company
21401,Quaker Oats
11946,Rico Industries
21411,Standard Oil
3189,The Traditional Games Co. Ltd.
21420,Wee Folks
13451,Global Toys AB
16845,Tomland
8468,Club Earth
45666,A.R.C.: Athol-Research Co.
5521,"Blue & Red Box, UK Ltd."
8421,Carreras Cigarette Cards
8561,ER Juguetes
22550,Highland Queen
50795,Kaufhof AG
22954,London Moulders Ltd.
16982,Norma AS
41861,PK Pohjoismaiden Paperikomppania
37716,Plasticum
22026,Reliable Toys
21605,VEB Prefo
43657,Waco
11456,Carlo Coriolani
22909,Christian Janicot
47965,Daniel Mercier Chocolatier & Créateur
11487,David Funck
47555,Dominioni Editore
9177,Epinal
22138,ERA Aux Fruits D'Orient
11483,Georg Nikolaus Renner
11236,H. Overton
24469,J Vlieger
22160,Jeu Jura
11459,Johann Raab
11458,Johann Trautner
11841,John Bowles & Son
4573,John Wallis
11457,Martin Fritz
10755,Oehmigke & Riemschneider
11764,R. H. Laurie
7806,Reader's Digest
11486,René Ackermann
16836,Ricon
11035,Robert Sayer
33668,Role of Honour Games
50664,Società Editrice Internazionale
41309,Société Générale Polishes
23714,Tietz und Pinthus
7655,Verlag G.N. Renner
24632,Verlag J. A. Steinkamp
16839,Zwan
2632,Chateau
17005,Cordinal industries
8451,"James Industries, Inc."
21375,John Dewar & Sons Ltd
19199,Joseph Huber
22755,Kikkado Design
47804,KO
24983,Lord Zigaretten
8197,O Schoenhut & Co. Inc.
16698,Plaza Mfg. Co.
50864,Printworks
18911,Rozelle
48304,Spółdzielnia Pracy im. Stanisława Dubois
2791,Sundry Products
8319,Kidconnection
31059,The American Belt Company
6522,BCF
38843,CBN Razor Company AB
33825,Exclusive Toy Corp.
21158,Gherzi
43410,House of Games
36436,Jouets Mont-Blanc
37419,Kaywood Corp.
48150,Marc Piqué Reg.
26719,Max Dähnert & Söhne
16812,Montitoys
2370,Pais e Filhos
9941,Stellar Games
22638,Vilpa
24421,Wilco Publishing
23181,Direco AB
10676,Köhler
4257,Pilot Plastics
16693,Rorks
6383,Universal Publications Ltd
22865,Vallbo
23731,Zodiac Toys
10814,Adolf Johnsons förlag
18931,Allan Rity
36575,Cutler & Saleeby
10933,EX-IMP Kft.
27874,Fætter BR
25771,Gerling & Rockstroh
26302,Graphische Kunstanstalt Robert Maiwald
50025,Guinness Exports Ltd
6442,Hamleys
2659,Hugo Gräfe Verlag
3945,"IPC Magazines, Inc."
36153,Koliopoulos
27317,F. Krick
3547,Leonardo
49063,Out Of The Blue KG
22073,Pari Mutuel Urbain
22179,Spes
7316,TR Crisp Graphics
25202,United Labels AG
22746,VEB Landesdruckerei Sachsen
7894,Blue Sky Inc.
8530,Algazarra
17043,Andrews & Blaine
22879,Antwerpsche Hypotheekkas
23398,Bizerba
21034,Brandstätter Group
23212,Cathay Pacific
23101,Dr. Herbert Schulze
18908,Ensslin & Laiblin
22723,Esslinger Verlag J. F. Schreiber GmbH
11495,Fan Games
22605,Frito-Lay
23702,Fritz Schulz Jun
22500,Garant Schoenmode
36422,Gramicus
21381,Green Giant Company
23433,H. Reichardt
18889,Hensel's Drei Glocken
23706,Holtz & Willemsen
18879,Homann Erzeugnisse
27276,Horizon Group USA
7338,J. CH. Mellinger Verlag
2569,Jeux FK
42175,Jogojoy
42237,Jogojoy
23228,John Dickinson & Co
19157,Josef Hohlweg Wien
4357,Lademann Forlagsaktieselskab
22644,LandesFeuerwehrVerband Bayern e.V.
29126,"Muppets, Inc."
23327,Nature Conservation
24580,Norisbank
27414,Porst-Spiel
22906,Salamander
3703,School Zone Publishing Company
19061,Sondertyp-Zigaretten
22279,Tampereen Paperikonttori Oy
49354,Verlag Rudolf Forkel
7668,Waldman
23732,Wild Party Games
19203,Zahnärztekammer Schleswig Holstein
13404,Zynga
45423,Aurimagic
7571,JAK
17829,Childswork Childsplay
24055,Inkstone Design
1933,McDonald's Corporation
24029,"Mel Mar Productions, Inc."
31447,Playmore Publishers
13304,"Simon Property Group, Inc."
27336,Strottman International
817,George & Company
37360,R&S Marketing
8182,Juegos Scala SA
17220,Amuze
48458,Cookie Jar Entertainment
32530,Habano-Trisma S.A.
24457,Humbert & Brandt GmbH
24563,Mountains China Co. Ltd.
42653,Sambro
32180,Edwards Dunlop And Company Limited
13292,"Epoch Co., Ltd."
36781,Inspiration tv network
28605,JinLiLai
48507,Kasco Industries
21926,Nýja leikfangagerðin
21784,Autogrill
27383,Children's Television Workshop
21780,La Poste
6327,School Specialty Publishing
3815,Carson-Dellosa Publishing
10952,Fabrica de Juguetes S.L. (Chicos)
4657,GeoLearning Corporation
16469,Huntar Co
25477,Ingham Day
31019,King Features Syndicate
5704,Lucy Hammett Games
25156,Popular Playthings
1721,Regal Games
3814,"TREND enterprises, Inc."
23587,Crown Puzzles
27174,Dr. Oetker
14248,GNOM
22547,Kala Raksha
6337,The Learning Journey
11592,London Drugs
23849,Odhams Press
11077,P. A. Huldbergs bokförlag
7971,Samuel Lowe Co.
25271,"Säuberlin & Pfeiffer Sa, Vevey"
3567,Sennepsfrøet
2758,Standard Publishing
10546,Valentine's Games
46235,VCP: Verband Christlicher Pfadfinderinnen und Pfadfinder (German Protestant coed Scouting and Guiding association)
33079,Alox Manufacturing Company
28983,"Giftco, Inc"
28533,John Millman
24497,Logoplay Holzspiele
22994,Screen Patch Co.
7028,Wales Game Systems
49985,Lelekan
16706,Castle Books
915,Pantheon Books
28837,Outland Entertainment
2648,Editoriale Scienza
2647,Variantes
42411,Blueprint Gaming Concepts
4217,Cavendish House
14454,Domini Sumus Verlag
4216,Exeter Books
1674,Knapp Press
8124,Prentice-Hall
3207,"Simon & Schuster, Inc."
19293,Convivium Publications
28379,シュレディンガーゲームズ (Schrodinger Games)
5128,Bellew & Higton Publishers Ltd. UK
5129,"Coward, McCann, & Geoghegan USA"
51049,Barco de Papel
6029,Chapters Inc.
41505,ecola: traditional games from around the world
25897,Fame Puzzles
27983,H. Roeskes
27241,Kemas
43316,Lebkuchen-Schmidt
48098,Museum für Deutsche Volkskunde Berlin
2675,N&W Spiele
33293,Parabel Verlag
50169,RAL-Spiele
1860,Spiele aus Regensburg
39311,Verlag Erich Klinghammer
6379,Voitto Pohjola Ky
47930,White Star
2546,D&R Games
2330,Playful Minds
32,Think Games
9880,M&P Distibutors
135,"Lance and Laser Models, Inc."
138,Those Darn Games!
158,Games with a Twist
287,Creative Therapeutics
180,Williemakit
2508,Geo Games
184,Red Oak Products
194,"Triple Threat, Inc."
197,Lolo Company Inc.
198,Game Geste
199,"Design Square, Singapore"
6518,BYE Enterprises
204,"Wordnik Games, Inc."
210,ENT Enterprises
9485,Big Battle Games
213,Camlyn Games
217,"Gather Around Games, Inc."
8921,REFO Verlag GmbH
226,"INPA TV Alternatives, Inc."
230,Pastime Games
9509,"Steffy Design, Inc."
240,Omshanti Limited
8105,Eternity Games
245,ZOKI Games Division
246,Contango Concepts
1382,Piranha Brothers
249,ProActive Games Inc.
651,Akadamie Olympia
7006,Holger Thiesen Spiele
1245,Schleef/Jacobsen
466,Pyramid Games Ltd.
3220,Leobener Spiele
255,Cookie Jar Caveman
293,Next Millennium Games
256,"Infinite Imagination, Inc."
260,Fun City Games
9830,McNair Games
263,Nuts Enterprises Inc.
2056,Freie Spiel
50066,Oxygame
273,Aaabcuz
277,Hexagon Games
2025,Regenbogen
281,Laughing Gravy Games
303,MetEx
1134,Rhino Studios
312,Brainy Toys Inc.
313,McGowan / Magwood
314,Entex Industries Inc.
325,Intergames
330,Thomson Bros.
332,J&D Games
8078,Frank Truelove
334,Pharao-Brettspiele
340,Nederlanden van 1845
341,Amro Bank
344,decor schnittger
346,Dakota Productions
350,Fyanes
3993,Krystoff International
353,"Elemental Designer Games, LLC"
355,ARTDECO Games
357,Games West
375,Idea Development Company (IDEVCO)
376,LA Producers' Partnership
381,Take One Games
387,Gibby Games
572,Spielteufel GmbH
394,Morning Star Games
399,Beyond Games
401,Coldicutt Games
15482,Fun Frag
410,Tropitech
1451,Camelot Hobbies Pte Ltd
427,1X1 Spiele
12068,Wild Men Publishing
26453,Arthur Sugarman
441,Maas Marketing Inc.
22339,Ronco
446,Adventure Retail Limited
447,Outside The Asylum Productions
448,Mulgara Products
449,Noraut
456,BaseballGuru.com
458,Orc Production Corp.
469,JDB Games
470,Gander Games Inc.
471,"Finger-Sports, Inc."
1080,KOOKIE Games
479,Metroplan
480,Handcrafted Games
481,FACT Games
1219,Campaign Game Company Inc.
487,Prism Leisure Corporation PLC
490,Oldenburg Grenadiers
492,Antfamco
494,PowerTechnics Game Co.
499,Giber I/S
501,Bamar Games
505,Grand Isle Games
2135,The Letres Company
3221,American Games
510,Weldon Productions
511,Professional Games
513,House of Ideas
9538,Kolony Industries Co.
532,Three Fates Gaming
8547,ShayGo Enterprises
534,J.C. Productions
541,Shaw Games
542,EdiGames
545,Blackbox
546,Global Chess International
547,Ral Partha Enterprises
557,Ellis & Company Publishing
6646,"Quadrogammon, LLC"
24974,New Dimension Games (I)
573,Caroli Spiel
577,FrontRunner Enterprises
578,MLP / Urban & Schwarzenberg
579,Entertaining Games
589,"Acronym Canada, Inc."
590,Cap Toys
591,Sly Games
599,"WaveLength Games, LLC"
600,Western Carlyle Concepts
602,Opoly Games n Things
611,Motiva
619,Destiny Games
3011,Society of Ancients
622,Addison-Wesley
625,Blaze Of Glory
629,Anglepen-Jones & Co.
632,JRL Innovations
636,Lamplight Games (I)
637,Stanley Gibbons
638,More Games
639,Dixon Games
642,Pyram
646,Unique Promotions
659,Financial Games Ltd
663,Databrowse Ltd
665,Helen of Toy
671,Orca Games Ltd
670,Quantum Games Ltd (I)
673,Severn Leisure
678,"Dimension Six, Inc."
679,Group Therapy Associates
680,Park Plastics
681,D&L Company
683,Questique Internationale
685,Bellew Publishing Co.
684,Harper & Row
687,Sheffield YMCA
4127,Triaktiv
695,Essex Game Co.
3111,OP8 State Ltd
705,ADAM Spielt OHG
708,Thomas Säckl Spiele
713,Frank Beat Keller
718,"Relationship Enrichment Systems, Inc."
719,Zoltan Bartok
721,H. Fries Spiele
722,Warmasters
724,Creative Mind Games
727,Parodice Games
729,"Wired Electronic Entertainment, Inc."
731,F. & R. Lockwood
8673,"Heritage Games, Inc."
733,Heritage Toy & Game Co. Ltd.
732,Trioview Ltd.
740,Centre of Prospective Projects
739,Polina
745,Virgin Games Inc.
748,Hain Bros.
753,Microcosm Games
756,S.O.B. of Montana
759,Two Giraffe
760,Blackout Editrice (Italy)
764,"Phadd-Tac, Inc."
767,Villa Games
769,Ars Ludi
773,Inauen Spiele
38072,C.R. Manufacturing Company
776,Die Spiele Agentur
781,Kaos Toys
785,SJB Products
795,Chaos Games Ltd.
801,Freeman-Hawkins Games
18464,Ashmolean Museum
802,Azar
808,Epta
810,Giocofollia
9929,Quality Games
816,Camelot
17552,Stars on Stripes Games Co. Inc.
6080,Ronin Arts
825,Prim-Ed Publishing
827,Grass Roots Games Inc
828,Tamara Toys
829,Earth Design Systems (EDS GAMES)
834,RAK Graphics
836,Eagle's Nest
837,Eastern Supply & Distribution
839,Rohrwood Enterprises
840,Uncle Rez
841,Deer Valley Game Company
851,Raccoon GameWorks
852,New Earth Games
853,"Urban Systems, Inc."
860,"Charles Games Concepts, Inc."
862,Captivation Corporation
863,The Jones Group
866,H. Alexander Estreicher Associates
867,"J.A.S.P., Inc."
870,T.L.C.
871,Century 21 Board Games
874,Bar Sinister Inc.
876,Strawberry Fayre
877,"What-cha-Ma-Call-It, Inc"
878,Games For the Mind
879,Artistically Inclined
880,Midnight Games
881,Wilcot Group
882,"Whiteoak Games, Ltd."
889,Ideas by Sears
5716,BoardGameDesign.com
892,Boingo Games
4349,MJS Creations
901,"TW2, Ltd"
906,Play Net Spieleverlag
907,Loki Games Ltd. (BG Publisher)
908,"Nuclear Escape, Inc."
910,"Plum Publishing, Inc."
911,Red Inc
5004,Gameplay Magazine
913,Envelope Games
916,Universal Distributors
919,Wegman Entertainment
921,Coyote Games
922,Leisure Three Enterprises
923,Line of Sight Games
925,Dirnea Inc
32428,Underground Games (III)
933,"Griffin Games, Inc."
941,Hot Jam Games
942,Pal Productions
943,"Kashanebo, Inc."
944,Inner City Games Designs
1273,Gregory Game Co.
946,"Ways With Words, Inc."
947,Merriment Incorporated
949,"Boyle & Elggren, Inc."
951,Baronage Press
15221,Pegasus Associates Limited
955,Kitchen Table Games
983,Sunrise Publishing
961,Blue Guidon Games
982,Gametesters
45967,Pandora Games
965,Black & White Diversities
966,Proper Enterprises
967,Teaching Concepts
968,Word Quest USA
977,Heathen Thorn Enterprises
978,HBOD Systems
979,Fun Da Mental Games (Tellurian International)
980,Schlup Games
981,Magic & Tactics Unlimited
984,T.J. GEAR CO.
4775,Borderline Games
986,Hidden Hills Productions
987,Holigames
990,SpielArten Ulf Siebert (SAUS)
995,Shinwa Corporation
997,Swedish Game Production
1000,Club Bleib Gesund Plus
10884,Continental
1002,Lichtwehr Pharma
1005,DIPCo
1006,"Corsair Publishing, LLC"
1008,Borderland Games
1012,Magefire Co.
25858,Spółdzielnia Rzemieślnicza Piaseczno
2737,"Third Millennia, Inc."
1016,Pro Ligno Spielewerkstatt
1021,Navigation Games Inc
2556,WildWords Game Company
1030,Innovention
1032,The Buntu Circus
1033,Ophiel Enterprise Inc.
1035,Starwood Enterprises
1036,Benco Boardgames
1037,Nyte Tyme Enterprises Incorporated
1039,Nucraft Toys
9475,Armchair Games
50776,"Gibson Distributors, Ltd."
1044,K-Tel International
1046,JM Games LLC
1047,"Word Origin, Inc."
1048,Gamemakers Limited
1051,Chatham Hill Games
1054,LJN Toys
1055,"Games for Industry, Inc."
9963,BSM Jeux
1056,Communications/Research/Machines/Inc.
1057,Action Puzzles
1058,Cahaba Productions
1062,Green Games (I)
1068,"Mr. Toad Products, Inc."
1069,"Rachat, Inc."
1071,AJE Enterprises
1072,Bear Swamp Productions
1278,J. J. Inc.
1073,JB Games
23891,SUL
1076,Golden Seal Press
40803,Nelwood Productions
1079,EarthRise Creations
1082,"Ellis and Company Publishing, Inc."
1084,D'Ice Inc.
1088,J.D. Quest
1090,Technicon Medical Information Systems Corporation
1091,"Hillbar Enterprises, Inc."
1096,"Turner Research, Ltd."
1098,Fox Valley Trails
1099,Lunch Table Inc.
1100,"World Book, Inc."
1101,Cummins Enterprises
1103,West Shore Games
1104,R3 Games
1105,Gamesman Inc
1106,Ludi-Storia
1108,Pentalpha Game Corporation
1109,Triumph Game Company
1110,Argon Games
1112,QuizViz INC.
1113,Jamie Swise
1116,Trail Map Games LLC
1117,Splash Games
1119,Mysteries by Vincent
1124,Warhorse Simulations
1127,UNGAR Games
1128,Ozmioz Games
1129,Kopptronix Co.
1131,Déclaration de Berne
2500,Mastro Geppetto
36998,Oxfam Wereldwinkels v.z.w.
1132,Proverbial Wisdom LLC
1133,Maplay Games Ltd.
1135,Mario Fischel Toys & Games
1136,PR Enterprises
1140,Earls of Esoterica
1143,IDEAlogists LLC
1147,"Just a Game, Inc."
1148,Better Games
1149,"Whitehall Games, Inc."
1151,The Triangle Partnership
1152,"Hauberk, Inc."
1153,Knepshield-Seelbrede
1154,L.J.S. Sales and Manufacturing Co.
1304,Lowell Toy Mfg.
1157,Little Soldier Games
1158,Ramco Games
1159,"Invisions, Inc."
1160,"Wine Diversions, LTD"
1165,Super Game Company
18476,Genesis Enterprises
6049,Otto Simon: Holland
1169,Iktomi (Canada)
1170,ESM Marketing Group
1172,Ka-Ray
1174,Masco Corporation
1175,"Applied Intuition, Inc."
1176,Buzza-Cardozo
1178,Northern Star Distribution Co.
38753,Missing Piece Press
1183,Random Games
1184,Mike Orchard Enterprises
1185,Tran Enterprises
1186,Fair and Square Games
1187,Mynd Games Inc.
1190,David C. Cook Publishing
1191,Herrin & Kramer
40155,Wexler and Sons
8706,Bright Child Toys
1193,Groovy Games
50098,Kanare_Abstract
1196,"Quest Boardgames, Ltd."
1198,Murder for Fun
1201,Crime Solver Party
1205,"Competitive Edge Enterprises, Inc."
1209,kröhnland-games
47479,Prise de tête
1212,Championship Rodeo Game Co.
1213,Entspire
1215,Imagination Sports
1216,"B. & R. Excursions, Inc."
1217,Perigames
1218,Hex-Meister Inc.
1221,Productions Mava Inc.
1225,Marken Corp.
3463,Confro Inc
1227,"Land-Sports, Inc."
23737,"PT Games, Inc."
1230,Hungry Owl
1231,Interactive VCR games
1232,Anolco Ireland Ltd.
1233,"Smiles, Inc."
1234,Doc Roc Enterprises
1989,Georgia Butters Cain
1237,Supremo Games
1238,A-O-A Big Games
1239,Henschel & Co.
1240,After8 Games
1246,Umberto Allemandi Editore
27135,Mind Power
1251,Cayla Games
1252,Bear Bear & Bear
1253,"Games In Motion, Inc."
1255,Weiner
1256,MicroTactix
1257,VIDOR games
25033,Giovani nel tempo
1265,Spinnaker
1269,www.mentaldisorder.com
1271,FCB & Associates
18519,Games Gazette
1272,"Antipalos Games, Inc."
1276,Osobo Games & Toys
1277,Technica Ltée.
1279,Cherry Street Games
1282,Westmoreland Products Inc.
1283,Charlotte Productions Limited
1284,ZenoGames
1285,Dawn Enterprises
1286,The Fowlplay Co. of Ark.
1287,RAFM
1290,Happy Hour Games
1295,In Games & Gifts
1296,Sub-Continent Inc.
1297,Bailiwick Enterprises
1298,Iceworm
1300,Riachuelo Games
1301,Good Ideas
1302,Changing Society Games
1303,Immersion Games
2673,Triotoys
1310,Nelson Games Ltd.
3266,Bettye-B
3186,Edward J Carter Games
44657,Spooky Tower Games
40376,Early-Robbins Co.
42594,Banco
3794,CreaTek
1321,Creative Communications & Research
7245,Noyes & Snow
1323,4th Law Ltd.
1324,Affluence Games Inc.
3411,Patrix Communications
1332,GamePlan Inc.
1335,Minute Sports
422,HC Jacoby Inc
3284,Wattson Games
1340,Dark Tower Enterprises
6086,Ifabex
1341,Interbero
3623,KLM
1343,Mc Grew
1344,Read Games
1346,Intermart
1347,"Nostalgia Lane, Inc."
1348,"Trivia, Inc."
46646,Linea GIG
1353,Lunasea
1354,Snap Judgment Games
1357,Century Publishing
1358,Turning the Tables Inc.
2534,KD-Spiele
1361,Archeologia
1362,Tri-Ascend
1364,The Perfect Game Company
1366,Arteeno Entertainment Company Ltd.
1367,Imagination Plus
1369,"AutoGraf Enterprises, Inc."
1372,Rebel Games
1373,Androids
1374,Minado
1377,Concept 2 Solution
1380,Vida Games
16864,Joker Production
25696,Augsburg Verkehrsgesellschaft
2983,Jeux & Stratégie
1385,Gruen Studios
1388,Namco Ltd.
1389,"Profitable Entertainment Products, Inc."
48927,THQ (dōjin circle)
1393,"JMG, Inc."
1395,Wildlife Games Inc
1399,Siemens Business Services
1400,Howie Productions
16060,Buck Rogers / Dille Family Trust
1402,American Greetings Corp.
6145,Malso Games
16732,Masilow
1404,J.R.S. Games Inc.
3806,Sadari
11663,Tenky
1406,Mediaworks
1409,PGI Limited
1414,For Players Inc.
1415,"Video Cassette Games, Inc."
1416,ZOIX Pty.Ltd.
1417,"EPYX, Inc."
1418,Anachromagique
1419,"kSERO Corporation, Inc."
1420,Tenth Muse Productions LLC
1422,"Universal Games, Inc."
9474,Tita's House of Games
1428,Wee Warriors
5618,20-Grit Games
6575,Jim Corn Games
4035,Ork Belly Games
2515,Tim's Games
1429,Hammerdog Games
1430,Octavia Games
23190,Mind Benders
1432,Richmar Incorporated
1434,Thomas Games
1436,"Cheetah of New York, Inc."
1437,S.A.R.A.
1438,Jesnet
1439,Broccoli
1440,NCS
1441,"Active Communications, Inc."
1442,Youentai
1443,Tomboy
1444,BNN
14778,Tenkafubu
1445,ASCII Corporation
1446,Hobby Shop Work
1447,Popii
1449,Pargolf Limited
1452,"The Marketing Resources Group, Inc."
1453,"Sports Concepts, LLC."
8663,"Amuse, Inc."
1454,Farook Inc.
47762,Panalpina
7242,Victory Games/Vemas
10783,Tekeiles Games
1460,Brookside Game Company
2754,Edutainment
1464,Buccaneer Games
1465,Atomic Hyrax Games
9504,Think Mint
1470,"Romherst, Inc."
1473,Finchetto Games Company
1474,"Pro Sports Action, Inc."
1476,"Cygnus Ventures, Inc."
1478,Townsend Croquet LTD
1480,AJA (Atelier des Jeux d'Agrément)
1481,C-Games
1483,Stargames
1484,Slade Games
1487,Foothill Game Co.
23497,Stratagame Enterprises
1491,Black Powder Games (BG Company)
1493,Pik VI Games
1494,Jennesee Forster
8664,Locus Games
1498,Harwell Associates
1504,Grand Toys
1505,Glasslite
1506,Infinity Games
1507,Monmouth Games
1508,"Two Guys Making Card Games, Inc."
1509,Manvers Games
1510,Walt Polzin Games
1516,M.F. Developments
1520,Harmony Games
1522,Leslie Games Ltd.
1523,Georgie Games
1524,"Anomaly Games, LLC"
1525,Rainy Day Designs
1527,HS-Spiele
1528,IDD Miniaturas
1529,Weber Games
1535,Gontza Games
1538,Lunagames
1539,SRK Creations Ltd
21910,Endurance Games Ltd.
1541,Blankgame
3393,Grenier Games
1542,Harlequin Miniatures
1543,Yutaka
1546,Lamark Games Inc.
1551,Road Block Ventures Inc.
1552,Romac Industries Inc.
1554,Jeureve
2451,"RandomLine, Inc."
1559,"Herbert Law, Inc"
1560,Aid Association for Lutherans
1561,"Seven Wonders Game Co., Inc."
17925,Strategic Studies Games
1564,"Liberty Games, Inc."
1567,Ponder Mason Games
9528,View-Master International Group
3088,Climax Corporation Sydney Australia
27882,Gemini Games (UK)
1572,Mind-Flex Games
3087,RR Fenton & Co Auckland New Zeland
1575,"Muscle Mass, Inc."
1577,AMT
1578,Giocologico
2776,Faro
1579,Thing-O
1580,Chuckle Games Company
1581,Tibbits International
1582,Hobbit Toys and Games
1584,West Coast Games
48734,Marcam International Ltd.
1585,College Hill Games
2348,Centurion Games
1587,"Jersey Devil Game Company, Inc."
1589,Gamevenings
1590,FNDI Limited Partnership
4197,Cleaver Games
1591,Games & Names
1595,Protel Games
1596,Paperback Games
1597,Game Horizons
2276,Team Frog Studios
1599,Computerspiele per Post (CSPP)
1600,"Familytime Products, Inc."
5253,Fontenelle
4172,Histo Games
1607,Pleasant Co.
1608,Independent Means
1609,Taxdodger Games
1610,Windbreaker Entertainment
1611,Springbok
1612,Multiplay Pty Ltd
8774,Stockmann Mfg. Co.
1615,Fantasy Factory (I)
1617,Fabrica Ludens
5648,William Maclean's Games
1624,"Polyglot, Inc."
1625,Bearhug Publications
1626,Pardine Inc.
1628,Ragnarok Enterprises
1631,"M Twelve Enterprises, Inc."
1630,Vengeance Games
1632,Balboa Game Company
1633,Training Technologies
1635,Future and Fantasy Games
5041,The Willem Company
1637,Harris Game Designs
1638,Jim Bumpas
1641,Destiny Press
1644,MythIntentions
1646,Legless Hangover
1648,Saikikaku
1650,Demand Spielverlag
1651,Courtland Playthings
1653,Ursine Engineering
1654,Carter Hall
1655,Miners' Mountain Inc.
1656,E&amp;M Games
1657,Naiad Corporation
1658,"Feature Games: Cedar Rapids, IA"
1659,Mullin Crafters
1660,MJC Inc.
1661,MPT Enterprises Inc.
1662,Three C's Enterprises
1663,Ronstan
1664,See-Queue Development Corporation
1666,Gatti Industries
1667,West Publishing Company
1668,Don Scott Associates
1669,Lustron Inc.
1671,Sue You Company
14458,argos press
15726,BCA: Book Club Associates
5815,H. Proost & Cie
7238,Michael Joseph Ltd
1672,Reed Books
6840,A & C Black
1673,Macmillan Publishing
1675,Soaring
1676,Playcare
1677,The Nature Company
1678,Secobra
1680,FanTac
1681,Yun Games
1683,Dorwin Associates Inc.
1684,AWV Publishing
1685,Abracadabra Games Ltd
1686,Island Games
1689,Scott Marshall Inventions Inc.
1691,Odd Man Out Studios
1693,Astro-leg
1694,"Aero Products Research, Inc."
12147,"Mamanaca, Inc."
1696,Oliron Games Limited
1697,SCNA Corp.
1698,Edu-Game Enterprises
1699,Goin' Hollywood Inc
1701,World's Greatest Games
1702,Krieg-Brand Products
1703,PlayJoy Products
1706,"McJay Game Company, Inc."
1708,Games To Remember
1710,Kevingston Games
1711,Synergy Games
8345,Juegos Hexagono
10400,Davans Puzzles
8776,"Squirrelly Girls, Inc."
1713,Korax Corporation
1717,"Nimrod Game Development, Ltd."
1718,Uncontrollable Dungeon Master
1720,Eichborn
23061,Hurlbat
1724,Electronic Data Controls Corporation
1725,Braintrust Games
1727,Cabajou International
1728,Impact Communications / Promotional Laboratories
1729,SDM Inc.
1730,Miller Quarles Company
1732,"Mabuhay Educational Center, Inc."
1733,W&B Verlag
2811,Hexagames (II)
26125,Economy Enterprises
1735,The Omicron Games Company
10111,Paranoia Press
1740,Brainless games
1741,Roadshow Entertainment P/L
1742,Scholar Venture Games
1743,"Rimberry Limited, U.K."
1747,"Darhoff, Inc."
1750,Mel Weiss Enterprises
1751,"Games Unlimited, Inc."
1757,James Upton Ltd.
1756,Triangle Technologies Ltd.
1759,"Play Twice, Ltd."
1760,Tango Books
1761,Juegos Mate
1763,"Dream Factory Publishing, Inc."
1767,Darkforge
1769,Uneecord Company
1770,Siebenstein Spiele
1773,Samico
1777,"J. T West Medias, Inc"
1778,Amherst Game Company
1779,Championship Games
1780,Euroknow
1783,Taurus Creations Inc.
1784,Jeux Robert Laffont
1786,Morey &amp; Nealy
1787,American Machine & Foundry Company (AMF)
1788,Sunray DX
1789,"Dunning, Ltd."
1791,Transco
1793,Underwater Ventures
1794,Ideal Ideas Co.
1796,Lange Games
1798,WHAM-O
1799,MTV Networks
23153,"Sales Marketing, Inc."
1802,Walsh Games
1804,"Right Angle, Inc."
1805,Robert Bosch GmbH
1806,Nuclear Armageddon
1807,M.E.K. GAMES
1809,A M Games
1810,Jeseret Games
1812,Heritage Products Ltd
5181,Strato-Various Products
1816,Mitchell Games
1817,Poet And Didn't Know It Co.
1819,Mazeforge
1820,Devil's Den
1821,Tee Off Games Inc.
1823,Sum-It Card Game Ltd
1824,Goblintooth Enterprises
1826,Judges Guild
1827,Langton Miniatures
44658,The Art of War
15766,Falcon Games (II)
1899,McEwan Miniatures
1829,International Gamers Association
43244,WAW Publications
1830,R W Associates
1832,Tara
9288,"Maxtrax, Inc."
1837,"Literary Games, Inc."
1838,Gamecraft
9559,Kidz & Kitz
31420,Esperanto Antaŭen
1841,Cydot Products
16036,BrandCentric Games
1848,Laf Enterprises
1851,PlastWood
49044,Rychin Micro-Ordnance
1855,Computer Graphics
1858,Reality Games
5162,Pöppel-Revue
23926,Funtex
1861,Monash Games
1862,"B. J. Dunn, Inc."
5492,Birmingham Games Ltd.
1864,Mezco
1865,Momentum(4)Fun Inc.
40536,Wired Games Inc.
26446,Calico Games (II)
1871,California Institute of Technology
1870,N.A.S.A. Jet Propulsion Laboratory
1872,Side Saddle LLC
1873,Hillmanette
1874,Club
5062,TFL Spellen
1875,NOVIB
1878,Knots
1879,Novecento GeC
1880,Pearly Gate Enterprises
41618,Phil Jones
1881,PIP Productions
1882,Seventh Street Games
1886,Challenge Games
1887,Aeronaut
1890,Wilkins & Associates
1892,Adam Games
1893,Faultline Studios
1894,Quasar Ent.
1895,Cargo Wars Inc.
6166,The Quartermaster
1903,Digamma Edizioni
25752,St. Marks Centre Ltd.
1914,Universal Editrice
4243,Martin Designs
1907,Sunshine Daydream Enterprises
1908,LifeStories
1911,Italian Air Force Ministry
1913,Adusbef
1912,Codacons
1915,Martin &amp; Martin
1916,"Dash, Inc."
1919,CoMotion Games
14271,Isaiah 54
1920,Commonwealth Games
1921,Sarpe
1923,German Boardgame Company
1926,McMets Inc.
1927,Verlag Zeitenwende
11346,BFM
10410,Liberty Distribution International Ltd
1929,Gameforms
1930,Wild West Productions
1931,Second Banana Productions
1932,"Scripture Press Publications, Inc."
45591,Hugo Steinitz Verlag
1936,Elmar-Spiele
1937,Go Anywhere Games
1938,Ikron
1939,R. D. Retort Enterprises
1942,JAC Productions
1941,"Pantomike, INC."
1945,RSS (Rising Sun Simulations)
1947,"ReelGenius, LLC"
1949,Adrenaline
1950,Archive Miniatures & Game Systems
11523,Virtual Games Ltd.
1952,Alexis Productions
1953,Tyranny Games
1955,Karmel Games
2119,Itemation Inc.
1965,Red3 Games
1966,"Pipedream Products, Inc."
1968,Öko-Spiele
1969,Beson
1970,LISA
1971,"49th West Games, Inc."
1973,Goblins Lair
1975,Chariot Victor Publishing
1976,"The Game Gang, Inc."
1977,Storeplay
3569,Shepherd Brothers
1978,Bazal
1981,US Films
3910,Living and Learning
2565,Mediamobsters
1987,P.Q. Games
1993,Tellus Games
1994,NEPPAGames
1995,Glory Games
1996,The Games Journal
1998,Hermes Spiele
11184,Jojo-Spiele
4310,Westinghouse
2001,Spellcraft Corporation
2004,Swingo Spiele
2005,Des-Kom
2006,Agnus
2007,Neuland
2009,"Don Lowry Enterprises, INC."
2013,Bumerang
2014,Moritz Egetmeyer Verlag
2015,Aqua Ludens
2017,Werksiedlung Kandern
2020,Pseudon Productions
2021,555 games
2023,G-Spot Games
2026,Enjoyable Hour Products
2030,Jigsaw Toy Factory
2034,Tega
2035,Cotmer Productions
2037,The Great Canadian Game Company
2038,The Shirt Game Company
2039,Experimental Wargames Team
3651,Team Games
2040,Inventions Trivia
17649,Wasn't That A Party Inc
2043,Papel Creation
2044,Agricola Co.
2046,Crownvision Inc.
2047,Wildstorm Productions
10407,Strategy First Inc.
2051,Zentropa Interaction ApS
2052,Sandseifesoda
8731,Britton Enterprises
2053,Image Games
2061,Enchantment Games
2064,"Geospace Products Co., Inc."
2065,Rip Off Press
2066,"Family Time, Inc."
8126,"Top Orient Ent. Co., Ltd."
2067,Spiel-o-Lution
2131,"John Scarne Games, Inc."
22843,"Musto Bros., Inc."
11221,Wolfgang Mann Verlag
2072,Robor Games
2073,Carper Games
2076,plus entertainment
2077,Caliber Game Systems
2078,"Gamelords, Ltd."
2080,SPORT-SPIELE H. F.
26626,Franz Weigl
2083,AR-E-TEE
7411,"Folio Works, LTD."
2085,Southern Minnesota Gaming Society
2088,Adams and Clarke
2089,StarLance Publications
2092,Fifth Column Games (I)
2093,BradyGAMES
2094,"Cedar Fort, Inc."
2095,SAGA Publishing
2101,Albatros
2102,Chippopotamus Games
2104,Timco Games
2106,Teamwork Entertainment
2115,DRSG
2109,Spence & Gabel Games
2110,WDR Koeln
2111,American Symbolic Corporation
6385,L'Astuce
10994,Avantgarde-Spiele
2114,Onoma Productions
2116,Armando Curcio Editore
2117,Ford-Werke AG Germany
26673,Imperial Games (II)
2130,A Work of Art Productions
17599,Abwehr Publications
44454,The History of Wargaming Project
4297,Baccus 6mm Ltd.
2121,Heroics & Ros Figures
37213,Michan Enterprises
2122,Jitterbug Games
2123,M.O.D. Games (UK Publisher)
2124,Canameri
2126,Dodo Publications
2127,Alphascript
2128,Strategic Games Publications
2129,Gavin Brackenridge & Co.
2132,Michael Glenn Productions
7412,Our Town Trivia
7167,Yakima Jaycees
2134,Elephant Games (Boardgames)
37377,"Golden Industries, LLC"
2136,Leisure Life
2137,Milco
2138,Leisure Dynamics
2139,Mambi Games Limited
3601,Capex Company
2143,GUT
2144,CONI
2145,UNAPROA
2149,C. UnS. A.: Cooperativa Un Sacco Alternativa
2150,"Discere, LTD."
2151,Jesters Inc.
2152,The Loan Co.
2154,Propel Inc.
2156,Imarc Games Corporation
2158,Tatnic Enterprises Inc.
2159,Creative Computing
2160,Sound Principles
2161,"Tyndale House Publishers, Inc."
2162,"Arizona Trivia, Inc."
2163,Kirkland Game Co.
8241,L.L. Bean
9389,Land's End
32740,Just Toys New York
2170,"Lion-Bees, Inc."
2171,HEADROOM
2172,Vanguard Games
2174,Macdonald & Co
2175,Men in Cheese
2641,The Board Game Company
28480,Serholt Läromedel
5767,"Entertainment Production House, Inc."
2177,Trivia Games Inc.
2181,Magic Wand Corp.
2184,D.B.A.D. Group Inc.
2185,Sarasota Games
2186,"Texas Trivia, Inc."
2187,"Confederates, Cavalry, & Cannister"
7507,Happy Valley Publishers
2189,Market Force
10780,Benchmark Enterprises Ltd.
2190,"All-In-The-Cards Football, Inc."
2192,Marchon
2193,Jeux Inspiro
2194,Six Sided Simulations
2195,Cosmos Games
2196,Study Craft
2198,Southern Games Company
2199,Blue Dolphin Trading Co.
3187,"ADCO International, Inc."
2200,Porter Planet-3 Games
2201,"Polynesian Cards, Inc."
2204,Quinto Game Company
2205,Hovis & MacLennan Games Inc.
2206,Instruct Inc.
2207,Orange Alps Inc.
2209,Intromark Games
2210,Innovex
2211,General Foods
2212,Little Genie Productions
2213,McGraw-Hill Inc.
2215,"Dakara, Inc."
7285,Games Galore Ltd
30886,Toy:Lobster
30675,Viozach
2216,Marino Games
2217,Mountainman Enterprises
2218,Son of Martin Inc.
2219,"Henco, Inc"
2220,Tri Prom International
2221,Derwin Playing Cards
4989,Semic
2225,"Partier's Pursuit, Inc."
2227,"The Branch Office, Inc."
2228,Alden Games
2229,"El Ricco, Inc."
2230,Markham Designs
2232,"Sibilatrix, Inc."
2235,Creative Crusade Ltd
3086,Alea iacta est
3085,Aleken Games
27817,Prima Toys
8077,Contemporary Designs
2238,Cuna Mutual Insurance Society
42482,Atara Pub
2240,"Telephone Traditions of America, Inc."
2241,Kelly Productions
2243,Trivial Development Corp.
2244,Trivia-Sense Inc.
2242,Axlon
2245,"Solodar, Inc."
2246,Revelations
2247,Armchair General magazine
2249,"M-K Enterprises, Inc."
2250,"The Warden, Inc."
2251,P.M. Games
7522,Sunbow
33691,Kelley-Lund Game Company
2252,New York City Metromania Inc.
2254,"LaForest Products, Inc."
46414,Games by Gord!
2260,Abezel International Ltd.
2261,Saskatchewan Internet News Ltd.
2262,"Superior Models, Inc."
2264,Lucky Shot Games
2265,Legacy Games (Board Game Co)
2266,Donahue Brothers Productions
2268,Varioplay
2269,Brand X Games Factory
2270,"Progressive Games, Inc."
2271,Texas Instruments
2272,Amherst Lodge Games
2275,Collision Entertainment Design
2277,Atomic Sock Monkey Press
2278,Seraphim Guard
2279,Darn Fun Games
2280,Zima
2281,Northwestern Memorial Hospital
2282,Koeller Products
18540,Triangle Publications
2285,Gamewich
5747,Mondo Spiele
2288,Infinite Wonders
2289,Powder Mill Games
2290,Stack Publishing
6519,Tongue-in-Cheek Productions
2291,Aardvark-Vanahiem
2293,Future Combat Simulations
2294,Easter Unlimited
6516,Asten Games
2295,Wolfhound Games
2296,Grace Toys
2297,Opoly Enterprises
2298,Arjeu
2517,Ludonirique
2299,Lawson Falle Decor Products
2300,Eulenspiegel
4198,ArmourSoft
2301,Vemas
5106,Bon Bon Buddies
2302,Lusio Games
2304,Leicester Micromodels Ltd.
2305,"Atech Enterprises, Inc."
2306,Panzerfaust Publications
2307,Arlington Printers
2310,Sharkgame Inc.
2313,"The Games Guild, Inc."
2314,F.C. Weber
2315,First Quench
2317,Toys & Games Limited
22192,T.A.F. Sports Games Ltd.
2318,WP Sports Games Limited
2319,The CHOISS Game Corporation
2320,Noetic Pastimes Limited
2322,Saracad Marketing Ltd.
2324,J. Dring Ltd.
2325,Stardeck Games
2326,Mecenes Inc.
2327,Games of Addiction
2329,Redfern Trading Ltd
11101,Schauroth & Lorenz
2349,Îlot 307
2333,Hardale Game Co.
2335,"All About Town, Inc."
2338,3 Star Entertainment
2336,ABC Sports
2337,Mindscape Games
7049,Packard Technologies
2342,Délires
2343,The Ackland Art Museum
2344,Mrs. Brisby Ltd.
2346,Triangol Strategy
7897,Rößner-Spiel
34551,Harrison-Blain of N.J.
2350,Sonata Artefatos Plásticos
2353,TST-Enterprises
5633,Rebel Minis
2361,TV Board Games Ltd
2362,Wright-Mudge Enterprises
2363,Domark
7688,Championship Products & Games Ltd.
2364,"Racing Games Ltd., UK"
2369,"Alternate Reality Games, LLC"
2373,The Mindz Company
2374,Cambridge Silent Artists
2375,Kibernetics
2376,Ruphus & Ramses
2377,Haggle Ltd
37023,Toplay
28119,RIAL
2381,Active Minds
6867,OH Verlag
2386,Seattle Shuffle
2387,Sonnenblau
2388,Abbe Toys
2390,Ersatz Games
2392,"New York Game Factory, LLC"
2393,Rcrterry
2395,"Allan Christie (Auckland), Ltd."
2397,Dee Hayes Enterprises
2398,BVG (Best Value Games)
5393,Fiori Verdi
2402,Hamster Press
30667,PDQ Software Inc
7433,"ADventure Games, Inc."
2404,Fanurios Giocattoli
9184,Acme Gamewerks
3065,"The Future Players, Inc."
2410,Ico
2411,Décor Note
3031,Swedish Marketing and Trading AB
2413,Topits Mfg
2414,Neil Lawrence & Associates
2415,Albisbrunn Spielwaren
2416,Bino
2418,Nienhuis
2417,Toys for Life
2419,Wonderworld
2420,Leister Game Company
2421,xrx intelligent systems limited
2422,Metatron International Inc.
2423,Gammazon Publishing
2424,Riksluftsskyddsförbundet
2427,Telar Games
14487,ZByte Games
2434,Wanderer Books
2435,Silly Space Corporation
2436,FUNaddicts Games
2437,Renroc Inc.
45048,"Exclusive Toy Products, Inc."
2441,Kapcar Productions
2446,Gabba Games
2447,Joachim Zischke | terra authentica
2450,Gamecraft Ltd.
8665,GDB Game Concepts
2453,Dispatch Productions
2455,Otero Games
3566,Downey Games
2457,Time Travel Games
2459,"Janecor, Inc."
2461,"L. M. Rdeux Innovations, Inc."
2462,Bongers
3281,Art Fair
2463,Carlson-Guenzani Systems
2464,Alif
2467,C. W. Heileg
2468,Swastika Card Co.
4646,"Günther & Co., Dresden"
2470,Octogo Games Limited
2471,Busted LLC
2472,Franklin Learning Systems
2473,Rol-umm Enterprises Inc
23769,ArsEdition
16712,Edizioni Il Punto d'Incontro
2474,Stewart Tabori & Chang
2475,BMF Inc
2478,Tormont
2479,Rogers and Cauthen Inc.
2480,Schenone Specialty Foods
2481,Matscot
2482,"Ediciones Pléyades, S.A."
2483,The Borealis Boardgame Company
2484,The Hudson Brothers Publishing Company
2485,Ennerdale Enterprises Ltd
3154,Attack Wargaming Association
2490,Beach Games
2489,Kalivas Co.
2491,Holly Publishing Co.
2493,Technical Ventures Co.
2494,Purple Pebble Games
2498,Ultimo Avamposto
2499,Crowhurst Games
2503,E.C.S. Games
2505,Pic Toys Ltd. U.K.
2509,S. Hirzel Verlag
2510,Wienand
2545,"Lords, Lands, and Legends, Inc."
2511,Trikade
3076,Aktuell-Spiele-Verlag
2512,Alpha Games International
2513,Skrunk Games
2514,"Mr. Bigshot, Inc."
7563,AHA Spielezeitung
2516,Grendel Spiele
2519,"Lith-o-Ware Products, Inc"
2520,Fractal Dimensions
6669,Play Art
2522,Ja-Mar Enterprises
2523,Magellanica
2524,Ökotopia
2525,Skill Games
2526,Paz Enterprises
2527,Tactical Templates
2529,"Crawford Productions, Inc."
2530,The Paper Lizard Creative Corporation
2531,Alabe Products
4970,Les Jeux Noël Montbrison
2533,DMC Productions
15725,Sports Replay Games
40581,Conflict Simulations LLC
2539,Trade Wind Industries
2540,Abalone Press
22594,LunarBistro
2541,Monarch Publishers
2542,"Hot Pants Products, Inc."
2543,"Creative Games, Inc."
2544,Howling Falcon
2548,Argyle House
14915,G. N. Raymond
2550,Port Kar Industries
2553,City Pro Game
2554,The Montgomery Schoolhouse Co.
2555,Kryptyx Entertainment
2557,Olmar Games
2558,High Consciousness Games
42911,Bradlee Publishing Co.
2559,Montminy Games
2535,Wizard Games
5859,Ediciones Efimeras
2561,"WINERD ENTERTAINMENT, LLC"
2562,Design Science Toys
5355,House-of-Chung Enterprises
2563,"Nordmark Enterprises, Inc."
2566,DHL Airways Inc.
2568,Toogood & Jones Ltd
2570,Helene Concept
2571,Dilson LLC
2572,"KTO Inteleisure, Inc."
2575,"Quads, Inc."
2576,Troubador Press
2577,British Heritage Ltd.
11860,J. A. Crozier
2578,Pen Man
9232,Independent Television Corporation
2579,Educational Material Associates (EMA)
3898,Eng's IQ Co. Ltd
2580,I.Q. Company
2582,The Bingo Game Group
2583,Viking Games
2584,Premier
2588,Gamer Discount Club
2589,The Web Game
2591,Granger Feres Ltd.
22998,Roy-Toy Company
7018,"Going Crazy, Inc."
2592,Topper Toys
2593,Birdcage Books
2595,Wizard Promotions
2597,Jedco
2800,Gerney Games
2598,Tau-10 Games
10955,The Game Lab
2599,Command Perspectives
2600,National Military Tactics Co.
2603,Rosebud Art Co.
2605,Círculo de Leitores
2606,Publica/Hergé
2607,Hurtubise HMH Ltée
2725,Elle Di Ci
2608,FingerHockey Inc.
2609,S&S Worldwide Inc
2610,Smiling Heart Game Co.
2611,"Diplomat Sales Co., Inc."
2613,"Oxford St. Board Games, LLC"
2614,"Marban Industries, Inc."
6615,"American Girl Publishing, Inc."
2616,KaVo
2617,"SWS, LLP"
2618,ACT Games
2619,Bison
2622,Productions Daniel Jasmin
2602,Intriguing Games
2624,Spirit Games
2626,F.A. Wright Co.
2630,Musinsky
8732,NASA/JPL/Caltech
5017,"Paladin Publishing, Southampton, England"
2633,Play Bac
2634,Sportsfan
2694,"SUBWAY Games International, Inc."
2637,G.E.MI Grandi Edizioni Milanesi
2638,Mc Images Plus
2884,McWiz Games
2639,Wavetronix
2640,Bullara Enterprises
2642,Tesla distribuzione
10142,Fishin' Fools Inc.
2644,ORVIS
2645,Lunker Fishing Games Inc
2649,"Enlighten Games, Inc."
2650,Jems Enterprises
2651,Ludus
2653,Red Dragon Games
2655,2020 Associates
2656,Right in Colorado
2658,Musicbuff Inc.
2661,Joy Club
2662,J. R. Perri Corp.
2665,Patrick Stephens Limited
2666,Campus Martius
3351,Knopf
2668,Ram Innovations
8289,The (Virtual) Armchair General
7959,Eigenverlag Panning
2671,Bockhorner Spiele Verlag
2674,Spiele Komplott
3933,TLI Games
2677,Kid Capital
2678,Cabela Industries
2679,Leevites Incorporated
2680,Powage Press
2681,Design Games
2683,Billivan Games Ltd
2685,Froggone Games
2686,Lurch Enterprises
2687,Exclusive Playing Card Company
2688,Buck Productions
2689,Politico Games
2690,Propaganda Publishing
2692,Adversary Inc.
2693,Dinner Games
22162,Mecca Jeux
2695,The Dock Box Ltd.
11932,R.O.Keltner
2697,GrayMatter Games
2700,Jodie Press
2702,Intelli-Kid
2705,FunDynamix Corp.
2706,"RMark Games Company, Inc"
2707,The Board Room
2708,Funspin
2709,Bluffers Beware Ltd.
2710,Columbia Daily Spectator
2765,Productions Harmonie des sphères
2714,Henry Games
2715,AbleKane
2716,Logika
2718,ITI Plastics
2717,Lexidata
2719,Package Creators
2720,Beachcraft Games
2722,Planet-3 Games
2723,Zondine Game Co.
2724,Demonblade
2728,Lodestone Games
2729,Hootie Enterprises LLC
2731,Amazon Miniatures
2732,"Babelation, Inc."
2734,Game Room Productions
2733,Viking Game Distributing
3387,Cipangu Game Co.
2735,Heise Games
2736,Tom Wham
2739,Bible Games Co.
2740,Skybox
2741,"NON, Ltd."
2810,"Far-Out! Games, Inc"
2743,"Gamepeace, LLC"
2750,Testors
2751,Jeux GAO
2752,Ulmann Editions
2753,Creanet
5895,NVP Games
17694,Geografacts
34417,Metal Express
21330,Funfair Games
2759,B.E.S.T Games International Ltd.
2760,J&H Game Designs Corporation
2762,Frederick Warne
2763,Laycee Games Inc.
2766,Telstar Video Entertainement
2767,Kansas State University
2768,Green Flag Racing Games
18052,Glenhope
2771,Munro Games Ltd.
42260,Juval
2773,HAWC Programming
2779,Teaching Aids Co.
2780,Crown Enterprises
2781,Rhema Re-Creation Ltd.
2782,323 Studio
2783,Puissance Mondiale
2784,Roberto Marchionni Editore
2785,North Shore Press
2786,WRDZ Inc.
2789,Bright Brains
3199,Norbert Dinter
9186,"Chekit, Inc."
2794,Valgames
2795,"GasFinders, Inc."
2796,Johnny Goodsport Enterprises
2797,"TableSports, Inc."
2798,Baseball Sim Research
2799,Taylor Marketing
2801,Tri-Valley Games
9539,Baseball Classics
2802,Baseball Dreams
2803,IT3 Group
2804,Kepler Press
2805,Ginasta Corporation of America
2806,Pace Game Company
8325,John Curry
2807,Lake Shore Press
4056,Z&M Publishing Enterprises
5477,Horatio Verlag
2808,Einheitsformblatt-Verlag München
2813,TFP Games
2814,Helmut Kimpel Games
4010,Tomorrow's Games by Rollis
11141,Ludate
2815,Chant Consulting Limited
27323,Sports-Link Ltd
2817,"Creative CAD Consultants, Inc"
2819,Public Images #1
2820,"Diversified Ventures, Inc."
3580,Standard Toykraft
2822,Low Voltage Games Inc.
2823,"H.L. ""Herb"" Strausburg & Associates"
10717,The Great Games Company
2828,Wow Enterprises Ltd.
2829,"Acronymwits, Inc."
2834,"Systems, Inc."
2835,Negamco
2836,Daily Enterprises
2837,Earth Educators
2838,Pro Table Games
2839,Kitami Enterprises
16972,T Storey
2841,"Barton Cotton, Inc."
2842,Murray-Way Games Co.
11596,Happy World
5802,Penbourne Ltd.
2849,Super Duper Publications
2851,Training Packages Ltd
2854,Bright Ideas
5329,TAC Publications
2856,Stax Sport Games
2858,Jeux Fleury Sports Engr.
2859,Main Street Toy Co.
2860,Outpost Hobbies
2863,Character Cut-Out Company Ltd
2865,Cavity Crasher Creations
2866,Electric Game Co.
2867,Beck Designs
2868,Wichita Game Co.
2870,JWW Corp.
2871,BOBBAL
2872,Boss Man Game
2873,Mid-America Marketing
4566,Clubhouse Games
2874,Mickey Games
2875,Homecourt Games
2876,Big League Company
8053,Bob Fray Sports Games
2877,Ultimate Game Company
2878,Avon
2879,"Game Creations, Inc."
2881,"Happy Hour, Inc."
2882,Currie Design Inc
2887,McSuffus
2889,Stops Games
27491,Griffin Games (I)
29957,Alliance Game Distributors
29808,Bergmann & Co.
26591,Schmidt & Römer
2892,Boardsilly  Games Company
2893,Spartan International
2894,K.C.A. Games
2895,Locution Enterprises
2897,WizerGames
2900,DS Games
2902,Triken Games
2903,Private Coterie Game
2905,"Patriot Challenge, Inc."
2908,Hero Games
2909,Gomi Designs
2945,John E. Burleson Manufacturer
2911,"H&H Global, Inc."
2912,CommonGame
2914,Pegamoose Games
2915,Genesis Games
2916,Tucann Games
24885,Clark Publishing
2917,Mister B Industries
2918,Club Aluminum
2920,Saxon Games
2921,"Jga Enterprises, Inc."
2923,JTM eServices
2925,Emperors Choice Games
2928,Mikrofun
2929,Brent Howard Games Pty. Ltd
2930,R&R Strategy Games
2932,Surge Investments
2934,Sports Games Company
2935,"Clutch Games, Inc"
24647,Maine-ly
2936,Alternate Visions Unltd.
2938,"Horizon Marketing, Inc."
2939,"Games, Etc."
2940,John Bull
2941,Good Move Games
4728,Blue Devil Games
22555,"Field Educational Enterprises of Australia, Sydney, NSW"
2948,Learning Horizons
2950,Jubilee Enterprises Ltd.
2951,U.P.E.A./B.V.V.O.
22314,MVP Sportscards
2957,The R/L Group
2959,Exhibit A
2960,Horton Enterprises
2963,"Yin, Yang, & Bob Games"
3892,Corey Game Co.
2966,Roland
2967,Smart Cookie Games
2968,Wawa
2969,Musser Film Partners
2970,Göta Spel
21701,Allers förlag AB
2974,Varsity Industries
2975,Starboard Tack Press
9521,Backos Games
2976,Postmortem Studios
2977,RAM GAMES
8775,Spidermeeyambit Entertainment
2978,CPC
2979,"Baggit, Inc."
2980,"Sensitivity Games, Inc."
2981,Scienza & Vita
23890,PR-tuote
2982,Uusi Kivipaino Oy Artko
2984,Bro! Novelties
2985,"Idea Team, Inc."
2986,Italiana Editrice Simulazioni: I.E.S.
2358,Naval Warfare Simulations
2987,Mystic Merlin
2988,Total Fighting Power Games
22200,R.J.M. Exports
2989,Speranta
2990,Renegade Mage
2992,Friends Across The Border Inc.
2995,American Historical Games
2996,"West Dakota, Ltd."
2998,Daisy Reel Productions Inc.
2997,The Reel to Reel Picture Show Ltd.
3000,"JOPCO, Inc."
3004,Reidie Enterprises
3005,MARS Sports Products
3817,Par Fore Games Inc.
3006,R-Mark Games
3007,Parlour Masters
3009,IIE Games Corporation
3010,Games Talk
3015,R.J.E. Enterprises
3017,Beyond Board Games
3018,Tema Fritid & Lek AB
3020,Eductional Research Council of America
3019,Houghton Mifflin Company
3021,"Wargames, Inc."
11602,Tara Toy Corp
3027,Green Earth Games
3029,Herzblatt-Spiele
3030,RAJ-Publications
3032,BBI Games
3033,Family Astro: Astronomical Society of the Pacific
28954,Vintage Game Co.
3037,F. Deshker Productions
3039,Dal Cassian Ltd
3042,Travel-Ravel
3043,PBH Press
3044,Devil Dog Design
3047,DPO Games
3048,"Big Game, Inc."
3049,MCMA
3050,Sportgames
3051,"PFF Entertainment, LLC"
3052,Greyhound Games
3053,93 Games Studio
3054,B. E. Games
3055,American Play Games Company
3056,Trans Freight Lines
3057,Home Game Co.
3058,CereBel
3059,"Buff Productions, LTD"
51059,Πάπυρος
13318,The Chessers Company
7397,Heirloom Products
7396,Independent Traders Ltd Wellington
6551,Bookcraft
3062,Deseret Book
24350,Stoll & Einson
3063,Danmarks Radio
3064,Melees Gloriosus
3066,Homeward Bound
3067,Wisecrack Games
3068,"Symmetry Games, Inc."
27621,Ami Play
19299,Three Guardsmen Publishing Co.
3070,Roostertail Games Inc.
3072,Black Orc Games
3073,Monday Knight Productions
3074,Cambridge Physics Outlet
3075,Candle Games
3077,"Udder Games, Inc."
8754,Forrest Publications
3079,GHQ
3269,Historical Games Company
11217,William Spooner
39678,Imagerie P Didion
4575,Wm. Darton
8696,"Rogue Productions, Inc."
3081,Iris & Kitty Inc.
3083,B. T. Games
3730,Brigade Models
10759,Bonniers
3089,Sunmarc
1405,Geo. S. Parker
3090,Bandolier Publications
3092,CBD Spiele
5418,Blank Shield Press
3093,Just This Side of Arrogance
3094,Ivy Street Games
3095,M.Eye.D
3097,Canyon Productions
3099,Voarisoa
3100,"CKC International, Porirua, New Zealand"
3101,LeapFrog
3102,Red Sash Games
3103,PK
3105,Scan Games
3108,Gulf Games Co.
11125,"Board Lords, Inc."
3113,KenMGames
18608,T. J. Griffiths
3116,Dinter
3120,www.DirtyCheats.com
3122,Sovereign Press
4132,Young Creations
3123,Threshold Games
3124,Associated Clearing Services
3126,Artcolmax games
3127,Dinexco Inc.
3131,Barbogames
3136,"Tee Pee Toys, Jessup Paper Box Co."
3139,The Prince and The Pirate Co.
3140,Fat Jonny Games
3141,Creative Imaginations
3142,Millenium Marathon Game Inc
3145,R. S. Baker Associates
6819,Baby's Births Benefits
15607,3iD
3153,The Brandywise Game Company
3155,UNICEF
9505,Cooperstown Bat Company
3156,Diversified Innovation Company
3157,5vs5
3158,Logihockey Inc.
3159,Doggone Crazy
3160,Character Building Games
3161,Kaiser Aluminum & Chemical Corp.
3164,"Resimont Products, Inc."
3166,HinterWelt Enterprises
3168,Interactive Productline
3169,Acedia Press
8338,Årnfelts förlag
3171,JEH Games
3172,The Image Game Co.
3178,Creative Gameplay
3179,Screen Test Video Productions Inc.
3181,Beacon Publications
3180,Steve Ward
3183,Hidden Agenda Party Game Inc.
3185,Potted Palm Productions
3190,Shambhala Redstone Editions
3191,Armada
3192,"Angar International, Inc."
3193,Artbox
3194,Rodeo Time
3195,Koei Co. Ltd.
3200,"SportsTrivia, Inc."
3514,City-of-Games
3202,Drachenland-Verlag
3206,Les Petits Riens asbl
3205,Spullenhulp VZW
17826,George Newnes
3209,Bennet
3211,Gibson Game Company
3212,Robert Brothers Company
23039,Women's Social and Political Union
3213,Adversary Games
3216,Global Trends Inc.
4600,Intellectual Pursuits Limited
3222,Giorgio Cremese
3223,Love Games!
3226,Quay Games
3227,DVA (Deutsche Verlags-Anstalt)
3230,Nelsen / Preece Enterprises
3233,Acclaim Entertainment Inc.
3234,Valley Isle Associates
5788,Rex Manufacturing Company
3237,Morland Games Ltd.
3238,Tourism Trade Enterprises Ltd
3239,Quadcorp Developments Co Ltd Christchurch
3240,"Newtons Mind, Inc."
3241,BWP
5499,"Patential, LLC"
3243,Printing Express of Ironton
3246,"Whatever & Stuff, Inc."
11084,Bra Böcker
3254,Holt Rinehart Winston
14459,Wolfgang Krüger Verlag
3260,Papperix
3261,Winslow
6574,NeoNavis
3262,Imex
6495,Crazy Coyote Games
3263,The Select Game Company
3264,T M Promotions Pty Ltd Australia
3265,Wicked Enterprises
3267,Chirpman-Zeethoot Inc.
3268,GAMESTERS
10866,E. Wallis
3270,Bodensee-Umweltschutzprojekt
3271,"People Like Us, Inc."
3272,Sveriges Marknadsförbund
3273,Gothic Chess Federation
3274,"Ambac, Inc."
3275,Dunaway Partners Inc
3278,Arrowhead Gold Rush Company
3798,G. Krummacher KG
3279,Retire Facts
3280,Lions Club
10877,Five Star Toys
45587,The Nomad Company
14967,Midas Marketing and Management
3282,Limited appeal
3283,#14 Productions
6405,Dalapapa éditions
3285,Omni House
3286,Wargame
3287,KEHCO game
26482,Abracadabra
3291,Interphase Games
3292,Someday Isle
3293,Creative Prototypes Corporation
3294,C E S Concepts
3295,"Allpaul, Inc."
3296,Sol-Tec
3297,Bancroft Darrow
3298,OP Games
3303,Dunn-Ley Productions
3301,WEB.ola! Company
3302,Cerebe Design International Ltd.
3304,"Gearco/Libros y Publicaciones Periódicas 1984, S.A."
6517,R&N Alternative Games
3305,ASG
3306,"Family Choice Products, Inc."
3307,Strawberry Games
3309,Cook Productions
3310,"J.W. Kuiper Co, Inc."
3313,"Plato, Inc."
3314,Heatway Industries Ltd
3315,Ad Technos
3316,Ivy League Games
3317,"Replogle Globes, Inc."
3319,Roberts & Co.
3321,Bryad & Associates
6432,Kreeda
3323,Dareno Games International B.V.
12101,Assi
13723,MoDo
3325,Bechter Productions
21168,Grey-Rock Company
3327,Tiger Films Inc.
3329,Edward Fletcher and Partners
7868,Friends of Friends Fun Factory
10640,Astral Tower Games
3332,"Infinifield, Inc."
3333,Chum Chum Game Company
3335,Fat Fay
3336,Theydon Games
3338,N Communications
3339,Science Kit & Boreal Laboratories
3340,Educational Games
3341,Dunick Industries
3342,Schuco Games
6637,Wirtschaftsjunioren
3343,Zukunft für Rhein und Ruhr
3344,Edventure
3345,REH
3346,"The Movie Game, Limited"
3347,Sten Productions
3348,Lionel Games
3349,1745 Trading Company
3352,CAVU
17668,Kidz Solutions
17753,DPA (German Press Agency)
3353,"Big Ben Games, Inc."
3354,"PlayBall!, Inc."
3355,"Acromania, Inc."
3356,"Sevenfold Resources, Inc"
3357,Scofield Games
6197,Kallistra Limited
3361,Hicks Entertainment
3362,SBUF-Scout Motala
3365,Stardragon
3368,International Marketing Consultants
3369,Banovac Corporation
3370,Foster Enterprises
3371,Tag Enterprises
3372,Winecellar Productions Inc.
3374,Ernst & Preisler
3375,Lisbeth Whiting
3377,Consilla Dk
3378,Shirley Smithers
3379,GENCO
3381,George S. Carrington Co.
3382,Deep7 Press
3384,Zion games
3385,Tri-Game Creations
3386,Hometown TV
7795,Macmillan Game Company
3389,Highbury Games & Design
3390,McDaniel Brothers
3391,Tech Games
9493,Dutchport International
3400,Sebesta Enterprises
3401,Han Heidema
3402,Fantasy Forge Ltd
3407,Inquot
3408,Tri-ang Toys
3409,Revelation Games
3410,Richard Aubé
3412,JABCO Inc.
3413,Artistic Grounds
3415,"With Hawaii In Mind, Inc."
3416,Wicked Dead Brewing Company
3418,Anschluss Publishing
48990,Miniature Wargames
3421,Mundo Games
3422,Lexibook Limited
3423,KIDSational
3424,Huang & Sons Co.
9091,Media Games
3425,Giodano-Wettrau Enterprises
3426,"Opec, Inc."
3427,Oktabo Games
3431,Demono Spielproduktion
3432,"Fun Games, Inc."
3433,Ricsher Enterprises
3434,The Bored Game Corp
3435,Boardgame Mania
3436,GPS
3437,Experimental Diversions
3438,Tinker Toys
3439,SAM Spieleverlag Gerald Leppelt
3442,Interart
3443,Jackabee Services Ltd
3447,The Piker Game Company
10406,Heroika Tentations Rek
3448,Initial dream
3449,Avanti Productions
3450,Things Unlimited
3451,TSB Enterprises
3454,Armageddon Design Group
3455,GLS
3457,"Pipeline Games, L.L.C."
9946,Golf In A Box Ltd.
26073,Milano Libri Edizioni
3466,Amusphere
3467,NESFA Press
3468,The D. O. Collaborative
3471,Big E Toys
3472,Spielwarengroßhandel Olbernhau
3473,Gotta Laff Games
3477,Fantoccini Inc.
3478,Military Games
3479,Futurus Games
3482,"Dream On, LLC"
3996,Liime ApS
3995,Matoyc
21646,DC Comics
3484,Action Games & Sports Studio
3485,Kabal Gaming Systems
3486,Reed Enterprises
6597,TCS Games
3487,Ka-Joe Enterprises
3489,Fish Kiss Trading
17827,Awiwa Entertainment
3492,Aschehoug
3493,Passenger Service
3494,Cook Communications Ministries
3496,Fight Dice
3497,T.L. Harris Publications
3498,DLV
3499,Cougar Games
3500,Palphot Ltd.
3502,Opal Syndicates LTD.
3506,W.S. Reed Toy Co.
3507,NSM Resources Corp.
3508,Rusty Parker
3510,"Fun & James, Inc."
3511,"Metaco, Inc."
3512,Emporium Publications S.A. Inc.
3513,Kupets
3515,International Clean Swing
3518,Norges Skiforbund
3519,Det Norske Misjonsselskap
7513,Fantasifabrikken AS
3520,Tucson Audubon Society
7730,T:mi Olli Forsgren
3521,Tre ringar
3522,Alea Magica
3525,Espionage Ltd
17012,15mm.co.uk
3527,Totee Products Dept. TTFL
3528,Zebra Industries (Orogenesis Nova) Ltd
3531,The Screen Test Game
3532,Mr Trucker Inc.
9980,Euroversal Entertainment AB
27496,SKALK
3536,Saatchi & Saatchi
23543,M.G.M.
6925,O'line Promotion AB
3541,Tendonitis Games
3542,Eurostart
3543,Les Entreprises Aubé et Khacho inc.
3546,"Rock Era, Inc"
3549,Nikoli
3554,Benander Games Co.
3555,The Way of Peace Inc.
3556,"Adventure Learning Systems, Inc."
3557,Harpo Family Games
3558,The Pleasure Company Inc.
3561,Dadan Inc.
3562,Y & B Associates Inc.
3635,Ludopath Game Design
3564,Elf
13908,Éditions Crès
3565,Fun Radio
16385,Bibelspillet.dk
3572,Decisive Action Sports
3574,EMV games
21288,Kanchis Games
3577,Arima
3578,"Citigames of America, Inc."
10092,CDS Games
3581,IQ Games (Boardgames)
3582,Belcom Games
3583,Fun & Fitness LLC.
3584,"Helene Fox, Inc."
7002,"Play-Rite, Inc."
3585,Pro Mentor
3586,Storm Front Publishing
3587,Tri Tac Games LLC (Tri Tac Talents)
3588,Flagship Games (UK)
3589,A.-B. Nymans Eftr. Boktr.
3590,Norman Clature
9486,Daytonopoly Co
3591,Okino
3592,Cross Publishing Co.
3593,"Fan Play Ice Hockey, Inc"
3594,"Domlar Enterprises, Inc"
3595,Paper Wars Games
6520,Creative Learning Associates
3596,Dawson Alliants
3597,Chart Moves Ltd
11200,International Learing Corporation
3598,John Ambrose Games Inc.
3599,Adrace Industries
3600,"Star Quest, Inc."
9511,Bee-Line
7399,O. B. Andrews Co.
3602,Scientific Games Development Corp.
7620,"Jamotta, Inc."
3603,Nelvana
3605,Donaldson Brothers
3607,Holdridge & Million
22235,Four Star
3167,Gardner & Co.
3608,Neo Productions Unlimited
3610,Exclusive Gifts Only
5156,Spiel & Autor
3613,Kreigspieler Publications
3614,Creative Games Co.
3615,Kalypso Concepts
38517,Chieftan Products
24718,Passtyme
3618,Ash Sunday
3619,Yeshuateinu Company
3620,Choose Games Inc.
3621,Lightning Studios
3622,Momentum Force Game Systems Inc.
3624,Uiver Memorial Foundation
3625,"TM Entertainment, Inc"
3627,Tabletop Enterprises
3628,Sports Dynasty Inc.
3629,Typical Mutations LLC
3630,Alphabeta
3631,Spellarama
3632,EPOS Entertainment
3633,Port and Starboard Ltd.
3636,"Brain Chain Games, Inc."
3637,"Osborne & Osborne, Inc."
3638,"JJ Partners, LLC"
3639,Virtual Magic Inc.
3641,Iron Wind Metals
3642,Bloodsword Games
3643,Qualt Ltd.
7683,Frank (India)
3644,Eclectic Adventures
3645,H&K Publishing
6797,Acorn Industries
17762,ECT (European Container Terminal)
3647,Oscar Games
3649,"Penton Overseas, Inc."
3653,Irrational Designs
3654,"Stock Rush, Inc."
3656,Neverbored
3657,Webberley Ltd
3662,trigam
37442,Der Kriegspielers
3663,Napoleonique/Encore Publications
3664,Identity Toys Inc.
3665,Divinity Religious Products
3666,Éditions Chouette
3667,"Edward M. Lightfoot & Associates, Inc."
3673,Family Orientated Games
3677,BBB Games Ltd.
3678,Gee Games
3679,Sacred Cow Games
3680,Life Journey Products
3681,Sculptionary
3682,"Hot Stove Games, LLP"
3684,Craig-Hopkins
3685,Sassi Games
3686,Triskele Game Design
3687,"Link, Marketing Communicatie BV"
26989,Checards Co.
3688,Abel Games LTD.
3689,Ezekiel Ltd.
17587,"Impartation Idea, Inc."
3691,Boynton Games
3692,Insight Game Production Ltd.
3694,Ballyhoo Games
6238,Hubley Manufacturing Co.
3696,"Pride Distributors, Inc."
3698,"V. & L. Heise Games, Inc."
3700,Judy/Instructo
3702,LDA
8762,Super Juegos
3705,Fusilier Games
3706,Ronin Enterprises
3710,Innova Disc Golf
10585,Multiplayer
3711,PolyaJeu Edition
24108,Hard Cover Design
3714,Raider Games
17738,Estude & Brinque
3716,Arico Playing Card Company
3717,"Walker Press, Ltd."
17773,"Commissioner of Official Languages, Ottawa"
3718,Heyer Brothers
3719,Motivators In New Dimensions
3720,Lico Enterprises
3721,Humble Game Co.
4008,Leasure Learning Products
3726,Ad-mad Ltd
3727,Permanent Reflections
3728,"Griddly Games, Inc."
3729,Always Play Fair
3731,Take a Gamble Board Games
3733,"Jocapa Products, LLC"
3734,Mariner Games
3735,Welcome Rain
3739,Cardora
3740,The Clear Group
3741,Phoenix Military Simulations
3744,Lifegames
3745,Baddanyli Productions
3747,Pursuit of Par Enterprises
3749,Positive Products
3750,LOXIO
3751,Overlay Games
3752,Games of Art
3753,Triune International Inc.
3754,Hudsons
3755,LD&S
3756,Northern Scooter Werks
8476,The Master Herbalist Ltd
3758,Multiple Products Corp.
3759,Stackpole Games
3760,Mikes Own Wargames
3761,Owens-Krass
3762,Boss Leisure Ltd
3763,PP Linie (Denmark)
3764,Squashed Quokka Games (I)
3767,TGD Games
3769,Roof Enterprises
3770,Wolf Mountain Games
3771,California National Productions
3772,Ansudon
3773,Soragram International
3774,Ashburn Industries
3775,Workman Nance Games
3776,Garon Games
3777,Seamus Gamus
3778,D&A Distributing Co.
3779,C.A.T. Games
3780,"Reality Unlimited, Inc."
3781,Shuster & Miller Inc
3782,Del Sol Productions
3783,CTES
3784,Crowley
3785,Lyle & Co.
3786,Hawkins Enterprises
3787,Educational Research Corporation
3788,Printabox Limited
3790,Jetco Games
3791,Dreiling
3792,Swan Games
3793,Hollow Stump Bungalow Books & Games
3795,Cary Communications
3796,Arnold
3797,Croita
3799,"Narcomania, Inc"
3800,Polygon Corporation
3801,Amorphous Blob Games
7794,GAF
3807,Googolplex Games
11881,Montgomery Ward
7566,LEI Éditions Canada
3808,"Old Fashioned Products, Inc."
3809,Amparo
3810,Fred Bronner Corp.
3811,Bendigo
3816,Hala Hala Games Company
5811,Fantasy Unlimited
3818,Precision Toy
23989,Bombay Sapphire
18717,George G Bussey & Co
21944,"Classic Sport Companies, Inc."
21945,Newton & Thompson Mfg. Co.
4839,R. Bliss Manufacturing Company
3821,HFN GAMES LTD
3822,Education Incorporated
3823,"ern-jak printing, inc."
3824,Piepmatz Spiele
3825,Uff Verlag
3826,Spelkompaniet
3827,Privateer Games
3830,Daydream Creations
51123,Educational Products
3831,Caper Conflicts
3832,Enola Games
3833,Doofer Designs
3835,Cherry Creek Game Company Ltd
3836,"Bacchus le Jeu, Inc."
3838,Justintime Productions
3840,Jog Studio
3839,Shan-Yuen
3841,Colonnade Publishing
3842,Virtual Fusion Publishing
3844,B&F Marketing
3845,Omni Marketing
3846,Risky Write-Offs
3847,London Wargames Section
3848,Play-Time Inc.
3849,R-Ket Games
3851,"Thorough-bucks, Int."
3852,Second Rat Games
3853,Ared Special Projects
3856,Les Elfes
22325,"Works, Ltd."
3857,Olive Works
3858,Enjoy Learning Ltd
3859,Gluck Games
3862,Delacorte Press
3863,Patrick Hardy Books
3864,ECM Ltd.
3865,John Winston Co.
17059,KC Kards
48749,The Levi Game Company
3867,"Some""R""Set Card Co."
3868,Strange Quarks Designs Ltd
3869,Lewis Educational Games
3870,"Cranford Street, Inc."
3871,Kjell Eriksson
3873,The Perfect Captain
3874,Studio Bergstrom
3878,Flagship Games (US)
3879,"Marathon USA, Inc."
3881,Perceptive Marketing Inc.
3882,Vantex Corporation
3884,Scotia Grendel Productions
3885,Creative Teaching Associates
28733,Remedia Publications
1038,Kidz Biz
3886,Calverkel Corporation
3887,Other Worlds Educational Enterprises
3889,Steve Barber Models
3891,Epic Educational Toys
3893,Game Gems
3894,Kemtec
8329,SDD
3895,WindForest
3896,A. Viassone
3899,Brigade Games
3900,Panzerschiffe
3901,Jim Co.
3906,Tchan Comércio e Indústria
3907,"The Marcian Chronicles, Inc."
3908,RCC Promotions
4459,Finnish Evolutionary Enterprises
3913,Whoa Nelly Games
3914,Robert J. Heineman Enterprises
5167,Leggett Games Inc.
3916,Weaver Games
3917,Sime Darby Singapore Ltd
3919,D.W. Thorpe Pty. Ltd.
8127,Olaf Liesenfeld-Spiele
6111,Spiele Berlin
3920,"KUM-BAK Sports, Toys, & Games, MFG Co. Ltd"
3921,Lufthansa
3926,Zondervan
6941,New Millennium Entertainment
3927,SSDC
3928,Simulations Cornejo
3930,College of DuPage
3931,Recreation & Leisure Development
10702,Obligatory Inn Press
1614,MO Media LLC
3935,EDFC
3936,The Powar Company
3938,Hotz ArtWorks
3940,Six Generations Publishing
3942,Jempi Toys International
3943,Muslim Games
3946,Nature Trail
3947,"Predators & Prey, Inc."
3948,Prisma
3949,Wolfe Games
3950,Cuisenaire C.C.A.
3951,Shift
3952,Border Games
3953,Magnus Ludus
11210,SFSFW
3960,AppleStreet
14635,"Micro Revelations, Inc"
17678,ACQtive
3961,Chrysler-Plymouth
3962,Pickle Enterprises
11715,Card-Board Games
3963,Clubhouse International
3964,Cast Games International
16426,Blossom Design
37287,Adversary Products
11891,Didacto
3968,"Page Factory, Inc"
3973,Astroplane.com LLC
3974,Tippecanoe LLC
3975,Royer Corporation
3976,V Smart Games LLC
3977,TheOtherGameCompany
3978,dacapo Spiele
3979,Champion Board Games
3980,Broodmoor
3981,"4R, Inc."
3982,"Carl Fischer, Inc."
3984,"DoubleStar, LLC"
19256,Jumbo Manufacturing Pty. Ltd.
3986,Present Games Ltd
3987,Verlagshaus Die Barque
3988,The Quatro Company
3990,Good Reading Limited
3989,Leuchter Verlag
3991,Cherubic Productions
3999,Alnavco
4000,Excalibur Miniatures
4002,Hudson Enterprises Ltd
4003,Martins Bay Company Limited
4004,The 1 Game
4005,Tamcrest Ltd
4006,Kaothic Games
4011,Gay Toy
4012,Alveole
4013,"Parkology, Inc."
4014,"Advanced Marketing, Inc."
4018,FDB
4019,Competitive Games
4020,"uTime Games, Inc."
4021,Yorel Game Company
4022,Lifequest Limited
4023,Nebula Inc.
4024,Craze Productions
14656,Morningstar
45599,Namibian Games
4028,Hajjar International
4029,Stadt Weil am Rhein
4031,New Forest Games
4032,Discover Publications (International)
4033,Academy Games ltd.
6595,Saratoga Toys & Games
4034,Avalon Games
4037,43 Degrees North LLC
4039,CPM
4040,Ward & Sons
4041,HirschCo
22251,Manhattan Beach Dream Company
4042,Josets
4043,Ten Million Dollar Game Company
4044,San Fiasco Productions
5003,True Image
4046,Randall Book Co.
4048,P. G. Games
4050,Rhen-Werbung
4051,Wishbone Games Ltd.
4052,Lapis
4053,Bizarre Games
4054,Jate Industries
4055,"Mercom Games, Inc."
4057,Second Avenue Creations
4058,Regal 8 Inns
4059,Right On Manufacturing
4061,Sicommerce Inc.
4062,Comana Enterprises Limited
4063,Conglomerate Board Games
286,Mottair Enterprises
4064,Abuse And Corruption Unltd.
4065,Neckermann Versand AG
4066,Executive  Playthings
4068,Delira Corporation
4069,Onward Ventures
4070,Rainbow Toys Ltd
4072,Hubert Enterprises
4073,Orange Products Ltd
16643,Tsunami Press
4075,Perfect Games
45647,Skirmish Wargames
45434,"Historical Simulations, Ltd."
4077,Fantasy Game Company
4078,SGI
4079,Amacom (American Management Associations)
4081,WonderChess LLC.
49844,Dragon New Age Games
4082,City Toys
4083,"Graphicworx Design, LLC"
4084,Educational Science Games
4085,DBZ Publishing
4086,André Hadjez
4087,Unica
4088,Cherry Orchard Games
4090,Sports Societe EDP
4091,Creagolf Inc.
326,Citadel Game Systems
4093,Editions UGO
4094,Perl Products Company
4095,Rea Ransom
4096,Varo Éditions
4097,COM4MI
4098,BD2 Games
4099,Olpan Edition
4100,ACH Jeux
4101,MC Distribution Plus
4102,Ludotek International ltée
4104,Doop Bridge Supplies
4105,Interplay (Video Game)
16787,A. Pichlers Witwe & Sohn
4112,Marlowe & Company
4113,Coles Publishing Company Ltd.
4114,Hodder & Stoughton
4116,Coral Industries PTY LTD. Incorporated
4117,KC Games Ltd
4119,Singapore Ministry of Health
4120,IQ-X
4122,Charles F. Klauber
4123,All About Games Publishing
4124,"Buck Quest, Inc."
4125,Strife Games
4126,Seattle World Guardian Press
4128,Big Simon Games
4131,Ediciones Sombra
4138,Civic Educational Aids
4139,Game Technology
4140,Adult Leisure Products Corporation
4141,Naval Institute Press
5008,Bantam Books
4142,Paddington Press Ltd.
4904,Het Spectrum
4144,Expos ABC
4145,Ricken
4146,Sandstorm Enterprises Inc.
4147,Reynard of San Francisco
5951,Black Falcon Games
40547,Tod Kershner's Games
4148,Stanley Paul & Co Ltd
4149,Paperville
4151,Bernie Lopez Enterprises
4150,Mil Mascaras Corporation
4153,Publications International
4156,"Theme Productions, Inc."
4171,"Abt Associates, Inc."
4158,International Learning Corporation
4159,Simile II
4160,"Education Development Center, Inc."
4161,"Curriculum Development Associates, Inc."
4162,Hillside Scientific Corporation
4163,"Peace Corps, International"
4164,"Worldwide Computer Services, Inc."
4165,Garrard Publishing Company
4166,"Health Consolidated Industries, Inc."
4167,Friendship Press
4168,Lansing Central School
4169,KDI Instructional Systems
4170,Creative Studies Incorporated
4173,Modernized Toys Inc.
4174,COSMIC
4175,Harvard Business School
4176,Academic Games Associates
4177,"Instructional Simulations, Inc."
4178,Games Central
4179,Unitarian Universalist Association
4180,"Yes! Your Expression Solution, Inc."
8268,Charles L. Webster & Co.
4183,Franklin Watts
49878,Ugo Mursia Editore (Mursia)
4184,Model & Allied Publications Ltd.
11194,Creaciones Jupe
1249,Mind Games (I)
4185,"3mg, Inc."
4186,TAC Games
4187,Cold Harbor AZ
4188,ESP-Groningen
4189,Spirit Game Company
4190,Duckworth
4191,Batsford
29068,Wynn's
4193,Bell & Newton
4202,Help On Board
4203,Larkhill Games
4204,"NewsCool, Inc."
4205,Juventus
4207,Compete! Games
4209,Plantastic Parties
4210,Wallace-Homestead Book Company
4218,"Poor Toady, Inc."
4219,Ward Lock Limited
4221,AIEP Editore di San Marino
5699,Dork Storm Press
4224,Game Addicts
4226,Michael Hat Productions
4230,Michael O'Mara Books
4227,Saint Martin's Press
4229,Azarkarde Productions
4232,Edizioni Giochi Lasco
4233,Comet Enterprises
4234,The CaBil
4235,Societé Française d'Innovations
4237,BanMarInc
4239,Giocs
4240,Crain Communications
4241,KublaCon
4247,Between The Stars
4251,Sandra Moreira Editions
4252,c-jump factory
4253,"100 Plus Products, Inc."
4254,Edwin Mellen Press
4255,"Parstone, Inc."
7304,Wolters Plantyn
4256,Wolters-Noordhoff
16529,Paramount Pictures
4260,That Games Co.
4261,Algo
4262,Fantasy Sports Board Games LLC
4263,Double G Communications Ltd
4265,Yurp Games
4266,"Post FX, Inc."
4267,Futuristic Toys
4268,Universe Games
4270,Game/Learn Inc.
4271,Mackey Co.
4272,Maumelle Optimist Club
4273,Calvary Games
4275,Compagnie Aquitaine du Jouet (CAJ)
6564,EFKA toys
4278,"Aldridge & Sanen, Inc."
4279,Fuzzy Duck Party Products
4280,The Colonial Williamsburg Foundation
25702,"Williamsburg Restoration, Inc."
4282,SigMit International
4283,"Value Wargames Publishing, Inc."
4284,Légendes & Mythologies
21213,Eagle Games Limited (II)
4287,3D6 SRL
4288,Carievale Productions
4289,Eltron Games Co.
4290,CBC
4292,Flashback Games
4293,The Creative Game Company
4294,RoNy Spel
4298,"Lethal Entertainment, Inc."
4299,Open Mined Games
4300,Lewis Instructor Games
4305,Idezer Corp.
4311,"Ultimate Line-Up, Inc."
4312,"Riders Up, Inc."
4313,Zoops!
4314,U.S. Games LLC
33575,ΔΡΟΜΕΑΣ
4317,Acorn Games
4320,Mind Force Games
4319,Think Tank Games
4325,Tevele
4326,Row Publishing Company
4327,ZZ Games
4443,Windsor Publications
4328,Heidorns
4329,Foofer Fun Inc
4330,Avatar Games Enterprises
4331,Buck Fever Challenge
4332,History & Fun
4334,Paperworlds
4336,Pacific Magazines
4338,BayonetGames
4340,Great Lakes Design
4341,Mapletree Publishing
12823,Rune Blade Studios
4345,Boards ‘N’ Beyond Concepts
4346,One and Only Games
4348,Faith Kidz
4350,"Millennium Games, Inc."
4351,Pangaea Games
4353,Firebase Games
4354,Miniatures Wargames Pireme Publishing Ltd.
4355,Dallah Heyari Co
4356,Castle Toy Company
4359,ASLingo
4360,Metaversal Studios
4363,Schiffarts- und Befrachtungskontor Märker GmbH
4365,E P Dutton & Co
4367,Socomer Editions
4368,D3 Games
4370,Superstar Games
4372,Fratelli Palombi Editori
4373,Gumdrop Games
25379,Nacho Head Games
4374,Maverick Games Inc. (Board Game)
4375,TriXGames
4376,C. U. Neucom Co.
4377,LCJ Games
21750,Legend Games (II)
4378,Henkel AG
4379,"Draco Games, Inc."
4399,DMR Company
4381,Artia
4380,Panarama Publishers
4382,Havencentrum Lillo VZW
4385,Greycore Press
4386,Lazy Man's Games
4387,Steve Bohn Games
4389,Play-A-Round
4390,Nitram Enterprise Ltd.
4391,Dido
4393,Play It Smart Products
4394,Outpost Wargame Services
4396,Soldados y Estrategia
4397,"Lagod Ventures, Inc."
4398,"Worlds of Wonder, Inc"
11403,Parksons Games & Sports
4402,BGJG + Damiaanaktie
4403,Office Politics Inc.
4404,Pelican Books
4408,Editions Caid
4409,Glacier Enterprises
4410,"Skytrex, Ltd."
4411,Systems Analysis
4420,Zephyr Press
4421,International Wizard of Oz Club
4422,Emenee Industries
4424,Crazy Talk
4431,S.J.L.
4432,Omphales Éditions
4433,CRP-Techno Formation
4434,Psy Chic Entertainment
4435,Matak Industries Inc.
4436,Quality Games Ltd
4437,Great White North
19004,Strenco
4438,Editions de la Réunion des musées nationaux
4439,Dice Games
4445,PlayStats Pty Ltd
17819,Agoniz'n Inc.
4447,MC Comics
4448,Music 19
4449,"The Caxton Press, Kuala Lumpur"
4452,"HPH Development, Inc"
4453,The Riotous Games Company
4454,Tanzania Import
4457,Curry Games
4461,Lingzi Media Pte Ltd
4467,Connection Games
4468,Counter Punch LLC
4469,Northern Lights Enterprises
4470,MIT Press
6790,Baffle Gab LLC
22108,Word Salt Inc.
4474,New Zealand Family Games
4475,Aim Products Sydney
4476,Pegged Out Limited
4477,Romy Laron LTD
4478,Extreme Enterprises
4479,"Dodeca, Inc."
4481,Go Games Ltd.
8204,Coluna
4483,Hot Money Inc
4484,Manik Games
4486,"Funtronix, Inc"
4488,Rigely Banada Corp
4489,Touristo Enterprises Pte Ltd
4491,Pango Inc.
4492,Colby Enterprises
4493,Intellectual Property Management Wellington
16841,John Norton Company
4494,JPR Games
11745,RoverLand Games Inc
29051,Restoration Hardware
4496,JPW Metal Enterprises Inc.
4497,Oil City Press Ltd
4499,Edition ABAX Jeux
4500,Academic Gaming Review
4501,Ritam Corporation
4503,Nova-Labo
4504,Canadian Cultural Consultants Corporation
4505,United Nations Constructors
4506,Sutton Publishing
4508,UNAMA
4510,Solo Ball Company
4511,Creative Teaching Press
4513,Wm Darton Junr
4515,Britton Publishers
4516,Moebius Evolution
4517,Feber Juegos
4518,Patronat Municipal Sitges Comunicació
4519,Geomag SA
4523,Ord og Billeder
4525,Alleged Enterprises
4526,Garden City Design Service
4528,"You Can't Check Me!, LLC"
5947,Media Materials
4529,HLBS Publishing (The Honourable Lead Boiler Suit Company)
6373,Rattrap Productions LLC
18494,Sinister Laboratories LLC
4530,Ninja Magic
4531,Schloss-Spiele
4532,ZANDJI Ludiquement Vôtre
4533,Overlook TP
4535,Spirit Racing and Entertainments
4536,Imperial Oil Ltd.
4537,J.D.K. Sportgames Inc.
4538,Mellifer Inc.
4540,Cosmic Star Enterpirses
4541,Quad S
4542,games.Mantikora.com
4545,Wanderlo Games
4546,David & Charles
4547,A.S. Barnes
4583,Jeffrey Schmittler
4613,Scot-Lyn Creations
4549,JRA Fun Group
4550,Mojabi Games
4551,Pole éditions
4552,Dusnic Daedaleon
4553,Gary Grimm & Associates
4557,Tigro Spellen
4558,Meadowbrook Press
4560,SmartsCo
4565,Pandocreon
4568,Speculation
4571,Bounty Promotions Ltd.
5598,Red Tag Games
4572,"Learning Curve International, Inc."
11016,J. Wallis & E. Newberry
4574,Wallis & Son
5643,"B. Shackman & Co., Inc."
5073,J. Ottmann Lithography Company
7065,Noble and Noble
4576,Learning Lab Denmark
4577,Liberty Productions Inc.
4578,Bro
4579,Aréjoie-Agnes Jacquet
4581,Walker and Company
4582,Kraeg Games
4585,Radio Questionaire Corp
4588,Thinking Games
4589,Wright Master Inc.
4590,"Paraphase, Inc."
4592,Steel City Game Co.
4593,JV Multimedia
4594,Valvigi Partnership
4595,Alpirsbacher Klosterbrau
4598,"Klipspringer Editions, Inc."
4599,MI Prime Games
4602,Three Sages Games
4604,"Columbia Ventures, Inc."
4606,McCalls
4607,"Invex, Inc."
4608,Milennium Chess
4609,"Nippon Yugi-Gangu Co., Ltd."
8562,R Third Company
4610,"Legio X, Inc."
4615,ZauberZwerg Spieleverlag
4616,JMCreative
4619,Carajean
4621,Red Shirt Games
4623,"Happenstance, Inc."
4625,Benz Games
4626,Master of Wars Federation
4627,Medienverbund Donaukurier
4629,Konrad Fleckenstein
4630,Actugame
4631,Mogi Company
17688,Leisure Learning
4634,Mondio
4635,Art Productions
29054,Call it Golf
4636,LPK Design
4637,Woodhill Products
4638,MC Games
4639,Arla
4643,BURK-Verlag
4644,Mana Maori Enterprises
4648,Lexis Publishing
4649,Alpha-Plus Training Consultants
4650,TenseSeconds Games
4654,"ToySense, Inc."
4655,éditions Valroc
4661,Golden Records
4667,Denalli Company
4669,Royal Palm International
4670,Walkerway
4673,"Thurston Games, Ltd."
4677,Cahoona Isle
4679,Ebob Miniatures
6320,Hole Adventures
4681,Nutrition Innovations
4682,Armadillo Games
4684,Frodang Inc.
4687,Josdan Games
4688,New Century Games
4690,Manfred Schüling
4691,Risk Takers Limited
4692,Kenley-Taylor Marketing Incorporated
44713,BuckSurdu.com
12846,GuffeyCon Revue
4697,Roll
4698,Decrestina: Italy
4699,Festival Records Pty Ltd
4703,"Roonic, Inc."
4705,"Almy and Orrin, Inc."
4708,"R. Talsorian Games, Inc."
4709,Slypuss Productions
4711,Sesame Workshop
4712,Engeli & Partner
4716,Group Publishing
4719,"Escape Ventures, Inc."
25377,Portsmouth Miniatures and Games
4723,PrintGames.net
39705,Seven Towns Ltd.
4724,Enjoy Board Game Co.
4725,Themenspiele-Verlag Meppen
4726,HardPoint Games
4727,Premiere
4729,"Association for Retarded Citizens, Chester County Chapter"
4730,Funmasters Corp.
4731,Genecet Biotechnologies Pte Ltd
4733,Money Spinner Games
4734,WKS GmbH
4735,Creative Publications
4736,T. R. Enterprises
4739,ESPN
4740,GITGO
4743,diceboxx
4744,Peter Owen Publishers
4745,Greenpeace Nederland
4747,Nassau Naval & Military Historical Society
4748,"Southwestern Products, Inc."
4749,Oct 12 Productions
4755,"Bahamas Intellectual Properties, LTD"
7680,"Wiebe, Carlson & Associates"
4758,GTD
4759,Harpswell Press
4760,Halcyon House
4761,Dennis Siteman
4764,"JoBa Productions, Inc."
9213,Playbreak
4766,IMP (International Masters Publishers)
4767,Matterin Enterprises Inc.
4768,Vollidee-Verlag
4773,"The Lang Gang, Inc"
4776,Kudos
5637,Revistas Profesionales S.L.
4779,Alphabet Runner Ltd.
4780,Jennifer Durand
4782,Orchid Games Studios
14896,Jerboa Wargames
4783,El Cinturón de Hierro
4784,Strategiochi Edizioni
4786,Shinermons Games
8808,Gosford Games
4787,Industrial Art (Bristol) Ltd
6921,"Mind Games, Ltd. (II)"
4790,Grimey Games
4792,"The Van Heyst Group, LLC"
4794,Morris-Systems Publishing Company
4795,Olof Lindqvist Games
4797,ERJO games
4799,Scuba Tool
4802,Synsia Corporation
4803,Lukepark Games
4804,Board Game Spiel
4805,BSK (Board Game related)
4806,Revista Tabula
4807,David McKay
4808,Arcadia Games
4809,yoko Ikeda Productions
4810,Interpretive Marketing Products
4812,STAHLspiel
5366,Damien Brainchild Entertainment
4813,Melody Card Co.
4814,Washington D.C. Trivia Playing Cards Inc.
4815,PELPEM LLC
5315,Powerplay Games
4818,Kamkodi (UKI) Ltd
18662,Premier Classic
4823,Christian Bible Games
4824,Ludobis
4827,The Rogden Company
23501,Show Enterprise
4832,Jiggi Games
21226,Playco Limited
4835,Stalefish Labs
4836,Hexes Games
4837,Slangsters Inc
5000,Le Griffon d'Argile
4841,5th Dimension Publishing
10751,James Damn Games
4843,Imagine this
4846,Trojan International Limited
4847,NationalOpoly Sales Corporation
4848,Arcofalc
4849,Shaunequest
4850,Milliken Games
7243,Northern Signal Co.
4851,California Creations
4853,Resorts Intl. Merchandize Concepts
21419,Jacky Winter Group
4854,Edizioni New Deal
4856,Homegrown Designs
4857,Franco Agostino
4860,turtlegreen
4861,ACE Games
4862,Warbelle Development Corporation
4863,Tams Products Limited
4865,R.R.W.
4867,Jovian Ventures
4868,Pro Mark Sports Creations
4869,Wilfred Enterprises
4870,Hilltop Games Inc.
4872,GoGames Canada
4874,Milgamex
4875,Cloetta
4876,Editions du Stratège
4877,Ninety Longview Inc.
4878,M&C Gaming
7054,"Junior Achievement Company of Defiance, Ohio"
4879,NFL Officially Licensed Release
4880,Gregory & Erin Taylor Tentacles Inc.
4881,Winco Games
14329,Somja'lär
4882,Wine Entertainment
4884,Cawwot Games
4885,Starlet Electronics
4887,Adis Spiele
4888,Enterfection Games
7582,Goody Games Development
4889,Strachan Games & Toys Inc.
4890,Syncrohearts Services
4891,Steps Produtos Didáticos e Recreativos Ltda.
4892,Mimo
4893,Ely Barbosa Edições Ltda.
4894,Genline AB
40124,Robert Mansfield Company
4897,2RS Games
4898,Brainchild Games
4899,Imagommage
4901,Brainy Day Games
18535,Macy's East
4905,King Games
4907,Tree Brand
4908,"BLB Enterprises, Inc."
4912,Magneboard Corporation Ltd
4913,Stonesong Press
4914,Billion Dollar Player
4915,"Harrison Games, New Zealand"
4917,Fam-Net
4919,"Terra Denuo, Inc."
4920,Shadowcraft Imaging Group
4921,Dark Shadow Games
4924,Nannon Technology Corp.
4927,Fert
26689,NMS Games
4929,"Marsyl, Inc."
24056,"Spaced Out, Inc."
4934,Puddles Publishing
12370,Q-Games
4937,USP (Cyrillic)
4938,Headgames (Boardgame Company)
4940,Rede Globo de Televisão
4941,Sudoku World
4942,"The Fitness Challenge, Inc."
4945,Herbert Specialty Mfg. Co. of Chicago
4946,Tor Productions Ltd
4947,Telstar Records
4949,BC Games
4956,"No Manor Gaming, Inc"
4957,PA House of Representatives
4958,SecurePlay Gaming
5567,Dupuis
10534,Entelek
4961,Wooden Indian Manufacturing Co.
4962,Brainy Products
4963,Fun Box
4965,Professional Games Inc.
4966,Victor Books/SP Publications
4967,Netherware Ltd
4968,JenMont Communications
4969,McGregors
4972,Philadelphia Game Manufacturing Co.
4973,Prescott
4974,Labyrinth
4975,On-Line-Products
4976,Gopher Game CO.
4978,"Sandpiper Creations, Inc"
4979,Krieg Kit
4982,Signifer/LPA Games
4984,Arcadia Productions
4985,Travel Games Australia Pty Ltd
4987,Statcon
4988,The RIKEN Center for Developmental Biology
4990,Sudkurier
44499,kingdom Toys
4994,Detoy
4995,Western Carolina Historical Research
4996,Games by Berrier
4997,Marcel Schurman Gift
4998,"Scott, Foresman & Co"
45601,Instruct UK Resources Ltd
5001,"BattleBooks, Inc."
5005,Trick 17
5006,The Bible Society in Australia
5007,Powercell Games
5009,Reach and Teach
5010,Bluebonnet Games
5012,Sporting Image Games Pty Ltd
5013,Fundacio Caixa de Pensions
27176,Admcadiam
14670,gameWhys
5019,See Through Games
17482,Galaxy-Foundation Games
5024,Valley Games (Bethlehem)
5025,Igriko
5026,Frontier Post
7314,National Center for Constitutional Studies (NCCS)
5027,Biogames Canada Ltd.
5028,Mr. World Traveler Ltd.
5032,Delight Dallas
5033,LYNPO Inc.
5035,The WineSearch Group
5038,Datthijn Marketing Partners BV
5039,Mojo Board Games
5040,Carling Company
8364,Ticker Tape Inc.
17775,Lover's Choice
5045,Aldeasa
40782,"The Courier Publishing Co., Inc."
5048,Parafe International Publishing
9431,Tibi Inc.
5050,Nightshift Games
5051,Dodeccamentia International
5052,"Globular Innovations, Inc."
5252,Mèl·loro Rosso
5054,Enwin Games
23563,Marabout
5056,Armchair Adventures
12503,Magictaxi International
5057,Tapestry Games
5058,Vrijmoed B.V.
5059,Judson Press
5060,"Glass Ceiling Productions, LLC."
5061,Datanikkari Oy
5063,"Geebee Marketing, Inc."
5066,Table Top Racing
5067,Say It Right
5069,Family Derby Game Co.
5070,DSV-Verlag GmbH
5116,Magic Gamewerks Sdn Bhd
5071,Positive Games Limited
5078,Dunnet and Wallis
5074,Games Gone Wild
6785,InsideMind Entertainment
5075,Ertel Games
5076,Vjesnik
5077,Delavska enotnost
5081,Nordelf International
5082,Amada Printing
5083,Swainson Hawke
5087,Friendship House
5088,"Equity Marketing, Inc."
5089,Unity Games
45497,ANOVOS Productions LLC
5235,I C L
5090,Prompt Corner
5092,XV Production
5096,Central News Ltd.
5097,Checkchess Co.
5098,A-town Games
5099,"Gameophiles Unlimited, Inc"
5100,Howard Freedman
5102,J.M. Dent & Sons Ltd
21482,Conundrum
4909,Mozo Edutainment Technology
5107,Creative Gaming Designs
5110,State College Game Laboratory
5113,Naturegraph
5114,ZIN Company
17767,Nautical Trivia L.L.C.
41784,Summit Distribution L.L.C.
5115,Goodenough & Woglom Co.
5119,Emu Multimedia
5120,Pendoka 3D-Spiele
5121,Ayers Plummer Ltd
5122,Eureka Miniatures
5123,Zizzle
5124,Ergomia
12864,Jean-Luc Chevalier
5125,"NEWHAGY, Inc."
5130,"M. T. Bonk, Co"
5132,Orofun Games
5133,Finrila Oy
5135,"Make Your Move, Inc."
5136,Battat Games
5137,First Time Games
5140,Creative Games (GB) Ltd.
5141,Matchgolf Co Ltd
5142,Xenith Creativity Co.
5143,Big Toy Brinquedos e Utilidades
5144,"Sin Sisters, Inc"
5147,Alethea-Lynn Games Corporation
5148,"ParaDogz USA, Inc"
5149,Croxton Enterprises
5150,"Poetryslam, Inc."
5152,J. Bobreski
5153,"Official Scorer Games, Inc."
5154,Paradigm Studios
6490,Strunk Games
5155,Games International
6213,van der Laken B.V.
5158,Your Way Games
5159,University of Cambridge
5160,Blaubart Verlags GmbH
5161,"Trigame Enterprises, Inc."
5166,G5 Productions
5168,Rough Road Productions LLC
21861,Carl Edelmann
23315,"Wilhelm Keil, Spieleverlag"
5169,EssoChem Europe Inc.
5170,Loquai Holzkunst
5171,Presidio Press
5172,Alpha Forge Games
5174,Gas Hound Games
5175,Minds United Ltd
5176,CB Publishing
5177,Jupiter Corporation
5178,Vellow (Games & Books) Limited
5180,"The Idea Corps, LLC"
5182,National Safety Association
5183,Les Éditions Lance
5184,Williamson Company
5188,"Clasky, Inc."
5190,Siemens AG
5191,Íslensk spil hf.
5192,V & V ingenio en juegos- argentina
11494,Air Ouest Médias
22453,Les cheminées René Brisach
5194,Midland Insurance Co.
5197,Time Check Inc.
27638,Svenska Sportfiskespelet AB
5200,Warthog Games
5201,Stickworld
17522,Zing Toys
5203,"Hawk Model Co, Inc."
5204,Dinner and a Murder Mystery Games LLC
5205,J-Way
5206,"B & B Games, Inc."
5207,Pietermaritzburg School District
5208,Tenacity Games
5209,GameMasters International
5211,Skullduggery Trading Company
5212,TP Baseball
5213,Toler Company
5214,Kim Books
5216,Funfair Oy
5218,The Christian Research Corporation
10948,Swing Toys Co.
5219,Ornament Publications
5016,Games-In Verlag
5220,Phase-Verlag
5221,Jacmar
5222,Wordyworld
5223,"Chicago Sports Trivia, Inc."
5224,Wiremelon
5225,Lullab Inc.
5226,Spieleverlag Jürgen Bole
8766,Dayton Hudson Corporation
5228,"Proplan, Inc"
5229,firstedition
5230,Tripoto
5232,Dickens and Greenwood
5233,Kotaco
5237,De Nederlandsche Biscuit Fabriek
5238,Star Toys
5240,ALLABOUTFOOTBALL
5242,Parlourmaid
5243,Carbébé
5246,Blarney Co.
5248,Artstraws Ltd
28311,MBC Nome Company
5249,Jukka-tuote
5250,Shooting Star Press Inc.
5255,Everon International
5256,Lahti & Tarkki
5257,Wargames Journal
5260,Comunità Montana Peligna
5259,Museo di Storia Naturale: Sulmona
5261,Rupicola Productions
5262,mathpuzzle.com
5264,On The Ball Marketing Inc.
5265,1A Spiele GmbH
5266,Shivas Games
5267,Simbre
5269,Mytec Game Enterprises
5272,The Walt Disney Company Italia
5273,International Games Pty. Ltd.
5274,"DS-Max USA, Inc."
8129,"E-Systems Publications, Pty, Ltd"
5276,Patwell Enterprises
5277,YouPlay.it
5278,"Growth Industry Computing, Inc."
17657,Darling Freight Company
5280,Lawhead Press Inc.
5281,TTO Productions
5282,Franklyn Global Concepts
5283,Progressive Trading
5284,Ooga Booga
5285,Network Mall
5286,Tri-King Enterprises
5287,Slang Games
5288,Bjarmaland sf.
17711,Kaplan's Ideas & Designs
5289,United Publications
5290,Osuuspankki
5292,Pro-Network Associates Inc.
5293,Innovative Promotions International
5294,"AAA Thought Co., Inc."
5295,Primeval Games Press
5296,"BapBop, LLC"
5298,SweGame AB
5299,N/N Games
5300,Local Games
5302,Keppler & Fremer GmbH
5303,Shiperio Games
5304,Loren Dunton & Associates
5306,Edizioni Sonda
5305,Lisem
5308,Gameware Publishers
5309,The Company with No Name
5310,"Zocker Toys, LLC"
5312,Four Horsemen Enterprises LLC
5313,Deep Creek Enterprises
5316,"Rotaryclub Haelen-, Leudal- en Thornerkwartier"
5317,PastimeGames.com
5319,mac-Spiele GmbH
5321,Truth Triumphant Publications
5322,Griffith Games
5323,Contraception Education Limited
5324,Lone Wolf Productions
457,Taurus Games (I)
5325,Shieldwall Games
5326,Matthew Johnston Games
5328,"America Trivia Challenge, Inc."
5330,Organic Valley
5331,International Island Entertainment
5333,Weltenwerk e.V.
5334,Walk-In
5335,Lutz & Sheinkman
4323,Northeast Games
5341,PRIMAX ApS
5344,Shane Carter
5345,Graphix4change (web published)
5346,Kid Galaxy
5347,Ordered Flexibility
5348,Gallop Home LLC
5352,Ace Murder Mystery
5354,"AdventureQuest, LLC"
5356,"RoJo Enterprises, Inc"
5357,Gong Gruppe
5358,Chicago Game Co.
5360,SEGA Corporation
5361,Chris Harding Simulations
5362,Me-My
5363,Gogra Games
5369,Freeform Games
5370,Kodiak Games
5371,Promotion Psi International
5373,S&F Enterprises
6690,Lesney Products & Co. Ltd.
9445,The Butler Didn't Do It!
5374,Murder Mystery Games Ltd
5377,JC Designs
5378,Reroll Games
5379,Sari BV
5383,Dufur Enterprises
5385,Team Kiritanpo
5388,In Games
5389,Amusements G.S.G. inc
10412,Irregular Miniatures Ltd
5390,League Leader Boardgames
5391,Folex
5395,Italtrading
5397,Ludomania
5398,Egyptian Enterprises
5401,Innovations Chateau Noir inc.
5402,Willie the Whale Games
5403,"Amazing Ideas, Inc."
5404,"Hardin Games, Inc."
7145,Maverick Games Co. (Board Game)
5405,Sonny Company Limited
5408,Morpho Productions
5409,Lightspeed Ministries LTD
5410,Canvesco inc.
5413,"Book Pillow, Inc."
5414,Destini Productions
5415,Reily and Lee Co
5416,Citation Products
5417,Borg-Warner Chemicals
5420,R. M Samuels
5421,Koning Boudewijnstichting
5422,Lotus Light Publications
5423,Bradford Don Bixler
5425,Hero Factory Games
5426,Educational Motivation Systems
5427,NBV
5430,Bes Toys Co.
5431,Carddice Games
36545,Supra SC Corp. Bombay
5432,Weston Biscuit Co. Ltd.
5434,URU Productions
5435,Korall Co.
5436,Little Africa
5437,DIGIVersity
5439,Sudoo Games LLC
5440,Spokes n Spurs
5441,Rowdy Games
5443,Frenetic Dragon Games
5447,Wicor
5448,Child Like Creations LLC
5449,Funcor Inc.
7248,Gardner Games (II)
5451,Prowess Idea & Development
5452,Spark Games LLC
5453,"IWS Enterprises, Inc."
5454,Go For Launch Games Inc.
18376,Chille's Enterprise
5455,PlayBright LLC
5456,White Sand Games
5457,Rogden Company (4827)
17719,Stroehmann's Sunbeam Bread Game
5458,DCI
5460,Atwal/Jonasson Inc.
5462,"Blugras, Inc."
5463,Valitut Palat
5464,BAE Systems
5465,Skookum Jump Rope Company
5468,Linya Company
5469,The K-Game Inc.
5470,Distributions Numéphrase
5471,Oulun yliopisto
5472,Brighthouse
5473,California Exotic Novelties
5474,Quikky Games
5475,Brot fuer die Welt
10781,Shakin' the Tree Productions
7152,The Fat Pack Playing Cards Company
27457,Gefa
5311,Yi Qi Intellectual Toys
5482,We3Chefs.com
5483,Go Bazaar Limited
5484,"The Coaches Game, Inc."
5486,Gijs Timmermans v.o.f.
7295,Order'Am Inc
5487,Jomando Games
5488,Wicküler Brauerei
5489,Communications SportStar inc.
5490,E.S.R.
5529,SWS Games
5493,Us Productions
5494,"East Koast Games, Inc."
5495,Enduro GmbH
5496,Blowtorch Group
5497,mytaras
5498,Urban Design Corps (UDC)
10828,Clever Games SA
37248,Sierra Pacific Ventures LLC
49730,Oy KSB-sport Ab
5501,Anderson Family Games
5502,Game Publishers Associaton
5503,BB Games
5505,AdSigna Publications
5506,Canis Publishing
5507,800 Board Games LLC
5509,The War Times Journal
5511,Academic Press
5512,Resort Enterprises Ltd
5513,Almar Press
5514,EMD Enterprises
5517,Balanko Inc.
5518,Field Educational
5519,Wingspan Games
5520,Scholartainment
5524,Kelmar Games
5525,World Bowling Tour
5531,Game Werks
5532,Snovid
5533,Oikos Global
5534,Chalk Talk Hockey
5535,Imperium Publishing Company
5536,Vasamuseet
5537,OLW
10917,Armémuseum
5538,C. F. Arwidssons förlag
5539,Playerz Games
5540,Attic Games
5542,Vannpire Inc.
5543,Gymstones
5544,Peter G. Thompson
5545,Stewards Limited
5547,Strategie S.
5548,Cowan and Gadd
5550,Highlights
5551,Play Games UK Ltd
5552,"B&D Industries, Inc."
5553,Fleur Designs
5332,White Tiger
5554,The Tin Dictator
5555,"Ness Adventures, Inc."
5556,Red Wolf Games
5558,Metrix Corporation
5571,Sun Game
5561,Worlds Apart
5562,NGE
5563,HOME
5564,Theraplay Inc.
5566,Treyco Games
5568,"Storey Publishing, LLC"
5570,Schuchmann-Falk
16981,Playchest Games
5572,A & A Game Engineering
5573,Edge Games LLC
5574,Complete Wargame Packages (CWP)
5576,European Climate Forum
5575,Munich Re
5577,Coutts Academy of Excellence
5578,A.C.A.L.
5579,Contrevents
5580,First Down Derby Inc.
5581,"Linebacker, Inc."
10734,Perma Gmbh
9619,Sidney A Tarrson Co.
5582,Professor Smarty Games
5584,Clamchowder.biz
5583,Matt Lehman
5585,"Tékumel Games, Inc."
5586,Diputació de Barcelona
5587,Tamdem éditions
5588,Beckin Marketing Concepts
5589,The Kamber Group
5591,Palm Expressions
5590,Polly Games
5594,Edward Ryves & Co.
5595,Survival
5596,Offset Gravure Corp.
5599,Gamesystems Inc.
5600,GDS (Game Development Systems)
5601,VIV Familee Games International
5602,The Tekumel Journal
5604,Texantics Unlimited
5605,Prowler Games
5606,Warzone Entertainment
5607,"Gorsky & White Games Unlimited, Inc"
5609,"Voyagers, Inc. (Essex, CT)"
5610,Global Giggles
5611,Wheatley Distributors
5615,D8 Fabrica de Juegos
5616,Creative Kids
5619,Bill Cobb Productions
5620,Super-Ape Games Limited
5624,Digital Alchemy
5625,On The Spot Games
17082,"Marksberry, Randal K."
5626,DigiCube
5627,"The Big Play, Ltd."
16930,The Parker Games Co Ltd
5630,Penchant Enterprises
5632,Millen Entertainment Ind
6195,Old Wooden Games
5634,Alfa  Romeo
5635,Vandelay Games
5636,Northern Cross
5638,Russ Berrie and Co.
5641,Starlight Games
5642,Martin David James Publications
5644,Spare Brains Games
5645,Steam Logic
5649,Fenryll
5650,Secret Doors Game Studio
5652,Brothers in Arms Games
7348,Oilfield's
5655,Political Favours Pty Ltd
5656,Sherman Games
5659,GamePoint Inc.
5660,Coin Hopping Games LLC
5661,Quintessential Games
5662,Owen A. J Ltd
5663,Rosser Industries
5664,"Richard Maroist Toys and Games, Inc."
5666,Wicked Good Games
5668,Hetzerdog
5669,kupferberg-kreativ
5672,Activité
5673,Jeux et Pratiques Ludiques
8973,Treasure Trails (TT) Games
5676,Lone Star Products
5677,Polaris Games
5681,Forum Novelties Inc.
5682,Party Hard Corps
5683,Interest Developments
15330,Crico
9180,Puzzazz
5687,Redfly
17645,Dad's Ink Ltd
8086,"Camden Products Ltd. Tulsa, OK"
5688,Piknik Imports
5689,Hanzo Games
5690,Dynamite Card Game Co.
5693,Crucifiction Games
5694,"Racecraze, L.L.C."
5696,Freedom Within Foundation
10655,J & J Company
22331,Woodkrafter Kits
5698,Totem taller creatiu
5701,Blue Bucket Games
5703,Duca Associates
5705,The Drag Racing Game Co.
5706,Borocay Enterprises Inc.
5707,Vickers Holdings
5708,Tucker Enterprises
5711,Delta Ediciones
16792,Jane's Games
5715,Holaday & Shields
5717,Games II Toys
5718,Showtime Entertainment
5719,The Young Scientists Club
5720,Bugle Call Publishing
5721,"Horsemen Game, Inc."
11854,J. F. Steinkopf
5723,Klauber Novelty Co.
5724,IntelliFun
5726,"Porpoise Productions, Inc."
5727,"The Control Box, Inc."
5728,About Time! Games
5730,The Wargame Room
5731,Sophia Publications
5732,Daichi Co.
5733,Kosh-Marr
5734,Balkon Verlag
5735,Zeta Games Ltd
5736,Flag To Flag Racing Game Inc.
5738,Trigammon Games LTD
11235,Harbutt's Ltd.
18647,Orli Jouet
5739,ManorHouse minatures
5740,Playmore
5741,Timbro
5742,Eagle Games Ltd. (I)
5744,Natchos Limited
3299,Melins
5746,Scandecor
5748,Sauty & Cie S.A.
5749,Jeux-Thèmes-Stratégie
5750,Toy Creations
5752,Earthalert
5751,Mike² Inc.
5753,Polygonboard Co.
5755,"P. S. Arcana, Inc."
5756,JRoundTable Enterprises
5757,"Nabar Games, Inc."
5758,Stikfas Pte Ltd.
5759,Alpha Games
5760,Interstate Games
17714,Essen & Trinken
5762,Seedling Games
5763,Maneuvering Games
5765,Just Premiums Pty. Ltd.
5766,patomike
45664,East Wind Rain Co
5770,The Randolph Rose Group
5771,Gosling Press
5772,Newbury Rules
45136,Asgard Miniatures
5773,Profile Games
5775,Lindenwood
5778,Real-Action Games (Va)
5779,Adesso ci penso
5780,Media Mogul Ltd
21502,Baumgärtner's Buchhandlung
5781,Creative Solutions
5783,Buzz Games
5784,Empire Trading Card Company
5785,"Endless Horizons Entertainment, Inc."
5786,Tagesanzeiger
5790,"Media Firma, Inc."
5791,Toss Ink Pty Ltd
5792,Sutton Games Corp
5794,Sharon International
5795,Hope House Games
5796,"Horse Maneuver, Inc."
5797,ST-Pelit
5798,Verlag Unique
31006,Marvin's Magic
5800,Leoni sports et loisirs
5801,Boy Scouts of America
5806,Game Source International
5807,Hunters Toyline
5809,Intempo Toys
5810,ASEAG
8346,KFFMenterprises
36716,Walter Johnson Base Ball Games
5818,Marks Brothers Company
5819,Trans-World (International) Pty Ltd
5820,Legends
5821,Veritas Games Company
11815,Parkson
5822,Advanced Play Pty Ltd
5823,"Georgia Trivia Products, Inc."
5824,Environmental Games (Jersey)
5825,Henry Zabel Limited
46938,Pharos Games Ltd.
5826,"Horizon House Publications Europe, Inc."
5828,Controller Games Ltd.
5829,"CMI, Inc."
5830,Flip Wars
5831,No Quarter Fantasy Wargames
5832,Beit-Yesharim Ltd.
5834,Alawhe
5835,ICUP Inc.
5836,KDK Products
14133,R. D. Fleck & Company
5838,Strategy Golf Inc.
5839,Faller
5840,MGV Agencies Ltd Wellington
5842,Block Inland Ltd.
5843,GTS
5844,Tessloff
5845,Learning Well
51018,Paradise Press Inc.
5847,"Pentagames, Inc."
5848,Saunders Games Corporation
5849,The Walnut Group
5862,Spunky Chicken Games
5851,DR. M
5852,"American Iguana, Inc."
5853,High Voltage
5854,BVHE
5857,Bryceco
5860,Try Time ltd
50202,Learning Advantage
5864,Golden Press
5865,Comico Gaming
5866,Shalbury Games
5869,Distraction League of the Cuckoo Trail Cabal
5868,POEE UK Resource Centre
5871,Production G.D.M.S. Inc.
5841,"Dark City Games, Inc."
9955,Diamino
5875,Monday Morning Quarterback Inc.
7929,Variant
5878,Wild Planet Toys
15626,Ed. Plesa
5879,"Current, Inc."
5883,Zweistein Spiele
5884,Oxford Game Design
7965,Patriot Games (1990s)
5886,CPM Associates Inc.
24655,Galvin Productions
5890,"International Commisions and Royalties, Incorporated"
5891,Solid Wood Productions
5892,Millennial Game Co.
5893,"Collier Products, Inc."
5894,Ultimate Products
5896,Assassin
5898,Atomic Mix
5900,Polytimer Ltd
5902,"BAOA, Inc."
9328,Toot Toot Toys
8390,George E. Schweig & Son
5903,Nobelmuseet
5904,Connie Brown Games
5905,Mannerheimin Lastensuojeluliitto
5906,G E Fabbri
5907,Trivagory Enterprises
5908,Triangel GmbH
5909,Mi
5911,Rimkeit-Walker Enterprises
5912,dinozoo inc.
5913,Stonerware
5914,"SuppaStar Entertainment, LLC"
5915,NewVenture Games
16887,Veritas
5917,"HAE, Inc."
5918,Stress Education Center
29755,VEB Roh- und Feinkartonagen Leipzig
5919,"5 Minute Games, INK"
50537,JcT Designs LLC
5920,TKDesigns
5921,Triad Games
5922,Shernat Enterprises
5923,The Hart Vance Co.
5925,LunaNL
5926,Silver Wolf Productions
5927,XYLYX Computer Entertainment Ltd.
8677,Exmoor Games
5929,Patriot Games
5931,Fitzpatrick Bros.
5933,"Nobel Games, Deventer, The Netherlands"
5937,In-House Produkter
5938,Battlestandard Wargames Group
5939,Bramhall Woodware Ltd.
8514,Theodore Presser Company
5940,Playmaker Products
5943,Arplay
5945,Harmony Toy
5946,Gamer's Guild
42559,"Yoyodyne, Inc"
5948,Stone Age Scanners
5949,Niagara Game Systems
8550,"Super Chess, Inc."
5953,Singlish Mopping
26748,Rust Devil Games
5954,Titan Military Miniature Products
5955,"Spencer Price, Inc."
5956,"Continental G.I., Inc."
5958,"Table Top Games, Inc."
5959,Kandi Games
5960,Mom & Dad's Kids Co.
5961,S. Alden Inc.
5962,"Ohio Sea Grant College Program, The Ohio State University"
5964,Hudson Soft
5965,Freez! Games
5966,Idiosyncrasies Inc.
5968,"Adventure 8 Productions, Inc."
5969,Destiny
5971,Green Island Games Company
8116,No Turkeys
5974,Aerie Games
5976,The Improviders
5978,Chemistry Teaching Aids
5980,Mandricks & Cool Worldwide
7881,Doppler Games
5984,Neue Triangel
5986,Tompsett Productions Ltd
5989,Chamberlin Games
5990,Ceridian Corporation
5991,Rugby Trivia International Ltd
5992,A Yossi Toiv-Heshy Walfish Conspiracy
5993,Spartan Sports Games
5995,Wm. Sessions Ltd.
5996,Tan-Sad Ltd
5997,"CSAM, Inc."
5998,North Central College
5999,"Students in Free Enterprise, Inc."
6000,Identity Concepts Inc.
6001,Blue Chip Games
6002,Negoces
6003,LudikLab
6005,Johnson Pacific Publishing
6008,Athena Games
6009,Firechild Games Ltd.
6017,Gyptis Edition
6019,Lightwave
6022,Dilex Co.
8792,Delta Pastimes Ltd.
6024,Strategy Gamers World
6026,"Corx, Inc."
6027,intermedia/Oerlinghausen
6028,Oak&Acorn
6031,"JCD Inc., Indianapolis"
6032,Matador Games
6034,A Better Way of Learning
6036,Communication Concepts Inc.
6039,"Betzold Games, Inc."
6041,Die Keure
6042,Strategy Wave Studios
6043,Big Eye Games
6045,Ajena
6046,Fränkischer Tag Spiele
6048,Evasion Games
6050,Averbode Uitgeverij
10037,Palantir VZW
6051,Standaard Uitgeverij
6052,PIA-gruppen
28518,Melcraft
6053,Jason Games
6054,Surf the World Enterprises
6055,Decalud
6056,L. D. H. & Associates
6057,Empak Publishing Company
6059,Fantasy Games Ltd.
6061,"B. T. Angileri, Inc."
6062,Brown Bag Enterprises
6063,"Lykeable Products, Inc."
6064,"Bhav Enterprises, Inc."
6065,Ju Ju Baby Enterprises
6066,Perception Strategies
6068,Joc Play
23929,Westport Graphics
6071,Papito
6073,VIA Spiele
7773,New Dimensions
6074,McGregor Int. Inc.
26262,Spaceial Enterprises
6075,Mitsubishi Motors Europe
6251,Roudes
6076,Candidates Incorporated
6078,Calcraft
6081,Am Pm Promotions
6082,Huile de table des Chartreux
6083,Chefaro Nederland bv
6084,Imagebooks Publishers bv
6085,Editions Gloux
6087,GMFR
6089,Panorama
6090,Family Night Games
6113,SOFIA Foundation
6094,ARES Tech
6095,SilToys
6096,NAQ Games
6097,Money World Asia (HK)
6100,Johann Game Design
6104,Tuzzles
6105,Betexa
6106,Four-Color Figures
6107,Amsco Toys
6109,Current Company
18375,BP Educational Service
6110,"Synestructics, Inc."
6114,Engandí S.A. de C.V.
6115,Therapro
6117,S36 Jeux
6118,WJB
6119,VDO
6120,Canelli
6121,Samourai
6122,Butagaz
6124,Millatoner Games
6126,Team Crossroad
6130,Rohde Spiele
6131,Cronus Crown
6132,Roundabout Five Ventures
6135,Lido
6138,Imotep
10126,Convivium Cooking Inc
6139,Living Earth Games
46611,Verlag 22
6140,Dynamite
6141,Młodzieżowa Agencja Wydawnicza
6142,"HexChess, Inc."
6143,Midson (London) Ltd.
6147,"Playgirl, Inc"
17460,Umpqua Games
6148,Jasmine Publications
6150,Hores extraordinàries
6151,Corriere dei Piccoli
6152,Timbre
6153,Azul 4 Juegos
6155,H.D. Industries
6158,"Midwest Marketing, Inc."
6159,"Innotoy, Inc."
6160,International EyeCatchers
8566,S.E Flordia Marketing Inc.
6161,Jaspar & Moorsel
6162,Corporate Games 96 Ltd.
6163,Guidecraft
6164,R. C. Enterprises
6165,"K & K Enterprises, LLC"
6167,Cartel Company
6168,Carambole
6169,Schweizer Familie
9435,The 100 Games
8659,Spieleverlag Dr. Lindenberg
6887,Albert Ziegler GmbH & Co.
6175,Topco
6178,Noir Dessin
6179,CAI
6180,I-Q Enterprises Inc
6181,Truity International Pty. Ltd.
6182,Junior Kramer
6183,arte ludens
6184,C-Fax Publishing Pty Ltd
6185,Eat My Trivia Inc.
6186,Facabo
17743,Gaming Hoopla
6190,Juegos Mamon
6191,WestFocus Entrepreneurship
26830,Elemental Media Productions Ltd
6193,Loop Cards Publishing Ltd
6196,Shred Magazine
6198,Pendraken Miniatures
6199,"Academy of Magical Arts, Inc."
6200,"Baby Delivery, Inc."
6201,Jokerman
6202,Game and Toycraft inc.
6203,Tredyffrin (Take Along Games)
6204,W.B.G. Publishing
6205,Panic Card Co.
27544,Phoenix Games (II)
6209,"World Wide Games, Inc."
6211,Challenges & Creations inc.
6215,Oleo-Spiel
6216,Weskel Games
6219,Paulig
36107,SEK & GREY
6220,"Go Farr It, ltd."
6222,Renaissance Man Games
6223,An Income of Her Own
6224,Environment Agency
6225,Groundwork
6229,Visual Chemistry
6230,Bagicha Games
6231,Bringuedos Saxonia LTD
6232,Ace Power Trumps
6233,Principla Stamping and Mfg Corp
6235,Fut-Bal co.
6236,General Brands Corp
6237,AAD Services
23987,Edutoys
6240,Blert Inc.
6241,"Evolutions Digital Entertainment Studio, LLC"
6242,Dropwing Game Systems
6243,Dixon-Paceway
6244,Quiz & Co
23370,Gamecard Limited
16602,Gaymes Ltd.
6245,Normal Warfare Publications
6248,Copenhagen Edge
6250,"Mediaeval Miscellanea, LC"
6252,Zeitungsgruppe WAZ
6253,Edition Malibu
6254,"Pace Products, Inc."
6257,Sandcastle Design
6258,Association Franco-Yukonnaise
6259,Trivia Craze LLC
6260,Northwest Quilting Productions
6264,Ulster Imports
6265,Paddy Griffith Associates
6270,J.F.M. Games Co.
26297,Ages
6272,Logacta Sports Games
6273,Piccoli Casa Editrice
34241,Dianagraf
6274,CP International
4895,Historical Military Services
6277,Avespace
6279,Scenario Sports
6280,Cricket Australia
6282,Pennant Products
6284,Three Monkey Games
6286,H G I Marketing Services
6287,Kruzno
6288,Yimi Sdn. Bhd.
6289,Payoff Enterprises
6292,Vizor Publishing
6295,M & K Games
6296,The Wing National Game Co.
29096,"Game Makers, Inc. (II)"
26973,Reef City Productions
6298,Chisi Corporation
6299,Rand McNally
6300,Dungeon Dwellers' Guild Games
6305,The Double Dragon Company
6306,Westly games
6307,Fernel
6308,Impartation Idea
6309,Dragavan Games
6311,Trendmasters
6312,Städte Spiel-Verlag
24721,Tennis World
6313,Sandlake Games
6314,My Fleat
6315,Jagabongo UK Ltd.
6316,Kid Stuff Marketing
6317,Games & Toys Express
11426,Sveriges Radios förlag
15923,SVT
6319,FuGS
6322,Pro-Am-Pro Pty. Ltd.
6323,Athletic Products Co.
814,Quality Games
6324,MG Games Inc.
6325,Shire Publications
6336,Berthume Enterprises
6340,Cravenhurst
6341,Len Hunter Trading Co.
6342,Nethercottage Games
6343,Lefran Games
6344,Exner Enterprises Inc.
6345,ETLog Health GmbH
6346,Guardsman Games
31586,"Fog of War Publications, LLC"
6349,IM Tim
6353,Lion Brush
6355,A-B-See Marketing
6357,Spywars
6358,Éditions Vents d'Ouest
6359,Westar Mining Ltd
6361,Associ-Eights
6363,Infinity Communications Ltd
6365,Master Toy Co.
6366,Le Journal
8876,Tin World
6368,Teancum Games and Products
6371,Genesis Family Today
6372,SuperDimension Games
6376,Magazyn Gry Planszowe
6378,Bumblebee Games
6381,Pugnacious Games
6386,John Wannamaker
6387,Sceptre Seven Interactive
4245,Over the Wire
6389,Rhode Island Game Company
6390,Artray
6391,"Jayline Mfg, Co."
6392,Paragon
6393,Planned Movement Production
48032,Atlas Press
6394,Editions Gérard Lebovici
6461,British Isles Traveller Support
6402,AS KALEV
7837,Rakett
6403,Junior Chamber International Kotka
6410,Zakgames
6411,Elements
6413,"Kvale Good Natured Games, LLC"
6414,Imaginary Empire Games
6415,Jolly Game
6417,Paladuro Games Inc.
6419,DemiDec
6420,Quiggs & Company
6423,MSD Games
6425,Coop Breizh
6426,Bear Island Crafts
45325,MedicCast Productions
7606,Perfect Pro Bowling
6635,D'Abico Holdings PTY Australia
6430,Warmenhoven International
6431,"CanAm Marketing International, Inc."
6434,Raamatun tietokirja
6435,White Rabbit Games
6436,Colorful Products
6437,Calgary Stampede
6440,Kids Rights
6441,BDJ Enterprises
6443,Action Sims
6444,"Municipal Service Corp., Ltd."
11516,Building Zion Together
6446,His Game Co.
6447,Mother Inc.
6448,"Stratagame, Inc."
15727,"Picture This, Ltd."
6450,SAS Games
26874,Verlag Bernhard Lehnert
6451,Verlag Die Wehrmacht
6452,Aldon Accessories Ltd.
23179,Joker AG (Austrian publisher)
6453,R. F. Development Co. Ltd.
6454,The Games of Fashan
6455,Fridolin Verlag
6456,"Acronymity, Inc."
6458,Melkor-Bradley (web-published)
6460,Gameyex
13326,PAN Vision
6463,Corinthian Games
6481,Triball Ltd
6465,Owch Family games
7401,Simply Great Games
6467,XBrains
6470,Smart Games
6471,Quizzit Pty Ltd
6475,Tedesco Enterprises Limited
6477,Esperia s.r.l.
6478,Boom or Bust Pty Ltd.
6479,Editions Linguatheques Inc.
6480,Tablero Sangriento
6482,TROX Games
6483,"Creative Specialties, Inc."
6484,Dellightful Games
6485,Visypak
6486,Battles for Empire Publications
6487,"Exponential Growth, LLC."
6489,"Sun Hing Toys Co., Ltd."
6512,The Happy Game Makers
6491,Groupe D.F.
46939,Kemco
6493,Nubian Jak Ltd
6494,Universal Gamelords
6496,Kleo Games
6638,Sesamer Oy
3256,HarperCollins
6497,J. D. Neff & Son Game Company
6498,Weber Enterprises
6499,Smith-Edwards Co.
6501,Emily Rose Corp.
6502,West & Lee Game Company
6503,Chaffee & Selchow
6504,Nine Inning Classic
168,Stanley Kubiak
6505,LIA spel
6507,MacDougall & Company Pty. Ltd.
6510,Fun & Games
6511,Baseball Mania Inc.
19296,Cortex Games Ltd
6513,Advanced Food Safety Limited
17739,LSES
6515,Battlegames
6523,Fun Games Inc.
6524,Firestorm Ink
7420,Destainia Games
4427,Character Options
6525,Around The World LLC
6526,Marty's Games Corp.
6527,Evolving Toys LLC
6528,"Zany Eights Productions, Inc."
6529,Play on Words
6530,Stoll & Edwards Company
6532,"Nolan, Markham, Ontario"
6533,Dubious-designs
6534,Jigsaw Educational Toys P/L
6537,Chesapeake Bay Trading Company / Foreign Advisory Service
6769,Clube Somnium
6538,Pagés/Terranova
6539,Game Ideas Ltd
10959,Trends UK Ltd
6540,Linguamón
6541,"Moms on Edge, LLC"
6542,Giddy Goose ‘n Gander Games
6543,Homogenius
6544,"Sound Advice, Inc."
6545,Goodword Books Pvt. Ltd.
6546,VitiVini LLC
6547,English Tiger
3016,Master Play
6548,Spel-Maker
7662,Wizkids (II)
6550,"Beyond Learning, Inc."
8752,Genie Toys plc
6553,FunBrandz
6554,TV-Fun
6555,The Gameologist Group LLC
10378,Wydawnictwo S.R.
6559,Volangulary LLC
6563,Spiel-Denkfabrik Ltd.
27175,"CAM Rider, Inc."
6565,Tarheel Games
6568,Card Golf
6569,MdMV Games
6570,Kestrel Books
38992,Omniboek
16791,Redoubt Enterprises
6578,Made By Hands
6581,"Faust, Kutzman, Queen Inc"
6583,Red Raparee Ltd
6585,Maritime Familiespill
6584,Nautisk Forlag
6586,Bare Brothers
6587,Crossover Technologies
6588,Bokförlaget Opal
17752,Ometepe-Projekt-Nicaragua
6590,Substanz as
6771,L'Auberge des Jeux
6592,"Peace Works, Inc."
6593,"World*Class Learning Materials, Inc."
6598,Infidium Games
6599,Counter Products Ltd
6600,Saga Kunstforlag
6604,Super RTL
6605,M.J.M. Australia
6606,Gillham Games Inc.
6608,MPC Games
16096,CGC
6609,Kage/Gainer
6611,Windsor
12048,Bertelsmann
6612,Teepee Creative Limited
6613,Knext Card Game Company
6614,Otto Kraus
6616,"Tabby Toys, Inc."
6617,Lotts Toys Ltd
6618,Kentalong Ltd.
6619,Binary
6620,Zeus Publications
6621,Sibling Revelry
6622,Broco
44186,Napier Games
18016,Joyment Ltd.
6631,"America's Choice Games, Inc."
6627,ILKA Förlagsprodukter AB
6630,Golf Games International LLC
6632,New World Entertainment
6633,Glenrose
6634,Word Wrangles Pty. Ltd.
6639,A G K Games
6640,Nicotext
6642,"Flaming Monkey Games, LLC"
6643,ERH
7661,Audax Club
6644,Edisigne
6645,World-Opoly
6648,Game Central
6668,Papercut Games
6651,John Kovack Co.
6650,Nordiska Spelprodukter
6652,Rhythm Band
6653,Skelton Shelton
6654,Poko Records
6666,Scorpion's Nest Tactical Gaming
6655,Kits Games Corporation
6656,K. Ready
6658,Games & Names
6662,"Connected Concepts, Inc."
6661,"Excel Development Group, Inc."
6663,Alphabet Soup Co.
6664,"Spokadena Enterprises, Inc."
6665,Developmental Design Auckland New Zealand
6676,"Yotta, Inc."
6677,Snively Plastics
6678,Comercial Figo Ltda.
6679,CSS Chicora Production
6680,"Listerik Products, Inc."
17695,Herbert Stone Pty. Ltd.
21751,Omega Games (II)
6683,Pizarro Miniatures
6685,Graafiset Oy
6686,Supergames Ltd
6687,Maxigames Corp.
6688,Mint Games Ltd.
24500,Gio Enterprises
6693,Bright Sparx
6694,Belgo Game
6696,Idea Storm Products LLC
6697,Little Shoe Publishing
6698,Historic Enterprises Company
6699,Acumen Board Games
10471,Hermanns Spiele
6700,Fingers Crossed Games Ltd.
6703,Jawbone Productions
6704,Ambienti Games
6705,"Angel Banner Products, Inc."
6706,Our Game Co.
16630,Ludeki
6707,Oddes
6710,OJC Games Incorporated
6712,"Quie, Inc."
6715,John Toy
6716,BMB Games and Laminating
6717,Consigliere Games
6718,Adler Productions
6719,JJT
11964,"Nothing by Chance, Ltd."
6722,Ajuntament de Barcelona
6721,Impuls Comercial XXI
6723,Mindbender Puzzles
6724,"Math Concepts, Inc."
6726,Oddities Ink.
6727,Gray Elf Graphics
6728,Slice of Life Games
6730,A Step Beyond Nowhere
6732,Braddock-Scarnie Game Corporation
6734,Oozlum Games
6735,Talonbooks
6738,MeesPierson
6739,The Game Hut
6741,LinguiSystems
6742,Outland Games
49643,DAN LEG
6743,"Wordware Publishing, Inc."
6744,Firmament Games LLC
6745,Unstead-Moore
6746,Giuditta Giochi
6748,Board Games Entertainment Inc.
6749,Styks
6751,Baldwin Manufacturing Co.
41792,Captain Action Enterprises LLC
6752,Kool Pops
39932,Small Monsters Games
6754,Hart Toys
6755,Insult Games
6757,Hart/Ridge
6758,Karafe Games LLC.
6763,Sakina Productions
6764,Bolletje
6766,Chill Wind Games
8115,"Oriental Flagship (BEIJING) International Technology CO., LTD"
6786,JOG
6775,Maverick Enterprises
6776,Night of Mystery Games
6777,Tip Verlag
6778,Fussballsticker
6779,Logan
6780,"My Love Music, Inc."
6781,Brandywine Press
6782,Signifer Club Vicenza
8368,Kaupunkipelit/SKT Oy
6783,Palmito Editions
6787,The Economist Newspaper Limited
6789,Inspiration AB
6792,Creative Toys Ltd
6793,Novus
6794,Jeux Zero Zero
6795,Pfeffer und Salz
21934,Game Line
6796,Katapulta S.L. (I)
6801,7-Up
6802,20th Century All American Enterprises
6803,ABC Promotions
6804,A-Be-Co
6805,Accu-Stat Game Co.
6807,Air-O-Games
6808,"Alcazar Games, Inc."
6809,Aldon
6810,A-List Production
6811,Allison
6812,Alphxis and Omecyn Enter
6813,"Alucard, Ltd."
6814,American Airlines
6815,"American Board Games, Inc."
6816,American Radar Corp.
6820,Century Game Company
6821,Carolina Art Games & Entertainment
6822,Alesia Games
6823,Top That! Publishing PLC
6825,Crusader Miniatures
6824,Damage Control Games
6827,New Visions
6828,Movie Licensing Games
6829,Custom Games & Packaging
6830,battle-market
17731,Zed 'N' Co Games Ltd
45679,Economic Game Company
6831,Newbie Game Company
43821,yourPlay
6832,Gemini Games (USA)
6833,Doran
6835,Tactical Command Games
6837,Image Engineering
6838,Oakwolf Creations
6839,RS Design
6919,Beaver Books
10343,Symbiosis Publishing Ltd
10688,Leeyon Gifted Games
6841,Best Value Games
6842,Amnesty International Finland
6843,"Woods Inventor Group, Inc."
6845,Tycoon
27785,The English Bridge Union
6849,Skirmish Line Games
6850,Illektron LLC
6851,Compucards Inc
6853,VGZ Zorgverzekeraar
6854,"The Motley Fool, Inc."
6855,"Family Development Resources, Inc."
9461,Vullierme / Vulli
6858,Trinity Productions
6859,All in 1 Products Ltd
6860,Actiongable Ltd
6861,Network System Products
24435,"Critical-Hits Studios, LLC"
6862,Jnh Toys
9484,BTF Enterprise
6863,LPD Games
11169,Bowles & Carver
6864,Carrington Bowles
6866,Andrew Sage Art & Entertainment Ltd
6868,Kom-Pak
6869,Tofa Semily
6871,Wesley Industries
6872,"Great Century Game Innovations, Inc."
6873,Mid America Games
6874,Forbidden Books
6877,ParentBanc
6878,PCI Educational Publishing
6879,Eberhard Faber Toy & Game Co.
6881,Peterka Creations
6882,James Palmer & Son
6883,Hudson-Kimberly Publishing
7966,William Clowes and Sons
6886,"Motherland, Inc."
45481,Koperattiva Kummerċ Ġust Ltd
6888,Pangea-Niente Troppo
45482,Reviravolta
45483,Society for Fair Trade and Development Education
45480,ΕΚΠΑΙΔΕΥΤΙΚΟ ΚΕΝΤΡΟ ΓΑΙΑ (Gaia Education Centre)
6889,"Play To Win, Inc."
6890,J. B. Williams
6895,AB Food & Beverages (Thailand) Ltd
6896,"Kippy Productions, Inc."
6897,James Reeves & Co.
6898,Friedhelm Merz Verlag
6899,Call Sign 7
6900,Ewing Manufacturing Co.
6901,Kenworthy Educational
6902,Sanwah Keen Game Co.
6903,NALPAC
6904,Metagon Pty Ltd
6905,Hack Away
6906,Boule-Cult
6908,Peterson Games
29056,"Child Awarness, Inc."
6910,DreamPunk Productions
6911,Bonnie Terry Learning
6913,Anno 1397
7700,Jerome M Remmick Co.
6915,British Waterways
6917,New Games Foundation
6918,Youngcraft Pty Ltd
7488,Petit Jour
10082,Berkley Books
6920,Alchemia
6922,Johnston-Crowder Manufacturing Co.
6923,TFT Industries LTD
6924,Museum Pictoris
6928,The Dingman Company
6929,"Colorado Innovative Concepts, Inc."
6930,ToyQuest
6931,Smart Kids (NZ) Ltd.
6932,Milieu-Educatie Bureau Gijsbers
6933,Lord and Freber
6934,Winlock Enterprises
6935,Harley Productions
6937,Bayview Games
6938,Magnet (UK)
8992,Frantz Manufacturing Company
6939,Hustler Toy Corporation  (Hustler Game Company)
31448,New Millennium Games (II)
11144,Springer
6943,Take a Wild Guess Ltd.
6945,The Discovery Store Ltd
6947,Sand Castle Game Company
6948,Levity Games
40812,Frontier Miniatures
6950,Texotic Games
17840,Graphic Designer's Group
6953,"Oriental Legendary Games, Inc."
6954,Universitat Pompeu Fabra
6956,Stealthy Spider Publishing
6958,Grape Games
6959,See Right Games
12880,Eureka Toys and Games
6962,Eddale Corp
6963,Truekid Games
6965,Wizard Books
6967,Knightime Studios
6966,"Rogue Games, Inc."
6968,Trebor Game Co.
6969,General Games Company
21066,Western Psychological Services
6971,Battle Creek Toasted Corn Flake Company (Kellogg's)
6972,Tricorder Records
6973,Grand Slam Baseball Corporation
17650,Skelly
6975,Centennial Game Co
7904,Toy Development Co.
6976,"Krieger Novelty Co,"
6977,Goudey Gum Co
6978,taz Bremen
6979,7-12 Games
6981,McKnight & McKnight Publishing Company
6982,Ohio State University Research Foundation
6983,"Cryptyc, Inc."
29014,P. M. Mills Co.
6984,Unimax Toys Limited
6985,"Bill and Bud, Inc."
6987,Parlor Baseball Game Co.
6988,Burton Co.
6990,Smith Kline French
6991,Home Diamond Company
17223,Blackball Games
6992,Darkson Designs
6995,Vexillum. Jocs d'estratègia
6993,Smart aS Holdings Ltd.
6994,Paget Services
6998,Realistic Games Manufactoring Co.
6999,Regent Games Inc (I)
7001,Mathewson Game Co.
7003,Mavkot as
7004,Cebeco-handelsraad
7005,Kinder Shpiel
7008,Moen Company
7009,Crandall and Ellis
7011,"Geography Plus, Inc."
7012,Parlor Baseball
7013,Rocketship Games
7014,Tone Products
7015,G & R Anthony
7016,Institute in Basic Life Principles
7019,"Calliemandu Travel Games, L.L.C."
7020,Towny Toys
7022,Proctor Amusement Company
7023,Waltham Industries
7024,Star Board Games Products
7026,Response Advertising Pty. Ltd.
7027,p.s. PlayGames
7029,Keit Vimp Bev
7030,K. T. Games
7032,Random International Pty. Ltd.
7033,LDS Game Factory
7034,Smile Education
7035,Games by US Inc.
7036,PTL-Posti
7037,Destiny Books
7039,Wood-on-brook Games
7040,Unga Fakta
7041,Pirouette Limited
7042,Bryant and May Limited
7043,"Both of Us Games, Inc."
7044,"Kevcon, Inc."
7045,LectraMatic Games Inc
7046,Everyday Edisons
7047,Zhi Gao
7048,Z Games (BG Publisher)
7051,Hunter-Reid Co.
7055,GermsWorld
11734,Rocky Mountain Recreational
24947,Pulp Action Library
7059,Business Builders Inc.
7060,JAMI Reklam Göteborg
11406,For Lovers Of... (FLO)
7061,Old Battlefields Press
7953,Athena Games (Boston)
7062,Tactical Realities Inc.
7064,Fangdaslicht
7066,McDowell Game Company
7067,"Schroeder, Handyman & Company"
7068,Bowmar
7069,REMJAC
7070,World fisheries Trust
7072,Bates Printing
7074,National Gallery Publications Ltd
7075,"Anyone Can Par, Inc."
7076,NeoDym
7077,H & S Game Co.
7078,Bontech
7080,Westland Physics Co.
7082,Mike Sleigh
7081,Robert Forsberg
7083,Fuddley Productions
7084,Edition Astuse Inc.
7085,"Battle Animals, Inc."
7086,Magz
49205,Old Regime Rules
7088,Axel Games
7090,Njoyful Games
7092,Pocket
8146,Hoplite Research Games
10571,Vida Fox Clawson
7095,"Home & Teaching Games, Inc."
7096,Hawsna Game Company
7098,Reco inc
7099,Uncle Milton
7100,Out&About Games
7101,Jodie-Press International
7103,Payton
7104,Schaeffer
18355,Discovery Channel Multimedia
7105,"Rural Praxis, Inc."
7280,"Big Top Games, Inc."
7106,Sabas & Carney
7109,Kindermusik
7110,Cassell
7111,Kaye and Ward
10143,Reilly O' Company
17725,Vineburg
7113,College Games
10331,Party Games Publishers
7114,Alpine Games
7115,Kounias
7116,Happy Traveler
7118,Verellen Games
7119,"TM Boyle & Elggren, Inc."
7120,Games Industries of London
36460,J. Jaques & Son
7121,A. S. Barnes
43443,Athena Books
43434,Morgan-Grampian Books
7122,Edition Näf AG
7123,Silver Summit Games
7124,A to Z Rules
7126,American Eagle Games
39006,Hardcover Designs
7128,HG Walls
7129,Freikorps (Freikorps15)
7131,Wargamers Paradise
7134,L.M H.B
7135,Ganz
7136,"Cleveland Trivia, Inc."
7137,Dollar Tree Dist.
7138,Helsel & Benson
7139,RapidPOD Publishing
7140,IPON Productions
7141,Rolger Inc.
7142,Halterman Enterprises
7143,Washington Pennsylvania Rotary Club
7144,Craven Enterprises Ltd
7146,Conceptcard
7147,Plimil
7148,Clint Limited
7149,SAGEkids!
13217,"Speed Stacks, Inc."
7150,Twin-Act Connection Pte Ltd
7450,GeVe
7153,Talforce Ltd
7154,Tiny Mantis Entertainment
7421,Spiele Burk
7157,Foundery Press
7158,Doodle Me Entertainment
7159,Bubba Brothers Games
7160,Real Life Games
7164,Jade Mint Press
7165,Cityopoly
7166,Rivercrest Industries
7168,Nightscarab Studio
7169,John Eleno Enterprises
7170,Karian Corporation
7199,Rolette LLC
7172,Global 1 Games
7173,Axocreations LLP
7174,Comfy Chair Games
7175,Cross Challenge Corp
7179,Megaversity Inc.
10572,Autumn House
7180,Crimson Skies
8657,Alchemist Empire
7183,Coqualeetza Education Training Centre
7182,Fforbez Enterprises Ltd.
7184,E-Z Play
38116,Small War Games
7187,Game Over
7188,Toomey Toys
7189,Wyre Forest Games Club
7190,Merrimack Miniatures
10721,Draken Games
7191,ATOMEK
7193,Aiolos Press
7194,Kiddi Golf
50929,TrasHumantes
7196,Landjugendverlag GmbH
30875,Netzwerk-Arbeitsgemeinschaft zur Förderung einer gemeinwesen-orientierten Sozialstruktur Leipzig Süd-Ost e.V.
7202,Fantasy Games
7203,R-Squared Games
7204,Giammona Inc.
7207,"Ajcraft, LLC"
7208,"EEL, Inc."
7209,Morphan Building Toys
7210,"Przedsiebiorstwo Wydawnicze ""R i R"""
7211,Longbridge Enterprises
7212,KSA International
7213,"Global Insights, LLC"
7215,HGI Marketing Services
7214,"McGill Sales, Inc."
7626,MetrOtrivia
16799,J. Chein & Co.
7218,Roosevelt Center for American Policy Studies
7219,Draim AB
7220,Archer Games
7221,Landoll
7284,"Game Box, Inc."
7223,"Marinva, Joc i educació"
7224,Twist Marketing
11768,Sports Card Games LLC
9477,Golf the Card Game Inc.
7226,3evan
17737,Action Tennis
7227,R. L. Smith
7228,"Creative Family Entertainment, Inc."
8238,Comansi
7229,Cardtoy
7230,Horus Games
7231,J.L.D.
7232,Associazione Pecora Nera
7233,Super Duper Games
7234,Kuntaliitto
11520,Snyder Bros.
7235,Mindfull Games
7236,1st Hudson Corporation
7237,Golf! The fairways LTD
6318,Lorimar Productions
7240,Komikasi Enterprise
7246,F. P. Schmitthenner
7247,Explain
16673,"World Metal Stamping Co. INC.,"
7250,Askari Miniatures
7261,S3B
11987,Nicholas Carpenter
19287,R H Pease
7256,John Betts
7283,Layup
7255,Bolding & Mason Ent.
7258,Copsi
7259,Voederbedrijf Vandenbergh
7262,Scientific American
7263,Knorr
7265,This & That Enterprises
7266,Multijuegos Bacare
7268,Comireix
7269,Edition H.B.
7271,La Factoria d'Imatges
7274,"Golf Educators, LLC"
7275,Modesto Gamers
7278,Handelskammer Hamburg
7279,Verlag Hoppenstedt & Co.
7281,EDI-AR
7282,30mm Midwestern Napoleonic Wargamers Confederation
25160,"Claxton, Remsen & Haffelfinger"
7286,GT Toys
7287,Popular Bookstore
7288,Future Games Inc.
7290,Gotterdamerung Publishing
7291,Hesse Limited
7293,mwe.cz
7296,O'Day Toy Company
7298,Jamestown Rotary Club
7299,"Calgaryopoly Games, Inc."
7300,Edmontonpoly Games
7302,Cutler Industries
7305,LVR Landschaftsverband Rheinland
7307,"Toon Art, Inc."
19257,Westley Games
7311,Van De Wyngard
7312,Reach Incorporated
7313,Kingdom Life Games
7315,Dewl
22966,Rutland Cowling Smith and Associates
7319,Jive Bunny Merchandising
7320,Eurooppa-tiedotus
7321,Foreign Ministry of Finland
7327,"Salad Bowl, LLC"
7328,Kynox Editions
7329,The Wild Goose Company
7330,Tenpa Tibetan Enterprises
7332,Marlan Products
7334,Grant Enterprises
1485,Imp Games
7339,"Earl C. Snyder, Inc."
7635,"Eskind-Williams Games, Inc."
7341,Quick Reaction Force
7342,Jeux éducatifs Laroche
7343,Calumet Armchair Games
7344,The World Bank Institute
17835,Smallfilms
15202,Fitzhenry & Whiteside Ltd.
7347,Outdoor Adventure Canada
7349,GNC
7350,Nürnberger Nachrichten
7351,Stadt Buch Verlag Wolfgang Giesche München
7353,Painted Horse Games
7354,Falchion Products
7356,Glen Andresen
7357,Stabenfeldt
7358,Rigro
7359,Plato Games Inc.
7362,Nojag
7364,Milihistriot Quarterly
7366,Greenspirals Inc.
7367,Tamási és Komlós Kft
7368,Lokalspelet I Skandinavien AB
7369,Inge Concepts
7372,KISR (Keep It Simple Rules)
7375,Broome County Chamber of Commerce
7376,Financial Consultants Cornado
7377,MiTi
7378,"Flank Enterprises, Inc."
7379,AL-LO-CO
7380,Editions Le Perray
7381,"H/D Enterprises, Inc."
7384,"A & P Holding, Ltd."
7388,Trends Ltd.
7389,EMS Edutainment Inc.
7390,Black Hat Miniatures
7391,Wizard Press
7392,C & T Enterprises
7393,I. D. Enterprises
7394,Maresco
7395,"City Games, Ltd."
7398,"Plan Creations, Ltd"
17942,Henry Reason
7402,Roland Offset
7404,The Jacamanda Press
7405,Alaskan Gold Rush Inc.
7406,Gimmie That Wine Enterprises
32593,Demon Edition
7409,Bloomco
7410,Frank Educational Aids
7413,C-NO TOY
7414,Direct Broadcast Programs. Inc.
7415,Avalon Game Company
7416,B and D Enterprises LLC
7417,Movement AB
17716,Starlord Magazine
7418,Danboo Games
7419,Ginsen-an
7422,City Index
7423,DAF Divisional Parts Marketing Services Department
7424,Mar-Tob Company
7427,VBasement Games
23850,Tumbling Dice
17804,2000 AD Comic
7431,Gopher Publishers
7435,A.D. Vision
7436,Heirs and Joint Heirs Unlimited
7437,"Continental Promotions, Inc."
7439,Scott's Baseball Cards
7440,D C Gardner Group plc
7441,Midwest Publications Company Inc.
7442,Wiley Women W. W. Inc.
6297,"Game Makers, Inc. (I)"
7443,Gavarco
7444,Fast-Action Games
11436,Rexall
7447,B.L. Fry Co.
18027,Gabriel-Nealey Co.
41762,Gary Cowley Sales
7448,Holiday House Game Company
7449,Elliot & Fitzpatrick Inc.
7451,Tarax
7453,SoFun Inc.
7454,Strauss
7455,Youngdale Productions
7459,Stone Press Games
7460,Rocket USA
46083,Franz-Josef Holler
7461,Giesche Spiele
7462,"Standard Brands, Inc."
7463,"Willis G. Young, Inc."
7467,Speeden Marketing
7469,Traderhut.com
12748,O-Pee-Chee
7472,King Bowl Games
7476,OZ International
7477,Overload Games
7479,Éditions J.P.P.
7480,Vernon Games
11189,Spielerlei
7481,Wecy Clag Productions
7482,Resham LTD.
7483,Casterman
7484,BOAC AB
7485,Oflameron
7486,Gilbert
7487,Schroedel
7489,MoxiBox ApS
7491,Durhams Chosen Men
7494,Keesing
7495,Ed Ludemonium
7498,Frenzy Entertainment
7499,Network Village Games
7500,Maypole Games Ltd
11716,CDU Hessen
7505,"Newsline Publications, Inc."
7508,Herz-Spiele
7511,Rock Harbor Creations
7512,Kidz Idz Inc.
7515,Peer Gynt House Productions
7516,Deejay Products
7517,4M
7519,Sutton Hoo Games
7520,Klaus Dörrbecker Verlag
7521,SKJS Distribution
7523,Makahit Products
7524,Draw It Outloud Inc.
7525,Casper Games
7526,"At Ease, Inc."
7529,Sounds of Zion
48418,Ermin
7535,Veruleiki ehf.
7536,Bilskirnir ehf.
7538,Leikmenn ehf.
7539,Itesser Ink
7540,Latibær
7541,F.G. & Co.
7544,THC Games
7545,DWH Enterprise
7547,Soul Twinkles
7559,PMB 128
9366,Casuga Guina
7553,Keystone Cards
9124,Íslenska viðskiptaspilið hf.
7556,Ísalög sf.
7557,Bókaútgáfan Iðunn hf.
7558,Hugarflæði ehf.
7561,New Frontier Enterprise Company
7562,Stanz
7565,Mirage Hobby
7567,Practical Wargamer
7569,Altafulla
7570,Amazing Games
7573,Periódico El Adelanto de Salamanca
7575,Escuela Nacional de la Judicatura de la República Dominicana
44471,ELCAR
7701,"BAM-JAC Enterprises, Inc."
7576,Mad Kaiser Games
7577,UKG Publishing
7579,"Non Violent Toys, Inc."
7580,Troy Press
7583,"University Creations, Inc."
7584,Simulation Training Systems
9523,United States Army Engineer School
7586,Metaphys
7587,Dark Omen Games
7589,GWM Games
6591,Future Toys
7590,LITTERA-Belgium
7591,Cardboard games
7592,4globalPlayers
7594,"KQZ Outdoors, Inc."
10408,Connoisseur Figures
7599,1602 éditions
7600,Espace Tonic
7601,Gazet van Antwerpen
7602,SynHeme
7603,Spielplatz ltd.
3924,Cercle de Strategie
7605,Mamba Games
7607,Oficina en España del Parlamento Europeo
7609,Corominas
7610,les jeux félix
7611,Juegos Didácticos de Venezuela
7612,Mountain Top Game Company
7613,St George Magazine
7614,Périmètre
7615,Hat Trick International Limited
7616,Into Improv
7617,Enigmatics
7618,Arizona Games
31600,The Puzzle Tree
4825,Zillions of Games
7621,"Play Joy Stool & Eison Games, Inc"
7624,"Sterling Games, Inc."
7625,Astorbilt Sisters Publishing Co.
7627,Lecardo
7628,Mark Allan Games Ltd.
7631,Refined Concepts
7632,Butler Games
7634,Funtastic (II)
7636,Brane Games
7637,Kozco
7640,"Rayzor Sharp Entertainment, Inc."
7641,Burksongs
7642,Gambit Games Oy
7643,Hinafuda
7644,Gillius
7645,Dunraven Co
7646,Lucas Co.
7647,Trend Game Co.
7649,Sviluppo Chimica S.p.A.
7650,Village By The Sea
3609,Gano Games
7651,Koboco Games
7653,Verlag J.L. Lotzbeck
7656,P.F. Catel
7657,J.H. Campe
7659,Freak Factory Games
7663,Halestorm Distribution
7664,"Luke Enterprises, Inc"
7665,Warzon
7666,O. F. Decker
7667,VEB Druck und Verpackung Dresden
7669,Gospel Kingdom Games
18323,Lowe & Carr
7670,Games People Played
7671,Dethlefsen & Balk
7673,Thor
7672,Verlag Fr. Scharrer
31756,Playwell Games Co.
7674,Blain and Gill
21345,Peter Gurney Ltd
10694,"Intellichance, Inc"
7676,Canister & Grape Wargames
7677,Dacoll Games Ltd.
7679,Metropoly
7682,Alliance Publishing
7684,InQuest The Game Inc.
7687,Bert Smets Productions
22268,Automobile Association
7689,UCGames
7690,McFarlane & Thomson
7692,Cabanon Press
16339,Games for Dames
7694,Sisters 2 Inc.
7695,Veco (Spiel mit)
7696,Ravely & Co.
7697,"Gotham Sales Co., Inc."
7944,Out of the Gamescape
7698,Shapiro & Shapiro Co.
7699,Rok Novelty Co.
7703,Wall Street Journal
7704,Wm. Bartholomae
7705,Qbic toys
7707,Babooshnik Games
7708,Hitachi
7709,Pidancet
7710,Knucklebones Magazine
7711,Suntana Games
7712,Sideline Products
18994,PATNOMAR GROUP INC
7713,Uppdrag Skaraborg UF
7714,B.B. Products England
7716,"Wewanago Productions, LLC"
7717,Ridpath Games Inc.
7718,A-O-A LTD
7719,Nordwolle Delmenhorst
8502,Club Amici del Wargame Esagonato (CAWE)
6949,Sergeants 3
7720,Doyle-Maddux Printery
7722,U.S. Department of Health and Human Services
7723,UUUNION Co.
7724,agvato
7725,Black Skull Games
7726,CMTG Productions
7728,G E Wolf & Sheep Inc.
7729,World Domination LLC
7731,Maverick Inc.
7732,SJ
7733,Labaro Editores S.A.
7735,King Enterprises
7739,United Canners
7740,It Enterprises
7741,Doc Monaghan
9261,Doc's Games / Uncle Morty Productions
39670,Erasmus Fox Games
18623,Wednesday Night Games
7744,Inter Game
8076,Wydawnictwo Kaduceusz
7746,BNG Ltd.
7748,Game-Play Oy
7749,Karjalainen Nuorisoliitto ry
7750,The Incredible Game Company
7752,Mode Graphics
7753,Lauren's World
7754,Spaceboard Game Co.
9714,TimeLine Ltd.
7928,Great Games (II)
7758,Cortoys International
7763,I'M
7764,Daven Company
7765,National Refining Co.
7766,Hirschhfeld Design
7767,Polete Group
7769,"Sonic, Inc."
7770,Sivad Game Co.
7771,S. Robyn & Co. Inc.
7774,Zebolo Enterprises
7775,Jon Weber Manufactory
7777,"Hungry Hank, LLC"
7778,"That Way Games, LLC"
7779,Dragonfire Lasercrafts
7780,Poppo Brands
7781,Funland
23297,gameskool
29666,Sanja Toys
7782,Think-a-lot Toys
7783,ELI
7784,Fiki
7786,Cornerstone Library
7785,Hill and Wang
7787,Lidec inc.
7789,JC Games Ltd
7790,R and Associates Advertising
7792,Isimat
7793,Wargame Shop
7798,"Cosmic Journey Publishing, Inc."
8418,"Higgins Group, Inc."
7803,"They're at the Post, Inc."
7805,Westboro Games
7809,Manning 5 Games
7810,The Presidents Group
3992,Historical Perspectives
7811,Diario El Mundo
7812,Moto-King Racing
7813,Little Family Company
7814,Pug-I-Lo Game Company
7815,Fano
7817,Wargames Illustrated
7819,"Lime Rock Press, Inc."
7820,Master Europa
7822,Roset by Reid
7823,The Eternity Game Ltd.
12439,Créations Guy Jeandel
7825,Denbury Resources Inc.
7826,Allan Pozitzer-Warren Townsend
7832,Artko
7833,Northeast Center for Agricultural and Occupational Health
7834,bEqual
7836,Paradox Promotions
7838,A-Toys
7839,gamesbygolly.com
18321,L G Pimblett
7840,Compact Racing Ltd
17766,Nabuko
7842,Christopher Green Games
7843,GreatSexGames.com
7844,Lowe and Richards
22273,Les 7 Cailloux
7846,"Johnvasron, LLC"
7847,Coach's Call LLC
7848,Gerry Products Co.
8592,Pyramid Magazine
7849,AAAAAAA Enterprise
7850,Lordin Games
7852,Palbox
8721,Hitoasokai
7856,M.G. Publishing
7857,Tall Oak Productions
7861,La Gazetta dello Sport
7862,Miroir Sprint
7864,Lustucru
7865,Montaplex
7870,Choose Publications
7871,Bontus
7872,Teuton Games
9462,Eurovision Song Contest
7873,EMS Home Products Ltd
7874,VR
7875,avainpeli?
7876,"Huntertainment, Inc."
7879,Megabucks International Pty.Ltd
7882,Hometown Games
7884,Green Team Games
7886,Learning Mates
7888,MonkeyBean Toys
7887,Rimpor S.A.
7889,WarZone
7890,Karamalz
14948,The Washington Star
7898,Grupa Quest
7899,Snap TV Games
7901,Glyph Press
7902,Morning Star Creations
5111,Cartoon Network
7905,Chelsea Pacific
7906,Stone Tablet Games
7907,Ezakly Inc.
7908,Fantastische Spiele GbR
7910,"Urbano and Associates, Inc."
7911,Keenan Educational Games
7912,Central Ohio Marketing Council
25513,Oddman Productions
10237,David Marketing
7914,INTERCONCEPT
7915,"4 Can Play, Inc."
7916,Fairview Entertainment
7917,Pace Card Co.
7918,Caixa Manresa
7920,Thinking Kids
7921,"R&R Board Games, Inc."
7923,BAMCO
7925,Developmental Concepts Inc.
7924,New Day Enterprises
7926,RPGamer magazine
7940,St. Martin's Press
7931,"Rix Products, LLC"
7933,Ouaps
7934,Childrens World
7935,Routier Rules
7936,FLuM-Spiele
7937,Eulenspiele
7939,Jenzowsky
8569,Jim's Game Company
7941,Aleksandra Tour
7943,Sage Publishing
7945,"Wilds Artistics, LLC"
7946,"Firma CN, Görlitz"
7947,JugandoAndo
7948,papercrafted.com
7950,OrlGames
7952,Oy Lelutaide Ab
7955,Leisure Industries
7956,Godiva Games
7957,Solar Wind Toys
7958,Wargames Unlimited
7963,TRU
7961,Intheegra
7964,Knoxprint
17820,Studio AWP
29116,E.(Edgar) O. Clark
7970,Global Games Ltd.
7972,"Spelman Media, Inc."
7973,Ruffactory
7974,Dirotec
7975,Svea
7976,Peccable Productions
46156,Mathematikwettbewerb Känguru e.V.
7738,CBC (Canadian Broadcast Corp)
7981,Designers Golf Products
7982,Popular Games Co.
7983,Geo. G. Norris Co.
7986,Word Publishing
7987,"Inter-Quest, LLC"
7989,Iron Mountain
7990,Northgraphic Associates
7991,Ocean 88 LLC
7994,V. E. Morrill
7995,Postverket (Sweden)
7996,Postbanken (Sweden)
7998,PET Incorporated
8002,KATY Consultants
8003,Gospel Games
41493,KiwiCo
8005,Washington Gamer's Association
8006,Performance Management Company
8008,Broughton Specialty Company
14868,"Culture Heroes, Inc."
8012,Pentana Enterprises
8013,Skirmisher Publishing
8014,Christopher Robyn's Creations
8415,Mundo Revistas SL
8016,Stadt Burghausen
8017,R & M Reynolds
8019,"The Vincent Company, Inc."
8020,Pegasus Wydawnictwo
9473,Uniray Ltd
8021,ARX
8023,AAKA Productions LTD
8024,Nature Games
8025,Youngblood
8026,"Big Apple Game Company, Inc."
8027,Bawn Shaunts Design Studio
8059,Executive Toys
8028,Brooks & Adams Ltd.
8030,S. Schnizer + H. Lais
8031,Davis-Grabowski Inc.
8032,ZKM
8033,Heinz Ohlig Verlag
8034,Murswi-Spiele
8036,3 de vuit
8037,at regio
8038,Eigenverlag Schüling
8039,Pädagogik-Kooperative Bremen
8042,Breakthrough Learning
8043,Siege Games
8044,Heinz Vogel-Verlag
8046,Intellitoy
8047,American Mosquito Control Association
8048,"Real Games, Inc."
8049,CANUSA Trading Inc
8050,VAE VICTIS SCCL
8051,"Triple Vee Productions, Inc."
8052,Asian Art Museum of San Francisco
8054,Fox Spielverlag
8056,Premium
8058,Allservice AS
8057,Red Cross Norway
8060,"Leo Burnett Company, Inc."
8062,Saygo
45539,Barnsbury Antiques
17641,Rotary Club of Zwijndrecht
18374,Croky
8064,"Goodbye, Inc."
11369,Real Time Wargames
8065,Realistic Modelling Services
8066,Dowling Magnets
8067,Twin Titan Innovations
8068,Grupa Twórcza MBH
22228,Becton Enterprises
8069,"Euro-America Marketing, Inc"
8071,"Bible Memory Association, Int."
8072,Koenig & Bauer-Albert Group
8073,Big C Enterprises
8074,Trivia Game Productions
29079,Mary Kay Cosmetics
8075,Heliópolis
8079,"Akt. bol. Ernst Frick & Co., Stockholm"
8080,Eminar Publishing
8081,"Scripture Creations, Inc."
8083,Gonge
8084,Diluvian Games
8087,Åttiotalsspel
8088,TBA Games
8090,Rex-Verlag Rudolf Schilling
8092,Bambino
8093,Raintree Editions
8094,PsyX Games
8095,Alabaster Enterprises
8096,Black Unicorn (BMT Designs)
8099,Les éditions Avanta-Jeux
9398,Gurken Games
8101,Little Eskimo Games
8103,Wellspring
8104,Brigham Distributing
8106,Talent Cachet
8107,Ideal School Supply Company
8108,Mansion House Games
8109,Kirchenbote des Bistums Osnabrück
8110,Ialy Games
8111,Austin Project Marketing
11582,Basset
8113,Neil John Productions Ltd
8244,Arastryk
8114,Urząd Miasta Warszawy
8117,Starson Co London
8120,NSW National Parks & Wildlife Service
8119,Studio Press
8121,"Jeri Mander, Inc"
8125,"Prairie Game Company, Inc."
17683,Fraktarna
8128,Gamin
8130,C&J Enterprises
8131,GDJeux Éditions
8133,Textor-Spiele
8135,World Research Company
8136,Altius Games
8137,Enlightened Play
8138,Omnivistascope
16593,Rathbone Games
8139,Avalon Creaciones
8140,Interactive Computer Operated Games Ltd.
8141,EMAP Publications Ltd
8143,RPGObjects
8144,Berufsschulen Susice und Waldkirchen
8145,Educational Fun Games
23147,The Gamer (magazine)
8148,"Learning Design Association, Inc."
8149,Utbildningsradion
8150,Har-de-Har Games Ltd.
8151,CrunchTime Games Inc.
8152,Ripley
8154,Time2Play
8155,EME (Energy & Man's Environment)
8156,"Gorman Games, LLC"
8157,Panther Enterprises
8158,Pro Futura
8159,Showker Inc
8160,The Flea Market LLC
8161,Game and Toy Innovators
8162,The Game Company
8163,ID-Verlag
8164,Foltex H.Sz.
8165,Metalloplast
8166,Institut für ökologische Forschung und Bildung e.V
8168,Magic Games (Board Game)
8170,Flush Enterprises
8171,C.H. Beck
8172,Junior
8173,Higher Laws
8175,Ultragammon Inc.
8176,Kids Like Us
13189,Master of Golf
8177,"Knight Games, Inc."
8178,Editition Peter Naacher
8181,Shallcross Creations
8183,Videndum
8185,"Volkswagen of America, Inc."
8186,"Go Games, Inc."
8187,Hospi
9984,Gren Cartoons
8188,Publicity AB Tifa
16142,Geo. Wright & Co.
8189,Hayford & Sons
8190,DPL Productions
8191,"The GAMEWORKS, Inc."
8192,Wydawnictwo Wieszcze
8194,Svenska MAD
8195,Spelius
8196,Heresy Miniatures
24657,London Magic Company
8199,Kuriakos Inc.
8201,Ja till Europa (Ja till EU-kampanjen)
8202,Exploding Goat Games LLC
10558,Try Éditions
8205,English Heritage
8206,IAGO World Tour Enterprises
8208,Litrex 84
8209,The Family Collection
8210,Keyes Enterprises
8211,Buffalo Kids
8212,"Hovda Game Services, Inc."
8213,Mirror Publishing
8214,Moro Legetøj
8216,Soldiers & Swords
21315,Pedigree
8217,Arco Publishing
8218,Bodensee Spiele
8219,Vestron Video International
8220,HOW Marketing Enterprises
8221,Jevons Corp.
8222,Fore-Most Table Games Co.
8223,Castle Games
8224,MG Innovations
8227,Boga Games
8228,Republic of Singapore Navy
8230,Wylde Blade Media
8231,Information Games
8232,Nature Nuture
8233,Dinova SA
8235,Ashton Games
8236,Paragon Simulations
8237,Schola Vitae
8246,Starling Games (I)
8247,Flying Rabbit
8249,Cavalier Wargames
8250,"Andrews Games, Inc."
8251,"Savvy Ideas, LLC"
8252,Thot Productions
8254,"Jarwick Enterprises, Ltd."
8255,rutan GmbH
17709,McCormick & Schmick
8258,Celestial Arts
8259,Pulp Monsters
8260,"Commedium AS, Norway"
8261,American Association of Retired Persons
8262,Fundoctors games
8263,Hat-trick ehf.
8264,Leiknám sf.
8265,Fielder Promotions
8269,Games for Competitors LLC
8270,Silly Willy Toys Inc
8271,Coup Enterprises
8272,"GoRu Products, Inc."
8273,Interactive Dimensions
8274,"Opportunities for Learning, Inc."
8275,"Troubleshooting For Christ, Inc."
8276,The Little Tikes Company
23360,Wilh. Wirsings Förlag
8277,ScienceWiz
8278,Editions Pliés en Deux
8279,Fanabri
8280,Good Read Games
8281,ALPS
8282,Chenghai Ubon Toys
8283,Ratamestarit Oy
8286,The Gamesmith
8292,Mountain Clock Informatica Ltda.
8293,DA-DI-DO
29343,Wanted Ltd UK
8295,We Cycled Productions
8296,Ideal Book Builders
8297,Playrun
8298,Skip (Boardgame Publisher)
8299,McKiel Enterprises Ltd.
8300,ANABASIS
8303,ChalkTalkSPORTS
8304,Mindgammon Inc.
8305,C Brands Corps
8306,Mucca Games
8307,TYJC LLC
22554,Vanderlee Int. Trading B.V. Heel
8314,Welcome Toys
8315,"Louis Porter Jr. Design, Inc."
8317,S.I.G.I
8318,JSM
8320,Clubsmarts LLC
8321,Kinmax LLC
9924,Goula
8326,Ancestors of Dover Ltd.
8330,The DMC Corporation
8332,Malopolski Instytut Kultury
8333,CCL david artman designs
8334,"Bandthology, Inc."
8335,J. McKeon Publishing
8288,Agema Publications
8336,DOW
8337,The Gamekeepers
8339,LineageBoards
8340,PYGMOO Games
25720,Heritage Game Studios
8341,Shortcut 2 Learning
8344,Rectangular Recreations
8348,Raylfolks
8349,Two-Five
8350,J. C. Treacle Co.
8352,Troglodyte Construction Company
8353,Vasey Corporation Pty Ltd
8354,Umbrella Games
8355,ModernTribe
8356,CCI Games
8357,Arg Design
8358,National Academic Games Project
8360,Swiss Life
8361,Elusive Dream Marketing Services
8362,Capitol Games
8365,Soccero Ltd Finland
8366,TDF
8369,Suomen Luonnonsuojeluliitto RY
8370,Suomen Luonnonsuojelun Tuki OY
8371,Taloudellinen Tiedotustoimisto
8372,Poker Face Games
8373,Police Pursuit Inc.
8374,Agman Games
8375,"John Ladell Co., Inc."
8376,Editions Total Publishing
8377,IBS B.V. Nederland
8378,"Dann RussKett Games, Inc."
8379,"Mott, Inc"
8381,Ripley Entertainment Inc.
8382,Best of PEI
8383,Recall Communications Ltd
8384,Ferrero
8386,Kul & Klok Design
8387,Quirk Productions
8925,Warpunk Studio
8391,"Fan-Fun Games, Inc."
8392,Eliott Games
8393,Wondergame
8394,Norill Games
8396,Dutch Physics Association
8403,Ibble Dibble Industries
8404,Jess White
8408,Comico
17083,SAZ
8409,Pablena Pty Ltd
8410,Strategy Entertainment
8411,Carjulin Corporation
8413,Rejal C
8414,"Whitley Group, Inc."
41193,Grandma Smiley's
8417,Shrout & Co.
13489,Lite' N Up
16870,Mansell's
8419,Acorn Edutainment
8420,DotCard AB
8422,Aviation Game Co.
8425,"Benco Novelties, Ltd."
9677,Fire Ruby Designs
8427,C Mayssoun ehf.
8428,Æskan ehf.
8429,Webcomics.fr
8432,Rodiel Developments P/L
8433,Payá Hermanos SA
8434,Colussus Games Industries Inc.
9058,Moocow Ltd.
8435,Mynd Games
8436,Graphic Team
8437,Diario deportivo MARCA
8438,Joker13
8440,ShooTyme Motorsports
8441,Just So Games
8442,Exposure
8443,Haringey Council
8444,Metro Products
8447,Lauri
8448,Guerrilla Editorial
8449,American Zoo & Aquarium Association
8452,Rethink Games Limited
8453,Clever Games Co. (Board Game)
45671,Everingham Games
8455,Project Goldfish
8747,Gen1400 Gaming
8457,Nobody In Particular
8458,World Landmarks Art Studio
8459,Dirap SA
8460,The Fan Craze Co.
8461,Osten-Jones
8462,Charles Magnus
8463,J. Harris
8464,Wm. Van Norden
8465,Josiah Adams
8466,Madmar Quality Co.
8467,Simax Games
32808,Levi & Gade
43117,T.T. Producs Co.
8473,Traps Manufacturing Company
8474,Wealth Unlimited
47010,Trop Mad
8836,Industry of Cool
8475,Frederick H. Beech Co.
8477,Togy Games SL
8478,Allegheny Card Company
8479,Gaál és társai
8480,Layton Brothers Games
8481,Armanna Entertainment
8482,Davis Brothers Inc.
8484,Broadman Supplies
8485,Joseph F. McGrath
8486,Parlor Games Co
8487,R.C.B. Enterprises
8489,"Brighter Minds, Inc."
15076,Tor Gaming
8491,Mummbly Guyz
7968,H M Stationery of London
8494,"DICSA, C.B."
8497,Geo. F. Cook
8501,Box.net
8503,The Magi Games
8504,Radio Games Company
8508,Back Nine Publishing
8509,"Dragons Treasure, Inc"
8510,Thinking Well
8511,Optimus Printing Company
8512,Lion Coffee
8515,Alternate Boardgame Company
8516,International Ventures and Innovations Inc.
8519,McGill & Delany
8520,Century 21 Merchandising Ltd
8521,Bill Ellis Associates Ltd
8522,Giochi Games
8523,GenSpring Family Offices
8525,Funda Inc.
8526,Hightower
8527,Hubbart House
22955,C. W. Marsh
8529,American Game Co.
14783,Capitol Game Company
8532,NewVentions
8533,Raleigh Cycle Co.
8534,Uniwerk
17736,L'Auto Magazine
8536,Sprinter 3D INPI
8537,Perspective
11737,De Ruiter
22177,Edivision
8539,Deep End Games
8540,ABC France
8543,The David Bremson Company
8546,Gotcha Games & Toys
9551,Escargot Games
8549,Davis Gaming Designs
8552,"Falone Board Games, Inc."
8553,Ebbles Miniatures
23716,Genet Models
8554,Tempest Games Co.
8555,American Land Title Association
8556,National Council Against Drug Abuse
8557,Diploma Dogs
8558,Midilude
8559,AmbraSoft
8560,Recreational Equipment Company
8563,H.G. Brace & Co
8572,"Tom Kat Games, Inc."
8573,Vantage Point
8575,Moore Fun-Family Games
8576,Senile Felines Designs
8577,Paradise Creations Inc
8578,Errata
8579,toytoytoy
8580,K&K promotional productions
8581,Tennis Pro Service
8583,Alfa
14977,Griffon Publishing Studio
17799,Super Heat Games
8585,ILLCO.
8586,Dutchford Ltd.
8587,"Gunn Educational Games, Inc."
8588,Novolud
8589,Tentacles Convention
8590,W.J. Morgan & Co.
8591,CN Publishing
8593,Tyke Toys Corp.
8594,Animalball Games
8596,Verlag der Rotsiegelspiele
8598,Dow & Company
8599,Anderson & Sons
8600,Istari
8601,Erzi
8603,Zulu Toy Manufacturing Company
15985,Marketplan
8604,Wm. J. Thompson
8605,I & I Game Inventors
8606,Bennu Games
8607,Wizdom Enterprises
8608,Sekunon Industries
8609,House of Hawaii
8610,Sin City
8611,Academia Historica
8612,Der Adler
8613,Caribou Designs
3902,Front Line Productions
8614,Kraft
8618,Playground Games
8619,SEMA
8620,Field Mark Publications
8621,UP2U Games
10102,R.L. Polk & Co.
8622,Noma Electric Corporation
8623,Cognitive Therapeutics
8624,Couple Links Games
8818,IZ Games
8625,Derek Read Graphics
8626,Göteborg Film Festival
8628,Ohlsson & Lohaven
8629,Eigil Enterprises Inc.
8630,"Les Jeux ""Dés-Chaînés"""
8632,Agence de publicité Bos.
8915,Johnson-Chilton Games
8635,Upper Deck Japan
8636,The Jay and Jay Company
8637,Epic Age Media
8638,Rappospiel
8639,Barker Boys (Australia) Pty Ltd
8640,Co-op
8643,Tri-Chess
38438,Light Fun Games
9454,Hunting Fever Games
8645,"A.C.O.S., Inc."
8646,Radio-Free Atlantis Productions
8647,Dream Life Games LLC
8648,KFUM/KFUK
8649,DAVCO Productions
8650,"Aviv Judaica Imports, Ltd."
8651,Mediaworks Avertising Specialties
8654,Island of Wak Wak
8656,Grandpa AB
8658,Norstedts Juridik
34934,Federal Specialty Company
29059,The Hatfield Co.
8661,Tércos
8662,Labyrinth Games
8668,Ramshackle Games
8669,Roof on Fire Productions
8671,Etergen Enterprises
8674,JIP
8675,"Pictorial Publishers, Inc."
8680,Kosynier
17778,Cote D'or
8682,The Surprise Company
8683,BTR Enterprises Inc.
8684,"No Idle Time, Inc."
8688,Caws
8692,Education Ventures Inc.
8693,Trucopoly Games
8694,BEAT THE COPS Corporation
8695,Fantization Miniatures
8697,Points Westward
8699,"Center for Applied Psychology, Inc."
8700,Games of the Month
8702,Merillian Games
8704,Atlantic
10891,Teddy's Toys & Co.
8707,Ökoly Vertrieb Thomas Wanner
8710,Bain Bros
8711,Mohawk Valley History Project
8712,O.K.L.A. International
8713,Philograph Publications LTD
8715,"Comtinuum Enterprize, Inc."
35474,Loserdogs
8719,SJS Games
8720,Mosby
8724,Kapitú
8725,Nobuhiro Izumi
8727,Avui
8729,DSH Enterprises
8733,Shelton & Tombow Unlimited
8734,Akamai Games
8735,Below The Line Productions
8736,Ajjava L.L.C.
8737,"Mueller Games, LLC"
8738,Gurushar Games
8739,Diving Dragon Games
8741,Eternity Ink
8742,Estudios Meme
8743,Portal Games Ltd
39828,Sneaky Prawn Games
8744,Oyster Books Ltd
8745,Padok Games Ltd
8748,"All Season Games, Inc."
8755,Jema Games
8758,Wydawnictwo Naukowe PWN
8761,S.  A.  McCall & Lusu Rathbun
8763,Stewart House
8764,IMPULS Spiele
8765,Tri-One
12108,LucasArts
8768,Integrated War Games Co.
8769,Mitik
8770,Flint Productions
8771,Alex Games (IT)
8772,Duel Academy
8773,Urban Graphic Ltd.
8777,TALCRAN Co.
8778,Pantomime Productions
8779,Oldemark LLC
8780,Coloredo
8781,InteGrál Játék
8782,Zunker Games
8783,Junior General
16147,Classic Golf Gifts
10675,Nova Marketing Ltd.
8787,4A Games Limited
8788,"Travel Games, Inc."
8789,The Clever Factory
8790,Les Jeux Intel Enr.
8791,Grupo Gift Colombia
8793,Domino 32 Co.
8797,Hermann Lingen Verlag
8798,"Great Lakes Toy Company, LLC"
8800,Texas Christian University
8801,NASPA
8802,Norges Røde Kors
8803,G & L Enterprises
8806,Edilio Parodi
8807,Sariri Kallpa
8809,"Productions FRIK International, Inc"
8811,Headless Games
8873,Cyberscope
8812,Cavewolf Games
8813,MJM MFG. INC.
8814,WPS: The Creative Therapy Store
8815,La Tartaruga
8816,Pathway Learning Connections Inc.
8817,Santiago Rodríguez S.A.
8823,Atkins & Company
8825,EPA (Environmental Protection Agency)
8829,Ermanno Albertelli Editore
8831,Jawdropper Studios
8833,Mudslinger
11818,Editions Face & Dos
11817,Ville d'Issy-les-Moulineaux
8834,The Aspen House Group
8837,"Successful Kids, Inc."
8838,SWL Retirement
8839,"Sandollar Entertainment, Inc."
8840,MAJIC Miniatures
14708,Saladin Games
8848,Pavilion Books Limited
8849,Scheuermann Inc.
8850,Burton Cole Enterprises
8851,The Bullshot Corporation
42507,Paperemail
23572,Latini-Gatto Creative Design
8852,Terra Borealis Editions
8853,Dharmaling Network
8854,Universal Games (UG)
8855,Lonegan
8857,Aspirations International
8858,GCM Games
8859,"K.A.P.S., Incorporated"
8860,Immortal Day
8861,Magister Militum
8998,TIVY Academic Games Inc.
8863,Barbell
8864,Isla Chupita
8866,Eureka! Ranch Games
8867,Industrial Logic
8868,N.Z. Group
8870,Hemaco
8872,RedCut Sàrl
8875,Drumski Enterprises
8878,Absinthe Press
8879,"Benchmark, Inc."
8880,Castorland
9490,"Macdonalds and Jane's, London"
8882,"Play With History, Inc."
8883,Space Race Voorthuizen
8884,biwo spiele
8888,"Mystic Games, Inc. (BG Publisher)"
8891,Risquit
8892,REX Educational Resources Company
8893,Global Holdings Inc.
8894,Parland Spiele
8895,Abby Educational Products
22240,Dynamix Italia s.r.l.
8899,International Toy Co
8900,RCA Victor
8901,Alaska Historical Games
8902,Mabuse Verlag
8903,Tactical Family Games
8906,Inspiratio Ludorum
8908,Border House Inc.
8909,REBEL (Czech)
8914,Duyfkengames
8916,Inside Track
21940,Neanderthal Museum
8917,Dutch Reality Games
8918,Bright Entertainment
8922,World Table Soccer Ltd.
8926,EM & EM Enterprise
8932,Serfer Giochi
8933,Graphic Park Systems Ltd.
8934,Gamaka
8935,U.S. Army
8936,"SVB D. Fröhlich & D. Breuer GbR, berlin"
8937,Hannah LLC.
8938,Troiano-Scerbo Productions Inc.
8324,Grognard Games
8940,Verlag Jörg Kappeser
8941,In The Red
8943,"Post No Bills, Inc"
9417,Anaton's Editions
8945,Gorbach Herstellungsbüro und EditorenTeam
8946,Villa Esperanza
8947,Pickle Hopped Games
8948,Wolven Publishing Ltd
8950,FFP-Verlag
8951,van Spronken & Beaumont
8953,JAM Industries
8954,Greenbrier
8957,RCC
8958,"Larkspur, Marin Co."
8960,ACW
8961,centrum informatieve spelen
8962,Starfall
8963,MacGregor Centrex Ltd
8964,grafiques kerpe
8965,Le plan K
8966,Helvetas
8967,"T. K. Wildthing, Inc."
8968,Les Productions Aladin inc.
8969,Plaza Print
8972,"Zottola Publishing, Inc."
9183,TT Games Ltd.
8974,ISS-Game-Pro-Verlag
8976,Odysee Games Ltd
8977,Bungee
8978,Parsec Productions
8979,Damascus Games
8980,endime
9456,Xtra Innings
8982,El Pais
8984,Candle Books
8983,Kregel Publications
8985,Armchair Brigade
8991,Sterling Games Company Ltd
8993,Waryson giochi
8994,Pro Games (U.K.) Ltd.
8995,Felix Enterprises
8996,"Circular Checkers, Inc."
16003,brAund Games Inc.
8997,High Stakes Inc.
8999,A. Flanagan Company
9000,Goss Brothers
9001,St. Nicholas Enterprises
9002,D6 Studios
9003,"Professional Software, Inc."
9005,2evolved
23754,Modellers Mart
9007,World Class Learning
9009,"OGA Games, LLC"
9010,Duncan Toys
9011,PFUN
9012,Millenium Productions
9017,BVR-Verlag
9016,spielfunke
9018,Ibermática
9019,Kartong-Konsult AB
9020,"Angel Co., Ltd."
9022,Earl Stanza Enterprises
9025,Hamtramck Idea Men
9024,Jacques Treatment Labs
9026,"Mind Games, LLC"
9027,ThinkPlay Ltd
9028,Hoppla Limited
9029,Futuristic Applications Corporation
9030,Michigan P.T.A.
9031,Weetabix Food Company
13215,Trans.eu gmbH
9033,The S2 Company
45870,NAMiTS LLC
9034,Arnold Specialty Co.
9035,Studio of Electronic Entertainment
9036,PerusSanoma Oy
9037,Magnavox Consumer Electronics Co
9038,Living Water Charitbale Trust
9039,McBros Leisure International Inc.
40097,Nohro ApS
9040,Gogogic
9042,Long Bow Games
9043,Great Blue Productions
9044,Sullins Manufacturing Company
9045,Witty Inventions
9047,Gambol Entertainment
9048,Derby Town Games
9049,Point Zero Games
9054,Cunningham Foot Ball Game Company
9055,MICI Corporation
9057,"PKXL Cards, Inc."
9059,Libella Toys
9060,Televisió de Catalunya
9061,SPLLN
9062,Two Way Trading
9065,Twitchy Phil Productions
9066,Exelion Entertainment
9067,North West Water
9069,Bodegas Torres
9070,GameQuarters
32946,"All-Fair Incorporated (All-Fair, Inc.)"
9072,DMC Enterprises
9073,Command Enterprises
9075,S & S Promotions
9076,Omnidome
9077,Andrews McMeel Publishing
9078,900 Card Company
9182,NAS de Cardedeu
9079,Diamond Valley Amusements
9081,U-N-I Games
17033,Terran Games
9084,Total Games Inc.
9085,Hobo Products
9089,Grupo 1992
9092,Leue Verlag
9093,"The Jim Harmon Group, Inc."
15312,Superior Print On Demand (POD)
9094,EducAmuse
9095,Fromageries Picon
9096,Groeneveld
9097,Creative Game Company
9099,"State of Mind Product Design, Inc."
9100,Empik
9102,Imagination Ventures Pty Ltd
9103,Readers Digest (Australia) Pty Ltd
9104,"Baker Consultants, Inc."
9105,Cerebroscape
9107,"Galloping Games, Inc."
9109,"Mini World Cup, Inc."
9110,L & D Robotoy Enterprises
9111,Pulp Figures
24117,La Tour Saint-Denis
9113,Roches Frères
9116,Elyart
7797,Italharvey
9117,FAB édition
9118,Plasman
9119,Ionif LLC
9120,Bloated Toad  Games
14393,Vaillant
9121,Macua Juegos
9122,Prokama
14496,Muckler Enterprizes
9125,Labadie Games Company
9127,Royal National Lifeboat Institution (RNLI)
9128,Handknattleikssamband Íslands
9129,Three Ethnics
9130,Wasp LTD Company
9131,Svart á hvítu
9132,Smemoranda
9133,Embee Distributing Company
9134,"Sudden Elegance, Ltd."
9135,Real Estate Mogul Corporation
9137,Fishing Forever Games
9138,Athesia
11956,D. B. Brooks & Bros.
9268,National Association Services
9141,Presse- und Informatiosamt des Landes Berlin
9142,Sun Ya Publications (HK) Ltd
40568,Mancho
40569,Sandham Brothers
9143,Grotto Dog Games LLC
9144,AS Ajakirjade kirjastus
9145,Arc Brand
9148,Golfun AS
9149,Bemus Game Company
9150,Sciuscia
9152,L2D
9153,Instructo Corporation
9154,5°Dimension International
9155,Woodsman Games
9157,Ísafoldarprentsmiðjan
14366,Nýr dagur hf.
9159,Scairy Hairy Toys
30179,Geek Fever Games
9163,"Ellipse, Inc."
9166,SB Designs
18325,Megadeal Co
9168,TNT
9169,Oxmag
24830,Music Games 'N Things Inc.
9170,Cumberland Games & Diversions
9172,d8 kreativ system
9174,Katalan Games
9175,SC Patiart SRL
9176,DA Industries Ltd
9190,Philip Morris
9192,Dale's Woodcraft
9194,Emma
9195,Avatars of War
9196,Intro
9197,The League of Augsburg
9516,Hydra Collaborative
9199,Equine Trivia
9200,Santagostino
9201,The Evil Midnight Bombers What Bomb at Midnight
9202,Hessischer Jugendring e.V.
9203,Missionary Novelty Company
9207,Laugh Lab Games
9208,Creative Visions
9209,Public Solution GmbH
9210,Athena spel
9211,Cobrain Denkspellen
9212,United Guaranty
29261,Star Games
9214,The Hall Light
9216,Tale of War
9217,Dft-Hungária
9218,Pleione Bt.
9219,Dinasztia Kiadó
9220,Neisti
9221,Dirk Schoenberger
9224,R-Cubed Products
9226,Maquetismo y Simulación
9227,Knight Books
9228,Lingua Viva Enterprises
9229,Venson Products & Services
9231,Four Hour Print
3252,Dover
9247,Synerjeux
17690,Leicester Diocese
9241,Palmetto Games
9243,Oggi Products
17764,Solboe Productions
9245,Tomahawk Games
9248,"Kalo Enterprises, Inc."
9259,Tiempo
9251,Diputación Foral de Álava -D.F.A.
9255,Gamoti
9253,Blue Chip Inventions
9257,"Selective Educational Equpment, Inc."
4307,Admin Test Publisher
23446,Hemphill & Peek
9258,Larton Games Co. Ltd.
9260,NMC Corporation
10729,"Action Toys, Inc."
45106,Decka Inc.
9262,Jeux T'M
16641,eMines
9264,GAMEFORCE Studios
9269,SN Games
9270,Scuda Games
10784,Century Games International Inc.
17680,Freetime
9271,Illustrerad Vetenskap
9272,The Zest Card Co.
9273,CLC Distributors
16163,"Golden Rule Educational Products, Inc."
9267,Babílon Pródúksjón
17677,DMC Games
9329,Johnson's Valley Printers
9276,Toys to Grow on
9289,Solar Products Corp.
9290,Rivera Systems
9291,R. M. Corporation
9286,Mythworld entertainment ltd
9278,Metagram Games
9283,Tactical Football Company
9285,Hillside Communications
9314,Hf. Akur
9292,Educational Card & Game Corporation
9293,Alphabet Corporation Limited
9294,Vitaplay Toy Company
9295,Yddarinn ehf.
9296,Novar Cottage
9297,Dilex Corporation
17638,QtecDesign.com
9299,Steel Dreadnought Games
9300,SUN-ANTS Hawaii
17740,EquiPlay
9280,Church Enterprises
9279,Linear Creations
9309,Corvid Games
9302,Crosley Products
9303,Cross Word Co.
9304,Spiele-Vertrieb Michael Rave
9305,Roaming Panther Game Co. Ltd.
9306,Crusader Games
9307,Game Group
9308,Bókaútgáfan Salka
9310,Daisho Publications
9311,Mudiwoga Distributors
9312,MeinKartenspiel.de
9352,Club Amusement D'Amours
16300,Champ Loisirs
9315,Harte Games
9313,Evil Spirits Entertainment
9317,Eldon Co.
34181,"Hobby Press, S. A."
9318,Micromanía
9320,PAG
9322,Travis Toys Inc.
9323,Spiegel Reid
9324,Fm Games
9327,Carta Games
9277,"New Horizons, Inc."
9326,Bevco Games
9331,Lukesch 3-D Games
29040,The Fun and Game Co.
9370,"Кооператив ""Осень"""
9334,Taste For Life Inc.
9335,"The Allen Company, Inc."
9337,The Toy Box Games
9341,"TransMedia, Inc."
9342,Nickel Press
9344,"Educational Cards, Inc."
9353,Treasure Chest Games
9354,H.D. & K. Products Corp.
9345,Gandharvas Studio
9346,Mind over Matter Games Inc.
9347,Poko Products
9351,Infinite M Games
9355,"Gropper Manufacturing, Co."
32945,All-Fair Toys and Games (Alderman-Fairchild Co.)
9362,American Newspaper Promotion Corp.
9356,Juegos Merlin
9357,Joint
9373,"JMC, Inc."
9391,Personal Growth Company
9392,"Games by Bluett, Inc."
9368,"Ka Bump, LLC"
9284,Blue Iguana Games
9393,Paws & Play Games
9372,Travel-by-Games
10480,Spel i kubik AB
9375,Braams Brothers
13203,Masterplay Publishing
9379,Eternal Hearts
9383,Edges
17689,N.V. Christensen
9384,U. S. Games Company
9394,Bamberger Originals
9385,Development Products Corporation
9387,Texall Corp.
11575,Perceptual Development Laboratories
9374,Captain O.M. Watts Ltd
9395,Leviathan Games
27945,Kustannusosakeyhtiö Tammi
16000,Neugame
9397,Ado
9350,Speedage Corporation
9418,Westfälische Provinzial-Versicherungen
9542,Krifen Games
9415,Austco Enterprises
9405,Canmos (Games) Ltd.
11676,De Vere Game Co.
9343,Kallisti Press
9406,Litke Brothers
9408,North Hull Wargames Club
9410,Eagle's Flight
9411,La Maison des Jouets
9414,LAFF-A-LOTT
9457,Tactical Assault Games
9482,Originals Only
34648,Brascogames
44900,Dogs of War
18378,SIA Glass AB
9488,Faust Publishing
9428,Elastic Earth
10742,Action Games Company
9439,"Shape the World, LLC"
9441,Precision Mathematics Corp
9446,Romega Enterprises
9438,Scroker Games
9483,Shark Trust
41978,MediaSpark Inc
9440,"Brain Bugg, LLC"
9452,Malbha Tune
9455,3 Monkeys and 15 Minutes Games
9433,Oficina de Inovação
10021,Target Marketing
9432,Circle Out Games LLC
12407,Sports Games International
9437,Mind Fizzle
9460,Armada Games International
9463,Lark Inc.
9467,JCI Estonia
9468,J. Win Enterprises
9471,Noodleboro
9472,M.I.C. Produktidee
18524,Assault Publishing
18114,Whistling Dragon Studios
9480,Four-One-One
17750,Didacia
46506,Tutti Frutti S.R.L
9514,Kelly & Chili Studio
17723,Jolly 'R Games
9498,Baba Ali Games
16084,Bully Figuren
9500,"Pad Games, Inc."
37201,Ukkari Honpo (うっかり本圃)
9510,Paladin Games
9515,LemonTree Games
9489,SAILWorthy Group
9522,BiGA Games
9519,Novi
10927,Breitschopf Verlag
18086,International Game Development Company
17751,Sumol
9531,"Great Ideas, Inc."
9524,Spółdzielnia Pracy 1-szy Maj
9529,Santee
10874,We Are Sailing
9548,"Clicker, Inc."
9501,Ruckelshaus Game Corp.
17754,Mammoth Mountain
9535,Jim Madonna Marketing
9532,Juno
9533,Wordable Board Games
9536,Rose Marketing International Inc.
9527,Educational Card Games
9543,Центр Перспективных Разработок
9544,Letra-Relax
9547,Econesty Productions
9546,Game Cards International
9556,Bauer Games
9550,Ballpark Classics
9553,Write@Work Communications
9598,Tied to a Kite
9568,Rich-Dean Distributing
15240,Primal Urge Games
9569,If
9560,Indoor Baseball Co.
9561,Louisiana Purchase Card Co.
9562,Lay's Packing
23533,Warner Mfg. Co
9570,NCC Games
9563,SpoGame AB
9573,"Golftime, Anytime Co."
9575,Sunburst Communications
9578,Tame Tiger LLC
17765,Music Ed.
9591,Desyatoe Korolevstvo
9581,Greywood Publishing
9584,Haras Manufacturing Co.
9585,CPI
17660,Deutsche Post World Net
9587,Lawn Tennis Association
9592,Better Indeed LLC
9577,CS14 Productions
9601,Lucris Games
9602,Kassagerð Reykjavíkur
9603,"Macomas, Ltd"
9608,The Wits Company
9605,Bob Whipperman
10372,G. Delgado Ltd of London
9609,Clash of Steel
9610,Crawlin Pty Ltd
17741,Alcan
9612,Rebel Publishing
44586,Autodidact-O-Saurus
11842,Commerce America Inc.
9614,Girl Scouts of the USA
4656,Zimpfer Metallwarenfabrik
9616,Pants on Fire Games
9618,Animate Toy Co.
9620,Duff Sisters
9621,S&R Education Associates
9623,Norstar Corporation
9625,Radar Action
9627,Diversified Products
9626,Littlefield Mfg. Company
22038,Olympia Games Co.
9628,Star Paper Co.
36775,Baueda Wargames
9630,Neubaurer Enterprises LLC
9632,Diverse Entertainments
9843,Herobits Corp.
9593,ZombieSmith
9611,JVA Moers-Kapellen
9675,Chorion
9672,Beast Enterprises Limited
17797,Pocket Sports
9644,JAMBAM Enterprises
9647,"Kirm Enterprises, Inc"
13157,Pro Active Sports Inc.
17712,Gravitas
9681,Regent Book Store
9582,Samurai Games
9693,Murluk Games Ltd.
9696,"Annulus Games International, Inc."
9723,Top-Notch Game Co.
9724,H. Fishlove & Co.
9725,T.C. Reyerson
9726,Indoor Games Co.
9727,James McGowan
9728,ARCO Chemical Company
9730,Silco Enterprises
17721,Tullamore Games
18626,Rubio's
9767,Schäfchenverlag
9776,Utah Trivia Challenge
9869,Eleven Eleven Productions
17720,"Creative Toy Products, Inc."
9793,Keck Enterprises
9796,The Rationalist Association
30551,Migros
9798,Brandwyk Werbeagentur
9845,Sanity Studios
17663,Sculpo
9803,Monkeyden Productions Ltd.
37257,Saturday Morning Games
26845,Saturday Morning Games
9804,Mythgardia Games
11524,Do Tell Enterprises
17902,Weet-Bix
17803,Old Soldiers Magazine
9856,Vaneckere
9923,P & R Enterprises
9860,Snowdon Productions
9861,Kenton Hardware
9862,Prue Manufacturing
9952,Andorra
9864,Maturity Corp
10692,Championland
9874,Landrin
15261,Sea Dog Game Studios
9979,FluxMass
9892,Farago & Co.
9891,Higgins & Daniel Inc.
9873,Dynamic Strategy Games Co.
9882,Droemer Knaur Verlag
9917,T&D Industries
9918,Ellis Canning
9919,Wheaties
9921,W.M. Grimes
9922,Lever Brothers
10730,Swing Set Press
23038,"Addaword, Inc."
9954,Bungalow Entertainment (Australia)
17893,Craft Fair Game Co
14956,Virginia Polytechnic Institute & State University: Extension Division
9957,Simerlab
9956,Jean-Marc Jeux
17791,Löwenbräu
9958,Today Home Entertainment
17763,Muscle Challenge Inc.
9944,Wild Lapland Products Oy
10731,RCS MediaGroup
9970,Church Educational System
9989,Samaetry Town
9987,Jett Educational Games
10785,Amtrak
9993,Marjatarra Oy
9994,FC Hämeenlinna/K-team
9982,1300 Games
9985,R.J.E. Games
9995,Schön-Spiele
10011,Slysavarnarfélagið Landsbjörg
10012,Ekki spurning ehf.
11744,Über Goober Games
10794,CLiK Productions LLC
10022,Viking Line
29064,The Wickett Works
10060,Bunky's Enterprises
10091,Samajo
10066,Agujama
10068,Consorcio para el desarrollo rural del Oriente de Asturias
10074,Galsinma
10071,McGrath Games
11694,Diversified Creations
17796,AGFA-Gevaert N.V.
10097,World oF Twilights Studio and Games
10101,"Curtlin Toys And Games, LLC"
29396,Special Occasions Services
10150,Suomen Historiapelit
10194,Storm Press
10726,Chameleon Island Ltd
11174,J. Passmore
10196,Iron Regime Game Design
17686,6Sided
10197,High Point Games
10158,Delos Books
10210,Konsumentverket
17687,Record
10206,Timerider Games Australia
10178,Saaremaa Viin
10180,RMK
17726,Iowa State Fair Blue Ribbon Foundation
10186,Collective Wisdom
10204,Manoeuvre Group
17793,Pasin Pelit
10226,Frank W. Eddy
10227,Allis Chalmers
10228,American War Game Co.
10229,Ovaltine
10230,Success Composition and Printing Company
10231,Frontier Airlines
10232,Kitty Clover
9668,aethereal FORGE
10253,MacQue Corporation
10254,The Greater Seattle Naval Wargamers
11673,Chester's Games
13131,The White House Historical Association
22620,HouseMaster
17656,F.J. Berastegui
10274,Sierra Entertainment Inc.
10275,Necessary Nurture
10287,"Precision Gaming, LLC"
10286,Fogelmania Games Inc.
10236,Poplin Press
14411,KYX
10293,Bakkaflöt ehf.
12212,"Bible Battles Trading Card Game, LLC"
10302,Kerrigan Toys
10308,RNR Studios
10270,"Jorgo Golf, Inc"
17945,Copulus
17681,Clydeside-Flotilla
13896,Trotty-Lux
10340,Catlear Weapon  Studio
10360,Canvas Games
10344,Hamsta
10352,Bee Wise
17792,Romance-Your-Wife
11843,diagonal
10364,Mead Johnson & Company
11900,"HAL Laboratory, Inc."
10366,Sunshine
10370,Spółdzielnia Rzemieślnicza Centrum
10373,Kansallinen Kokoomus
10401,Servizi Italia
10582,GiloreyDesign
10403,Post Toasties
10404,Starr Bros
33025,"Evenly Odd Games, LLC"
10443,Monsters Under the Bed
10463,V & V: Zbyšek Vlasák
21119,NOBCD
10452,Bommer Spring Hinges
25856,Intev Spielkartonnagen
10458,Oracle Books
18373,"Idea Farm NYC, LLC"
42824,The Standard Playing Card Co.
10469,This Is a Cow
10476,Play Jogos e Brinquedos
10496,Novacom Press
10497,"R & R Associates, Inc."
10509,C. Stooter
17637,Kentucky Educational Television
10500,Oostfreeske Taal e.V.
10501,De Spieker
10499,Liberty Street Games
10507,Waterhole Game Company
10512,Swiss Cheese Union
10536,Marshall Games Productions Limited
10511,Verlag Heinrich Vogel
9868,Studio 2 Publishing
10523,Smartplay Pty Ltd
10524,envisage ADVERTISING
10537,"Paul Douglas, Inc."
18434,PSM Products Ltd
10539,Eureka Studios
9981,A+A Games
10549,Arteros
10555,Peca Games
10559,Swabian Games
13453,GRG Company
10561,Oregon Games International
11933,Self Aware Games
16171,Classico-game VOF
10923,SunnyInnovations
10575,Until
10576,Classic Dining Moments Limited
11434,Képzőművészeti Kiadó
10577,Kőkovács bt.
11778,Chapman Entertainment Ltd.
10580,Castles and Crusades Society
10587,Argus ehf.
10589,Fertile Ground Games
10595,Bence Művek Bt.
10600,Val Verda Ward
10605,Hljómteiti
10607,BGB Games
10603,"FISZ Érettségi, Felvételi és Szakkiadványok Szerkesztősége"
10604,Hard Impact Board Games
10608,Gameskút kft.
10611,AS Ulvi Postkaart
10639,Boldog és Rónai Bt.
11609,Cogitoys
10619,Bob Jones University
10621,R.I.D.E. Games Inc.
10625,Tri-Ton HSZ.
10630,Langenfelder Spiele
10631,Kollmar-Verlag
10750,Ministerio de Educación del Ecuador
10653,EdLee Corp
10657,Editions Dagda
10668,Wiseman
11024,Han Dynasty Publishing
11254,Caribbean Memories Collection
18533,Seppel Creations
26331,"Tail Kiss Studios, LLC."
10671,"Unabridged Games, Inc."
10684,Musicteachertools.com
15034,Games Unlimited Ltd.
10674,Corvinia
17802,Re-Tally-8
10686,"Belton Products, LTD"
10682,CVP GmbH
17351,Alchemy Gothic
10687,Nehrbass + Partner
10641,TAOC
10709,"AGREED Game Company, LLC"
10698,Ergimex
10699,Triumph Games Enterprises
10715,Minor Games
10718,PaNic Games Ltd
10724,"die werkstatt, spiel + design gmbh"
10725,Darf
10728,Wiggle in the Hedge
10787,Sesom International Limited
10738,Daydream Dimensions
10744,"Hoechstetter Printing Company, Inc."
10749,Identicon
10752,Ediciones B
10753,Studio Edns.
10777,Johan Joachim Flodin
10776,"Löfving, J. V."
10775,Harald Theodor Uddén
10773,Gustav Kühn (printery)
10757,H. Bremer
10756,Newlit
10812,Frans Svanström & Co
10771,Esping & Lundell
10770,AB Margentas Bokförlag
10778,SENSEABILITY GAMES CORP.
10762,"Guts, Inc"
10766,Bruce Loray Curling Novelties
10834,Yovich Games
17785,Dodge Ram
10791,CCG Art Kft.
10789,Két Mágus Kft.
10790,Valhalla Páholy Kft.
10792,BHW-Bausparkasse Hameln
10793,Big
10795,Math Construction Company
10796,Center For Sexual Communication
13236,Mandua Trading Company
10871,Northern Lights Toys & Games
22439,Itsadoozie
10803,Uitgeverij Zwijsen
10804,European Initiative for Biotechnology Education (E.I.B.E.)
10806,Kuenen
10807,Craftmasters Estonia
10810,Wills & Hepworth Ltd
10818,Svenska Bokförlaget Ivar Baarsen
10816,DELTADOG DESGINZ Spiele Verlag
10824,Mo.0 (Momento Cero)
10839,Axel Eliassons Konstförlag
10826,Extreme Fight Games Inc.
10827,Edugames
10838,Alex Toys
10833,Domo Game New York
11115,I'm Game
35973,Weka-Spiele
11407,Alcès Games
10879,Jofasa Games
9481,"Keystone Games, LLC"
10941,Ask-Game
10847,Oregon Red Cross
10861,Twisted Entertainment
22565,G. U. Games
1371,"Pasatiempos Gallo, S.A."
44827,AB One Games
10856,MDS Games
10865,Rolling-Front Game Co.
10859,Cardota Games Co.
10862,SLUGBUG Games
16949,Tab Creations
11718,Ri-cher Enterprises Inc.
10908,Open Court Publishing Company
10873,Suchard-Tobler
10888,Hunnia Játék Kft.
10909,L'Association
10883,"Brahma, Ltd."
10885,Kerekerdő Bt.
10886,"IllumiNOW, Inc."
10914,Wisconsin Council on Forestry
10889,IQ és Társai Bt.
10890,Superjouet
10902,B T C London
10912,Maruce Industries
10915,Odin-Spiele
10916,Bauerngolf
29999,Logopédiai Kiadó
10919,Magic Dragon Books
13195,ICOM Simulations
10920,Regione Toscana
45575,PLAAY NOW
10924,Impérium Kereskedelmi Szolgáltató Betéti Társaság
10830,Vereniging Wereldkinderen
11708,Parakletos Publishing House
10926,LB Golf Products
10931,MichPong LLC
10934,Vitéz Grafika
10944,Gem Leather Goods Co.
10938,Century 21
10937,H. MacDonald Printing Co. Ltd.
5777,"Shoot The Moon Products, Inc."
10945,Happy Games (I)
10942,Brill Creations
10943,Excelco Pte Ltd
11240,John Garrett
10965,Inventive Items Ltd.
10950,Financial Games Kft.
10966,Gordon McKay Ltd.
11844,Liget Galeria
10990,ZOCKATO Baier & Keuchler GbR
10958,Growit.ch GmbH
17756,Szerencsi
11316,NHMK Games
29069,Hargate House
18532,Office Communal de Tourisme de Durbuy
37526,TUC Enterprises
10974,Deep Dish Games
10961,Game Humanity
11026,Game O'Clock
10973,BBCK Bramstedter Kleinverlag
11085,pixelproducts
11029,Materials Research Science and Engineering Center
10981,The Gametrust Corp
11061,Umferðarstofa
17747,F P H VIP/MB Studio
11556,Taschengeld Management
17676,Lockheed Martin
11036,On My Loop
10995,"Oregon Satellite Games, Inc."
10996,Dunseth / Steward
11025,Teen-Age Games Inc
11011,Hard Time Games
42083,SOCIOJEUX
11021,tictactactic
11028,Aladco Inc.
11019,Best tours
11062,Sea-Sons ehf.
11014,Golden Crown Games
615,Jason McAllister Games
17768,NCA Enterprise
17674,King of Rock Game Company
11059,Spielpforte
11049,ChessCubed Inc.
29050,J.P.P Productions
11066,Kaktus-Autorenverlag
11068,Mushroom Games (I)
11067,Giro Toys & Games
11069,Mahjong Poker Inc.
4201,Brunswick
11013,P&R Educational Games
18322,L. S. France
11088,Rivertown Publications
11090,Schico-Brettspiele
11094,Verlag Arbeitsmittel für Lehrer und Schüler
11096,Jackson's VIP
11113,Matador media ehf.
11099,Bork Brettspiele
18720,"Gaylord James, Inc"
10898,Kalker Spiele-Verlag
11103,Wego-Spiele
11122,Normandy Games
40326,Surroundings
10998,Glow Worth
17958,G. Wm. Baist
11111,"Putney Bridge Enterprises, LLC"
10843,A'n'SR -entertainments
11135,The Educational Toy Company
11131,Innospiel GmbH & Co. KG
11124,Candle Distribution Co.
10922,Johor Corporation
11161,Military Enthusiast Magazine
25524,"CEJU, S.L."
25717,Marek/Janci Design
11136,Jahn Verlag
11163,Sycamore Games
11162,Wala Enterprises
11140,Big Voorah Productions
11170,W. & T. Darton
11171,Wm. Sallis
11172,Alfred Davis & Co.
11173,David Ogilvy
18072,Antiques Challenge Ltd
33947,Productions du lampiste (Productions of lamplighter)
11175,Darton & Clark
11152,Terner és Harasztia Bt.
11153,Quest Co
11154,Hare Enterprises
11158,Prot
11166,"Calinten, LLC"
11176,Global Horizons
11201,"Programming Concepts, Inc."
17685,Meyerhoff
11181,>60 Design Centre
13220,Valu Pty. Ltd.
11185,Maxi Color
41604,Castor-Fiber
11190,Walt-Design
11191,Lake-Spiele
11204,Perko Games Inc.
11192,Melchiz
11874,C. Taylor
11215,Saml. Conder
11214,Conder and Jones
11196,Foresight Games
11227,Grace Games
11209,OhiOriginals
11212,Christian Toy Company
11216,"Joseph, Myers & Co."
11208,Van Nostrand Reinhold
11206,Caravelle
11224,RPM Board Games
11229,Quelle
11274,Syzygy Games
17845,Fine Wine Games Inc
11260,Calder Craft
29107,Enzio-Holding Oy
11232,Square Gear
11167,Laurie & Whittle
23452,E. C. Bennett
11532,"Ediciones Eureka, S. L."
11238,FBN Multimedia
11239,Champante and Whitrow
11414,Polskie Gry Planszowe (Polish Board Games)
17931,"Marc & Josh's House Party, LLC"
11245,Waterwatch Victoria
11504,Nicholas Kay Games
11252,D. Carvalho
11251,Ludeo
11253,Standring & Co.
15997,Þekkingasetur Þingeyinga
6268,Souvenir
11249,Grapple Games Inc.
11250,Schwede Games
11261,Pickering Productions
11270,Direct Group
11259,Duubel 3
11262,"Lindberg of California, Inc."
11241,Dwarf Tales
11255,EVS Education
11267,Hansestadt Verlag Hamburg
17761,RIM
17710,Calida Enterprises Inc.
13430,Tall Cotton Products
11884,Educational Research Associates
11282,Happy Life animation AB/SF
11283,TV Loonland AG
22315,Nova Stella
11276,Pearl Cards
11275,Gauthey Miniatures
11277,Half-Time Enterprises
11280,M.D.G. Israeli Imports Ltd.
12735,Belfarpost
11285,Steve Parish Publishing
11287,ES Toys
11289,"Grognard Simulations, Inc. (GSI)"
11291,Trixeso
11292,Real Gamer
11293,"Wei-Gill, Inc"
11295,RayMarc
11296,Creation Life Publishers
11326,Xemytica & Pingo.name
11302,Kaevur
11303,Limonaad
11306,The Bungay Games Factory
18527,"Promotorías Social, Personas con Discapacidad A.C."
13242,"Clark Summit Alpacas, LLC"
11328,Departament de Medi Ambient de la Generalitat de Catalunya
11373,Scramasax
11312,Wise Art Games
11317,Preaction's Games
33953,Lloyd Travel Games
18593,Rally Round Games Inc.
11330,Garland Game Company
11331,Tenore Games
11360,EOSgame
11336,Stadtsparkasse Köln
11337,Executive Visions Company
11356,G & E Hill
11357,"New ""Arts"" Sales. Co."
11375,Wydawnictwo Diecezjalne i Drukarnia w Sandomierzu
26197,MBM Oratory
11340,Frezcogames
11349,Funny Farm
11361,Northern Slayers
11362,Statistiska centralbyrån
11363,"CSW, Inc."
14927,Dialude
11383,GPIP Design
11379,Museum Ladin Ciastel de Tor
11376,"Ideen-Werkstatt KG, des Klaus Wagner & Co"
11377,Cat's Family
17017,"R&J Talboys, Inc."
11364,Paperboy Games
11395,Pan-Thomas
17780,Design Origin
11325,"Playhard, Inc."
11400,U.S. Department of Transportation
32995,United States Department of Transportation (USDOT)
11394,Taco Bell
11566,Dartslive Co Ltd
11393,Druckerei Alam
11390,SIA Geo200
11391,Trisan Editores
11401,William Bruce Company
17673,Stategia e Tattica
11397,Learn About Games Ltd.
50987,Andux
11402,T. M. Games
17693,Le Figaro
17798,Fox Pools
28144,Willko Spiele
11268,TeleTool Production
11429,LUPU
11413,Tandem Editions
36849,Voxelhouse
17847,FlipScript
11431,Custom Inventae
11425,Volvo Penta
22210,Kokkolan Matkailu Oy
11433,smada verlag
11443,Pabel Verlag
11444,National Bindery & Game Co. Inc.
25502,"Rosenwald-Milius Co., Inc."
11412,GlobalNetworks AB
22907,introplus GmbH
28160,The Raven King
11474,La Main Au Panier
11475,Pupy Toys
11476,Editrice Carroccio
11477,Les Randonneurs de Strasbourg
11478,Le Henäff
11485,Claes Janβ Viβscher
11480,Paulus Fürst
11481,Johann Peter Wolfs Erben
11482,F. J. Weygand
11479,Picsou
11492,Akun Tehdas
11473,Marbel
11499,Aerts
11498,Verarua
11488,Congost
11501,ADBC éditions
11490,Alan Jeux
11491,Artichaut Jeux
48377,Comune di Modena
11493,Edicta Edizioni
11511,Antoine de Fer
11512,G. W. Pickel
11513,Philipp Jacob Döring
15309,Schyns Didaktische Spiele
11506,Glad Tidings Publishing Co.
17000,Sketchmaster
11528,Johann Conrad Peetz
11521,Kolojay Games
11507,Atelier 57
11522,Dystopian Holdings
12150,Happy Squash Toys
11531,Quantum Publications
11534,Bit Enterprises
11535,Elo Co.
11613,Aritma
11543,Whataburger
11541,JAGA Vydavatelstvi
17841,3 History Geeks
11554,G. H. Enterprises Ltd.
11748,alfaset
10929,DAG Productions
11567,Champagne Adventure
11562,Past Perspectives
51021,ameri-game
9416,Kansas City Irregular ASL Club
24444,Jeng and Associates
11587,"Wandering Words, Inc."
11569,Gemani Games
11580,Crépy
11583,"Metz, Gangel et Didion"
11585,Peregrine Arts
51219,Fried Monkey Games
11586,TBC Games (I)
11399,Puffin Corp.
14608,Monsoon Games
11576,Wilson Games
11838,Advanced Games Entertainment
18504,South African Cochrane Centre
17770,Altiero Gatti
17729,Lepthien-Schiffers
11594,Ellis and Frazier Games
11588,Fyndcentralen Jörn
11590,Vespa
11591,Kewes förlag
11595,Occulta yb
11668,Essencegame
17640,Fly Past Magazine
11620,NAK Game Enterprises
11622,Verlag Christian Trummer
11623,Verlag Friedrich Campe
11624,Gebr. Schmitt
11625,Verlag Napoleon Campe
11687,Strategemata
39669,Cru Press
11629,Family Life Publishing
11631,Verlag Joseph Kellner
11632,Verlag Martin Engelbrecht
18984,Golgo Island Studios
11634,Verlag August Friese
11635,Verlag J. G. Klinger
11649,ISFSI
11636,Ziphob
11637,KLS-73
11648,The History Scribe Ltd
11642,Shelcore
11633,Extra Heart Games
11862,Hydro Lord: The Game
11608,Line Upon Line Corporation
11621,"spygame.com, llc"
11664,Monarch Publishing Co.
11665,Augusta
11691,DMN Partners
11697,"M & C Toy Centre, Ltd."
11701,Gnolithic Game Design Studio
11675,Solway Games
11682,ahrens
11683,Brand New Games
11674,Ben-Attar Games
11690,"Learnin' Can Be Fun, Inc."
11662,Pepsi Co.
11661,Ribbit Toy Co.
11658,Metropolitan Life
11638,Sudbury Mfg. Co.
11555,Moscow Toy Factory
11693,Valhalla Games
11679,Small's Chocolate  
11657,R.I.Grbic
12027,Random Logic Entertainment
11460,Remembrance Card & Game Company
11703,Warcoach Games
11698,Cooper Products
11719,Home Toys and Games Inc.
22415,Key Education Publishing
11705,Beutelspiel
11711,Untamed Games
17790,The Cavalcade of Games Publishing Company
11724,Authors' House
11721,Score Promotions BV
11670,Games for Business
11977,Editions BoUriCot Games
10350,Basic Action Games
46236,NB Games
11730,Funhub Creative
11861,Pavillon Noir
10786,Peril Planet
10450,First Edition Society
11750,Salani Firenze
11743,Svenska Scoutförbundet
12107,DG Products
23242,Retrospective Games
12588,SG Promotions
11754,"D.D.H., Inc."
11755,Nature's Path Foods
16768,Akadémia Kiadó
11772,E. Newberry
11771,Didier & Tebbett
11769,W. Richardson
11825,E. & M. A. Ogilvy
11773,Yuca Productions
9238,Grim Trojan
15606,Tonygames
11826,J. Marshall
11819,Trivil War History Games
11828,Armor Grid Games and Miniatures
16295,Lindasoft
11961,R & G s.n.c.
11960,D.H. Engineering
11959,2M Giochi
11934,Numero Games Company
11869,Veuve Turgis
11940,Simon Schropp & Co
11938,Mead & Field Ltd
11936,Woman
11943,"Smith, Elder & Company"
11937,Richard Marsh
11824,Game Engineers
11897,Fiasco Games Co. (II)
11924,RainbowLand Publishing
11939,CRM Books
15347,Microsoft
11945,ParticleForce LLC
11955,Telia
11958,Modern Plays
11962,Delta Dental
17722,IDQuest
11974,Skandia
11976,Panzertruppen 1990
11726,Global 13 Publications Inc.
42409,YAZI Projects
11980,"G. S. Meubel International, Ltd."
13290,Epic Atom Game Lab
12040,Design by Thomson
11983,Deerbrook Enterprises
11984,Missionsgesellschaft Bethlehem
11986,SEEME
12000,Brimalyn Productions Inc.
11999,Håll Skärgården Ren r.f.
11982,BeeShield Games
12002,Dragonbreath Games
12006,Mica Game Company
12026,SMPress
12016,G & J Ideas
12028,Proprius Games
12021,Amagination
12030,Voodoo Ink Publishing
12041,Copouts Ink
12088,A. P. Grant Productions
12144,Camelot Games Co.
12046,Mark-Star Enterprises
17718,Luko Spiele
12060,Oak Grove Productions
12059,Singer Arts
12087,"Ignitus Innovation, Inc."
12070,BCCM
12074,"Atlantic Challenge, Inc."
12076,Edition Kranich
12077,Random Encounters
12090,Lechwerke AG
12078,WPI
12080,Uh-Oh Games
12098,AT Project
12102,Ashcroft Games
24505,Kult Board Games Limited
12109,Deipnos International
12110,DéfiZ Éditions
12137,"Walleye Game Productions, Inc."
12119,Pentagram Games
12133,Witmine Games
12152,"JJAGS, Inc."
12148,"Aggressive Enterprises, Inc."
12158,Clinton Law Office
12154,Peas-Corp
11845,Godfrey Evans Games Ltd
12162,Yorkshire Games
12159,Mama Luke Playing Cards
12161,Grupello Verlag
12160,Mind Game Menagerie
11723,Maximind
16867,True to Life Games
12173,Cloudberry Games
12175,NodeOne
12168,Tudorbrook Products Inc.
12170,Pangenre
12176,Adon Products Company
12177,Spellen-Meister
12167,Sporadic Games
12058,PowerUp Studios Inc.
12188,Hal Leonard Publishing Corp.
12209,"CopperNail Ltd., Inc."
12210,Эгмонт Россия
16439,NerdcoreLearning
12221,Not The Box
18993,Playmore Games
12220,Solsystemet
12231,M.I.W
12242,GRY PLANSZOWE BOARD GAMES
12243,Jugendamt der Stadt Nürnberg
17648,White Rose
14163,Soiree
32511,Games Time Limited
12304,Mission Community Services Society
21025,Shortcut.pl
12305,"The Pengad Companies, Inc."
17959,3 Little Words
12317,"Edgar, Ltd."
12353,Hahn
12355,Goodness Sake Products
12374,"Inkling, Inc."
12375,Enchanted Beard Press
12409,"Guinne's Games, Inc."
17646,Cause
12314,Taskmaster Ltd
12475,Stan Johansen Miniatures
12484,Uniservices
12327,Hit Juegos
9263,Dark Realm Miniatures
22942,"JJandS Enterprise, Inc."
25264,Petsapalooza
12574,Maguire Game Company
42606,Kalle Anka & Co
12580,Mixim
12608,Thinkers and Tinkers
12613,Nobility Games
12658,Gangel et P. Didion
12626,Anderson Game Company
12629,Brock Brothers Inc.
12635,Shadow Hex Games
12663,Faktum
18271,ChiToo Games
12668,Nine Gods studio
12648,Larienna's Library
15998,Iðnaðarráðuneytið
12653,"Mind Games, Inc."
12669,"Everdidac Internacional, S.A."
23573,Yuusei kara no free kick
12685,"Arctic Fox, Ltd."
17429,D.M. LUCKEL LIMITED / ARTMASTER
26586,Anubis Studios
12711,Ironclad Miniatures
12761,"Gator Trivia, Inc."
12642,International Federation of Wargamers
12726,"Mathews & Marshall, Inc."
16797,litiancong
12739,Zen Zombie Games
12758,Centerport Games Inc.
43580,Tande and Associates
24508,Animal Planet
12742,T2U~ Games
12763,MOC Games
12483,1 Stein Spiele
41510,Auxilia
12724,Inspired Games International Limited
12775,"Council Games, LLC"
12793,T. G. H. Products
10779,HarperCollins Children's Books
12776,Ludotech
12786,Odlot Game Com
12787,"ALMANiAC, Inc."
17658,Koala Crisp
17675,Panda Puffs
12814,Capitan Games
16186,Angels Inferno
12791,"Play Zone, Inc."
12807,Hyptic
49670,Echelon Games
12589,"The Survance Company, Inc."
12866,Gladiator Games (I)
12841,"Bestworld, Ltd."
12861,Hands on Toys
12843,"American Throttle, Inc."
12859,Trivselspel
12875,Kummara
12876,Nonesuch Games
12856,RP DESIGN
12862,3JM-Édition
12877,CH-ILL Enterprises
12878,Noble Education
12900,Can You Imagine
12901,Executoys
12902,"ProGroup, Inc."
12904,Trollrike
12832,Misakikoubou
12915,Curtis-Fisher Game Co.
13030,Chicken Hut Games
13038,Startis
12950,National Community Organisations Council
12984,PendleSpear Gaming
13031,Seaküla Stuudiod OÜ
13032,WePlay
13033,PRO
13055,Ioxi Boardgame Studio
14642,Carpe Aleae games
13074,Nectarine
13097,Woody Productions
31719,The Fantasy Factory
18531,Meneer Jansen
13143,AF Games
17834,Bitfactory
13178,The Learning Ladder
14044,Greeny Games
13194,Livanis
17818,Hydrass
13264,Kulturföreningen EPA
13265,PB&J Toy Co
13266,Prodigy Game Works
13271,Epicure Games
17659,Samuel French
14309,Art of Life Plus
13306,SMP Game Laboratory
13312,Dark Menace Productions
13329,IAC Corporation
13337,Imagiciel
13353,Grand Promotions
16573,Eudactica
9983,Word Mill Games
13361,Owldays
13444,Home Run Enterprises
17111,Ozzé Creations Inc
17662,Tease & Please
17684,Power of Romance
13368,Alector Limited
13367,Crescent City Industries Limited
29719,IQspellen
13390,Hogan Originals
14806,Pioneer Junior College
13428,War Artisan's Workshop
13410,Mungo-Verlag
13419,Eng Enterprises
13422,Delma
13443,Funleague Inc.
13456,Hall Enterprises
13437,Alagan Design
13459,High Birches Games
13478,Beuth Verlag
12822,Wink Death
13480,Megoli Games
13483,Малыш
13484,OÜ Minu Rocco
14253,Barron's
17800,QuikTrip
13639,Decision Games (II)
13675,DrakFiles Gaming
13661,"Shanjiancheng Culture Communication Co., Ltd. Shanghai.China"
50099,Steiner Spiele
13718,Vauen
13724,Vågspel lek & lär
13770,Svenska Arbetsgivareföreningen
13869,Majellan Entertainment
13970,"Diffraction Entertainment, Ltd."
14114,Mission2Games
13913,J&B Products
13914,Bravofun
14815,On The Lamb Games
14332,Dmityok's Games
33547,Cyborg Centaur Games
13702,Hilton Dusseldorf
14084,We Have Issues! Publishing
14122,Loafer Gaming
14159,Monomer Games
14164,Editions Labor
10137,Giunti
31371,Starsiege Enterprises
14002,C&M Games
14388,RDN Games division of Publibec Limited
14256,Weekend Products LLC
14495,Mirabelle jeux
14263,Yo! Games
14289,Somei Yoshino Games
12307,"Utrecht School of the Arts (Faculty of Art, Media and Technology)"
15764,Relativity Productions
14323,"TERC, Inc."
14328,Lyndon Marketing
14330,Rocket North
14331,Primier Incorporated
14335,Roalex Quality Products
14336,"BBJ, Inc"
14493,Stienstra Makelaardij
9576,Black and Green Games
16052,Tartu Keskkonnahariduse Keskus
14379,Innovatum
14404,Verlag Oups & friends
14410,Elka Brinquedos
50498,Toggolino
14451,Card Table Games
14457,Smith & Hallam LTD.
25882,Porcupine Press
14536,Bókaútgáfan Stofn
13796,Höfum Gaman ehf.
14551,Kaleidoscope Publications
14560,Murphy Games
14574,Les Enterprise MINI-RALLYE Inc
14421,Bayer Vital GmbH & Co KG
14633,The J. E. F. Aliens Game Corporation
14645,Ardi
15772,Obsidian Entertainment
14695,Spieleautorenzunft
14743,Gawd 'elp us Games
14029,(Self-Developed Video Game)
14917,Il Fogliaccio degli Astratti
14785,Philomuse
17530,Carnaud Metalbox PLC
15433,Strategy Rich Games
14805,"Department of Natural Resources, Michigan Parks & Recreation"
14794,BriAnn Game Kft.
14833,IntergalACTIVE Games
23007,Half Plug Games
14856,Realize
14143,Afaka International
15010,KeejoDreams
14865,Bookcase Publishing LLC
14906,Hydra Miniatures
14908,samhain Verlag
14918,TimeMentor
14919,STRATAC
15239,Sconudi
22120,Mindstone Games (web-published)
14955,Busch
29257,Gebr. Achilles
15003,dante-Spiele
15144,Pratr a.s.
14982,"Horizon Toys, Inc."
15053,Bloodsworn Designs
15002,ShuffleBowl Corporation
15015,KFC Chicky Club
28994,"Perisphere & Trylon, Inc."
15018,Industria e Comercio de Cosméticos Natura LTDA
15028,Lund & Associates
15025,Anchor Butter
15029,Lingua Ludica
21689,Epicwargaming.com
15035,Grey Cat Games
15370,Synergy Studios
15036,CNRS Editions
15050,Scala leuker leren
21923,Perspective Games
15055,Blaze The Cat and His Firefighter Support Team
15056,FLAGGO Ltd
14823,Finan Enterprises
15060,LaMancha Games
11120,Bastei-Verlag
15161,Neighbourgames
15102,Klartext Verlag Essen
16557,Magicbeangames
15112,The Game Makers
15121,MyMysteryParty.com
15088,Blazin' Industries
15134,Xindao
14460,GlobaLudo Aps.
15141,Nightstalker Games
15175,"Dreamastermind, Inc."
15185,"Spółdzielnia Rzemieślnicza ""Wytwórczość Różna"""
24228,"Sovereign Games, LLC"
37800,Plasto World of Entertainment AB
15191,L. R. Gebert Co.
15200,Crystal Tower Games
15199,Knight's Crest Games
15263,Dexter Wayne
15264,Luditoys
15242,Explosive Laughter Games
15256,Eesti Energia AS
15257,The Royal Game Company
15262,Oak Tree Games
14593,Boadicea's Backyard
14940,AMJI Games
15203,N.V. Uitgeversmaatschappij Rotterdam
15176,Double Aye Games
14991,ACP CORVI
15307,Barclay
15300,Vara
15302,Wulkan
22175,Ludikif
15326,Terra Mutandis
15311,Laboratorium Gier
15313,Jugendhilfe und Jugendberatung
15315,KOOLIBRI
15293,Primus Print
25097,Foundation for Social and Economic Initiatives (FISE)
29286,Kalidasia Media Productions
14406,Alimat games
17795,GamesArtBooks
15340,Cokesbury Acorns
50448,SunrayZeroAlpha
29049,Lampo Group Inc.
15386,Wizdom Games
15366,AntiMatter Games
15356,mindlink games
25226,Nice Games
15379,Edutainment Games
15387,Phoebus Enterprise Ltd
15317,Project Good
29104,McDowell Mfg. Co.
15479,Primevale Leisure Products
15410,Stichting Toerspel
15412,LDT Gameworks
15415,Mahavideh Foundation
15416,C.C.S.I.T.A.C.: Bucuresti
17828,Dance Telephone Inc.
15427,Merrymeeting Games
27710,Bravado Games
15437,www.spielmaterial.de
31144,Buxton
15709,Lucky Ape OÜ
15444,"Brown-Dietemann, Inc"
15448,Tridagam LLC
15478,"Holiday Inns, Inc."
15459,DrunkAssGames
15461,Casino Novelty Co.
15462,JM Enterprises
15471,Pétard Troll
15483,Arkasi Games Co.
15486,Crazy Fun Games
15490,Jabiru Trust
15494,Studio spektar
15500,ProCard Baltic OÜ
15499,Solaris
15498,TV 3
15501,Business School OÜ
15502,Lernspiele im Unterricht
15541,Green Haven Games
15525,The Little Big Game Company
15550,IC ehf.
23555,IC Game House
15535,ELAN
15540,IKON games
15582,Overnight Games
25038,Spielidee
15818,Drekafiskur ehf.
15551,Geo Mini
15571,Pioneer Plus
26233,Bund Deutscher Hebammen e.V.
26768,Kamtronik Games Ltd
15587,Who'd You Rather? Inc.
32073,Born-Verlag
32173,Sporlux
15640,Ed. Cartoccino
15639,Sparco Games
47591,Di Hong
15634,Happy Kid Toy Group LTD.
15747,Good Vibrations Games
15664,Cadbury
15665,Bundeszentrale für politische Bildung
15667,Plastigal Juegos SRL (Plastigal)
15671,Svensk utveckling r.f.
15679,Winters Enterprises
15682,Junior Brothers
48211,Monkey Mind Games
15720,Znak
17749,Cheerios
17777,Uppity Shirts
15700,Creative Development Company
15654,Carden Games
15751,American Educational Products
17806,SHAKESpell
15710,Hong Kong Islands District Council
15692,"ZIN Games Only, Inc."
17724,Regy-Jogos
17679,Fantoom Projecten
15689,ZooBooKoo International Ltd.
15757,Kamehameha Publishing
26468,Twin Sword Trading
15806,Echo Kreativeplanung GmbH
15802,"Lindergaff, LLC"
15734,Sourire pour Saisir
15803,Investment Kft.
15922,Resolution Concepts Inc.
15981,Kynstrin slf.
13873,Imagineering
15925,EduPress
15868,Modulinvest GMK.
15883,At the Table Games
15884,The FACE TO FACE Game Company
16086,The Wella Corporation
15723,verlag Sommi
15794,Senseicorp
15795,Anglomar Marketing Inc
15796,Les Enterprises Jeunial Inc
15916,"R. H. Stevens & Co., Ltd."
18377,Educational Resources For Children Inc.
15938,Frame Games
16083,FAB (Federació d'autoescoles de Barcelona)
15962,Ontex Games
15958,Burlington Socks
16138,Rymas
15967,"International Leisure Industries, Inc."
16006,Marwanny Corp.
15972,Trafic Conecta
17772,Till Eulenspiegel
16425,R.J.A. Games
15990,Environmental Board Game
15995,TMTTC Games
16022,Olsen Games
16024,miniCHAOS Limited
16038,Destina Inc.
16040,The Learning Key
16045,The Perfection Form Company
15939,Copple Company
16049,Bailey Records
16648,"Bhatti & Company, Inc."
24609,Toste
42254,The World at Your Feet
16072,R.P. Inventions Inc.
16077,Casella Wines
16080,e-solutions Inc
37833,Major League Dreidel
16088,Cochranes Of Oxford Ltd
16097,Spooky Outhouse Productions
16099,Funtastick Co.
16100,Smart Fun Inc.
16103,War Chamber Games
16281,Ministry Gallery
17394,Xybertek Systems
16110,Tristan Convert's Games
16128,FamilyTimeFun
16145,Clever Playing Cards
16177,Windward Enterprises
16148,Gestend Ltd
16150,"Lazy Cat Media, LLC"
17830,Stichting Aquaquest
16176,"Braddock Communications, Inc."
16441,Free Spirit Publishing
15909,Desdichado AB
16206,"Kaffee-Contor Bremen Gmbh & Co, KG"
16375,PonderZombie Games
16952,Rowohlt Taschenbuch Verlag GmbH
16334,Oscar de Curbans
24328,Rainbow Crafts
16242,Lingoplay
16259,"MADCO, Inc."
16264,Cactus
16270,American Race Car Gaming Inc.
15304,Fabled Worlds Games
16282,"Bonne Nuit, Inc."
16286,"Four Clowns Game & Toy Co, LLC"
16656,IOS Games Ltd
16297,Die Spieltruhe
16304,Ars Ludi bvba/sprl
16315,Be Innovative
16316,LH
16318,"Current USA, Inc."
16345,Earthrise Inc.
16442,"Neloco Electronics Co., Ltd."
16298,GKO Games of Nottingham
1853,Vigard Simulations
16363,Surf Shack Productions
17771,Envie De Jouer
16368,Limana Umanita Edizioni
16377,U. S. Chamber of Congress
16252,Cowsheep
16402,"Cognitive Square, Inc."
16427,Verlag Dr. Rudolf Erhard
16433,Thomas Jeffreys
16443,Oh Happy Day Games
16444,Eco Angel Enterprises
19244,Grant's Scotch Whisky
16460,Vienna Verlag
16462,IBR Prod.
16461,TTG
47517,Magic Strip
13187,Verlag Schreiber & Leser
16468,"AMBIT GAMES, LLC"
16467,"Tumblin Dice, LLC"
16644,Shauss Enterprises
16478,Deluxe Real Estate Magazine
16486,I Heart Board Games!
23445,ArmChair General
16532,Beegle Enterprises
16522,Pot Of Gold
16527,Astute Games
16536,Rottgames
16533,Editions Fermont s.r.l.
16534,Spellènko
17492,Godfox Enterprises
33306,Lanfeust Mag
17438,Sciences & Vie Découvertes
16537,A Fistful of Games
16583,White Ring
16584,Alien Head Games
16590,Polehnia Spiele
27904,Henning Glahn
17769,Non-Trivial Quest LLC
16654,Little Squash Productions
16684,Gamesadee
16570,Fondazione d'Andrade
16767,Bencolor Kft.
16578,Pocket Songs
17776,Tacet Musikproduktion
16697,CredAbility
16598,Bildgut-Verlag
16599,Hipwell
17949,Pirston Promotions
16538,Didattica Giochi
16632,Mr. W Games
16633,AXA
16634,Norstar Games & Leisure Products Ltd.
16637,SoPac Games
16635,Realfokus
16628,Atomic City Games
15372,Power Play Games
27486,TJ & J Smith Limited
16672,George Allen & Unwin LTD
16676,Juguetes Pery S.A.
16699,Bainsa
16694,Regal Mfg. Co.
16728,vzw Excalibur Historische Spelen
16703,X Plus Products
16707,Adriano Giochi
16727,"Pay Your Family First, LLC"
9671,CRN Games
17979,Jutulind
16737,Soomusronk OÜ
16577,I-55 Games
16631,DNA Family Games
16744,Volcano Video Productions
16760,Zapak Games
16754,miniFigWorld
16330,Communication Skill Builders
16720,American Civil Wargaming Society
16780,HOD Business at Ormiston Senior College
16779,Sonset Point Ministries
16636,Patented Products Industries (UK) Limited
16785,Dolumont
16513,Vermicelle
16512,Derideo editions
16510,des Mots & des Mains
16509,Cielbox Editions
16781,Goody Goat Games
16786,Hexalia Games
16480,Belltower Games
16649,Deuxmark
16801,College Company Nalá
16745,Messrs. Edward Mortimer
24639,Football International
18380,"Reality Board Games, Inc."
19001,Catalyst
16811,"C. R. Productions, Inc."
17045,Campbell Books
16884,Echec et Pat
14957,Fire and Forget Games
16842,Redtail Industries Inc.
16849,Huyutuki
16885,Full Circle Productions
16850,GMB Products
16878,Iceland Frozen Foods
16677,TriumphantGames LLC
16855,Virtue Toys LLC
16856,"RoosterFin, Inc."
16857,Le Groupe Conseil K2 inc.
27997,Boxtree Publishing
16877,Scotch Videocassettes
16822,Hazakah Inc.
14831,Unified Theory Games
23432,Raphael Industries
16905,Battlestar Galactica Merchandise
31218,Lysander Games
16908,Calico
16910,"LCT Enterprises, LLC."
16911,Home Games
16915,Infodok VZW
18499,LERO
17029,Smart Max Corporation Ltd
16924,DNA Educational Games
16932,Ο Μέγας Βασίλειος
16987,Alvin Penna
16950,Geografforlaget
17049,Abbots Games Society
16966,"CSA, Inc."
17091,Sphinx
18075,Glow Europe
16984,Anderson & Associates Enterprises
15331,Artix Entertainment
17661,Viceroy
17040,heptagon-Verlag
16999,The Chocolate Games Co.
17004,"Amscan, Inc."
15488,Lightcycle Retourlogistik und Service GmbH
17132,Games and Pastimes Ltd.
17032,"Кооператив ""Лечебная Физкультура"""
17013,Tornado Alley Games Corp.
17468,Tornado Games Corp
17020,Adapt Enterprises Pty Ltd.
17030,黑門桌游 Blackgate
17295,PTP Games
17035,Baila Games
21332,David Nish and Roger Davies Productions
17138,Words Industries Ltd.
29911,Haywood Studios
17125,Kalua
17067,Kalua Virtual
17068,"PK Games, Inc."
24567,Glittenberg
18022,Soccerette Ltd
24570,VEB Eisenbahn-Modellbau Zwickau
17133,Mazawattee Tea
15568,"Nimble Books, LLC"
17070,ÀÏ'ñ★
17228,DeckVoid Ltd
17077,Ritter Realities
17088,"Peace Harbor, Inc."
17126,C & T L Paternoster
17092,Bothe-Miller-Bailiff Games Inc.
17102,Pax products (Plastic) Ltd
17109,Inventor's Attic Inc.
17110,"Lake House Creations, LLC"
17113,Historic Imagination
18469,Stanley Rivers & Co
17118,"Oblique Diversions, Inc."
17120,Southern Bard Games
17128,Giant Tree House LLC
17127,Crossroads Gaming LLC
17148,Mosan Products
17651,A J Galpin
17164,J Simmons & Co. Ltd.
24573,Annets Entertainment Ltd.
17157,Entrejeux
17165,Dolgin Corp LLC
16564,Destination Software Inc.
17178,Family Values LLC
17198,let-off studios
17340,Mob Boss Co.
14769,Creation's Edge Games
17211,"Wildcard, Inc."
17212,Jurby Table Top Games Ltd.
17213,L. I. Cohen & Co.
17395,Liglass Trading s.r.o.
17242,The Makers of World Record Buck
17382,KLJJ Productions
16183,Silvercrest (UK) Ltd.
17269,Palikar Publications
17282,Milliwik
17183,Braincandy.UK
17325,Digital Praise
17327,Navy and Marine Corps Intelligence Center
17347,Big Brothers Big Sisters
17349,"Hall of Fame Games, Inc"
17371,Oregon State University Extension Service
22347,REPAC
25135,Reaktor
17520,Centre Games Company
17755,Maredsous Cheese
17413,The Klingler Company
17440,Edition Essentia
17426,SEMI Gran Turismo
17422,JR Sports Limited
17425,Distribuciones Angelito S.A.
17430,Acumen Associates LLC
17181,Tabula Rasa
17458,GamebuildersUSA
17595,Fabulandia
17494,Play Craft Traders
17400,Bereb Enterprises
17483,KIDSRIGHTS
17491,The Scout Association
18118,Leiker Games
17481,Christenson Brothers
17878,Slawomir Kakietek
17348,Luxdere Editora Educacional
17529,Oyun Mühendisi
17810,Institut der deutschen Wirtschaft Köln
17533,Itsokay
17555,Choice Games
18536,Cat Music
17572,Funbox Ludolocadora
17573,Ludus Luderia
17579,Earle Games
18074,Peter Fond Productions
17350,Crookedhead Games
37471,Dice Roll Games
23018,Silver Lake Games
17626,Bildungsverlag EINS
17610,Man at War
29052,Partridge and Oakey
17615,The Fur Out Game Co. LTD.
17621,Kardfy Studios
17625,Michael Jaworski Games
17644,Dragons' Teeth Games
17702,Tischrabauken Production
17822,"Sarsaparilla, Ltd."
17715,Waverton-Layne
17868,Zzota Games
17870,Clementine Productions Ltd
17871,Les productions YVLY
17875,Sporting Connections Ltd
17877,Globe Marketing
17888,Auto Auction Games Ltd.
18534,Editions Nathalie Beauvais
21037,Visionary Ventures Investment Company S.A.
17924,Britannia Miniatures
17928,Classic Family Entertainment LLC
17927,"Venturon, Inc."
17930,Polskie Przedsiębiorstwo Wydawnictw Kartograficznych
17935,Chaotic Connections
17936,"Sport Card Gaming, LLC"
17951,Jolly*Jeux international
17953,Levi's
17960,"HOWW Manufacturing, Inc."
24988,Danibishop.com
17982,JEN Games
17978,"Bronco Brothers, Inc."
17943,Hrabri Vitez
18554,Murphy.Play
17987,Stow College
17992,Painted Fox Productions
17994,Dedal komunikacije d.o.o.
22234,McGuffin-Ramsey
18002,Toyopia
17999,Polistil
18067,"Chaca Enterprises, Inc."
19050,Sauerländer Verlag
17698,Arintown Toys
17993,Manik Enterprises Ltd
18055,ATB Games Ltd
18068,Bandwagon Games
18076,Chillin' Games
18082,Spellcrow
18084,BlueSquare Games
18103,Daisy Relax Games Ltd
16001,Media Factory
18343,Impex Print & Cartoon Co.
18228,Paul Bruce & Co.
18229,Metal-Wood Repetitions Co.
18230,M & L Plastics
18272,Steinbock Verlag Hannover
18226,Les éditions la Morue Verte
18227,Taiwan Bird Games S.A.
18237,S. W. E. Publications
18591,TSL Enterprises Ltd.
18261,Sharpano
22205,Cave Banana Games
18300,Publi-Lux
18301,"G & M Mind Games, Inc."
18303,Historisch Museum Vlaamse Strijd Aalter
18308,Teamwork Toys
18345,American Way Games
18360,"Markey Creations, LLC"
18363,Darvex Games
18525,Jouets Rationnels
18365,Altered World Studios
16724,Jukolautapelit
18383,Barilla
18461,Tigacti
18462,Woodpecker
17084,Golden Seeds Game Company
18482,Ohelloworks
23377,Midoriya Honpo
9893,Rapport Games
18500,StrikerZ GameZ
18501,DáQora
18523,University of Southern California
18518,Gamescene
18247,XQB5
18530,Dark Tree
18550,Holy Electric Empire (prel.)
18552,Moon Monster Games
18556,Percot Rondeau Éditions
18565,Schnobby
17883,"TechniGames, Inc."
16973,Kordyt
18599,Tudor (II)
18577,Reeves Southwest
18600,Kiludik
18604,Office Max
18791,Stichting Sur Place Kunstproducties
45727,Repique Rules
18747,Commerciale Lenzi Prato
18633,Karl May Verlag
18618,"Radicalia, S.L."
17161,OHMS Gaming
18548,Foresight Design
18632,Ovalette Ltd.
18684,DTP Publishing
18629,Talisman Spiele
26634,Trading Pursuit
18643,Lords of Cricket
18773,Green Business Owner
18642,Good Stewards Group
18621,Waldpost Spiele-Verlag
18682,Temple Press
18657,Big Deal Card Games
18658,E&A Public Relations GesmbH
17605,Legion Gaming
18792,Omnivers Games
18670,Treasures In Store Games Inc.
18693,Harlan Brothers Company
18695,Martin Douglas Sales Enterprises
18696,"Seraphim Publishing Co., Ltd."
18718,"Octino, Inc."
24492,Kangy
18723,Partitura Spiel
18733,B.C. Central Credit Union
18736,Employers Reinsurance Corporation
18775,solar zonder grenzen
18753,"Astro, Inc"
18750,The Crane Chocolate Company
18751,Daisy Mfg.
18752,Horikawa (S.H.)
18748,Hračky a hry s.r.o.
18763,TOHIS-Autohit spol.s r.o.
18755,Orcades
18777,Ledici Limited
18771,TalkingBullGames
18772,Spielefabrik Fürth/Bay.
29057,Sherry TV Inc.
18776,Londji
42726,Mr Pulteney's Emporium
18785,Gangway
18786,Griffiths Games
18796,Lighthouse
18800,Founders
18803,Time Warp Publishing
18819,Suicidal Bob Games
18601,ALTART Publisher
21358,Herold
18824,RN 7 Productions
18834,Monkey Puzzle Games
18831,Aljonon Games
18840,Södertörn University
18848,Sports Educational Devices Company
18871,Rek-Reation Games
18873,Funtomas Spiele
18874,Sandoz Inc.
18875,AiTiA Games
18883,"Toxic Bag Productions, Inc."
18906,Fr. Gutzeit
18910,Der Harle
18913,yali-ron
18912,Hans Heine Verlag
18914,FIFA
18915,Ludium Game Studio
26065,Myrrysmiehet Oy
51149,Sporktopia Games
18945,Senario LLC
18932,The Tuco Workshops
18934,"GSI: Game System, Inc."
18943,"Calvary Pandan B-P Church, Singapore"
18944,Sherborne Games
18947,Mupi's
18952,Living Fantasy Games
18963,Veni Vidi Viti
11722,Creative Mountain Games
18969,RheinFlanke gemeinnützige GmbH
18979,B.E. Publishing
18973,Black Scorpion Miniatures
19022,Legacy Unbound
26756,U-Boot-Verlag Berlin
19031,Empire Toys
19000,Westermann Verlag
19003,Hollywood Games
19014,Filmclub Nederland
19068,Maal Games
19039,EPIK Games
19041,Unicoherent Games
19075,Halloren Schokoladenfabrik
19076,James Cond Ltd
19116,Metal Snail Idea Workshop
24636,General Nonsense Games
19073,Off The Wall Games
19078,La Générale Multimédia
19097,Sinister Jester Studios
19109,Yonezawa corp.
19110,"Sugarman Games, LLC"
19112,False Island
19113,Risuya
19115,Schizoid Fox
21072,Fundació Bosch i Gimpera
21071,Universitat de Barcelona
22514,Gordon & Hague Historical Wargames
19142,Appleton Games
19143,Depesche Vertriebs GmbH & Co. Geesthacht
19144,Straddle
21003,Alpenkonvention
19159,D.B. Publishing
21803,Viophonic Co.
19165,Anoa
19167,pack it
19169,Basta Verlag
19170,Evertorn Games
19120,Ammo Domini Games
19140,Brose & Partner
19138,Capisco G.m.b.H.
19137,Master Beaver
19130,KLAUN game edition
19193,Froebel
19189,Pebe
19209,Nordfriisk Instituut
19210,Sell Well GmbH
21096,Granite Tower
19246,Family Game Designer LLC
19247,Hyacinth Games
21067,Gryphonn Graphics
19250,Federal Reserve Bank of Minneapolis
19253,RICFAE Enterprises Inc.
19263,Rascal Toys
19267,Christian Aid
21033,Black Cat Cigarettes
19269,Bundeszentrale für gesundheitliche Aufklärung
22077,Dowrick Games
19273,Einfach gut
21727,Exim Games
21073,Vraoum
21018,Meca Enterprises
19281,Ekstra Bladets Forlag
19286,Catch me games
19291,Nutshell Communications
19295,Kemozako
21813,STRATAK Strategie- und Taktikspiele
19307,Kunstdruckerei Arthur Albrecht
22719,"PM Games, LLC"
19312,851 Baseball
48608,Allan & Co.
19313,TEcTon
19368,Roskilde Festival
20478,"Yarn Games and More, LLC"
20479,"Griffin Resource Enterprise, Inc."
20538,SL-Interactive
20596,TRIALOGO
20620,GidBob Games
21011,Fulda
23257,VEM
21009,Reif
23255,Jason Stone Games
19289,Lauaretked
21015,Denk Nah Productions
21014,"Sakaryan, S.A."
21016,Miniature Warfare
29169,Gangfight Game Studio (Gangfight Games)
21022,Golden Fleece
21019,"Lunch Box Board Game, LLC"
21024,KKB Bank Düsseldorf
21027,Quedlinburg-Tourismus-Marketing GmbH
21032,Norman D Roemer
21035,Voorlichtingsdienst OM
21039,Baulino Verlag
37668,Epic Endeavor Games
21041,Brainstormers
29789,N20 Games
19839,JB GAME VAULT
21048,The Legionnaire
19223,"Upheaval Media, LLC"
21051,Masterfoods
27765,Stam Toys
21056,FUNCO
18042,Poor Yorick Games
21063,Fantapanta
21306,Comité de jumelage de Pierre-Bénite
21076,KIK
21075,Palamuse O. Lutsu Kihelkonnakoolimuuseum
21082,TimeLine
21092,Pam Games
21093,Tower Pursuits
21094,LuvyDuvy Corporation
21097,Fundacja Rodem z Polski
21098,monkey's games
21106,"Three of Hearts, LLC"
19211,Enigma Nexus
21145,A. M. & Co. Ltd
21151,Kunstmaler Erich Scholtis
21167,The Dale Games Company
21187,Gulf
24183,Betz Games
21180,Polyhedron Games LLC
21212,Lavelle Strategy Group
33245,Iannik Games
21804,Total Source
21236,Dada AD OÜ
21238,Nature&Découvertes
21289,W A & A C Churchman
21252,ALTEX
21253,GAMEBOOK OÜ
29305,Da Vinci Kirjastus
21258,Eestimaa Looduse Fond
21259,Keskkonnaamet
21260,Eesti Põllumajandusmuuseum
21257,beta Brain Games
21261,PwC
21263,Goebel-Spiele
48908,Giochi Briosi
21197,Perma Toys
21311,Spelmakarna Sverige AB
21291,Elisa
21294,Tarbjakaitseamet
21295,Tartu Hiie Kool
21317,Lemniscate Toys And Games
21327,Green Flag
21325,Chip-A-Tak Games
21326,Ouest-France
21357,Mettoy
21354,Tootsietoy
21355,Anglia Leisure Crafts
21356,A.I.M.S. Sports and Games Ltd
47374,Multivers
21347,Papeterie Lyonnaise
21350,Fun World
21448,Dunbee-Combex-Marx
21909,Ptotem
21369,L'Airone
50072,Terra Lannoo
18584,Karl Ernst
18583,Kirchhainer Lehrspiele
21447,Champion Spark Plug
21376,"Vista, Inc"
21403,Pluto Water
17134,Herbert's geographische Spiele
24670,Liliput
21404,Red Crown
21390,Drunk Dwarves Games
21400,Frisch's Big Boy
21402,Lockhart Development Co.
21436,United Fruit Company
21415,Cartaping
21417,Gründ
21426,Kaiser Studio Productions
21430,Melsunger Spiele-Börse
21431,Gustav Stabernack G.m.b.H.
21444,RedMaze
21445,Howard Hughes
21588,Peter Pan Bread
21554,Atlantic Refining Co.
21450,Centre culturel Uhaitza
21451,The Pokémon Company (Japan)
47818,Josef Rösler
21461,Bo&Jo Créations
21914,"Estrie Graphics, Inc."
21467,MeatyOre Press
21469,Mused Fable
21556,AVIS: Associazione Volontari Italiani Sangue
21470,Lucane
21471,Vents d'Ouest
21472,Wisconsin Grassroots Network
21023,California Trivia Inc.
19021,Conflits & Stratégie
21474,Wil-Gro Industries
22079,Neolevel Games
49589,Gartner Studios
21031,Memphis Plastic Enterprises
21201,"Modern Makers, Inc."
21059,Swindle Enterprises
23328,Éditions Gilles Defoly
21663,Go Hunt Cards
33217,Luxus-Papier-Fabrik
17833,Hertig & Cie
21920,Victory Games (II)
21493,Pirat
22913,Wicked Boar Games
21524,Elo Spiele
16872,DCS
21989,Gillespie Games
44478,A.D.Publishing
21534,Charts
21553,Zweite Hand
15797,Plasticos Pardo
21551,Gravitysoft Games
21549,Wine Key Games
17571,Max Games
21587,Church Missionary Society
21575,Ernest & Julio Gallo WInery
21583,Mattika
22628,Activé Games
21578,Lapigame
21526,Bibliophile Games Ltd
21582,SOCEP
21584,Grump Ltd.
21594,Crickard Company
21593,Golden Wonder
21595,Deutsche Bank
21613,Loisirys
21614,Riviera Quest
21615,Noortegrupp Sophia
21620,Woodbine Street Games
21416,SQUADRA games
21665,"Fun Blue Tree, LLC"
21638,Valoremis
21449,Zentury Games
21671,The Measure Graph Company
21864,Sherwin-Williams
21682,Game Mechanics
21674,Hemaly Games
21681,Złotorożec Karkonoski
18655,Diana-Spieleverlag Robert Enz
21684,Flatland Games
21688,Life's A Game Pty. Ltd.
21693,Editions RoseBud
21731,Silver Blitz
21709,Opus Focus LLC
25606,"Xtari Games, LLC."
21719,Helsingin kirjallisuuspeli
21795,CHOU! Games
21723,Compact Verlag
21726,Tromack Éditions
21730,Hatier
21734,GameGodz
21739,As'Truc
21743,EvB
21737,"Irrational Number Line Games, LLC"
21752,Institution de Pierre-Grise
21759,Crossman Designs
21761,Les Éditions Stratèges
21762,Industrie Und Kunst
21771,Pick and Play
21758,Just Wanna Play Games
29652,Partners FOR the Saskatchewan River Basin
21797,Flunch
21789,Vitakraft
50749,Tera Profil ApS
21798,YER Brands
21931,Bloomsbury Publishing Plc
16491,Crystal Star Games
21810,The Game Lark
21817,N.E.T. & Computing
21843,Stemning ehf.
21855,Bókaútgáfan Hólar
21826,Fasold Games
21852,"Oofdah! Games, Inc."
21863,Garnier Cornil
21873,Joy
21885,Lord Roberts Memorial Workshops
21876,LIK
21887,Editions Albert René
21889,Vincentz Network
22118,Hilaritas
21782,Purgatory Games
21892,Naumann & Göbel Verlag
21897,ADK Enterprises
21912,Nvader Games
21919,Hamburg Messe GmbH
21924,Eilífir vinir
21928,Les Éditions du jeu
21932,PBG Editions
21938,"Sir Mantaplay Productions, Inc."
21943,imprimiryjugar.com
21949,CCFD
22132,Longman
21654,Longman Group Ltd.
21890,DNA Games
21825,Rheinische Post
22008,Hallowed Ground
9885,Prometheus Books
21998,Blue Brain Multimedia
22003,Art Tifani Oy
22028,Edes Games
45576,Professional Marketing Group Inc.
22027,J S Fry & Sons Ltd
22025,"R&K Games, LLC"
29536,MoeFamilyFun
22034,Indiana
22037,Thinking Publications
22049,Esselte Studium
22050,Föreningsspel i Sverige AB
22054,Total Strategy Ltd
22060,Arel Cordero
22061,Headspin Games
21685,Ark's Mind
22305,Theakston
22102,MBO
22104,"Hilljack Entertainment, LLC"
22115,"""Let's Talk"" Company"
22144,Shades of Gray
22129,M. H. Miller Company
22134,Arcane Scenery and Models
22135,Veno's Cough Mixture
22893,E-ZEE-ON
22142,RJB3 Games
22136,Giocattolo D'Epoca
22075,Something Neu
22133,Tyrant Games
22140,Nivea
26004,Ludocracy
22085,HoopCAT Games
22146,Riachuelo Ludum Labs
22173,Boules Matz
22167,Supra Media
22168,C.Z. Productions
22169,Roachware
22170,Blind Test
22171,Brainiac Games Inc.
19093,Sandvik AS
22185,Cosmic Karma Game Partners LLC
45388,Oddział Ósmy
22188,Interlink Productions Ltd.
22199,Deutsche BP AG
24948,Sound Fish Simulations
19270,Flying Octopus Games
9831,Izegrim Creations
22227,Brain Craft Product Management GmbH
22242,Goalspree
22243,Creaticor
23449,Royal Navy Careers Service
22277,Ft. Fairfield Games
22257,Knuck
22263,Man Man Ka You
22272,Jeuvalier
22318,Black Flag Games
22288,A.N.Z. Bank
22246,Rennoc Games and Toys inc.
22095,Petit Joueur
22294,VeeBee Games
22298,Les nains géants
22386,Mind the Gap Studios
22321,F. F. Games
22320,Firestone
22319,Gifford Holly
18779,"A. Anton & Co., Leipzig"
27406,Verlag von Auerbachs Deutschem Kinder Kalender
22333,Scalecraft
22345,Genealogy for Fun
22417,Cross Chess
18596,JeuxSoc
18024,Komet Verlag
22340,A E Morgan Publications Ltd
22413,"Les Jeux Pro Stadium, Inc."
22429,Unigate
48406,Kimo Press
32634,Stuart Pharmaceuticals
22362,Charton
22363,Ludapi
22389,Lyons
22388,ÕF M.E.K.
22379,Le Son du Nénuphar Association
22392,Savarese Software Research Corporation
22394,Fadescape Studios
22397,Rodale Press
22398,"A. Gary Shilling & Co., Inc."
22391,"Wallace, Oxford & Bray Inc."
36081,Fractal Evolution Games
22416,Spielbuch Press
22427,Movic
22953,Editak
22433,Schmidt Game Company
22434,"Instructional Fair, Inc."
22435,Billy-Nic Games
22443,MD Papierfabriken
22455,Hello Yourself!
22456,Ken Trotman Ltd
22457,JACD Games
22458,Quagmire Games
22459,In-The-Deck
22351,Technical Term  Game Company
22461,Folring LLC
22491,Harrison Jeavons & Co.
22478,Ifs & Butts Inc
22490,Sheladas
22483,INversionGAMES LLC
22484,Garden City Games
26332,Greater Gotham
22493,"General Strategies, LLC"
22494,"Think Thrice, LLC"
22506,K Squared
22604,Maklar Games LLC
22510,Zeeland Games Limited
10719,The Train Gamers Gazette
22535,University of Latvia
22536,LeftSide-RightSide Games
22336,Siebzehn Games
22497,Command & General Staff Games Company
22597,"Kusan, Inc."
22552,bodyIQ ApS
22426,DCal Games
22533,Criações a Solo
35121,Pope Street Games
22622,Mariño Comunicación Visual
22819,Al-Jabar Games
22572,Emerald Tablet (翠玉录)
22581,THROWDOWN! Cards
22595,Infinity Graphics
23667,Federacja Konsumentów
22601,Butler & Goldey Mfg. Co. Ltd.
22625,Sena ehf.
22678,"Heavenly Games, Inc."
22640,Achbor Games
22642,LR Planetrade AB
11471,Imperium Group LLC
18254,Valgame
22680,Games Innovations
22679,Bipoly International
22698,Gérard Bliekast
22703,Duncan Dimensions
22710,Too Much Games
22711,Popy
22858,"Robaire, Inc."
22720,Handwritten Games
22724,oh comely magazine
22725,"Step Two, S.A."
22735,Matle Kirjastus
22737,Creative Graphics
22738,"Total Golf, Inc."
22762,Nonsuch Games
22768,Alpha Toys Ltd.
22771,Ron LeGrand
22775,Promoting Acedemics With GameS (PAWGS)
22784,Jeux Jou'e
22793,RoXzai
22788,Juusela & Levänen Oy
25886,Spielfusion
22808,OÜ NOT
22244,Wydawnictwo Pentakl
22821,Elliott
22299,Legionnaire Games
22852,Fearlight Games
22853,Chamber s.r.o.
22741,Duplicate Golf Game Company
22857,Wowopolis
22890,Universal Games Pty Ltd
22896,Whim Games Limited
22904,Krishnakumar M
22899,ShownanRocketiaz
26167,sinocono GAMES
22939,Juegos Osuna
22911,John Scarne & Co.
22938,ForgeCraft Games
22926,Watkins Manufacturing Co.
22932,Reliance Litho. Co.
22935,Koala 'T' Toys
44219,Gould Enterprises
23514,Oficina Lúdica
22943,Game Production Workshop LLC
22956,Playthings Limited
22957,Statler Toy Corporation
22958,Arthaud
22965,Geoburst Games
28661,Scarab Miniatures Limited
22988,Party & Balloons International
22989,Arena Verlag
24648,M/W Enterprises
22892,Jocly
22990,Tramp
22995,T. Ordish & Co.
23016,Holz Land
23009,Strategic Elite
23010,"MSG Games, LLC"
23014,Form Games Ltd.
23017,Blue Room
23032,Skvirl
23046,BASF
23057,Mastercraft Products
23060,Van Elk Enterprises
23064,yonjuni games
39630,Deutsches Spiele-Museum
39631,H. Schweitzer
23002,Pixel Patch
23066,Precinct Omega Publishing
23070,Abante Marketing
23078,"Coolsville, Ltd."
23079,The Roger Jackson Company
23080,"BrainGames, Inc."
23087,Francs Jeux
23086,Ferbeiter
23093,Cabezi
23097,"TET Leisuretime Concepts, Inc."
23105,Heimeier
23108,Sigikid
23085,Greebo  Miniatures
19098,Excalibur (Video Game)
23118,Phunky Games
28943,H. J. Phillips Co.
23110,Frandzel & Share
23125,"Chess 3, Inc."
23129,The Blistergames Company
23131,Realm Space Games
23123,Rising Tides Entertainment
23096,"WarSpider Entertainment, LLC"
23135,Martin Hillger Verlag
23253,Successful Family Games
23137,Derby Games Company
23152,Dortmunder Spielwaren-Industrie
23102,Games & Tales Ltd.
23161,Destiny Makers
23221,"RGB Hats, LLC"
23163,"19th Century Miniatures, Inc."
23164,Crossen Creations
23171,"Rudolf Hengst, Kauscha"
32992,Diggin Deep Sports
23177,Bayerischer Rundfunk
23215,Pickerell
23183,JSJM
23187,Practical Drawing Company
23188,Penijun Games
23194,The Ebor Press
23196,The Wisdom Shoppe Inc.
23227,British Diabetic Association
16190,Troll in the Corner
24729,Friendly Menace Games
23128,DarkLyght Games
10633,Blackar Games
23238,Dettol
23235,Pirelli Tyres
23234,Reifen
23236,Österreichisches Rotes Kreuz
23237,Quala Spielvertrieb Deutschland
23278,Impudent Mortal
23244,Pepitum
50229,EBH
23218,Lazzaro Games
23247,Good Games Inc. (Board Game)
23252,Editions Du Chêne
23365,Stonescrye Games
23259,"Sofawolf Press, Inc."
23254,Lincoln Highway Heritage Corridor
23268,Melancholy Media
27829,ZenGame
23276,Zavico
23279,Omni Magazine
23289,PARC
23295,Royal London
23300,Isis Products
23307,Jan Copeman Toys
23284,Magnus Co.
23304,Rogue Iceberg Publishing
23309,iii Games
23351,McVities
23322,Studio Sparta
12134,Carlsen Verlag GmbH
10321,Narrattiva
23350,Photo-Briton Ltd
25322,Paul Koenig Games
23345,Palatine Games Co.
23333,Simulation Game Revolution
23336,Jindai mumei
23337,Troy Horse
23339,K2-Publisher
23341,Weebulle
23343,Williamson Games
23557,Warrior Games
23274,"IB Games, LLC"
23347,www.trifectapoker.com
23354,Natural Black
23393,National Bank of Serbia
23357,Simon Enterprises
23356,3bros
23359,Classic Hunts
23371,Zeise-Spiele
22856,Chronicle City
23376,Talking Skull
23346,"Constitution Games, LLC"
23386,"Life Eternal Evangelism, Inc."
23395,The Feely Game
23400,Cllisti Games
23551,1YOO!
23403,VEB Famos
23406,Deep South Manufacturing Company
23413,Highhill Educational Supplies
23414,Spotted Owl Games
9935,DaS Production
45909,Skull & Crown
23425,Distributive Education Clubs of America (DECA)
23405,MysticBits Games
23442,Upstart (Board Games)
23443,Rock & Co.
23444,Hands Down Games
23453,Safety First Ltd
23457,Nova Products
23378,Games Save the World
23463,Editorial Floripa
26075,Ságaze
10905,Egmont Ehapa Verlag GmbH
23464,Euro-Perspective
23465,Cirkenses
23468,Zerbib Teboul
23474,Swam
23489,Sporting Promotions Ltd
371,"Tandem Productions, Inc."
23475,Popcorn Press
23490,The Mothers' Union
23484,"Löffler & Co, Saalfeld"
23488,Otto Fischer
10127,Fat Dragon Games
23496,Facta Non Verba BVBA
23493,Jasbo Games
23498,FLUO Games
26780,"Chevee Dodd, LLC"
26943,"THE PILOT INK COMPANY, LIMITED"
32881,Verkade
23499,Cray Cray Games
23520,Cliff
23469,Smoke: a London Peculiar
23526,Vobius Games LLC.
23531,Fontis Games
23532,Roll-ya
23535,Marisoba Production Team
23537,LM Studios
23540,Icolog+
23545,Gamersaurus Rex
23483,Trivitria
23546,BebryGamez
23544,Hot Games & Puzzles LLC
23536,Solidarity Games
23554,"The Thanksgiving Game, Inc"
23549,Steambubble Graphics
23559,Іљте Ьлеј
23571,Broke In Games
23579,All-Media Concept Corporation
23581,"Coleman, Kerns and Williams"
23583,Allstate Engineering Service
23590,Indies Scope Records
23591,Teruen Games
23604,KDP Kepler
15538,Quirkat Interactive Entertainment
23589,GAO
36749,Rebo Productions
23622,Generation Europe
23612,Deutsche Wanderjugend
23616,"Apenas Livros, Lda."
23601,Defiance Games
23608,Caliber
23631,Chapeau Games
23634,Silver Dollar City
23636,Privateer games (II)
23675,Centrum
23614,Interlogic
23652,"Tiny Red Chair Games, LLC"
23673,Geïllustreerde Pers
23570,PLAYTHISONE BLACK
23678,Diadem
24299,Key's Works
23693,Game Smiths LLC
29640,Magic Circle Games
23700,American Teaching Aids
23704,Grenadier Productions
23635,Chibi-boards
23707,jhox-SPIELE
23723,Hanky-Panky Products
23717,Firelight Game Company
23736,Werraland-Werkstätten e.V.
23739,DALA
23740,Salzburger Bildungswerk
23749,Platypus' Lounge
23751,Bombat Game
23045,Dragon Pro Studios
22829,Anaconda
23786,M.P.
23782,Cliché Studio
23787,Verlag Karl Nitzsche
23784,Public Design Office
41925,Asteroid Games
23790,Lernen mit Pfiff
23793,Sleeping Toad
23794,rex verlag luzern
23800,Nosidam Games
23808,Kakariki Games
26440,Il Meneghello
23814,Cracked Magazine
23813,C&C International
23824,Dingbats Annual
23822,B&B Miniatures
23831,Jolly Gnomes Annual
23826,twitchSKETCH.ca
23829,Poor Beggars in Red Games
23839,RUU Ragnemalm Utveckling och Underhållning
23836,Fubar games
16615,La Boîte à Heuhh
26723,L'il Bink Productions Limited
23843,Mucie & Sons
23708,Action International
23696,C.H.Games Ltd.
28151,Åskfågeln
10359,Rävspel
25252,Playstrong SL
23867,Darkmook Paper Miniatures
23870,Realism Games Ltd
29686,Frame6
23665,3Sided Card
23887,Meermin
23889,Bethlehem Game Company
45716,Fastplay Wargames
23907,TwoBuckGames
23916,NEXT Architects
23933,Reflect Game Corp
23944,Megalith Games
23947,Ludi Mediaevales
24251,Egypt Games
23962,VEB Pakuwa
23969,MOC Entertainment Exploitation Corporation
23970,Idébolaget to&go
23959,Nino Percussion
24012,Rexroth Bosch Group
23973,Oca Studios
23999,A.J. Balcombe
24000,Pearl Queree
23950,Little Wigwam
23981,Regio
41347,Quality Craft Products
27838,Silver Rich Corp
23996,H. W. Shafer Co.
23988,Tin Star Games (Board Game)
23995,Fundación AndaNatura
23997,TableTop Security
23998,Major Publications
24009,MiniWarGaming
34690,Dōjin Club Ludens Faber (同人会ルデンス・ファベル)
24024,Ludix
23943,Zamtox
24032,Logitoys
24008,Clever Elf
23320,Drunken Dwarf Games
24038,Stuart Hoover Company
24043,Kinderkanal
24046,Masterpiece
24045,"S & H Marketing Group, Inc."
24059,Deutsches Spielkarten-Museum
24047,Trilobyte Press
24036,Cardigan Games
24052,Neverland Games
25054,HoJo Productions Oy
24060,Marshall Cavendish
24064,You do the Maths
24066,Associazione Novecentonovanta
23401,Good Ole Games
24070,Talvike OÜ
24074,Homo Scrivens
24080,"Karco, Incorporated"
23662,Loklinka
24598,Juvenile Productions
24085,Partymaster APS
24087,Bestman Games Ltd.
24088,Penned Dragon Games and Publishing
27814,Decobot
24097,Marley Products
24114,Mirinco Toys
24115,Itinera
24123,Lyma
21849,Phoenix Rising Games
24130,Clementine Games
30222,Solway Crafts and Miniatures
24314,"Propane Games, LLC"
24139,Fun Unplugged
24153,Dark Nebula Games
24155,Aznarel Producciones
24156,Rocky Raccoon
24164,Conmigr's Games
9112,Jeux et Jouets de la Tour St Denis
24170,Strabunculus
23711,Random Crew Productions
24185,"Chasing Rabbits, Inc."
24191,Sejo-Spiele
24256,Studium Plusz Könyvkiadó
24203,People on Board
24207,Rospaard
24213,Éditions Groupe Nestor
24214,Les Éditions Prisma
24208,Alpha Shine edizioni
24223,"Early Productions, LLC"
24101,CrabHat Studios
24037,Seestern Verlag
24233,Triple Check Technologies
24235,Kid Global
24241,Forlagið
24243,Pæling ehf.
24245,Mountain Toys from Winterlochen
24246,moneynstuff
24254,Seager Games
24247,Uncle Alvin's Games Inc.
24252,"Sports Entertainment International, Inc."
24255,"Paradigm Table Games, Inc."
25943,Floodbat Creative
24271,Fuge Verlag
24274,Pauly Productions
24279,Chapman Sports Games
24284,Confetti Yeti
17257,Solecismic Software
24297,Gotway & Jarosik
24304,Art of War D10
24315,Manual Games
24289,Inspired Press
24302,Accent Publications Inc.
27152,Pinché Games Studio
24543,Scribelife LLC
5877,Kiwi Games
28787,The Works
28435,phantastischer RAUM
24338,Horizon Games (I)
24369,I Know! Games Company
24374,Asio Games
24380,Cheeky Mountain Parrot Games
24381,Cholopoly S.A.C.
24398,Kohlektiv-Verlag
24401,poco a poco productions
24411,Jamoma Games
24419,Robot Dinosaur Games
24438,Heel
24443,Edition Ludovico
25214,Chaffee Shack Games
24513,F. M. Mitelli
24134,Weaver Entertainment
24472,DAS
24471,Yates Games
24477,Albert Thalhofer Spielefabrik
24544,"Vistas, Inc."
24487,Spinning Hat
24493,E. Kuhlemann
27213,Crescendo Management Inc
24502,Entseuma Verlag
25278,Keelannie Promotions
24511,Kip
24529,Vogel & Partners
39876,Fabel Kommunikation
39872,Sveriges Kommuner och Landsting
24498,Tercio Creativo
24539,Valkiria Network
24552,Phoenix & den Oudsten b.v.
24549,Lans Macabre
24491,Buehl Book Co.
24561,Mierce Miniatures
24583,Existence Games
24455,Diptic Games
24581,Savage and Soldier Magazine
24586,Overlook Publishing
24592,Njutningsfrämjandet
24595,Solstice Games
24594,Rakkatai Games
24597,"Universal Games, Inc. (UGI)"
24599,Colorica Kft.
24604,G. P. Jelliss
24605,Feierabend Spiele
24607,Baukastenfabrik Reuter
24608,Brauerei Fürstenberg
24610,Amoeba Box Games
24611,Berliner Festspiele GmbH
24612,Hof- und Waisenhaus-Buchdruckerei
24616,Kathreiner AG
24618,Koch & Linke GbR
38860,Idyllwild Games
24620,Eschu Spiele
29923,Leg & Magi/Rørvig Design
16752,LegOgMagi
24622,Ahead of the Curve Studios
24629,DreamForge Games
24638,Barnes Toys and Games
24637,C.W. Sexton Tabletop Studio
18057,Ontario Europe SA
24643,"Ralinvest Enterprises, Inc. (REI)"
24644,Anatomy Reviews
24651,Gungroo
24652,Svenska Kyrkans Unga
24661,Hopeful Monster Creations
24662,Torn World
24669,D. C. Thomson & Co. Ltd.
24712,Allied Newspapers
24674,Cuddle Manor
24675,Moore Games
33940,JAM Games
24697,Play Co
24698,Traidcraft Educational Foundation
24714,Figurative Past
24727,Outre tombe
24733,Düş Enstitüsü
24732,HatTrick Werbeagentur
24736,dGames
24744,wl Spiele
26273,KIGS: Korea Indie Game Shop
28023,Signature Games
24749,Väga Vahva OÜ
24751,Chalk and Chuckles
24755,"Marshall, Morgan & Scott Publications, Ltd."
24754,Wycliffe Bible Translators
24761,Beeham Productions
24767,Sheed & Ward
24768,Eduplus
24771,No-Matt Spieleverlag und Agentur
24769,Adell International Inc.
24775,O.G.RE Games
24778,Think Fox Social
24787,BaZaDa GaMES
24819,Retired Greyhound Trust
24803,Industrial Octopus
24836,Ronin7 Juegos
47775,Unique Gaming Partners
24829,GWI Games
24828,J. Schmidt
24837,Ludorum PLC
24831,True Fabrications
24834,Kalory Games
26580,Druckerei Julius Süss
24840,Lonsdale & Bartholomew Ltd.
24845,Prima Klima GmbH
24846,Gesellschaftsspiele-Verlag Alexander Gölitzer
24850,Päästeamet
24853,MadCap Models
24859,Little Big Games
24861,Factory Advertising OÜ
24863,Azurai Games
24451,Battle Staff Games
31644,IDEENSCHMIEDE Paul&Paul
24893,Express Books
24874,64 Ounce Games
24892,E. J. Arnold & Son Limited
32555,Point à Point
24879,Hex Head Games
23306,Ill Gotten Games
24889,Spieleverlag Horst Pöppel
24868,Sportscraft
24891,New Direction Games USA Inc.
24894,"FreeBard, Inc."
24899,One Man Act Games
24919,Gambit Forlag AS
24915,"Zenion Games, Inc"
24917,Thirsty Knight Games
25792,TCN Games
51139,Eric Vannoy Games
27505,Geekybuddha Games
27411,Normal Games Co.
24944,Card Shark Entertainment
24935,Stowarzyszenie LGD Partnerstwo Ducha Gór
45958,Carpe Diem Inc.
24953,East Coast Game Co. Inc.
24959,Secret Tunnel Games
24957,ADAC Verlag
24964,Learning Innovations Inc.
35981,Ludolab
24950,Eden Games Inc.
46517,Innoventure Games
24973,"Mythical Eras of War, Games, LLC."
25545,Dice of March Games
24969,Every Dog Enterprise
24978,area verlag gmbh
24653,"Cleverhouse Games and Toys, LLC"
24981,J. C. P. Enterprises
25002,IKK
24989,Prime Industries
24990,Goff Games
25029,Ambivalent Overlord Games
29925,Verlag Schwäbisches Tageblatt
24999,WI-JO-KA-PRE Gbr
25014,"Imaginations Unlimited, Inc."
26579,Starkedruck
25015,Action Games Miniatures
25028,Edizioni della Ventura
25032,Keep It Simple Games
25040,Purnell
25047,Collins
25046,Naldrett Press
25044,Try Try a Game
25045,Artful Deductions
25053,Ruby Cow Games
25056,Dr. Arch Games
25057,Edustic
25075,Les éditions Miludo
25081,Creu Roja a Catalunya
25085,EQ Enterprises
25086,"B-Specific, Inc."
25087,Escola de Natura de Banyoles
25117,ZAMA Game Design
25096,Bonn Ville Company
25101,newBluePlanet
25104,Bullet Hole Games
15965,Digital Equipment Corporation
25111,Chain Reaction Games
25119,Karta doppio
25142,1994 Memory Builders
25148,Troublemaker Games
13037,Charlie's Games
25157,Consumers Power Company
25174,"Smartacre, LLC"
37670,Elvis Presley Enterprises Inc
25175,KIB Enterprises
25168,Roaring Creek Games
25180,Knight Entertainment
5196,Erhard Friedrich Verlag
25192,Miller Board Design
26121,8RadGames
25221,The TKG Comic Circle
25211,Western Education Development Group
25768,Red Island Games
25227,Sellsword Games
25306,Pin Up Games
25231,The Yeilding Co.
25232,Spiral Bridge Studios
25254,Monkey Finger Games
27084,Workshop Games
45428,"Small, Maynard & Company"
25251,Downward Viral
25253,A Jolly Corpse
25261,SetSign.de
25268,Awesome Enterprises (Board Game)
25270,Der Kleine Verlag
25375,Cognosis Games LLC
25272,Isle of Empires Games
25274,The Infinity Gate
25293,"Marvelously Well-Mannered, LLC"
25315,YT Media
25294,Pioneer Games Studio
25299,"Peak Potential, Inc."
25263,U. Games Australia
25105,Evil Beagle Games
18761,Walking Fish Games
25301,Practical Strategies Inc
25316,Wizard Beard Games
25319,Colecionadores de Ossos
15424,Top Rope Games
37960,Rotterdamsche Lloyd
25323,Dicey Llama
25324,Crazy Frog Inc.
25328,BOE
25362,George M. Baker
25332,CostaLab
31464,Sirbob Games
25480,Resilient Culture
25266,Spaceman Games LLC
25344,Q & A Games
25350,Dry Fork Company
25378,Alpha Games & Toys Pty. Ltd.
25329,Blackmountain Crafts
25359,Islam Inspired Ideas
25343,Apocalypse Games
49330,Zileej
25360,Richport Game Co.
25452,Granta Design
25373,GameSpiel
25394,Playwrite Game Co.
25371,Wydawnictwo Bellringer
25403,Red Wyvern Games
37018,Ideais Globais
25411,Graphicut Corporation
25336,Spirit Kinder Games
25419,Health Edco
25422,Theme Publishing
25519,Elements Editions
41764,Iberista Entertainment Limited
25437,Jelly Belly Candy Company
25438,"LeCirque, LLC"
25658,Mustard Grain Projects
25440,Mad Ape Games
25448,Happy Owl Toy Co.
25449,Modena municipal administration
25453,"Sterritt Strategy Publishing, Ltd"
25457,Cloven Fruit Games
25458,ELFA Spiele
21163,Studio187
25461,New Game+ Studios
25463,"Sunstone Games, LLC"
25471,Rabbit Merchandising
25472,octopus08 Games
25473,Agreedibus Games
25474,Burnt Orange Games
36012,Standard Games
25478,Brima
44256,Darkana Games
25543,Ursus Polaris
25489,Imminent Entertainment
51166,JerryLabs Games
25495,Superfluid Industries
25496,Nesbitt Hobbies
40393,killjoy
25498,Partycraft
25499,Templar Publishing
25503,A. E. Coffin Press
25520,Wonder Games (I)
25528,"New Generation Games, Inc."
25529,"Playco, Inc."
25559,GW Games
25535,Plus1Hammer
25538,F. G. Ellerman & Co.
25546,Pixel After Pixel
48870,Much-Ado Corp.
25363,Nord Games
25560,RESIN HORSE Games
25568,CONCISE Board Game Workshop
25574,Detailed Casting Products
25580,Playthink Associates
25581,Cooperative Recreation Service
25582,@liehs Communications
25583,LatestPursuit
25586,Pyrrhic Games
25589,"Fair-Games, Inc."
25553,Wachholtz Verlag
25596,Ken Whitman Games
9840,Spartacus Publishing
25603,Sarcastic Robot
25610,Fringe Games
25611,Whiskey Jack Gaming LLC
25646,エリゴス (Eligos Games)
25618,Brockhaus
25619,Chthonic Games
25623,hencro ltd
25628,Vända Playing Cards
24520,Trollhalla Press
25633,SportsStarsMedia
25634,Sword & Board Games
25636,BareHanded Games
25641,Beaker Games
25645,Warploque Miniatures
25655,Uryaen Gaming
25701,Nathan Hansen Games
25661,"Mahta Mahti Enterprises, LLC"
25668,Flatcar6 Studios
25669,Menaveth Games
25667,Harpy Games
25673,éditions foulland
25772,sizzlemoth
25675,4thman Games
25695,Surf Trip Inc.
25676,Brain Good Games
25716,Boulder Board Game Company
25684,Sparks Games
15436,42 Games
25690,Odyssey Games
29078,Growl Partnership Oy
29055,Kamm's Games Inc
42663,Bozbat Games
22159,RolePlayersINK
45728,Favorite Pastimes Inc.
27918,"Diamond Dust Dreams, Inc."
25709,Ghost Train Games
25703,Hendel
25817,Virgillian Gaming System (VGS)
25650,Strategema Games
25688,Katharsis Games
35742,Productions Katharsis
25723,"World Village Games, LLC"
25727,3ENTS
25741,Esquina dos Mundos
25743,Radio Tapir LLC
25736,Knighthawk Games
25744,Airlock Games
50074,Bombshell Miniatures
30457,Ockham's Razor Games
25749,Alfa Pedagogik
25756,Tin Heroes Publications
25947,Slayer Publishing
25760,uKloo Kids Inc.
25539,Sentinel Games
25764,Vormule
26373,Editorial Taurus
25769,Bahlsen GmbH & Co. KG
44612,Bat Cave Miniatures
25783,Lots-o-Watts Games
25784,Christian Haven LLC
25796,Heiwa Mocco
25679,Super Magical Powers Studio
25794,Gestion de jeux KANATA inc.
25859,Bored in the Basement LLC
25774,Linn Publishing
25832,Terrible People LLC
25809,Mighty Heroes Games
25818,Rawen Group
29653,"monter P.P.U. ""MONTER"""
25808,Angry Ogre Games
25821,Lisa LeLeu Studios
25824,Imperia Games
25831,"Spellbook Entertainment, LLC"
25834,Radio Dishdash Publishing
25835,Architects of War
25845,Alpha Production Company
37669,Apocoplay LLC
25853,Dragonhearth Productions
27137,Analog Evolution Games
27101,Oakbound Games
25868,Get Well Games
25803,Hero Development Agency
27637,Lumaca Games
25872,SeaDragon Miniatures
25885,Christenson Communications
25873,Haus Hachenburg
25839,Putnam Gizmo
24104,Shenandoah Studio
26174,In Flight Games
25929,Bastion Enado Games SRL
25880,Nerdland Games
25908,M-A-D GmbH
25898,Edler & Krische
16471,DwD Studios
25907,Promethean Games Inc.
25875,Wynners Circle Games
25911,One Red Cent Games
25871,"Nu Games, Inc."
44517,Taylor Wargaming Publications
25909,Gigaloth Games
25930,Kaysibs Ltd.
25917,KOW media&marketing
25920,Addle Brain Games
24339,Manhattan Toy
29270,Nasty Dragon Games
25937,Gruner + Jahr AG&Co
25938,Ion Age
25946,Devious Devices
36906,PLYT
25948,Nevermade Games
25950,Xi Cards Ltd
25953,Folklore
27964,Taiwan Boardgame Design
24696,Beer Star Games
25958,GenDu Cards
26046,Kvasir Games
25964,Fanfare Games
25974,ChipiChape
25975,Rabell
25982,Anvil Industry Co
25985,Hoguma
25987,Gregnelle Games
25988,Schisgall Enterprises
26068,The Silver Bull Games
25991,Productions Poussy
25992,Dubbelzes Uitgeverij
24774,Post World Games
25997,Linden Products Limited
27056,Tiger Spy Games
26013,Regain-Galore
26016,"Showdown Creations, Inc."
26177,Warm Wax
26023,Terragnosis
26025,Creative Garden Publishing
26027,Rusty Nickel Miniatures
26049,superbrandnew
26032,Ulfsark Games
26033,Rare Find Games
26044,Otis-Lawson Company
26036,"Peggy Brown Creative Consulting, LLC"
26056,Ascension Press
26007,Sportable s.r.o.
26057,Mougil Entertainment
25700,Iron Gauntlet Industries Inc
26050,Gamesapiens
26052,Meisler Creations
26060,Baked Fresh Daily Games
26063,eduris
29153,Broken Prism Games
26083,The Checkorete Company
26084,Deroma Inc.
26086,Thornway Games
26096,The Idea Exchange Corp.
26097,Efteling
26099,Number Jack Enterprises
26105,"Befuddled Games, LLC"
26106,CorPre
26108,ImagiPlay
26085,Kudos Games
26109,AcademicSupply Ltd.
26115,Creative Interchange Designs
26120,Light Grey Art Lab
26122,Spider Monkey Games
26127,Suomen 4H-liitto
26129,Centralagentur C. V. Bentzen
26135,American Marketing Inc
26264,PaperTaleGames
26136,Zojoi
26154,SCIA Herk-de-Stad
26148,Black Slither Games
5428,Mattie Games Inc.
26157,Night Lemon Publishing
26156,"American Technical Publishers, Inc."
26164,Pyx.is
26168,Houger & McCaw
26171,Springman Games
26166,Les Trésors de Romulus
26165,Not Dead Yet Games
26175,12SP Entertainment
26178,Plan E Works
8703,Dragon Hobby
26184,Trygood
26187,Monhami Factory
26188,ワイビーワイゲームズ　(YbY Games)
26190,Hansodekey
26193,Art of War
26195,Lovely Creations Boardgame Lab
26176,Nieko rimto
26199,Box Car Games
26206,tara (Icelandic co)
16866,Adam Walker Studio
26213,"New Millennium Graphics Group, Inc."
26214,Pegasus Project Games
26215,Zontco LLC
26228,Paraclete Press
26230,Black Tie Games
26232,Stolburg Inc
26366,Design Machine Games
26238,Dwarf Cove Games
26243,"Cars, Cards, & More, Inc."
26248,Apocalyptic Games (I)
26250,"Love Ink, L.L.C."
26252,Nappulakenraali
26217,HS3 Games
26268,Flash Forward Games
26253,Artotoys
26274,Kaspi-Spiele
26254,Cabals Ltd.
16561,KYY Games
26279,Best T.A.G. Games
26313,M.L.F. Créations
26354,The Royal Society for the Prevention of Accidents
26355,Stafford Pemberton Publishing
26356,World Distributors (Manchester) Ltd
26181,Richard Carrier Games
26276,Paetz Games
30611,Madhouse Ink
26292,BrotherWolf Games
26304,The Glory of Champions
25537,barefoot-coders.com
26305,Märchen
26326,ZagPlay
26993,Wecha Verlag
26312,Shingo Games
26315,SALT Artists
26317,Zark LLC
27250,OriGaminc
25773,Click Play Die Games
26299,Helki-Spielwaren
26245,Simple Machine
26323,S.M.S.
26330,"Reingell Industries, Inc."
26324,Moon Rabbit Toys
26333,Õ-Fraktsioon
26334,Superfut
11105,Dream Machine Productions
26347,AKA Games
26348,Spiele Andrade
26344,Mader
26842,广州创游
26378,"CommonGroundTheGame, LLC (Doug Landman)"
26368,Artorus Games
26374,Tropic Mods Development
26377,Reimwood
26385,Eesti Olümpiaakadeemia
26467,Loeb
26402,Orðabelgur
26397,"Playout, LLC"
26396,World International Publishing
34169,Cosmac Productions
26404,Happytimes
26406,Thomas Sales Co.
26407,Wollmilchmedien
26408,Tricolor Games
26409,WeltMusik Edition International
26410,Goblin Rocket Games
26411,Pallas Armata
26412,Edition Europa Verlag
26414,Wilkinson
26399,Okumarts Games
26417,Philips Search and Rescue Trust
26423,Sögusögn slf.
26418,RIK
26425,Hamilton-Meyers Co.
26432,Raex Games
26433,Primate Studios
26436,Quad Kingdom Chess
26434,E-Spiele
26435,L. Goetz
26443,"Tinker, Tailor"
26447,Theme Games Co.
26452,42
26963,Believe In Games
26459,"Peaks, Plateaus and Canyons Association (PPCA)"
26461,BV-Aral AG
26462,spelfabrikenDGBN
50547,Edge Wood Works
26494,Meeting Of Boardgames (MoB Games/MoBGAMES)
26657,ZAS PLAY
31809,Husqvarna Poland
21749,DGS Games
26522,Theory 12 Games
26113,Honest Golem
26493,Maggi
26496,Cat Dragon Press
26502,Sweet Storm Games
26510,Upside Down Games
26512,Saramax
23633,Shogakukan
47526,Athena
12490,Athena
26520,Ross86 Games
26527,Mora Games
26535,Action-Mat Games
26539,Original Games (Board Game)
26533,The En Prise Card Company Ltd
26541,Dead Earth Games
26540,Q42
26532,Der Spielkasten
26546,Alebrukreais
26521,Gravity Board Games
26556,East West Distributing Co
26583,Stesso Games
26567,Mach Brothers Games
26565,6th Gear Games
26577,Kaboom Gaming
26582,Patentverwertung Adolf Gerlach
27862,In Game We Trust
24791,Samurai Sheepdog
27267,Roylon Inc.
26590,Taberna Vagantis Publishing
26595,Benham Games
26597,Project Zero
26600,Brunic Toy Corp.
26602,Creative Media Productions
26603,Beluga Spielwaren GmbH
26606,H W Wilson Printing Co (1965) Ltd
26550,Products for Robots
26607,Junior Learning
26627,Henriksen Mfg. Co.
26618,cRAZYjOESgAMES
26636,Jolly Jaunt Games
26631,On The Fly Publications
26640,Dreamship Interactive
26641,California Game Co
26643,Fa. Hugo Schütze
26654,Berserker Games
30455,PMWD
26669,R.I.C. Publications
26688,Overland Games
26674,Pomarium Vicetiae
26676,Fa. Georg Zöllner
26681,M. DuMont Schauberg
5957,Pyramo
26694,OGA (German Pub)
26700,Gernilex Bt.
15037,Sneak Attack Press
29077,Absolute Dominion LLC
26734,Scio
26740,Uptick Games
26625,Clocksmith Games
26763,Loquendo Editrice
26764,Alice Entertainment LLC
26765,Joh. Buck KG
26773,Super-Chex Company
26776,"Creative Diversions, Inc"
26767,Famlee Fun Games
26788,Edak inter b.v.
25815,Chicken Maker
26789,Ninja-Mime Games
26792,Anjis Games
26793,Giant Monster Games
26794,S.C.J.P Filsfils
26785,Red Eyed Games
26795,Office de publicite et d'impression (France)
26804,Weißbierbrauerei Schneider & Sohn
26809,30A Games
27741,Wolfgang and Sons
26810,Orbital / Primeval
26811,Bio Medico Gmbh
26812,Fränkischer Kurier
27076,Promo Perfect
26818,Silvercow Games
26819,Master Golf Ltd
26825,Homemade Game Guru
26823,Bodenseespiele-Verlag
26824,Spiele für Jedermann
41382,Matakishi's Tea House
26891,Stratagem
45454,Amsterdamsche Houtwaren Fabriek
45725,Midlam Miniatures
26863,Above Reproach Dezynes
26838,Top2Bottom Games LLC
26766,Blue Mana Games (BMG)
26889,Kidzluv
26870,Brandt und Schirmacher
26875,KTP Games
26862,Happy Mitten Games
26873,"Trilos, Ltd."
26879,Amand Lithography Amsterdam
26878,P.J. Brepols
26877,Brepols & Dierckx zoon
26876,Glenisson et fils
26880,Waterlooplein
26750,"RocketSlug Games, LLC"
26884,"GiddyGames, LLC"
43817,Patrol Games
26895,JNF
26904,Tom Tom Gaming
26945,Dolocus
26968,Xhaos Theory Games
26927,Creative Room Games
26935,Jeutuil
26946,VEB Greizer Spielwaren
26959,"OMGames, LLC"
26972,Family Golf Enterprises
26975,A.B.E.
27070,Веселка
27642,"The Historical Game Company, LLC"
27145,Konokopia
26978,Sleepy Owl Media
49987,Jojo Games
49986,Sasol
27062,Game Point Game Systems
29472,Very Vivid Innovations
26979,The Children's Place
26999,Maindruck
27015,Robel-Spiele
27023,Collectors Battlefield
27024,Dimension Games (I)
34438,Van Wagenen & Co.
27029,HuBiWei
27066,Konstanz University Press
27789,Alaska Sea Grant
26986,Gravity Games
27038,bibo's spielidee
27039,Dutton-Lindsey
27051,"8th Level Entertainment, LLC"
27054,JTP Games
27048,Forlorn Hope Games
27003,Smart Game Systems
27042,Riptide Games
27071,AMI Cube Studio
27072,Tree of Woe
27073,Assimil
27002,Multi-Bit Games
27083,Bernhardt
27090,This is the Front
27092,Verlag Paul Wiesbach
27146,V&C Games Worldwide
27700,Mine Games
27125,Funvel
27128,BRAM Entertainment
27129,Stollwerck AG
41207,Science Education Solutions
27140,McCine Enterprises Inc.
27142,Centrum Myśli Jana Pawła II
27143,"Hubline Publishing, Co."
27148,Steinham Enterprises Incorporated
27154,David James Games
27155,Shenanigeese
27156,Lurp Designs LLC
27172,Les cons damnés Productions.
27158,Big Fly Games Ltd.
27159,Geneius Products
27160,Kalymma
29249,Tableflip Games
27161,Acious Games
27162,Umut Company
27166,Patricius Sàrl
27178,AQSGames.com
27179,Delightful Bee
27188,T.A.I. de Wirtschaftsverlag Magdeburg
27193,Llorca Hermanos SL
27199,Skroojility Games Limited
27201,"W.T. Tucker, Inc."
27200,Urząd Miasta Sieradza
27206,Core Games
27205,Seidule Games
27209,"Deutsche Landwerbung G.m.b.H.,"
28004,Xiba Games
27224,Wishlessness
27214,Kuljus MTÜ
27215,Penchant Publishing
27204,Crane Hills Games
9915,Brutal Games
27225,Vorpal Games
23104,Mytago
32447,Keyser Games
37866,Brand Loyalty Special Promotions
29221,Black Coyotl Eastern Inc.
27233,J.G. Mouson & Co
27245,Pair-A-Dice Games
23175,Roan Arts LLC
27246,Southwest innovations inc.
27247,Carromco
27265,Radio Schleswig-Holstein
27248,"STEAM Galaxy Studios, Inc."
27251,Bubi-Spiele
32269,Castili Games
30289,SneakyBear Studio
27258,Wardenclyffe Media
27264,Copalette
27273,Clockwork Design Games
29262,Studio Rokkaku-Tenbin
27268,Vores Yndlingsspil
27289,Purple Valley Games
27290,Metro Books
27308,Kidworks
27298,The Administration Co.
27301,Gamerite Studios
27303,"Nu Deal Paper Box, Inc."
27304,Strangeland Games
30513,Booyah Games
27341,Poirot Corporation
27312,Ebu Spiele
27314,Lionshare Enterprise
25710,Nothing Ventured Games
27327,Rocket Games Ltd
27338,Deadpan Games
27339,Artisan Workshop
10637,Third Eye Games
23158,Product Sales Associates
27343,Castle Games Company
6641,Fun and Games
26933,Homeschool Games
27347,Martin F. Weber Co.
27358,Pixi Paris
27354,Verbraucher-Zentrale Nordrhein-Westfalen e.V.
27355,Flomm & Weßelhöft
27471,ILY Games
27357,abda ministries
27328,Gundred Games
27366,Warpunk Games
27359,Cosplay Original
27370,Veb Süsswarenfabrick Goldeck
27373,Euphoria Miniatures
27384,Cary Spiele
27363,"Wendigo Publishing & Consulting, LLC"
27386,Alhara Systems (アルハラシステムズ)
27362,Franz Joseph Rötzel
27393,Delphin Verlag GmbH.
27394,"Game On Sports, Inc."
27396,Fröhling-Spiele
39273,Gebroeders van Arum
27400,Heinrich Friedrich Müller
27390,Open Design Games
27493,Gladiator Games (II)
27467,Red King Games
27419,General Apathy's Games
27421,LVMENES
27422,Richard Carl Schmidt & Co.
27428,Mr. Gus Games
27435,Blip Toys LLC.
27388,10-Shiki Gameworks
27531,RN estudio
26779,Medieval Man Studio
27452,Cygnus (Board Game Related)
27451,eggplant
27453,SKLAMM STUDIOS
27454,Galliant Games
27455,Telethon
27456,Imagination Entertainment Pty Ltd
27326,ADW Games
27469,McGuinness McDermott Foundation
27459,Mobtown Games
27474,ALcardgames
27478,TheoryCraft Gaming
27479,Frugal Rock Games
27481,Braintree Games LLC
27636,Eiglo Games
27465,cow&duck studios
27514,Denron Amusement Company
27517,Moonisland Factory Inc.
27521,Another Level Games
27523,Sevi
27507,East/West Games
27527,Diagned
46011,Dico Games
27533,Riding Hood Games
27536,Tongji ST
27546,"Armchair Adventuring, Inc."
27552,Grumpy Dwarf's
27559,Mind Games Manufacturing Ltd
33588,Games Knight / Team Idixion
27560,El Taller del Ocio
27562,Kudopath Games
27574,Samuel Eppy & Company
27441,"Keep Games, LLC."
27589,Harris-Williams Press Pty. Ltd.
27132,Mystic Creative Products
29801,Heblo Games
27599,Salvator-Verlag
27598,Moon Yeti
29165,Zen River Games and Software
27610,Zano Games
27613,"STOX, INC"
27616,UNIVERSAL GAMES CO.
25966,Rocky Mountain Games
10129,Hirst Arts Fantasy Architecture Inc.
27622,Labyrint Ky
27488,Dioxin Dump Games
27623,Free Flight Productions
27624,Tsukuruka (ツクルカ)
27627,Searchlight Games
27482,Eckreun Games
27630,The Hog Farm
39875,Salzdetfurth AG
27635,The Ridley Wood Partnership
28608,Wishmaiden Games
27643,Wojewódzka Biblioteka Publiczna i Centrum Animacji Kultury w Poznaniu
27650,Owl Works
28146,TGIK Games
27655,Nut Island
27659,Kunskapsspelen Lilja NCA Ltd
27660,Departament de Cultura. Generalitat de Catalunya
27667,"Cluff Fabric Products, Inc."
27666,Moticon Games
27672,Game Design House
27860,Panoplie production
44133,Eglinton Books
27684,Terjon Assocaiets (PVT) LTD
27716,Duke Games
27668,Combel
39616,Alienstar Games
27693,Ego Play
27694,Trusty Lamp Games
27705,Time Wars
27953,Tin Specter Games
50500,Wee Big Games
27713,Forward Trust Group
28373,Timmins
28879,Twizz Entertainment
27732,Jester's Hand Publishing
27736,www.YamieChess.com
27737,Perfect Earth
27739,Singular Games
27743,Kingmaker Games
27748,Eblana Commercial enterprises LLC.
27722,Numero Group
27751,Kutnik Games
27738,Free Tail Publishing
36890,Wasatch Front Historical Gaming Society
44481,Wargaming for Grown-Ups Publications
33309,BoardgameVN
27767,Cao Lu Studio
27772,Schubel & Son
27773,Dean & Sons Ltd.
27807,LUDIBUNDUS
29354,Gm2Games
27782,Merad Design Games
27783,The British Novelty Company
27561,Proving Ground Games
27787,kik Spiele
27790,"Garage Games, Inc"
29790,Gamesicle
27800,Alpha-Tronics
27803,Smiling Pines LLC
27798,Eridani Forge Games (I)
27771,Civilized Animal Productions
27810,Fabled Fox Games LLC
27763,Hacko Games
27812,"Just Game, LLC"
27816,Shark & Shark Games
27819,"StartUp Games, LLC"
27823,Ha-Me-Spiele
48443,Nordiska Papperskompaniet Ab: Oy Pohjoismaiden Paperikomppania
27831,BMA Toys and Games Limited
27841,Rheinbraun
27843,Abanze Games
27849,"Rainbow Games International, Inc."
27850,Kid Beyond Games
27854,Abendstern-Spiele Verlag
27368,Mystery Suit Games
27863,The Very Enterprising Community Interest Company
27868,Infamy Miniatures
27872,Pennington Games
27875,End Game Games
51135,game in a box
11785,Bethesda Game Studios
27856,MyEarth Project
27943,Cockle Cove Press
27886,Spielbörse
27912,"Payton Place Productions, Inc."
27913,Leaf Pile Media LLC
27873,Ed-Infinitum (UK) Ltd.
27914,redbug games
27917,Voidspiral Entertainment
27695,LeGrudge & Rugged
27896,Triple S Games
27934,Dust in the Wind Games
27937,X-Axis Production
27940,Life is Sport Games
28101,SGM Studios
27948,DFL Games
23967,Game Crafters
27951,CriKeT Games
27956,See Through Studios
27957,Alterego Games
27959,Kodomo
41723,The Good Game Company
27970,"Horatio, Inc."
30516,JH lab.
27974,Tidal Games
28001,Cymon's Designs
28024,"Creepy Doll, LLC"
27982,Big Eye Enterprises
27985,Typotor
27989,Verlag Wächtler und Kronemann
27995,イマジンゲームズ (imagine GAMES)
28000,"Tom & Sam Games, LLC"
27833,Ludwig August Brinkmann
28086,Game Scorpion
27955,PDG games
37428,Creo mi Juego
28141,Three Brains Games
28009,Mauk
28021,"Shadow Balance Games, LLC"
28011,Visual Adjectives
49398,DV8GAMES
28018,Hans Sörgel
28027,Super Awesome Games
28029,Tracianne
28033,WebCracker Inc.
10138,The Australian Games Group
33476,Fancy Squid Games
28050,Ignite Wonder Games
28073,All Over The Board Games
28077,Groep Speciaalzaken Dordrecht
28078,Wiener Linien GmbH & Ko KG
28064,Red Mountain Games
28087,Publikmagneten
31629,Nordic Weasel Games
28092,H&S GAMES
28093,Umann-Spiele
28115,Global Goal Player
28097,HomeStar Games
33023,US Bureau of Indian Affairs (USBIA)
28130,Vereinigte Verkehrs-Reklame
28128,Flour City Paper Box Company
28045,Zeonix (제오닉스)
28142,"Candy Corn Games, LLC"
28155,UNI.vs Games
28208,Grafital s.r.l.
28200,Whoa Worthy Games
28206,Berry Enterprises
28207,Peek Publications
28224,Arctic Empire Inc.
29360,Roll For Surprise Games
28233,Fingere
28176,Visceral Impact Games
28264,CM Games
28273,Joygames
28559,Reboot Games
28282,Alantis Company
28327,Enigmatic Events
28351,Tagami Games
28332,Heroes Estudios
28340,Situation Lab
28341,Swarm of Dice LLC
28356,Sanctioned Chaos
28358,MSP Games
28367,Viking Games
28618,Nederlandsche Middenstandsbank NMS
28372,ASA: Amsterdam Superhero Association
29202,CGS Unit
28391,Kombrink-Spiele
28399,Artsy Brain Games
28401,AlphaStrike Systems
28521,Symeo Games
28404,Black Dagger Games
28419,Board Gourd Games
28429,ПРОСТОРОБОТ
35995,Spielezentrum Herne
28434,"Weekend Warriors, LLC"
28446,"Eurocorp Consulting, Inc."
28436,Jogos Almirante Lda
30950,First Command Wargames
28440,"MightCouldDo Entertainment, LLC"
28438,GoinsLawson Games Inc
28441,Emblem
46798,East Side Games
28444,MindJello LLC
28447,Brikenbrak Games
38805,HumanCurious
28453,Galileo Nenos
30700,Porphyry Games LLC
46958,Lombardy Studios
47296,Play Rugby
28473,Bilz-Verlag
28481,Papou Games
28442,Emons Verlag
27543,Droege Boy Creations
28501,"Record Games, Inc."
28504,Daring Play
34060,Slightly Offensive Games
28516,Rogue Asylum LLC
28196,WORDTOV LLC
28534,Quequeré Jogos
28543,The Great American Game Company
28550,Marjen Enterprises
28554,Academy of Ideas Ltd.
28558,Culica
40090,Subtle Chuckle
28575,Party With Marty Games LLC
28576,Rack & Pinion Games
28579,Monst3r Factory
28592,Solid Fiction Games & Books
27893,Purgatory Industries
28594,Clapboard Games
31732,Redvanila
28603,Sima Tiger Studio
28619,Deutsche Sinalco GmbH
28627,Miles Kelly Publishing Ltd.
34262,Hod Studio
28630,"Dax Christopher Books, LLC"
28635,Adolf Voglmayr Wien
28637,Echidna Games
16711,Google
28638,World of Rivals LLC
28825,Centrum Profilaktyki i Edukacji Społecznej PARASOL
35614,Zanzoon
28645,Curt Cowall
28631,ShroomLab Games
28650,Goode Games International
28423,DaftWorks
28654,Fdaki Industries LLC
28655,Thrivent Financial
28656,Greenbrier/Scentex
28659,Smirking Storm Games
28643,Dancing Dice Entertainment
28667,Precocious Kids Games
28668,"HOP, LLC."
28680,Good Dream Games
28683,TANSANFABRIK
28701,Cynyc Games
28714,Wydawnictwo Olesiejuk
28715,John Stewart Games
28716,C.o.P:Legend
28718,La Salamandre
28728,French Toast Gaming Co.
28734,QED Consulting
28736,Flock Games LLP
28745,Mensa
28753,Pub Meeple
28767,Institute of Play
28824,Knightshade Games
28771,Gamerton
31526,La Mula Games
28779,purpurin
30114,Tim Obermueller Games
28783,HAPPY GAMES (II)
28772,"CastlePoint Games, Inc."
28789,Armored Games
28791,SEMA Games
28775,Sunny Parasite Games
28827,植民地戦争+α (Shokuminchi Sensou Plus Alpha)
28832,Horrible Histories
28835,Fair Go Game Pty. Ltd
28986,Windwerke Verlag
28921,Battle Born Games
28852,Servas
28859,East Carpenter Corporation
28867,Butter Knife Concepts
28869,Quote-unquote Press
28815,TouK
28887,Revolt Games
28886,SD Toys
28875,Passion Project Studios LLC
37425,"Outdoor Edutainment, LLC"
37439,Tempest Tome Games
28919,Tortoise & Hare Creations
28923,Hungry Badger Games LLC
29281,Native Northwest
28928,Camina Productions
28929,Millennium Skills Inc.
28930,Wishing Well Books
29021,Blackstone Enterprises
26498,Crazy Games
28948,na2ture
28960,Winter Night Games
28974,Bowers & Hard
28982,Bolt Action Minatures
38344,Quadratron Games
28998,Dalmatian Press
29011,Clockwork Cabbage
29013,WHE Games
29023,Anage-chan Unplugged
29024,Yuuho-ya
29041,Sitios War Games
29111,Tightrope Games LLC
29047,Three Guys Gaming
29061,Graviti Entertainment
27908,FilmCow
27522,Wicked Grin Games LLC
29076,Entire Prize Enterprises
29089,SPHansen Games
29090,Beiersdorf
29091,Lingner-Werke
29093,メリーアンドリューワークス(merry-andrew-works)
38292,Vision Works Publishing
29038,Vision Works S.Korea
29108,A. Wahnschaffe
14291,Ludosity Interactive
13250,Cryptic Comet
29147,Ponte Roso
29105,How We Roll Games
29113,Roarstack LLC
29118,Proud Mammal Games
29129,TRI Fol:um -Repens-
29132,KSport
29135,Fool's Paradise
30415,Kitki
29144,FlameStrykeGames
29146,Avatar Games
29227,Last Bullet Games
29136,Restless Entropy Games
29876,Sames + Littlejohns
29157,Sipco Games
29158,Dystopic Entertainment
29159,ガーデンゲームズ (The Garden Games)
29162,New Experience Workshop
29167,デバッグフリーク (DEBUG FREAK)
29174,Guntower Games
29175,Grafopapir
29177,Jinxit Games
29182,Loto&Beyser Games
29183,Stephen Goldsmith Games
29185,"Screenplay Games, Inc."
29187,Balthasar Kühn
29188,Happitoys
29189,Beoplast
29190,emag イマージュ (emag ima-jyu)
29459,New Horizon Games
29192,"Ozum Games, LLC"
29216,Tamashii Nations
16853,Toei Animation
29199,Hidden Staircase Games
29200,TruVenture Games
29208,Trailside Games
29210,Brimaco
29237,The Ali Group
29219,Golden Cube Games
29203,Imagination Generation
37639,Dažbog Games
29230,Second Thunder
29231,SuperMemo World
29259,Funnel Games
29235,ScripturedYou
29218,PllD
29238,ArchNemesis Games
29239,Inappropriate Gaming
29250,哀愁旅館きたぐに (Aisyu Ryokan Kitaguni)
29252,Mad Raven Productions
29251,GeymTheori Studios
29256,U.S. Bancorp
29258,The East African Wild Life Society
35989,Arizona Game Co.
29265,Santa Maria Group LLC
29253,Raithby Games
29276,Clash Games LLC
29277,HulstGames V.O.F.
29311,Yirrount Games
29285,Iron Hammer Studios
29287,New Eras Media
29289,Tourism Malaysia
29290,Duret-Hazen Ventures International
29295,"Prophecy Investments, Inc."
32474,Clark Creative
29294,Paragraph Jump
29298,Photon Games
29299,Talking Tables
28820,Mad Mitch's Games
29303,昼夢堂 (Hiruyumedo)
29369,"Odious Gaming Company, LLC."
30120,This & That Games
29302,てぃ-くらぶ (T-club)
28897,Cliffside Games
29326,Waitress Games
29327,Pixid Games
29332,Viz Media
29334,FlashKids
29337,A14 Games
29338,Mikkenkai
29342,All Father Games
29471,Kirisuto Shimbun Co.
29312,RectorSoft Publishing
31350,Bakeneko Studio
29392,Nostalgic Big Kid Games
29346,Seven Seas Games
38762,Mad Broot Media
29358,Knuckle Down (KD) Productions
29361,KinajuGames
29366,"Wanton Walrus Productions, LLC"
29367,ThunderChild Miniatures
29341,No Spoon Games
29371,Mad Sheep Games
29373,Jogando Offline
29374,"Creative Edge, LLC."
29376,ABCDECUADOR.COM
37521,Pergame éditions
29380,"Monkey Plays Games, LLC"
29384,Trike
29414,Merrimoney and Friends
29421,"Alive Games, Inc."
29422,Flix Candy
29423,"CB Productions, Inc."
30381,株式会社フューチャー・ビー (Future Bee)
29424,BanesGames
29268,Takeda Shop
29581,Stereo Thinking
29431,Charan Toys
29428,2GeeksGaming
29432,Bonfire Game Studios
29466,Runica Art Games
29436,Eggame
29445,やおよろズ (Yaoyolos)
29450,KidRealm
29451,ロッカクだんご (Rokkakudango)
29434,Vanishing City Games
29454,W. F. Jackson and Sons
29457,RichArt
29463,IndieFlix
29650,Simex
13116,Freezywater Publications
29473,"F.D. Enterprises, Inc."
29474,Amjoy
29475,シュピールディスオーダー (Spieldisorder)
29478,EJ3Games
29479,L.T.  Walker LLC
29481,Ferrytail AB
29490,Quirkative Ltd
29496,GMG Games
29493,Criss Cross Fire
29494,Funky Games
29495,"Beijing Wenmiaotang Culture Dissemination Co.,Ltd."
29497,Ouranos Art
29499,Krimi-Küche
29508,"Austin's Game Lab, LLC"
29509,Muskal Assesment Learning Center
30058,"Discount Hobby, Inc."
29519,Leva Livet
11786,Activision
29521,Games For Bryan
29522,MeepleWorks
29761,Tingletouch Games
26437,White Whale Games
29609,LeBeau jeux
29531,Porta Sign Enterprises
29540,Thinking of a Number
29543,ひとじゃらし (Hitojarashi)
29545,Bored Shorts Publishing
29547,Game Fleet Productions
29561,Dusty D12 Gaming
29535,Friedrichstadtpalast
29583,Dracos Games
29586,Frugal Mule Games
29587,Nabisco
29589,Paramount Games
29560,Little Sorrel Game Company
29604,Good Sir Games
29603,DDR Museum
29610,SmallCaveGames
29620,Alex Games (JA)
29625,GishBurger Games
32410,StoryClub Games
29726,"Alewood Games, LLC"
29631,PaulEstudios
40579,Laughing Rain Dancer
29630,The Packy Company
29637,Artistic Imposter Design
29520,Gigantopithecus Games
30771,PawnJoker Games
29651,もしもスイッチ (Moshimoswitch)
29662,Educational Growth Games
29635,Touching Ltd.
29665,British Briefs
29667,Krear Juegos
29668,"Tosso, LLC"
29670,Pacific Promotion Tahiti S.A.
29671,Poncho Games
29685,Franz Scherrer (printery)
29689,ステッパーズ・ストップ (Stepper's Stop)
29663,Fritzes
29692,こたつパーティー (Kotatsu Party)
41667,Topodog
29700,Acronaut Games
29705,Family Board Games LLC
29706,GameFrog
29707,"Artisan Games, LLC"
29708,イルガング (Illgang)
29713,AE Money Quests
29605,Vigilante Games
29718,R2B2DroidDev
29720,Upstairs Ink LLC
29724,Marble Canyon Games
40162,No Board Games
29729,Lamming Miniatures
29742,Heinrich Bauer Verlag KG
29743,Mingo&Co
29744,Siam Edutainment Media
29746,Roll One Games Limited
29747,Long Face Games
29748,４号館の机 (Desk in building 4)
29749,Madoriya
29753,ASOBI.dept
29757,August Storck KG (Storck)
29758,"Flintlocks & Fancy, LLC"
29767,Gebr. Walter (printery)
29773,WordsOnPlay
33619,Silly Kid Games
28178,Nothing Now Games
29781,Crit Publishing
29791,Deeplight Games
29793,The Ultimate Board Game
29792,Hydrodata
29805,Rombo Games
32839,3 Headed Giant Games
29811,Blendax GmbH
29813,Hof-Apotheke Bayreuth
29820,Value Add Games
29821,Ludwig Auer Verlag
29824,Deutsche Kinderwelt
29827,Kunstanstalt Dresden
29832,Diaderma
29833,Deutsches Hygiene-Museum
29846,Stewart Manufacturing Company
29853,zhatgames
29856,Concept2Go
29858,Wydawnictwo Wiedzma
29861,"A.F.R.M. (A. F. Reichel, Markneukirchen)"
29877,Studio Haas
29874,Guardsman Systems Pty Limited
29727,"ARK 3 Wonders, LLC"
29881,Himmelsstuermer Verlag
29889,Quackscam Games
29897,Grimejack Games
29836,BoardCraft
29855,The WitchBorn Corporation
29905,Bezet Verlag
29906,Foxo Games
29914,Hanami Games
29917,Playtime Activities
29918,DG Delaware Games
29919,Hilfsconvoy Spiele Team
29888,The Copper Umbrella Inc.
39863,Jumperound creative lab
35077,Buxx Game Studio
29933,Penta Games
29936,Archery Trade Association
38177,Sky Relics LLC
29953,Renaissance Press
29954,ひなたのにほい (Hinatanonihoi)
29956,"Cultúrlán Enterprises, LLC"
29828,Two Generals Games
29961,Unnecessary Apostrophe Studios
29967,DvA Games
29968,Markeasy
29969,Kune Games
30071,Norton Games
29977,True Story Company
29244,Corvid Sun
29985,International Modern Pastimes LLC
29988,Parsan Games
29991,Red Plume
29992,Subär
29994,たけのこ攻防 (Takenokokobo)
24587,"TSR, Inc (Gygax Magazine)"
32391,Roar Art Games
30005,Wanninger Werbung
30008,Cra-Z-Art
28657,F.P.O. Antwerpen
44644,Blood and Spectacles Publishing
30018,Certgames Ltd
30023,MiniMishaps Games
30026,10-Productions
30204,Nimex Games
30036,MadRat Games
30039,ツムラクリエイション (Tsumura Creation)
33265,Framily Game Knights
30043,Real Job LLC
30102,Global Innovation Village
30044,Cards & Co.
30046,Luana Games
30048,SK Japan
30050,"J. Kloud Entertainment, LLC"
30051,Meierei Zentrale
30054,Commerzbank
30056,delphi-Spiele GmbH
30062,Omnia Verlag München
30070,Vicarious Games
30069,Skies of Dice
30073,Festival Ludique International de Parthenay
16151,Mutha Oith Creations
30079,Dux Nova
12309,Double Fine Productions
30082,Friedrich Bahn Verlagsbuchhandlung
30086,Spriteborne
30092,NateCo Holdings LLC
30094,"Pointy Hat Games, LLC"
30095,Zenfami Kyokai
35828,Hermandad de la Espada Negra
30100,De Gelin International Games Ltd
30103,Duel Grounds
30104,Cardboard Teck Instantute
11873,Intelligent Systems
30112,Cheese Block Games
30067,Clover Games LLC
30117,Solsbury Games
30122,Fancy & Toy
38077,Brainrock Inc.
30025,Rattlebox Games
30123,Target Force Games
30132,Agiliius
38186,T&M Enterprises
30135,Snaxman Games
30131,Learning Passport Company
30154,"Elementally Fun Games, LLC"
34236,Make Big Things
30133,Abraxus Games
30162,Awesome Maps
30161,Huggy Bear Promotions
30178,Enbar Games
30172,Flavor Faction Studio
37488,Neddy Games
30180,Hüsterlo Verlag
30182,Broken Games
30183,Abbeville Press
30184,TPF Toys
30196,Atelier du Bois Tourné
30190,Doorway Games
30192,Cohio Games
30195,Board Game Aps
9895,University of Chicago Press
41379,Springfree Games
30207,Futurera Games Marketing
30202,Marble Tree Games
30212,Filmpaint Inc.
51223,PAXSims
30189,Yankeecraft
37868,Électricité de France S.A. (EDF)
30224,Darktier Studios LLC
30227,Talent Enterprises
30228,"Bilby Products, LLC"
30231,dsgnr.io
30233,Blue Moon Manufacturing
30232,Battlefield Game Designs
43581,In the Loop Games AB
30241,Paper Knight Games
30242,3D6 Games
49189,Momki
30246,Adamation Gaming
30226,Daughter of the Stars Games
30225,蓑竹屋GAMES (MinotakeyaGames)
30244,Nadleśnictwo Augustów (Augustów State Forests)
30249,Eucosa-Spiele
40854,Cut It Out Games
23013,Miciosegone Games
44403,obi
43591,Why Not? Games
30266,Thurston Hayes Developments Ltd.
30261,B. C. Studio
30264,Chapter Three Games
30274,Verolette-Verlag
30275,Pilkabu
30277,Manic Hubris
30280,Mainpresse Zeitungsverlagsgesellschaft mbH
26090,True In One
30290,Verlag Kultur und Wissen G.m.b.H
30265,Happy Badger Studio
30297,Ghost Roadhouse
30294,豚小屋 (Butagoya)
30298,Welt am Sonntag
30302,SafeHaven Games
30287,BigBoxGamers
31018,Édition jr
30315,FS Berlin
30310,Brandserve Ltd
30319,"Territórios do Côa, ADR"
30320,Mono Opti Games
30322,Pulposaurus Entertainment
30323,Just Play Entertainment
30318,Kukuryku
30326,Three Of Us Both
30329,HaleFire Games
30306,Scry Games
50449,Russell Games
30328,King Henry Games
47768,TankPanda Games
30479,Firestorm Studio
30361,You Think This is a Game LLC
10038,Claymore Entertainment
30364,St. Louis ASL Club
30366,Interop GmbH Nürnberg
30368,IWO Trading CO.
30371,Creativity Reseach And Training Enterprise (C.R.E.A.T.E.)
27879,Battlesproject Maps
30362,BATOIKU
30376,Verkehrs-Verlag
30378,Tycho Brahe Juegos
32422,Banter Board Games LTD
30369,Gauntlett Games
30403,Egomaster
39150,Forged From Cardboard
30466,HEXALOR
30413,Claim To Fame Games
30477,Party People Games
30419,Edition 6napse
30520,"Summit Games, LLC"
30431,Four Fine Fellows Games
30427,Lilliputiens
30434,Arcane Origami
30436,Polymeris
30448,Yaya Play Games
30451,Christel Döpper-Spiele
30453,Teacher Created Resources
30454,"Tapper Candies, Ltd."
30456,Ric-Jon Productions Inc
30459,"Kids in Progress, Inc."
30460,Widdershins Way
30463,Marbushka
30465,Scairy Tales Noir
30529,Demon Pig Studios
30475,HOPE Studio
3941,Vaipa Express
30489,Perplexity Game Innovations Inc
30502,The Later Han Games
30503,Boardgames Viet
30504,Kingfisher
30623,Dahlman Brothers Games
30510,Jeugdbond Gereformeerde Gemeenten
30423,Atem Entertainment
30514,Tarata
30528,Cabisco
30752,ソリスト合唱団 (Solist Chorus)
39361,Orosdi-Back
32657,Dark Cult Games
30522,Massive Awesome
30518,Llama Dice Games
30530,Icarus Miniatures
28270,Glittercats Fine Amusements
34355,Kotte + Schröder
30536,Otherworld Miniatures
30540,Table Age Games
30547,Teaching Tree
30549,Happy Kidz
30515,April May Games
30550,Love Creations Games & Toys
30554,Priddy Books
30558,Max A. Peck (publisher)
30567,Pike Printing & Publishing
30570,Gringuel Games
30574,"Wagner Concepts, Inc."
30578,Deus Games
30584,Neuro-Joule Games
30622,"Capreen Group, LLC"
46464,Siegeblade Studios
30599,Lazoon Ltd
30600,Chain Links Games
30602,Yamato Games
30606,4TIPS
30582,Zobrist Enterprises
30601,Excaliburp
30722,PDF Gaming
30619,Turn Up The Music
30598,Recon Games
30524,Madbeard Games
30617,Redan Publishing Ltd.
30621,Starcap Games
30620,VÖV
30624,March Forth Games
30626,Funko
30635,"Advantage Games, Inc."
30636,Src:Card Games
30674,Eletria Games
30641,Chill Wizard Games
30643,Kurokuma Koubou
30647,Refractions Ltd
30651,Planeto
30658,Derivative Arts Corporation
30666,Aqua Terra Ventus Production
40049,Coralis Entertainment
30673,NINJAWORKS
30676,Danish Board Games
30682,HYS
30680,The People's Orchestra
30687,Wayfarer Games
30712,WowToyz
30710,Avocado Games
30946,Pandora's Box
30718,Basement City Productions
30720,Jogolabs
30723,TBC Games (II)
30971,Genuine Fun Games Corp.
30736,"5th Dimension Games, Inc."
30747,Premium World
30850,Baff GmbH
30753,17gonplay
30750,Northgame
30768,T.O.D.K.
30756,Back Basement Games
30786,Orca Verlag
30779,Puninokai
30781,Captive Publishing
30309,Made by Wombat
30799,On The Go Éditions
30819,Defined Mind
30820,Trick Shot
34573,Enfabled
30830,鯖書店 (Saba Shoten)
30832,ろーりん☆つーりす (Rolling Tourist)
30834,Die junge Akademie
30837,Kaon Games
30835,Red Beard's Games
30868,ChonkyChonks Ltd
30840,Maxim
30847,PS Joke
30727,Sedentary Games
30853,Chemcard Company
30855,Presto Music Game Corp.
30864,Dodeca System Games
30872,篠原遊戯重工 (Shinohara Yugi Juko)
30878,Xion Productions
30879,WolfTotem Game Studio
41134,S5 Solutions
30882,Nine Break Association
30883,しばくり (Shibakuri)
12289,"Disney Interactive Studios, Inc."
30889,Bushirodo
30825,MendoZen
30980,Klods-Hans for viderekomne
30897,Studio Cavalier
30898,Gale Sayers Sports Enterprise
30899,Ragnarok Publications
30901,デクミー (decmee)
30880,HOO HA! Enterprises LTD
30910,Gould League of Victoria
30987,Box Quiz
29217,Crazy and Vicious
42929,Moscabianca Edizioni
30982,The Unique Games Co. Ltd.
30923,Three Point Comics
30913,Toi Creative
30926,GPAC
37447,Vamoose Co
30833,Olayaselection AB
30929,The American Museum of Natural History
30934,Birdlight Games
30933,Chabudaigames
30937,Dicecraper Games
30938,Roughneck:7
30939,MR エンターテイメント (MR Entertainment)
30949,イリクンデ (Yirli'kumde)
30953,BGB
30963,彼岸堂ワークス (Higandou Works)
30970,"Sports Games, Inc."
30972,"Midelo Products, LTD"
30977,Replay LLC
30973,E3 Publishing
30992,Everly Games
30994,Lightweight Games
30997,Drew's Entertainment
31296,Cry Wolf Games
37801,WOWentertainment
31016,Project Leto
30983,MadeUp Games
31026,キングダイズゲーム (KingDaiz Game)
31029,Epic Penguin Studios
31456,Two Guys and a Giant
31052,Intrepid Entertainment
31056,Fat Chance Games
31057,ABAE (Associação Brasileira de Alimentação Escolar)
9876,"Dell Publishing Co., Inc."
31058,Standard Comics
31061,Lends
31063,George A. Pflaum (printery)
31076,Puzzlage
9997,Carl Kercher Enterprises
23934,Hero Forge Games
38754,Malabares
31215,Endlight
31102,Twilight Carpenter
35106,Iocus
31105,AHC
34194,MO BIO Laboratories Inc.
31112,UF Gotlandsleken
31118,Lauamängud OÜ
31216,Orange Line Games
31422,GHOSTMUG GAMES
31119,Maruhea OÜ
31115,ぷくまにあ (Pukumania)
31127,Bear Games
31073,KDN Enterprises
31184,Raven Warren Studios
31136,Ned Strongin Creative Service
31138,TAC-TAC agency s.r.o.
39961,Rath's Edge
31142,BloodScribe Creations
31145,Pencil Pusher Games
31146,あおきのこGAMES (AOKINOKO Games)
31147,Kikacool
31149,Alfa-Bits
31156,Menhir Games
31158,ビブリオゲームズ (Biblio Games)
31160,FullPowerSideAttack.com
31169,mathandcoding
37430,Jeux Dumont Inc
31188,Fundacja Chylińskiej
31189,crafterwar
31180,Kick Toys
31280,Mythos Method LLC
31204,FoUNtain (ファウンテン)
35524,Studio Tyrus
31627,Paper Street Comics
31219,Girrawaa Games
31220,Games by Ray
31230,Monhami Kobo
31223,GT Publishing
31212,Abysmile
37775,Juegos Misi
31258,Electrabel
31342,Chemisode
31306,Stephen Kerro Games
31385,Spectacled Bear Games
31314,Batlhex Games
31324,Austria Zigarettenfabrik
31325,Chromolith Kunstdruckanstalt AG
31326,Rolling Outlaw Games
31330,Sporting Chance Games
31335,Just Four Kicks
31351,DreamCatchers
36768,Chrysalis Creative Endeavors
31376,OffCircle
31377,GeoLinx Games
31382,Star Master Group
31401,The Forge Studios (II)
31027,Denken Games
31410,Ten Point Games
31421,Herrmannsen & Umland
31435,ZMANGOLF Corporation
31440,"Grizzly Forged Studios, LLC"
31445,Akimbo Games LLC
30945,Hack and Slash Games
31484,Games Over Coffee
31455,Games by BRIGHT of Sweden
31443,Stratagème
31458,Bearicade Games
45804,El CAE
31461,C3 Simulations
31468,"New Tectonics, LLC"
31510,Forced Perspective Entertainment
31482,BcP Juegos
33118,Gaming At Joes
31486,COOPULA
31531,Bora.La
31494,Yuruart (ゆるあ～と)
31503,Wyatt's Torch
31506,Harcourt
31513,Curriculum Materials Corporation
31522,Flat Square
37009,Mystery Tin Games
31537,HH-Spiele
31538,A. Trüb & Co.
31548,Neptune Meter Company
50883,Nupro Games
31556,Dice Made Me Do It! LLC
31736,Purple Truck Games
31568,burn artists
31666,Dopamine Construct LLC
31630,Awkward Human
31579,Vansh Games
31585,Doc Oak's Games
44695,Curs'd Captain
31678,FTP Sports Games
50978,Quercetti
31580,Killer Snails
31620,IV Crowns
31641,Lorenz
31772,Brass Dog Games
39746,Quick Wits Games
31656,Bear in Mind Company
31660,"First Stall Productions, LLC"
31664,Gobbo Games
31665,Disgruntled Decks LLC
31480,Boutique Fables
31674,WayneLee Productions
31679,Spar
31683,Tank & DPS
31686,CoolCats & AssHats
31695,Triple Fork Games Inc.
31652,Vanor - Games to Amaze
31702,Just Salvos
31599,Regio Games
33671,Log Cabin Games
31707,War Games LLC
31713,Neanderthal Games
31738,Maramont Games
31751,Draper-Roizen Productions
31764,ISI Toy Works
31765,Varonis
31790,CrossLances Studio
31796,Occupational Games Limited
32662,Exclusivas Industriales S.A (EXIN)
31808,Lunar Powered Games
31769,Lyra
31824,Dragon Phoenix Games
31828,PSC ONLUS
31830,Demented Games
31770,Venture 4th Games
31869,Puppy Slime Games
44054,POEMS Rather Than Just Games
31841,Cambium Games
31844,KUA
33260,Ultimate Custom Coins
31853,Strife Games LLC
31854,Think Tank Development Limited
31855,Gimatriks
31857,"Duck Did Design, Inc"
31861,Joynt Game Factory (ジョイントゲームファクトリー)
34968,Yaco
33197,Bradan's World
31909,"Nevermore Production Toys, LLC"
31867,Krummeklubben
31870,BigForest Creativity Lab
31871,From the Void
31890,"Paper Tiger, LLC"
50424,Spicy Doodles
31880,Green Games (II)
31883,"Lazy Days, LLC (II)"
31885,Outremer Publishing Ltd
31886,IT Games
34799,Endless Spiral
31860,Install Games
31891,Kickfire Marketing
31893,The Ministry of Gentlemanly Warfare
31905,Mike Becnel Games
31906,Brinkman Educational Enterprises
31907,The Stuart Harvest Collection
37703,Spiele Block
31919,Pénziránytű Alapítvány (Money Compass Foundation)
31397,"Medieval Interactions Gaming, LLC"
31925,Gut Shot Games
31926,Gong Spielwaren
26029,Auroch Digital
31968,Portillo Entertainment Games
31927,Paska
31960,Spielherberge: Anstalt für Spielvergnügen
35945,Funcyland Studio
31961,XOANZ GAMES×DESIGN (草原遊戲設計)
31955,Pandora's Box Games
31964,Mahoroba (まほろば)
31969,Domo Sur SRL
31975,BC Games LLC
31980,Amber Palace Games
31984,Blue Ocean Entertainment
33188,Burda Publishing Polska sp. z o.o.
50170,Blue Fool Games
32016,Bad Campaign LLC
32039,Paracosm Press
32001,Blood 'n Brain
32062,Bux-Spielverlag
32038,Into the Cardboard
32088,Wizegame
36976,Maritime Stories
34189,HAZARD
45417,UFA-Theater
30639,Arcana Games
32129,"IP Game, SA"
32126,Thoughtfish
32136,Black Table Games
32137,Xiaoluosi Creative
33304,Blue Heron
32181,Excellent Adventure Games
31308,Dryden House Publishing
32211,Oski Games
32216,K&R Games LLC
32217,Lupus Games
32215,Quick And Dirty Games LLC
32245,Danwich Games
33157,Bennett Games
33050,Great Wight Games
32172,"Bison Games, Inc."
32329,Hitmouse Productions
32330,Proletarian Democracy Education Committee
32341,Big Star Brinquedos
32423,CStar Games
28048,Thunderegg Productions
32354,Gregarious Mammal
32356,Vexillia Limited
37487,Palau Commemorative Coin Company
32412,SkyTint Games
32435,Rhym-A-Gram Ltd.
32436,Combination Card Game Co.
33161,Ro.Sa de los Vientos Studio
32446,Warren Bros.& Assc. V.O.F.
32475,UNIVERSE ZERO LTD
32234,Primary Publishing
32494,Osprey Promotions Limited
32390,All Church Technical Service
32498,Word-O-Rama
32500,Intergalactic Innovations
32748,Creative Cove Games
32509,Almark Publishing Co. Ltd.
32519,Last Night Games
32521,Quantum Earth Games
32455,Olde World Miniatures
32532,Robot Muffin
32533,Three dots games
32534,Dirty Labor
41249,What The Fun Games
32543,"Mothership Game Studios, LLC."
32545,MK Games LLC
32554,Promotional Writing Concepts
32564,"Ehlbert Advertising Service, Inc."
32567,infiniteline studios
32568,Wokka Enterprises
32571,Malish (Baby/For Kids)
32573,"MerMen Publishing, LLC."
32617,Stonegate Forge
32597,Enzyme Games
34892,Monocle Society
34034,HoliPlay
32590,"VikingNerds, LLC"
32606,Edizioni Curci
32608,Mantis Digital Arts
32613,Kue the Magic of Nines
32618,They Gonna Cry Mercy (TGCM)
32620,TACTX
32628,Minòs Games
32630,Soulspryte Studios
39969,Laughing Rogue
32633,Analog(ic+y)
32829,Upland Road
32661,Devil's Advocate LLC
32664,Iowa State University
32667,"Nasma Productions, LLC"
32672,Rewe Juegos
34341,Usiak Games & Designs
44168,Big Bad Ideas LLC
32671,Tasty Penguin
32704,Crucible Crush Productions
32705,Ghetto Miniatures
32708,Fun Educational Co.
32711,Cassa Products
47535,Höhler
32720,Chapman & Smith Company
32722,College Game Co.
32736,"The Pickaxe Group, LLC."
32772,Legler
32745,Dai Nihon Yūbenkai Kōdansha
32855,Australian Government Publishing Service
32755,Sathaban Nayobaisuksa
32773,Sensational Learners
41519,Binks Games
32778,Dinogami Games
32785,Charity Board Games Pty Ltd
32787,Jintian Toys
32805,Gem Hunter Ltd
42828,FYE
32818,Rhyminitions
32822,MONMOB
32832,Fabbrica dei Segni
32833,WV Games
32834,IM Holding Games
32838,kako editions
32846,Plastic Hand Games LLC
32848,Tent of David Ministries
32793,Dice Nutz
32874,Ram Clear (ラムクリア)
32877,Z. N. Games Ltd.
32880,T. B. Guest & Co. PTY. LTD.
32886,William R. Jenkins
32888,758 Board Game Circle (758ボードゲーム会)
34075,Whatsinagame
32887,L. J. Colby & Co.
10592,The Le Games
37509,Woshidaya (をしだや)
32901,PhantomLab
32913,White Rabbit Communications Inc.
32915,Explorations Inc.
37250,Lumo Amuzo
33103,Avant-Garde Games
32939,The Educational Game Company
2845,Gavitt Publishing and Printing
32982,缶詰本舗 (Canzume Honpo)
32934,Code 3 Games
33012,Cilindro Cubico
33027,Beatmonkey srls
33029,Ashita Ganbarure (明日がんばるれ)
33032,Unkindness Games
33042,Alpha Delta Games
33062,Oximo Associates Inc.
33063,T. O. B. Inc.
33064,Lee and Shepard
33065,River Games
42141,NiDi Games
38988,Severed Books
33104,Ramble Games
33105,1CONZEPT
33110,Famow Manufacturing Co. Pty. Ltd.
32920,Oakheart Games
32942,Kakinotane Firm (柿の種商会)
34235,The Mysterious Package Company
33121,SaiSai-Koubou (彩彩工房)
33128,Double7
33132,Wolfe Products
33142,Ebnerschen Kunst und Verlagshandlung
33202,"Frost & Frost, LLC"
33171,Wonky Rhino Games
33175,Pure Fun Games
38672,A.E.B.
33173,Lynx Games
33179,Ruro-Spiele
33180,Dansommer
33181,Radlobby Österreich
33182,CB Créations
33183,Gépat
33185,AE (Æ)
33187,Fritz Homann A.G.
33194,Syntactic Book Co.
33216,2 Brothers Gaming
33204,Kwok's
33211,"Lightplay, LLC"
33210,Nyssa
33214,Bodeva
33215,Avecor
33228,hamhams (はむはむず)
33229,"StrongPoint Modeling and Simulation, LLC"
33252,Fifth Wing Games Ltd
33246,Johnson Store Equipment Company
33248,River Games Australia
34014,Millbrook Games
51083,Leonard Beswick Ltd.
33263,"William Ritchie & Sons, Ltd."
33270,Joseph W. Drueke Co.
36579,Mad Inventor Games
33269,Scavenger Eye Studios
33272,"Holt, Folger & Howard Co."
33268,Svenska turistföreningens förlag (STF)
33267,Helleland Konsult AB
33283,"Nick-Glennie Enterprises, Inc."
33278,Black Knight Games
33295,Dimension Games (II)
33297,Nachtpeter Verlag
33299,Statistics Learning Centre
33329,Good Game Designs
33305,Jan Bibejan
33326,"Sport Visions, Inc."
33308,Flying Dodos
33280,Gremlin Game Studio
33347,Clover Games Inc.
33367,The Hidden Book-Title Publishing Company
33369,Bipartisan Games
33376,"H.B. Palmer, McBride & Turner"
33310,The Paper Army
33428,Next Left Studios
33690,Blue Rhino Ltd. Kenya
33406,Parley-Mutual Company
33412,Norby Enterprises
33433,Illuminate Inc.
33444,Sulcorp Inc.
33448,Regent Games Ltd. (II)
33451,Invincible Ink
33526,Knowledge Probe Inc
33456,Double Quarterback Co.
33466,Laffgasm Games
33468,Red X Board Games
33483,S and W Fine Foods Inc.
40048,Ragnarökr Games
33489,myToys.de GmbH
33492,National Games Co.
33590,Woodchuck Studio
33514,Cottage Games Canada
33516,Neural Shunt Media
33517,Scatterbrained Creations
33521,Dark Unicorn Games
33537,The Gottman Institute
33908,HoPLAY
33558,The Atlantic
33564,Rookling Inc.
33568,Sea Pig Games
33592,Garage Sofa Games
39016,Edventure Games
33604,The Walrus Games
33602,Editions Ervé
33605,JLS Productions
33606,Davison Clark Inc.
33499,Bask Marketing of Washington
33609,Hoegaarden
33610,GTE Sylvania Licht GmbH
33611,Golden's
33612,All-Metal Products Co.
33613,CheeseViking Games
33634,Step Puzzle Company
33625,"Norwester Games, LLC"
33506,Plenluno (プレンルーノ)
33630,Freod Games
33364,Mystery Fox
11992,"Pony Canyon, Inc. (株式会社ポニーキャニオン / Kabushiki kaisha Ponī Kyanion)"
33679,B.R.C.
33685,Croisières Traversier CTMA
33666,Interrobang Studios LLC
35033,Ludit GmbH
50867,Egmont Toys
33683,R.K. Products
33677,Barrett
33678,Webster's Yorkshire Bitter
33675,Ringtail Cafe Productions LLC
33687,Codrilo Verde
33694,Rolling Green Leaves Studio (滾動綠葉文創工作室)
33703,Escape Hatch Games
33734,Motivación Lúdica
33728,Harlequin Party Games
33730,Taito Shop
24951,Jade Tower Studio
33743,Quxacto Games
33775,JumpBall Gaming Company
33766,Digital Media Solution
39870,VX Global
33791,дело и потеха (Business and Fun)
34196,Laughing Lizard Games
33814,A. W. Mumford
36166,"Two Sisters in the Wild, LLC"
33670,SHP Games
33826,Carney Brothers
33833,DreamGames
11452,GameVein
35944,Sträckspelsfabriken
33867,Feint Media Games
33844,QuitWork Games
33846,Mechanical Egg Games
33870,Spymonkey
33874,"Hewn Pty, Ltd"
33860,Concord Toy Co.
33862,Distant Screaming Games
33869,hep: der Bildungsverlag (hep – the Education Publishing)
33871,Jovial Game Co.
33873,E. S. Lowe Company Inc.
33872,Mondotoy Estab.
33879,SCS Direct Inc
33920,Mindworm Games
33894,"Geek Ventures, LLC"
33901,Hästspelet Sverige AB
34186,Meeples Inc.
33910,Applied Technology
41318,Park Art Company
43293,J. Bell-Jones LLC
33985,Ostfront Publishing
33971,"Flying Bison Games, LLC"
33986,Skills Garden
33994,Fabrique d'Estampes de Gangel
34061,Zhileyuan BG
34007,Pirate Christian Media
34021,"Incarnate Games, Inc"
34010,Atuttotondo Edizioni (Atuttotondo Editions)
34019,Peleaz Creative LLC
33729,Wicked Clever
34206,Ferali
34658,Japan Shogi Association
34045,Hardcore Media
34037,De Weduwe J. Allart en Comp
33973,Notre Game
34055,Tricorn Games
34048,Rogue Castle
33919,"Triple Trike Games, LLC"
34270,Rocket Science Board Games
34079,Bigtyme Football
34080,Thousand Face Publishing Pty Ltd
34083,Askwith Games
34074,Log Hob Games
34098,Circle of Creators
34099,808 Games
40235,Activate
40962,Hemionos
34126,A. M. Fitch & Company
34133,The Ray-Fair Company
34141,Dead Box Games
34143,Benrido
34150,IMON GAMEZ
34153,Bernco Publishing Co. Inc.
34156,EOS Interactive Cards
34159,"STE, Inc."
34161,Chenelle-Lappé Associates
34167,Seur
34168,FKV
34220,Steamdeer
34190,The City Enterprises
34195,Archuleta Enterprises
34204,Loovhoog
34210,Libreria Geografica
34212,Villard et Weill
34214,ConAgra Foods Inc.
34217,Wildbird Games
34224,Black Toad Games
34227,KaBOOM! Games and Toys
34259,Chillbo Games
34229,Lampoon The System
34234,Metwabe
37660,"Freeze Gopher, LLC"
34242,Teocalli Estudio
34244,The Master Theorem Games
34245,Albert Toy Manufacturing Company
34272,Insane Republic LLC
34246,Poltergeist Spiele
34247,Zuidelijke Melkbedrijven
34252,J.B. Conlon
34264,RAND Corporation
34265,Mean Bean Games
14437,Fenix
34275,"Croopo, LLC."
34292,"Stiff Golph, LLC"
34277,King Brother Games
34281,DB Games
36621,Graaf Simulations
36065,Kosmium Studio
37307,Sheep Tree Studios
34301,Circle Of Geeks
34302,"H.T.B. Enterprises, Inc."
34303,Uber Games Indonesia
34702,Spontaneously Combustible Games
34306,Headquarter Games
34071,Avitus Editions
34328,Key Games Co.
34331,Ravensworth Press
34333,The Highland Games Company of Scotland Limited
34334,Ośrodek Rozwoju Edukacji
34200,THM games (threeheadedmonkey)
34345,Vitae Games
34316,"Nuked Cards, LLC"
34356,Gladiator Games Ltd.
40668,Gingerbread Games
34358,KIBO Factory
41602,Teaching Aids
34384,Creative Games Ltd
36371,Questing Creatures LLC
34405,Fan-Ball Co.
34406,The Casey Company
34414,Black Phoenix Games Ltd.
34497,Moondance Games
44728,EZPainter
34933,Spiral Arm Studios
35135,Lazy Wolf Games
34604,AfterRace Games
34467,Govel Games
34479,Table Troll Games
34481,Stolistic Games
34484,New Comet Games
34500,Woods Games
34482,Hillcrest Games
34504,Perfidious LLC
44429,Franz Roschkowski
34486,Tower St. Games
34506,"Host-Party.com, LLC"
34461,Fabrik Ludik
35168,Middle Brain Games
11994,Apple Inc.
34532,A Gamer's Studio (とあるゲーマー工房)
35429,TokArts Ltd.
34503,Blazing DIces
34540,Beard Games
34544,Dreiring-Werke
34550,Eumail
40518,Michaud Toys
36214,"Heroic Games, LLC"
34564,Creative Sun Game
34691,FGXgames
34575,Mystery Manila
34572,Logic Roots
34584,Max Bros Games
34588,Ludoca Inc.
34595,Barbo Toys ApS
34729,D&K Spiele
37346,Medici Creative
34601,Despicable Games LLC
34612,"Peerless Playthings Co., Inc."
34613,Samsa Oy
34615,Mentis
34663,Top Shelf Games Co. (TSG)
34628,L'école des loisirs
17321,Endemol
34614,FESME Games
34437,Dark Mushroom Games
34654,Nomadic Dragon Books
34655,BRIKO Brikett- und Kohlenimport Großhandelsgesellschaft  Erwin Flemmer & Co. KG
15825,Hanako Games
44813,Slave 2 Gaming
35112,Paradox Games
34665,Yak and Shadow
34684,LEFT
34689,Keyhole Games
34676,Golden Ratio Games
34693,Neon Desert Games LLC
34677,Salpica Games
34716,Devious Mind Games
34718,Washington Grand Company
34724,slam b productions
34726,Vroom&Dreesmann
34738,Reyn Guyer Creative Group
34751,Goboken
34701,Rapid Leaf Productions
34758,P.F. GAMES
34759,Hong Kong Go Culture Association
34761,Combat Designs
38925,"Puppy Dice Games, LLC"
34767,Fantasy Quest
34777,Studio Tectorum
34780,American Postal Workers Union
34781,Grav-Air Games Limited
34792,AWSM
37597,Gamester Ltd
35055,WDK (Widyka !)
22275,Akira
36062,Open Door Games
34610,"Hungry For More Games, LLC"
34835,Neuwerk-Verlag
704,United Soft Media (USM)
34865,Green Fairy Studios LLC
34873,"Breaking Teeth Games, LLC"
49231,"National Library Board, Singapore"
34884,Four04 Entertainment
34886,Sumizome Sakura (墨染桜)
34903,Eyeup
34914,Mister Kjub
34847,"HappyGiant, LLC"
34923,Red Helm
34924,Nailbiter Games
34925,Potato Cat
35293,MGK
34936,Reverse Games
34941,"61 Games, LLC"
35992,"CardFit, LLC"
36388,Mind Melt Games
28840,UFO Press
34943,Star Monster
34956,613 Games
37223,Win or Die Games
34964,Thunder Vaults LTD.
34973,The Literati Company
35102,Basic Finder LLC
34982,Luckey Educational Publications
34986,Splash Toys
34987,Lotus Development Corporation
34988,Gamifi Japan
34991,StatoGame
46795,Solitary Division
34994,YAZOKY
35017,Party On Board Game Design Studio
35016,Noctivity Inc
35019,Kuuri Keikaku (空理計画)
35020,Achievers Track Co. Ltd.
35024,Manteau/ WPG uitgevers België
35023,Ploegsma
35036,Games At War
35040,Hollywood Amusement Co.
35051,GZRI Games
38618,Rojak Culture
35304,Left Brain Poker
35488,Art Fair Inc
35073,Epic Teddy Games
35074,Siberia (シベリア)
35075,Rommel Games (ロンメルゲームズ)
35076,久遠堂 (Kuondou)
35082,Mah-Jongg Sales Co. of America
35088,Next High Score
35091,Svenska Pyramidspel
34607,McNabb Games
35103,Satzuma
35223,Moon Shadow Games
35099,Pleasing Terror Games
35107,Fat Matador Games
35115,Offkaio ga Tsukutta Game (オフ会王が作ったゲェム)
35116,Talosil GAMES (タルオシル)
35041,GGG Games
35117,Oishiitanishi (おいしいたにし)
35127,Osaka Mainichi
35865,Toy Rabbit Games
35137,A. M. Heston
35154,SHEL Games
35139,Diversion Circle Games LLC
35158,"Mission Selfie Edition SAS, France"
35133,Twitch Factory
35141,National Fertilizer Association
36459,Abaris Games
35153,Red Knight Card Games
35165,Kyfak Games
35172,Garsidian Games
35192,Suwosanchi (スヲさんち)
35196,"Traveling Animals, Inc"
35198,Northampton Battlefields Society
35197,Gamification GbR
35934,New Europa Games
35206,Homebrew Games
35982,Amazing Wiz Kids
35505,Good & Evil Games
35238,NET System games
35592,Doctor Rocket LLC
35247,Image Comics
35249,Happy Beer LLC
35245,Scolopendra Games
35266,Very Important Press
35384,Apocto Games
35328,Rare Mind Games
35269,Dharma Games (達磨ゲームズ)
35270,Hoshizoramatsuri (星空祭)
35271,DevDiem Studios
35277,Justin Dilgard Games
35287,Yorimichi-Bodoge-Kai (寄り道ぼどげ会)
41011,Arroyo Ibarra & Asociados
35292,Viewbird Games
40167,Guerras Gato Games
35350,AESTAS
35303,Dark hand Games
35325,Egmont World Ltd.
35318,Vortex Games & Publishing
35329,World Champ Game Co
35299,Harmonious Duck
35243,DNA Games LLC
35344,cavy USER
37713,Ricky Dillon World
35363,BigEyes
35349,Dicebox Games
49512,Trifecta Game Studios
35362,Frog Publications
35974,Lidl
35341,Arty Smallbatch Games Ltd
35577,Le Platte Studios
35367,Nefer Games
35379,Crocodile Creek
35381,Brankiegames
35606,FeiraTochi
35391,50 Cal Games
35420,Tockeman
35421,Collar-Less
35424,"Cabrew, Inc."
35428,Miharo Games LLC
35718,Roli Games
36591,Pyjama Ideas
35449,Classic Table Games
35448,Nosu-ya (のす屋)
35472,"Idea Wall Games, LLC"
35473,Sibro Games Ltd
35485,Milaniwood
35484,Les Dunes Éditions
35498,Board Game Parfait (ボードゲームパフェ)
35661,Armorier
35500,London Novelty and Display Products
35501,Dubenka-Spiele
35565,"No Limit Games, Inc."
35526,Hour Games
49852,Arcanum Game Studio
35517,Tin Raven Press
35567,Swandy Games
35576,Juicy Games
36241,Grüne Werkstatt Wendland
35587,Farrar Concepts
35589,CLOUDGEAR GAMES
35599,Meta Games Inc
35602,Gestion Logic
35601,MAN-HOLE (マン･ホール)
35603,Nabelab (鍋ラボ)
35608,Yorozuya Gakudan (万屋楽団)
35799,DC Thomson
35594,DogBone Games
35796,Spectre Miniatures
35631,Kriegspiel Union
37875,Fengi Games
35653,Gugalicious Games
35670,Legends Playing Card Company
35678,Bad Captain Games
35984,Cold War Incorporated
35681,Whiteley-Harding games
35690,Rolf Group
35691,Meier
35698,Szymanski Spil
35699,Kender
33636,Games 4 Geeks
35700,Happiest Games
35713,Suomen partiolaiset: Finlands Scouter ry
35726,seasideOrchard (臨海樹園)
35729,Pelta Games
35725,PignPotato Games
35741,Primogenesis
35716,四等星 (4tousei)
44405,Massimo Torriani Games
35747,What Pretzels
35754,Gekidan kabrock (劇団kabrock)
35760,Social Experiment Gaming
35714,XXM LLC
36741,Mo'Games
35765,Yuraraka Kobo (ゆららか工房)
35768,Gyunbuku-ya (ぎゅんぶく屋)
37720,Little Treasures
35735,Off Script Games LLC
35958,Victim Services of Peel
35743,Brainstein Games
35779,Golden Age Co.
35780,Rotolette Manufacturing Corp.
35781,Yushido Games (遊志堂)
35784,Hanty
36390,Invincible Games
35791,Garden Path Games
35792,Cogwright Games
35909,AvroTros
35801,Hofmann
35849,Mobile Game Design
35459,Spherewalker Games
35825,Yamaneko Games (山猫ゲームズ)
35827,NSG Kurieito (NSGクリエイト)
35829,Yugibu Suzukigumi (遊戯部すずき組)
35837,Ninirc Games
35813,Danish Brain Games a/s
35851,O Mykiss Media
35711,Brain Snack Games
35853,Régalez
28299,CATTHULHU.com
35864,Fishbox Games LLC
15480,Price Stern Sloan
35869,Career30.net (キャリアサーティードットネット)
35874,S.P.O.T.
35887,Decker Sisters
35894,Cuatro Quesos
35922,INKc's Board Games
35905,PNWM / DPJW
35786,Four-Color Studios
35900,Titan Zero Industries LLC
35914,Pround Games
35907,NightHuntGames
38367,すまいる120円工房 (Sumeru 120 Yen Studio)
36028,Paris Bourke
35930,Caronte Games
35938,4 Dekx
35940,オトコマエゲームズ (OTOKOMAE GAMES)
35943,Reefscape Games
35980,Stranger & Stranger
35954,Natt förlag
35610,Gaia Game Studios
35962,Narumiya Entertainment Company (なるみやエンターテイメントカンパニー)
35979,KaQûJi
35975,Toresh Games
35991,Frenesim
30467,Playing With Murder Press
35993,Hans J. Fritsche Verlag
42262,Shenanigan Games
37795,Honeysuckle Games
47759,Crescent Toys
36023,Sabrestorm Publishing
35985,4Ever Odd Gaming
32322,Tabletopia Inc.
36003,"LearnPlay, Inc."
36008,Uber Dungeon
37542,Stone Table Games
36020,Cosys
36024,TessArae Games
36026,TRANSit
36025,Hiroshima Manufacturing Gym (広島ものづくりジム)
37718,ロクジゾー (6jizoGames)
23335,Onyx Path Publishing
36029,Trend Education Foundation
36031,Artman Games (Artmangames)
36036,Reactor Games Llc.
44579,Karl Griese
36033,Snipe Hunt Games
36049,"DownStream Games Company, LLC"
36063,Strawbridge & Clothier
36070,Scharvogel Grafikdesign
36071,Peter G. Thomson
36072,The Moh-Sah' Co.
36074,Horiba Koubou (堀場工房)
36155,Unpossible Game Labs
36099,Statoil
36078,Impact Unified AB
37158,Dual Brain Games
35908,The Carbon Initiative
36088,Spatch Games
36090,MAZIMAX ENTERTAINMENT
36093,The Estonian Chamber of Agriculture and Commerce
36101,Assault Games
36104,Hellbender Media
36126,Edge Innovations
36109,M2R GAMES
36076,HORESCA
36122,重大工房
36440,RonJohn Games
36125,Gamma Blade Studios LLC
36130,Westfalia Miniatures
36131,Norticles
37721,D-Toys
36135,Eze.is
36102,カレーラーメン (Curry Ramen)
36140,Knight Enterprises
29997,Kid Loves Tiger Games
36525,GeekMeMore.com
36162,Eagles Crag LLC
36167,Off the Grid Games
36168,"V & L Exposed, LLC"
36324,Tom Savage Studios
36172,Victor Pettersons Bokindustriaktieboloag
36224,Playing History
36573,Lone Knight Games
36100,Dino's Tiny Brain
36238,DRMArts LLC
36207,Double Watt Games
49880,Ichiban Games
36192,Luudoo
36223,Kaspersky Lab
36228,Full House Games (フルハウスゲームズ)
36229,F.T. Connor N.Z.
36230,Kingdom Games Enterprises
36231,Jetset Games Co.
36233,Jack in the Box
36239,3 Gear Games
36226,Villain Games
36218,Purple Potato Games
36246,Cyboard Games
36250,RingBrain
37283,Game Maker Editora
36400,Fonds der Chemischen Industrie
36219,El Fenix Games
36275,Mensler Spiele
36387,Electric Panda Fish
36385,Vivid Publishing
36318,BroUP Games
36320,Slightly Twisted Games
36276,Holy Cheese Games
47649,Kaadoo
36377,Krab media
36343,Alienplay Games
36347,無添加無着色 (Mutenka Muchakushoku)
39601,Easily Amused Productions
36355,ジャンクション (Junction+)
36365,Atebol
36367,Creative Collective
36372,Ann Williams Group
35740,"Toron Games, LLC"
36384,Wrench Games
36378,Grunt Games LLC
36391,Raiffeisenbanken
36398,Olmec Games
36410,Centrum Ronde van Vlaanderen
36409,Pesogames
36414,"Strategy House, Inc."
36432,Carrefour S.A.
36443,Harebrained Design
36454,Brighter child
36461,Jaime Margarit
36472,Progressive Playthings Inc.
36561,Picoline
36562,Mt. Jade Company
36480,Cuddly Cthulhu Creatives Ltd
18830,Zakelro!
36505,Wonder Hog Games
36488,What Culture LTD
31850,Dharker Studio
36495,Education and Entertainment Group (G2E)
36496,San Teonisto Press
37616,8th Kid Games Inc.
36490,Suomen liikunta ja urheilu SLU
36502,Plucky Robot
36509,Zealandia
36508,Seventh Son Games
47891,One-Point Oy
36500,GoWonko LLC
36248,Acadien Groupe de Reflexion
36528,Mantis Brothers
36657,Zlurpcast Studios
36484,NIBCARD
36242,Industrias Matienzo
36572,"HOPS Press, LLC"
36566,るりるりゲームズ (ruri ruri games)
36586,Board2Death Games LLC
36638,Multikids
36602,Infinite Lives
36604,ザキさん工房 (Zaki-san Koubou)
37763,ClueJar
36605,Psychotronic Studios
36606,楠本舗 (Kusunoki Honpo)
36607,Raiu Raiu Studios
36615,"Red Scale Games, LLC"
39076,BrainBox Gaming Company
36627,Grand Arcanum Games
36711,MOM publishing
36634,Tri-Infinity Games
36608,Nip-N-Tuck Game Company
36635,Peppermill Publishing
36723,Uprisingames
36732,WTF Did You Say?!?
18013,INtex
36668,aoimachi (青い街)
36689,Edachou
36692,HOX
36694,Digital Alchemists
36696,Action Games SA
36702,Grand Slam Studio
36707,Annadale Comics
36715,OGRE FOOT
36757,Dead Ends Entertainment
36720,Thymia Games
36734,Dark Zone Games
36722,Paka.ID
36726,Selfie Media
36703,Biplane Games
36736,5th Epoch Publishing
16043,John Wick Presents
36737,Hand2hand Entertainment Inc.
36745,Green Quarters LLC
36744,"Climax or Bust, LLC"
37156,Cucumber Games
36752,"Franklin and Benjamin Enterprises, Ltd."
36755,Graven Brush Games
36764,Miyabi Games
36769,Double Eagle Games
44518,Reisswitz Press
36773,"Guild of Misfits, LLC"
36780,Holyoke company
39382,HeadBlown Studio
38714,SixJAM
36790,Frank Prindle
36791,Raphael Tuck & Sons
36802,"Bloody Eye Games, Inc."
36808,Joururi Soft Ten'yu-dan (浄瑠璃ソフト天遊団)
36915,Uhlan Games
41953,Säästöpankkien Keskus-Osake-Pankki
36820,European People's Party: European Democrats
36821,Ancient War Games Research Group
36828,Off Beet Ideas
37827,Exevio Ltd.
36935,Warsong Press
37486,Blue Fairy Games
36852,Catlilli Games
36947,"Moxy Roxy, Inc."
36836,Secret Formula Games
36856,Bwunsu Games
36854,Idea Couture
36863,The Hawken Shop
36718,Dark Yeti Games
36885,Johnny Reb Gaming Society
36886,Kununuk OÜ
36959,Vindicated Entertainment
40325,Tiger Crab Studios
36891,Lexnet
36892,TheAme Games
36897,ItAlea Games
36905,Wildflower Games
41331,3 Wizards of the Moustache
49407,Play Plus
49418,Play Plus
36901,Union Street Games
37702,Deck Monster Games
51012,The Fifth Trooper
36928,Myrmidon Games
36927,Radiant Games LLC
36958,How Game Are You?
29186,Risky Business
36963,Chiron Farms Ltx
36956,Masked Elephant Studios
36951,Le Vaisseau Nautilud
34207,Variable Outcomes
36922,Helion and Company
37008,Should We Drink Tonight
36982,Boereplaas
36983,Spoetnik
36986,Four Quarter Productions
39613,Broken Archer Games
37116,Double Turn Games
36960,Zuzu Board Games
36993,Gamenomicon
37187,Szabad játék GM
37017,Alt-Hiatus Games
37028,Herman Biewend
37309,Dyl and Oscar
37058,Spifa
37064,Hohenzollerische Landesbank
37114,Legião Jogos
37115,Ag+
37131,B Team Games
37192,Secret Weapon Games
37134,Apóstrofe
37195,Crimage
34867,Green Team Gamers
39763,Wrectangle
37141,Caldwell Games
37145,The Brainy Band
37193,Electric Literature
37161,Open circle
37164,Big Show Creations
37157,Epic Geek
37454,Twenty One Toys
37172,Nex Move Games
36964,Playware Hobbies Pte Ltd
37186,Japan Spella Association (日本スペラ協会)
37221,Harle Games
37194,Tabletop Game Designers Australia
40760,TGDA
37198,Kiwoo
37206,Fantasy & Hobby Sales & Mfg.
37207,Entrance Labs
34561,The Crafty Players
37215,Snow Dragon Games
37219,Beast of Borneo
37220,"Partners in Fun, LLC"
37389,Ash Lore Games
37229,GMS IMPORT
37407,Old Skull Ideas
37268,Age of Adventure Games
37280,CLASSICo
37279,Solid Rock Games
37289,Tradewala
37312,Falling Star Entertainment
37401,Graemebase
37306,Cohort VIII Games
37606,Logos Games
37331,LUPO World
37337,Beyond Horizon Games
37340,Seeking Heroes
37342,Projection Card (プロジェクションカードバンド)
37477,Motherlode Games
37347,Fucina Logica Games
37362,Windborn Games
37345,"The Raven & The Widow, LLC."
37361,Applefun
37365,McClean Enterprises
37368,Mana Press
37372,Verlag Jungbrunnen Wien
37334,Muffin Games
37388,Verlag der Evang. Projektgruppe Hanau
37489,Verlag Wort im Bild
25132,Cypress Inheritance LLC
37464,Stonehome Games
37353,Gee-Gee Co.
37398,Front Porch Entertainment
39071,Dinomals
37408,BCIT
37410,G10 Boardgames
37414,Epilogik Editions
10017,Titan Books
37420,Mr.Olgoth
37422,Zer jazo zen?
37431,Piston City Games
37429,"Survivalogics, LLC"
37423,Sit&Play
37433,Ludiconcept
21133,Attention Span Games
37456,Schulsparverein Hannover
37465,"MorPro, Inc."
37546,Roll Play Story Dice Limited
37480,Geospirit Games
37490,MoodyMacaw
37491,El Jay Play
37551,Parlance Games
37493,carta.media
37496,Kandibox Games
37497,KUDARANAIMONO factory (くだらないもの工房)
37500,Champion Cards & Games Publishing
37501,North Quarter Games
37535,PlayFore Games
37537,PEI Development
10203,King of the Castle Games Company
37527,Idle Night Entertainment LLC
37529,Rodenk Spiel
37251,Castle Bravo Games
37540,Ryan Brainchild Inc
46665,Fanatic Game Labs
37560,Just Fun Toys
37548,Mulex
39586,Gimme Games
37554,Thomas Roles
37577,Maclay's Games
37568,​Falling Piano Games
37570,Hubvious SAS
37571,FloofCorp
37572,Ironwatch Games
37559,talcMedia Productions
37678,CORGS
37584,WYSIWY Games
37585,Philos Games
44622,STUDIUM CMLXV
37415,DragonHawk Games
37589,Die Toi Gesellschaftsspiele
37588,K-Gaming
37590,Thorny Wench Game Studios
37591,Board Games Yunak
37593,Teach Junkie
37663,Blue Gear Games LLC
37601,Equinox Games
37620,"Harlots & Fornicators, LLC"
42812,Rabble Games Studio
39933,NeoClassical Games
37613,Infraserv Höchst
37626,Langley
37628,Hompimpa Games
37751,Blue Donut Studios
37634,Pied Raven Games
40207,CapAcqGames
37640,39game (39芸夢)
34233,NoLands Productions
38716,Aktia
37645,Joggle
37650,Mittwoch Games
37651,Entertainment Enterprises
37653,Animo Games LLC
37655,ADK Games
33510,Gallant Knight Games
37657,Foolish Media LLC
37662,Postreiter Verlag
37665,Amethyst Games
47134,Brother Ming Games
37672,26 Group
37731,Just Because Games
37871,Robot World Toys
37692,C&Co. Fun Factory
43630,Congkak Fun Factory
37704,HOLA games & entertainment GmbH
37705,h.o.e.l
39911,ORUCAgames
37722,Carattere Studio
37724,Brass Bell Books and Games
37723,N.D.N. Players' Research Group
37732,Softhouse
37734,Sivir Publishing Pvt. Ltd.
37737,ACME GAME TAIWAN
41054,ATK Gaming LLC
37845,Lionfish Games
46667,Games4u
37745,Motley Sprue Ltd
37773,New York Times Company
37774,Pubits (プゥビッツ)
37761,Freshwater Game Company
37782,Black Furnace Games
37786,Nirvana Games
37783,Anonima Editori
37789,Books Are Fun (aka Collective Goods)
37790,"Scienz Group, LLC"
37784,Fuel Injection Games
37798,AVA Games
37779,Yumfactory
37797,Fundacja Zakłady Kórnickie
37808,BetterBuilt Studio
37806,Berserker Labs
37811,Nasta
37824,Wargames Design
37836,Talentlabs
41395,Reveal Cards LLC
37838,Park Smarts for Kids
9664,Bully Pulpit Games
37839,Kess Co.
37937,KLINEmates
37844,Nora GCL
37850,Wooden Robot Games
36091,NEED GAMES!
37852,WeebleGames
37854,Debros Frères
37863,Stakkerz LLC
37894,Welch Games LLC
37877,Clavius Publications
37876,Gasp Gasp Entertainment
47271,Fiat Lucre
37880,Kairos Games Design (KGD)
37846,Open Lab Games
37884,Raven Tales
28932,Blue Boxer Rebellion
37913,KPL Game Co.
37934,m&c publishing Ltd.
37904,Fly Paper Games
37936,Igazgyöngy Alapítvány
37939,Ludoscope
37573,Family Affair Game Co.
37942,The Screaming Brain
37946,Puzzles & Games
37951,AntiHero Games
38051,"Humanaut, LLC"
37952,BALO
37953,Daul Publishing Company
38405,"Good Stewards, Inc."
37961,Ya Boi Creative
37962,Spare Change Games
37963,ilinx éditions
37965,Schneider Lab Ltd.
40718,CardsLab
37966,Illusionist Investment Group
37971,Mason Games
37986,Alphaspel
43809,Tamuz Games
38009,Schubi Lernmedien AG
38008,GobboTown Games
38007,Concrete Canoe Games
38040,Earthfire Games
38042,Blue Hour Games
38044,しらたまゲームズ (Shiratama Games)
38046,Carl Mühlstädt
38055,Lost My Games
38325,Jigsaw Entertainment
38150,Alegria Games
38063,Tallinn University Digital Safety Lab
38070,Monument Games
38071,SakashinSugano (さかしんすがの)
44682,The Lazy Games
38076,Worthwhile Products
38054,Cryo North Studios Inc.
21942,Blue Phoenix Games
38103,Kings Wild Project
38090,Starnberger Spiele
38107,Games to Get
38110,Veni Vidi Vici
38207,Joluet Games
38106,Europrice
38112,Houseplant Games
38114,Chicco
38358,JAB Games
39340,Dagon Industries
38126,Uno Comics and Games
38127,Bold Move Games
38115,Kembe Games
38111,Company 11
38133,"Pyramid Games, Inc."
41064,FountainStone Games
38154,Say Cheves Games
38155,Mythmaker Games
39791,Origami Gameworks LLC
38166,Jeux Cogitas
16618,Politikens Forlag A/S
38217,Spielkarten-Fabrik Museumswerkstatt Stralsund
38057,Fourth Quarter Miniatures
38220,Parroom Station Miniatures
38222,よっぱ (Yoshihisa)
39328,Daniel Valcarcel Lillie
39360,Gínjol Jocs
38518,War Banner
38235,License 2 Play
38237,Noboribetsu Young Entrepreneurs Group
38254,MB Varpų laukas
38256,Winter Watchtower Productions
38257,Triple Star Corporation
47298,Dark Frontier Games
38265,ANWB
38283,Stoken Games
38295,Pers
38299,Vanackere
38300,The Dewey Game and Novelty Co.
30877,Guards Against Insanity
38302,L'Edition Musicale Perforée
38294,BlackBoxGames
38322,Bouncy Castle Games
38323,Springboard Games
38326,Endemic Games
38327,Board Legends
38335,Romika
38338,Queti Studio
39799,Dutch Boy Printers
38534,Sound Spelling Co.
38356,Lifthrasir ehf.
38361,CXG
38362,Ferris Wheel Games
38969,Afatasi Games
39099,The Zeppelin Project
40790,Stand to Games
38264,RAAM Games
38393,Nerdy Pup Games
38404,Schuman Family Games
38406,Jokercrow
38407,Sitepen
38412,Tinkuy
38413,dobreto
38419,Microcosm Publishing
38420,Hill Haven Games
38538,Midnight Froyo
38425,Educa Studio
40413,Keong Games
38434,Lucky Cat Games
38444,Oogagame S.R.O.
38428,Story Maker Games
38461,Practical Sloth
38462,Metropolis Game Workshop
38470,Avignon Academy
38473,The Jay Companies
38459,Holender Team
38481,The Toy Shark
38497,Leslie Barnes Toys and Games Ltd.
14079,Kerberos Productions
38494,Unboxing Games
44595,Dark Dungeon Dreams
38511,TDS Project
38525,Chris
38529,Ghastly Games
38530,Slam Games
38492,Pique & Pique & Colegram
38532,Axel-Springer-Verlag
38533,Constanze-Verlag
36584,Tiny Shark Interactive
33718,Dark Mirror Games
38539,Night Communications
38542,Legends of Ravenhall
38550,"Bermooda's End, LLC"
45016,Ironrise Games
38553,Tëkun
38555,Rebel Quill Games
38560,HipLein Industries LLC
38561,Timewarp Labs
38636,Turn Sideways Games
38564,Haunted Castle Gaming Inc.
38409,Marzo Projects
40125,Haus of Glitter
38579,Cognodome
38592,Bat Mouse
38596,Arnár Estudios
38480,Искусство игры
10583,Channel M Publishing
7828,Kinetic Energy Productions
44445,Buddypal Games
38603,Weather Gage Workshop
38622,Shim and D'rothy Products Worldwide LLC
38623,Saffron Entertainment
38627,"Lethal Chicken Games, LLC"
38639,Pandora's Fox
38649,F. S. Weeks & Co.
38650,Slight Games
38620,Play Again Productions
38671,Games By AR
38658,TowerShield
38700,INOVA PRODUCTION
38707,Brickmania
38723,Redwell Games
39817,NOT MY EYEBALL GAMES
38732,Robin Games
38734,00sevits Ltd.
38742,Digital Canvas Studios
38751,Muzak Games
38580,MindBentIdeas
11352,Anglo-Canadian Games
38761,Charles Gooch
50420,Netherhavyn Game Works
38878,Aurochs Games
38778,Diceman Games
38785,Kiteretsu
38787,Listmakers
38789,DJH
38794,Nyt Juridisk Forlag
38797,Andculture Lab
39154,Tackle-n-Tail
38801,RNIB
38817,Play Frontiers Ltd.
38788,Top Tier Games
46267,Studiolabo
38790,Vistavation
38834,Danger Toad Games
38838,Graine de Crea
38844,Mango Dragon Games
38850,Grada Publishing
38852,Sapajou
38876,Phantom Lab
38859,K-zona
38869,Football Games SAC
38894,C-Mor Educational Adventures Inc
38865,BlackSea Interactive
32796,Binary Cocoa
38874,Machination Games
38875,Good Party Games
38863,"LAG Game Studio, LLC"
39049,Quinn Barkman
38895,Ammi Lauamängud
42556,Adventure Ink
39087,Little Rock Games
39000,Gold Piece Games
39082,PICTO Editions
38881,Modern Alchemy Games
38936,"D-Verse Publishing, LLC"
38921,"Coffee Cake Gaming, Inc."
38939,Force Field Games Ltd
38944,The Dork Arts
38947,Tiki Games
39140,Swiss Agency for Development and Cooperation
36699,Runehammer Games
39060,IQ Travel Games Inc
38960,Low B Game
39338,Brasserie d' Achouffe
38973,The Boy Boys LLC
38975,Shelf Clutter Games
38978,U.S. Publishing House
38979,Toydrop
38996,Embassy of Education
39008,NIDGames
39010,Mountains For Kids
39012,Xiong Cheng
39013,Giortech GmbH
39015,Hollywood Game Co.
39014,Earth To Games
39009,Honest Rogue Games
39021,PLAY MARKET
38984,Gaslands.com
39024,Dead Alive Games
39022,Joguinhu
39030,Diputacion Coruña
39029,UDC
39304,Ōtsuka seisaku (オオツカ製作)
38989,Hak4Kidz NFP
39041,PT Dockyard
39464,Daily Mail
47913,The Original Sasquatch
39053,"Restitution, Inc."
40515,"AFK Games, LLC."
38755,Eloso Förlag
39070,A.B. Floyd
39073,Witho
39079,Dream Weaver Games
39155,Oniichan Games
39084,8 Continents Ltd
44136,Old Hellfire Games
39003,Moonlit Moor Games LLC
39089,DIY卓屋 / DIY Takuya
39106,Smiggle
39107,Venture Mountain Games
39122,Play For Life
39111,TAKA MAKA
39306,MMmedia
39120,Elinor inc.
39123,Nekomancy Games
39134,"EDU Games, cc"
39136,Sloth View Games
39348,AS-Brettspiele
39138,OTAVIUS
39100,Dodecahedron Games
39623,Maison Lafontaine
39295,Milka
39163,Challenger Games
39313,DeadEye Games
39167,Legio Wargames
39173,Hecate Ediciones
39176,Dead Project
39178,Kill Switch Bunker Games
39180,緋色の兎亭(Red Rabbits INN)
39181,EPPK
39182,Denis Bremer & Co. (Pty) Ltd
39185,Kreissparkasse Hannover
42856,Babalibri
39187,Multiverso
46215,Cosmic Garage
39191,Lega Giochi
39196,Barong Creations
39198,"Rich V. Creations, Inc."
39199,"Ferry Village, Inc."
39201,"Hayward Creations, Inc."
39202,nononon factory
39203,Macbooth
39186,Akupara Games
39206,BINCA
39263,Free Seoul
35971,Fez Sinister Games
39215,Protocraft
39217,Another Evil Corporation: ANEVI Corp.
39220,The Imagineering Company
39221,こぐまやん (Kogumayan)
39223,ALL DICE
39205,DENVER BRUNCH GAMES COMPANY
39224,Tablegame Communication Lab
24386,Simitar Entertainment
39230,Ludology Lab
39234,Board and Chips
39239,J. B. Appel
39244,Suiri Game Kenkyukai (推理ゲーム研究会)
39252,UTR Enterprises
39255,Mondelez Norge
39420,Mondelez Norge
51030,B5 Productions
39237,Swanky Turtle Games
39535,Brass Engine Productions
39281,arquetendu (アーケタンデュ)
39526,Puzzelpost
39291,daitai
43799,Fennec Gaming LLC
39270,Dastardly Design Co.
39293,Qlios Inc.
39607,Oyugikai (おゆうぎ会)
39297,Hans Heidl Spiele
39298,otemoto games
39302,Roussignol Édition
39481,NOVAGIOCHI
39309,Frogbox Entertainment
50679,Board Game Legends
39879,Lone Star Gridiron
39317,Rainier Environmental
39378,Octopodi Games
39312,Playkit Games
45109,Sir Deer & Owls
45161,Sir Deer & Owls
39323,Twisted Bit Games
39330,Trinity Craft Games LLC
39333,War of Life Gaming
44430,Wiley Games
39336,Action Lab
39341,"Mushroom Circle Games, Inc."
39350,Erickson
46461,SeaGriffin Games
39357,Res Nova
39381,Rawk Haven Games
25713,Hebanon Games
44843,Twice Alive Games
39373,A.-G. für Druck u. Verlag
39375,Center for Business Skills
39376,Luctor
39377,Silver Wyrm
39379,studio context
39388,Johannes Pässler Dresden
39394,Number Partners
39387,Mockingbird Games
39396,Paper Dice Games
39400,Jibsail Games
39407,Flying Fish Games
39511,SmartLab Toys
39409,Curió Jogos
10459,Grey Area Games
39410,3rd Place Games
39419,Ainsty Castings
39422,LEAP Game Studios
13004,Presto Studios
39425,Bad Roll Games
39402,Locomotion Games LLC
40436,Board Game Academy & Hostel
39629,Wise box
39545,RealGrin Games
39700,Gaard Games
35200,Spidermind Games
39447,Dark Orbit Games
39451,Three Sticks Games
39452,A La Carte Games
39454,Terefuda (テレフダ)
39455,Mousel Bros.
39474,I.S.B.G.
39461,Seattle GameCo
39473,Megagame Incorporated
39475,Games for Aliens
39643,PostCurious
39480,Nekonekutocat (ネコネクトキャット)
39533,Alternate Histories
39642,Pagony játék
13577,CDS Software
39486,K & M Jogos
39488,Juguemos+
39490,Dr. Krinkles LLC
39491,Moore Good Games
39493,Wood Trick
39506,Nerdherder
39507,Period Games
39624,Kask Graphics
39513,ADMW
51117,Day 40 Games
39477,Lion King Enterprises
51217,Calamity Bay Games
39459,Fog Island Studios
39534,Quartz Games
39537,One Page Gaming
39785,Run & Remember Games
43588,Jumperound Games
24908,Legendary Games
39571,AC-Company Goose Power
39600,Power62 Games Inc.
14516,Facebook
39582,Usina Studios
29884,The Lego Group
39590,Alquimia Creativa
39682,Strato Minis Studio
39920,"český skaut, Tiskové a distribuční centrum, z. s."
39605,Rue des écoles
39569,Elbowface Games
16695,Suomalaisen kirjallisuuden seura (SKS)
39612,Braintreehouse
39710,Tooth and Flail
39620,Two Silver Denarii
39622,Koalatie Games
18628,Fat Goblin Games
39634,Table Top Entertainment
39635,The Pillow Line
39638,Cordial Games
39644,tridot (トリドット)
39647,FREAKY DESIGN (フリーキーデザイン)
39648,Palfrasaurus Games
40160,UGent Armand Pien
39655,Ilinx
39657,Heilcairn Creations
40295,Park Games
39659,CB Products
39662,Dongle Games
39672,Juniper Games
39728,"Librage Co., LTD."
40178,Masbro
39677,Gemini Games (Japan)
39679,OHO Interactive
39688,Jayco
12848,Rovio
39684,ToasterTank Ltd
39696,Football Dice Limited
39697,Earthly Scenarios
39699,David Games
39703,Critical Mass Games
39704,Farrshire Games
39692,Patterns Games
39880,Megacorp Games
39706,Adamtheimpaler Presents
39708,Erithacus Games
39712,Éditions du Cabardès
39717,American Tobacco Company
38966,Aniplex Inc.
39718,War Blog
39722,"Michigan Department of Natural Resources, Wildlife Division"
39653,Kerber Games
39831,Stampede Games
39725,Knuckleduster Miniatures
39726,Games for Humans
40115,Elixeer
39724,Akibabus Ltd.
39732,RMP Products
39735,Farley Mal Distributing
39843,K-Dron Universe
39737,Rich & Harrison Games Inc.
42964,Cheer Up Games
39752,"Kilo Co., Inc."
39798,Getta1Games
39738,Aleta Ediciones
39760,Comelasfoglia
39734,Mad Lab
39765,Winscott Corporation
39868,Potter Style
39756,RocketGames
39768,Video Trivialities
39769,IMAGICALI
39771,Casino Action Games
44117,Talos: Collapse
39762,Gamehives
40147,ZeMind Games
39773,Arquus Multimedia
39776,xSquared Games
39790,Fundacja Rozwoju KUL
39861,Pernagulon Ink
39803,Crap Games
39813,Jealous Cat Games
39818,Travgames Australia
39824,TAGBOI Games LLC
44076,Geeks Collaborative Gaming
39822,Delar Zam Company
39806,Dice Raiders Inc
39833,Postlight
43034,God's Eye Games
39837,Brandable
39846,"Dual Wield Shields, LLC"
39851,Sum Fun Games
39854,ApolloRa Games
39860,Książnica Kopernikańska w Toruniu
39865,Always Gold Games
39852,Leder/Meilicke GbR
40183,Grinnell Enterprises
39866,Gather Together Games
40018,Aoarashi Board Game Studio
27699,Team Hivemind Productions
42740,MAYAM 13
40005,Mad Packs Games
39907,Kuruka Art
39908,Sōten shisondō
39976,RES Design
39884,Black Lion Games
40006,Manticore Entertainment Pty Ltd
39940,Secret Card Studio
39947,El Pen LLC
39950,Grand Manoeuvre
39951,Linco Industries Inc.
39954,Miss M. I. Drury
41321,Orgutal Jogos
39967,Atir
39968,Centrum Koordynacji Projektów Środowiskowych
42304,Cabin 21 Games
39948,X-Multiverse Entertainment Co Ltd
40087,TEGR (The Epic Gaming Regiment)
39983,Editions Ludomix
35841,Etermax
39986,Hippogriff Games
44939,BentStencil Entertainment
40001,"Main Roads Department, Western Australia"
40009,Cajobra
40010,Colorful Spiele (カラフルシュピーレ)
40014,Rusted Ogre Games
40066,Ant Swarm Games
40023,Sharper Games
40026,Fée Mumuz'
40029,Satiama Publishing
40022,Hedgiemon Games
40030,Broken Things
40034,BE game LLC
40035,Poison Studio
40036,Ordered Chaos Games
40039,Off The Grid Board Game LLC
40044,Shed Games
39946,"Bunny-Tree Games, LLC"
40059,Card Culture LLC
40060,Bermann
40903,Diacritical Games
40063,Fame and Glory Games
40055,Weñi Kudewe
40080,HUGMOM HUGIN
24483,ICOSA Entertainment
40093,Riftway Games
15097,Team Meat
39974,the Philadelphia Robot Factory
40116,X Tile Games
40114,Paranoid Miniatures
40077,Yiu Publishing Company
40117,Polit-Tech Studios
40126,Castor and Pollux Games
40120,Hoot Games
40129,Black Oak Workshop
40819,Flannel Games
40130,Nakoshi Shobo (ナコシ書房)
40134,Story Builders
40138,Olliver Brothers
40185,"Mink Hollow Media, Ltd."
40276,Kakugari Books
40149,SpielEmbryo (あそびのたまご)
40156,Bluete Spiele
40173,TIN ROBOT GAMES
40158,Azure Knight Games
40165,Gameplan
39970,Bohéma-Games Kft.
40206,Celtic Life & Heritage Foundation
40164,BGN
40193,Red2Green Trust
40196,RedHaiku
46044,Giant Spider Games
50378,AitiA World Games
40210,Krishada Games
40209,Into the Flow
42789,San Joaquin Valley Press
40358,SA Games
40223,Wrinkle-free Games
40229,MGA Games
40274,Hot Cardigan Games
40233,Black Beard Inc.
40234,Gassy Bullfrog Games
40236,BorreCorp
40250,MEGA MINT Games
9761,Arc Dream Publishing
40261,Karl Josef Sander
40339,S.C. Gyopár SRL
40262,Banjo Yugi Seisakujo BGM (盤上遊戯製作所 BGM)
40267,Jugglers☆Party
40270,Moritz Toys
40271,Recover Fight-Club
40280,ichigekido (一撃堂)
40284,134V
40285,Orbit Battle
40277,Learning & Fun
40301,Clomy Games
40302,Otherworld Games
40587,Key Card Studio
40329,Felt Tip Games
45216,Afrogames
40315,Velleity Studios l.l.c.
41415,Uffda Games
40902,Cowzarific Games
40272,Wicked Vault Games
43033,amesGames
40335,T.A. Works
40336,Grognard Enterprises
40338,Kodansha Ltd.
40255,Πέταλο / Petalo
40341,Antics LLC
40350,BeeZarre Games
40352,Board Game Tailor
40360,Rushin' Roulette
40356,Kang Hsuan Educational Publishing Corp
40237,Barstool Games
40369,Talion Games
43281,Games From Hell
40377,D. Appleton and Company
40378,Morfosic Studios
40379,Maen Main
40419,American Murder Song LLC
40382,Meister Cards
42506,"Parent Psych, LLC"
40804,Sovereign Entertainment
40388,Little Wars TV
43872,Mount Tiki Games
40429,Wreak Havoc
40405,Entro Games
40409,The Wurst Games
40351,Bulgarian History (сдружение Българска история)
40417,Kinglamb Games
40446,Diamond Geek Games
40389,Wee Robin Games
40422,Chipsterzone Games
40428,Murder Happens
50895,Baron Jon Games
49469,Dunce Cap Games
16111,Viral Games
40545,Attack from Marrs Games
40441,AdveRunde
29606,Wishful Gaming
40449,AvianRampage Productions
40647,Benedetto
40457,Borderhaime
40458,Something Creative Here LLC
40459,Simtrek Labs
40460,Unigames (ウニゲームス) (II)
40454,MedFan Games
40461,Kurage System (くらげシステム)
40463,Zinkerland
40464,INTEGERS
40466,Fujitsuru Yayoi Crafthouse
40467,University of York
40471,Alright Games
40473,PLAY BAY
40895,Victimology LLC
40342,Gem Hunt Games
40479,Verlag für die Frau
40440,Gangway Games
40482,Hubert Brandt
40485,KUJIRADAMA
40491,Team CP
40493,Picmac di Piccirillo Michele
40494,Surf Magazin
40779,Yolky Games
50715,Handsome Monkey Games
40487,Mirrafire Games
41219,Panda Hawk Games
38681,Reader's Digest
40513,Da Share Z0ne
50458,Jumping High Five Games
40516,Modell & Hobby Toys
40507,The Board Dragon
40520,Rather Fun Games
40521,Nerdura Games
40522,Pie for Breakfast Studios
42290,Peter Collins
40527,MIND Research Institute
40534,A4
38357,Mixed Signals
46550,Danger Dog Games
40540,MatyMoves
40639,Stinky Games
40526,Rocket House Games
40546,Dumont Games Inc.
40551,Tarte Games
40556,The World of Lardello
40557,Lenge Gerle
40541,Paul Brothers GmbH
40565,Yodeling Ogre Games
40484,Invisible Kitty Games
40571,Labyrinth Games
40570,No Ordinary Games
46482,Groep24
40573,Osaka Asahi
40574,Asahi Shimbun
40592,KeySquared Games
40598,Tempostelisto Press Games
40600,Octad Marketing Ltd.
40604,AsobyTukoos (アソビツクース)
40605,SCB Net Games
40622,Half Zombie Games
40608,Empire Game
40610,Icefired Games
40611,Rushmore Games LLC
40612,luck movies
40706,ΦGAMES
41932,Game Shuttle Labs
40623,Diceberry Editora
40634,RobotCat Games
40635,Center for Genomic Regulation
40640,Alchemist Games
40651,Paranoia Rising Games Inc.
40645,Blue Belu Studios
41218,Greek Ministry of culture
40655,Meboo Ltd.
46026,"Future of Play, Inc."
41636,Smart500 Games (SMART500ゲームズ)
40672,See Through LLC
40673,Guild of Blue Wizards Games
40676,PAYASO
40748,Team Undanoga
40677,GregoryGames
40631,Comic Monstore Creations
40682,北のゲーム部(North Game Club)
40681,Conspicuous Games LLC
40683,Shivagang Spiel (シヴァ玩具遊戯)
40922,Eagle Pass Games
40688,Ace Ed-Venture Studio
40704,Smith & Brinks Associates
40705,Yamazu Games
40708,Tetrahedron Entertainment
40711,"Bad Hipster Games, LLC"
40712,CBA Trading Oy
40713,Stowarzyszenie Pracownia Etnograficzna
40715,Dice the Apocalypse
40725,Made in Pocket
40727,Parragon Books
40728,Igloo Books
40729,Invader Films
40675,YB Games (Yellow Bridge Games)
40720,Geektopia Games
40737,kasmai spiele
40738,Kuriosum Verlag
40778,The Wonderful Island
40752,Dread Streets
40749,Bee Game
40756,Barcelona Institute for Global Health (ISGlobal)
40757,Metal Eland Games
40761,Bro Folk
40766,Little Passports
45768,Muzeum Narodowe w Poznaniu
40767,The Dutch Game Mill
40773,The Fruckus Company
40775,Exclamation Games
40776,4MoreIdeas
40780,abcportal games
40798,Piki Studios
40900,Vietnam Themed Games
40802,2C Comics
40818,Panduro Hobby AB
40862,Twisted Party Games
40833,"Quantum Productions, LLC"
40842,ICP Idées Créatives Produits
40843,Wirketorp AB
40844,Tabletop Heroes
40855,Yashar Brothers
40861,Polygonotes
40917,Adisawa Games (アヂサワゲーム)
40867,Last Lion Games
40866,Tokyo Game Makers
40874,Godice Games
41000,Families Play Forever
40884,Salem Rotary
40888,The Wargaming Company
40891,Knightsrook Games
40893,Kamangamoo Creations
40896,Magic Helmet Games
40898,Apollo
40899,Glory's Works
40904,Mind Tools
16817,PikPok
40908,Welch Art Direction Ltd.
40909,Courtney Murdock Self Publishing
40913,Sir Hashibiro (嘴広卿)
40916,Círculo Mágico
40921,Edizione Scola Milano
40923,Exoplanet Games
47189,Rammstein Merchandising OHG
40927,Detsky Mir
40932,Chronos (株式会社クロノス)
40910,ましうgames (Mashiu games)
40934,natriumlamp games (ナトリウムランプゲームス)
40935,Hanshakaijin Circle (反社会人サークル)
40936,Evil Gong Press
40937,Battle Valor Games
40944,ハレルヤロックボーイ (Hallelujah Rockboy)
42115,HLKT Kobo (HLKT工房)
40950,Rosgizmestprom
40931,Stone Bones Games
40958,Mixed Company Games
40960,Frontier Pub (辺境紳士)
46427,Mixberry Lab
40967,Beagle Games (비글게임즈 스튜디오)
34219,Riva
41175,Cards For All People
40954,Egad Games
41164,Well Done!
40988,nrnnm
40996,Enlightened Lemur Learning Games
41002,Good Enough Games
40992,Korrosive Games
41006,Super Number One Games (スーパー ナンバーワン ゲームズ)
40989,Majestic Moose Games
41008,Artmull Project
41009,Banso Inc. (株式会社バンソウ)
41010,Jamie Burns Games
41012,Bluring Games
40987,Maven Games
41117,Alberta Health Service
41037,Doptale Inc
41051,The Wargames Zone
45899,PunkArchy Games
41053,VEEP
41055,Junk Food Games
41042,Þú og ég ehf.
41043,Euforia Matinal Games
41116,Doxa Entertainment
41131,Online Media Ltd
41135,Alcora Ludica S.L.
41150,VERDASTELO
46034,Bayana Club
41158,Nostalgic Games and Toys Ltd
41160,Silk Hat Games
41295,Dovetail Press
41060,Goat Games
41170,ダイシーワークス (Diceyworks)
51137,True Freedom Games
42018,Subverti
41172,Monster Crossing Studio
41191,Candy Coded Games
41194,Pilgrim Designs
41197,Dreaming Dragon Games
40974,Crimson Rage Revolution
41212,SoundTraxGame
41469,DMR Creative Group
26514,John M. Stater Productions
41350,Atellani Studio
40973,Grafix Games Hub
41231,Kurland Enterprises Inc.
41233,Das Blatt der Hausfrau
50282,Ullstein-Verlag
41236,Tokujiro's store (徳じろー商店)
14032,"Omiya Soft, Co. Ltd."
34376,"SEGA Games Co., Ltd."
41247,Retro Boom
41320,Just for Fun
41251,Moon Tie Studio
41252,Double Critical LLC
45746,Odysseus Games LLC
41254,Torol
41255,Weatherford and Harber Enterprises
41260,Kidell Entertainment
41547,1AM Studios
41267,Association Brumes
42118,Zerua Games
41273,Leanne LLC
41293,Creative Products. Inc.
41209,Golden Ginty Games Ltd.
41294,Inefable Games
44543,Tecolote Games
41296,Mundus Games
41298,Ragged Owl
41299,Siegel & Co.
41301,Super Number One Games (スーパーナンバーワンゲームス)
41250,Saint Paul Games
41313,Polaris Games
41315,Tallinn Paper Factory
41310,Redi Games
40919,Another B Game
41634,Bored Brothers Gaming
41329,HBH Games LLC
42624,Kitten Kaiju Games
41333,1x5 Games
41427,Game of HAM LLC
41253,Shut The Front Door Entertainment LLC
41361,ola
41366,Mount Sahara
41234,Biker Nun Games LLC
41376,Panoply Miniatures Rules
41527,Dunzigo
41387,El perruco
41372,Sables Productions
41392,BallTrix
41390,Autoras de Cómic
41380,Herstóricas
41783,Star oyun aletleri
41406,Ars Unicornum
41401,Card Board Learning
41431,Studio Denka
41432,Caramel Column Inc.
41414,Curiolis Games
41428,Party Crashers Editions
41429,Jeux Wawaron Inc
41628,Sicode
41445,Within Play
41446,H. F. Stöver
39984,Éditions Nathan
42527,StoryMaster's Tales
34068,iFun4All
41474,Memento Craft
41492,東京なかよしデザイン (Tokyo Nakayoshi Design)
41495,Deeply Dapper Games
41408,Septegram Machine
41514,Kösel Verlag
41512,Smart Games EU
41626,Midwinter Mages
41504,"What if Games, LLC"
41516,The Word Finder
41541,Monarch Enterprises
41543,Curriculum Development Centre
41544,Showbag Marketing Pty. Ltd.
41545,The Kangaroo Creek Gang company Pty. Ltd.
41546,Positronic Games
41576,Lattoys
41553,RepublicOf1
41558,575 Games
41559,Spacecrew Entertainment
41556,Imports Dragon
41569,Squatchy Games
41577,VIP Board Games
41578,Game Prototyper
41579,Bad Goblin
41662,Gunmeister Games
41687,Solitude Enterprise Ltd
41592,L H Games
41601,"Meisenbach, Riffarth & Co."
41726,Oskar Döring
41603,Reklamekunst Charlottenburg
41606,"Legend BHG, LLC"
41631,Nate's Games
41632,Area 84 Games
41635,Circle Cross (サークルクロス)
41638,Tsurezure Gusya (つれづれ愚者)
41674,Hexsquare Games
41678,Bahamzi
41893,Syther Gaming
41593,Fractal Basilisk Design Studios
41684,Lud'act
41692,Cezium Games
41763,Ancestral Spire
41697,Blackletter Games
26525,Proyectos Editoriales CROM
45914,Raw Potions Publishing
41473,Troquel Games
40213,Back Burner Games
41711,ToyBurg
42163,Play it a game
41714,Danger Games
41721,"D Best Games, LLC"
41718,Novial igrace
41702,format 15
41736,WH34
41746,Devanchi Games
41750,Paragon Studios MB
46521,Placeholder Productions
41752,Über Games
41751,OrcoNero Games
45477,Top Hat Games
41715,One for All
43134,Josee Design (ジョゼデザイン)
41758,"Affinity Games, LLC."
41706,Consumable Logic
41899,Wits & Giggles Gaming
41743,Scorpion Games
41793,ADShrum Games
41801,Gates of Tau LLC
41800,Via Lucis s.p.
41802,Token Terrors
46074,Terrible Games
32919,Liber Primus Games
41813,Flower Flame
41815,Leabhar Breac
41820,Daffan Games
14131,Provisional Press
41823,Icarus Grind
41832,Artwood Games
41828,Dan Sterling Games LLC
41844,"Runmee, LLC"
50540,ClaGla (クラグラ)
41921,Knogyo Enterprises
41864,"BRUSA Distributing, LLC."
41865,Raia Studios
41862,BoardGameBusters
41869,Selosse-Goujon
41873,Catch the Seconds
41875,Paper Products Pty. Ltd.
42047,Client Roi
41878,E.O. Breakers Games
41882,Zakłady Wspólna Sprawa
41879,Forest Rose Productions LLC
41885,Arca Ludum
41889,Golf Verlags- und Sport-Ges.m.b.H.
41894,Barlow & Rudo Games Publishing
41896,Poligraficzna Spółdzielnia Pracy Drukator
41868,Apex Portal Games
41994,Skeleton Hand
41901,Quintessence Studios
41916,Ghostwords
41917,Urban Games
41923,La Jugandera Mágica
41924,Tarancon Board Games
43871,Fekrkade Complex
41929,Signet Games
51218,Galasoft Games
41906,3C Boardgames
41937,Containers Limited
41979,Crab Studios
41860,Birdwatcher Games
41939,Zoo-Phonics
41940,Simple Hand Creative
41942,SPPOKER LLC
41944,"Austin Artists, Inc."
41946,Alder Press
46189,DISHDASH GAMES
41948,Cardboard And Coffee Games
41954,Auric Arts
41984,Voided Pixels Studio
41986,Frew Games
41987,Peter Nagy & Sons
45306,Yub Nub Games
41988,Double Exclamation Games!!
41989,Curly Bros Games
41991,The End is Nigh Games
41981,Fontanus Center
41992,Wegas-Studios
42000,Courtney Graphica
42002,All the King's Games
42004,Polygon Projects Ltd.
42010,Magical Merlin Enterprises
42012,The Link School of Foreign Languages and Cross Cultural Communication
42013,"Falko Projects, Inc."
42019,ContraGames
42020,Panjango
50793,Frechverlag
42475,Kosmos Uitgevers
42023,Grovestead Games
42029,Good Nature Games
42035,Kasimir Hahn Spielefabrik
42036,We Heart Games
42041,プレックス(PLEX)
42033,Button Man Gaming
48463,Andak
42039,Flaming Troll Board Games
42543,Flaming Troll Board Games
42040,Lemuria ApS
42042,A Moral Company
42022,GoArchitect LLC
42044,Capitaine Meeple
42052,Battleground Studios
42056,NeverRealm Industry
42058,Dangit Design
37147,Hammer Works
47633,Fazi
42079,Editions Polyax
42078,Heres Création
42074,ななつむ (nanatsumu)
42057,LeGroup Engineering LLC
42080,Sandwich Bag Games
42084,Lost Tales
42089,Gryphon Mount Games
42075,Parameter B
42096,Hounded Games
42101,Shulsinger Bros.
31369,Swordfin Games
42104,Semper Smart Games
42117,Zoracle Games
42120,Today Is Art Day
41947,Heroccipital Productions g.p.
42134,Crazy Red Head Publishing
42133,Aboleo Games
42142,Altinget
43897,Dustlab
42158,Säkylän Urheilijat ry
40689,Vanagloria Games
42172,Toonhawk
42103,The Lone Bards
42177,Azb.Studio
42178,さくらっこ商会 (Sakurakko Shoukai)
42179,Otemachi Spin
42166,Microgameo
42168,GAMES Corporation
42164,Animatopica
42183,Charisma
45327,Fighting Hedgehog
42184,The Wargames Spot
42185,UTK Games
42150,Evan's Fun Games
42187,Making Maestri Co.
42188,Dragonfly Games
42189,The NIWI Game Co.
42190,サークル713 (Circle 713)
42191,Glimpse of Horror
42192,STUDIO U×F
42195,DEBUG MONKEYS (デバッグモンキーズ)
42196,INTELLIGENT MONKEY
42113,Mount Blue
42202,サラダ館白鳥店 (Salad-kan Shiratori Branch)
42209,SaySaku
42210,Media Transfer International AB
42219,Dark Moon Games
42221,Malyava game
42313,POLAR POND GAMES
42235,Risci Games
42524,MakerOfGames
46651,Moët & Chandon
42261,Los Juegos de Lito
42271,Sound Publishing Company
42274,G. W. Edlunds Förlag
42275,Oy F. Tilgmann Ab
42285,McCauley Games
10683,Wasteland Games
42269,Studium Mundi (スタジオムンディ)
42287,Native Teachings Aids
42291,XiSize Games
45801,Thomas Nelson & Sons Ltd
42289,Government of Alberta
42302,Sophia Games
43226,Frozen Maze Games
42311,Soonsoon Studio
42432,I.E.P de Costa Rica
42320,Ficdep
42326,"MBS Fun, LLC"
42323,"Suffix Productions, LLC"
42814,Redwood Adventures
42329,two 7s
42328,Seisyun Koubou Shirayuri
29498,Schwalb Entertainment
42332,AiharaWorks (アイハラワークス)
42333,Whirtel Games
42335,Jawa
42246,The Rotten Incorporation
42377,The Rotten Incorporation
42345,Tainted Brain
42347,JOKER PROJECT
48528,SpaniaGames
42348,Narumi Factory (鳴海製作所娯楽部)
42351,Leisucor Products
42353,uDog Game
42354,ボボン・ボン・ボジワーイ連邦 (The Bobon Bon Bojiwaai Union)
42358,Knight's Dungeon LLC
42368,MOEG Games
42363,シノミリアプロジェクト (Shinomiria Project)
42331,Coffeebean Games
42371,AML
42376,Bloom Games (German)
42387,H2O
42380,AW Verlag
42386,Bohemian Dwarf
42389,Silver Lynx Games
42400,Ghoulish Games
42413,State of Mind
42843,NottodayBG
42226,Nerd Palace Games
14790,ADP Systems
42421,ADP Systems
42430,InTheoryGames
42412,Per Diem Games
42434,HOTARU SYS.TEM (ホタルシステム )
42436,Landeshauptstadt Hannover
42439,iop games (イオピーゲームズ)
42440,Makeaji (負味)
42441,Wanderer (ワンダラー)
48763,Mindfruit Games
42443,Oracle Knights (オラクルナイツ)
42450,Mr X
42455,モザイクゲームズ
42459,GCRS Games
42461,USTUDIO
42463,LoKey Games
42472,KAIDANzz (カイダンズ)
42473,Regulus Games
42477,Plastic Alchemy
42481,Hangetsudo (半月堂)
42485,Hot Leaf House
42488,"Flying Monster Games, LLC"
42489,R12 Games
42509,R12 Games
44652,On The Table Jogos
42494,Zenteeko
42498,Garakuta-Box
51151,Nova Suecia Games
43006,King Pawn Games
42279,Mirror Image Media
44592,Start Something Studios
42515,Cordilheira Games
42516,Fukunaga Print (福永紙工)
42486,Proper Creature Games
42519,Nether Games LLC
42520,Vitamin D Games
42521,Societe Generale
38509,Rinnegati.net
42525,OpozO Ltd
51222,White Helm Games
42542,AirLoom Games
42541,Mimi World
42545,Lite Lion Europe
42551,Cayuse Print Limited
42554,TANTRA International
42561,Dino Street Games
42566,Steam Kitty Games
42571,Morinokomasan (森のコマさん)
416,Spectrum Games
42577,AP Board Games
42585,Red Clover Games
42590,Anfis
42598,Zuroovi Games
51220,Rainleaf Games
42618,Secret Boss Games
42625,Schmeta Games
42629,Peruke Games
42631,BODLANCA (ボドランカ)
42632,Instant Instruction (インスタント・インスト)
42640,imageStudios
42647,Embrofly.com
42648,Grey For Now Games
51221,Twisted Creature Games
51202,CS - CO
42657,Parchment Games
42664,Camellia Quintet (かめりあクィンテット)
42674,"Multiflex Industries, Inc."
42688,Mamlejet Kohanim
42578,Famine Entertainment
42699,Add-A-Game
42705,How Bout It Games
42622,Dynamic Gorilla
42715,LD Games
43088,Concept Medley LLC
42717,Dopanda Games and Entertainment
42727,Misfit Mongoose Game Forge
42736,Jack of Peace Games
42696,S7 Games
45493,Two19
42754,Syoppai Games (しょっぱいゲームズ)
46291,We Ride Games
42759,MusiChess
42768,"Fiero Initiative, LLC"
42769,Ruhland
42761,Colgar & Company
42781,Methods and Fixtures Ltd
42783,Playtacular
42610,Mango Shorts
42791,Akquisell
42802,Giraffe King Games LLC
42804,Daveyo Enterprises
42811,The Dominocards Co.
10294,Xanadu Games
42778,Pixel Demon Studios
42390,Antsy Labs
42815,Meja Belakang
42826,Neon Mu Games
46006,Daso Games
42870,Para Bellum Wargames Ltd.
42840,sangenya (サンゲンヤ)
42980,Ancient Kingdoms
42855,Board Games International
42979,Marble Brand Corp
42860,Lonely Lemming
49059,Wallace Designs
42878,NewRoads Gaming
42883,JEZCO
42886,Digiabi
42888,Savage Society Games
42891,Drawbarian Games
42894,Mind Carnival Games
42822,"cold pizza games, LLC"
42906,Corolabo (コロラボ)
42908,Centurion's Review
42932,Pisum Game
42919,Stupid Puppy Games
42953,Moon Rock Games
43079,Fragging Unicorns Games
42962,Octopus Boardgame
42975,Moderne Art Printing
42981,"Justus Junkie, LLC"
47903,285 Games
42983,Minerva Nest
42985,Creative Specialties of South Dakota
42991,Abra-Kids
42990,Willeb
42989,No Sharks
48713,Constri
42994,Scouting Nederland
42997,Shenanigames
42999,Museum of Old and New Art (MONA)
43000,Bearded Guy Games
43018,IPLAY
44710,Real Deal Games llc
43019,Lamù
43020,The Cardword Company
43021,"Gold Hill, Inc."
43024,Ortho Card Company
43027,Formula Games
45241,Jyde
43045,Game Knight Boardgame Creation
43486,Keith Burgun Games
43044,EVAG
43055,Promatek
43056,rbd-works
43058,Kupky & Dietze
9928,Demetra
43043,Purple Wizard
42974,DiGade
43081,Barely Functioning Studios
43082,Smart Kids Inc.
43093,Grey Spire Games
43106,Bubblegum Stuff
43108,Robinwood Games
30613,Midian Design
43112,susabi games
43115,Consolidated Toy Mfg. Company
43120,Lincoln Game Company
43123,BroadGames
44313,Izmir Studios
43130,Vesna Vojska s.p
43131,Sextile Zealot Studio (六分相)
43142,BSGames
43150,BrainWorm Inc.
43153,Glue Guy Games
43655,Tha Den
43156,DollTV
43158,Green Cheese Publications
43159,Y. E. Enterprises
43160,Chaz & Chaz Design Associates
43161,"American Educational Computer, Inc."
43168,"Playtyme, Inc"
43171,Spica Design (スピカデザイン)
43173,Gulliver Games Inc.
43174,Zoundz•Like Inc.
43175,Outrageous Ideas
43176,Ale Games LLC
43177,168 books
32586,Gallant Knight Enterprises
43181,Marco Games Incorporated
43183,Cyrus Enterprises
43184,Celebrity Challenge Games Inc.
43189,RedOak Products
43190,TRK Games
43191,Hacche Retail Ltd.
43192,Six Creative
43193,Catch-A-Wave Enterprises Inc.
43196,Penguin Marketing Incorporated
43195,Prairie Graphics Industries Ltd.
43198,DFR Media Corp.
43199,LogicMasters
43200,JJD Games Unlimited
43201,Tri Game Enterprises
43203,"C. Wood Enterprises, Inc."
43202,FoxLake Games
43204,Trio Innovations Inc.
43205,Alpha Data Inc.
43206,LAUGH SKETCH Inc.
43291,2 On the Nose
43212,We've Been Hit! Games
43234,Kolektiva bvba
40045,Physical Gaming
43221,Jabuka Games Inc
43222,Crushpop Productions
43223,Mitkey Productions
43225,Petina
41086,Black Chantry Productions
43228,Ludo Brand Teller
43239,Hubbard Games
44346,Game Kings Studios
43242,OZplanning
43246,Mind Games International Inc
43247,Albert Huthsteiner
43254,Earthlin's Environmental Products
45517,Tall Guy Productions
43260,Table Fun
43262,Berserker Arts
43264,Circle Up Stories LLC
45049,"KnukNFutz Games, LLC"
43276,SciFY
38629,Assemble Entertainment
43277,MistWall Studio
43622,Xplody Games
43283,Skyport Games
43286,Bad Kerning Games
43287,Codes Card Games LLC
43294,PUG Studio
43295,Create Products
43299,Monsieur Pop Corn Editions
43305,Zero Point Games
43307,Flemmings Verlag
43308,SOS Games
43343,Kvellix LLC
43313,"ExCel Games, LLC"
43314,RAD Books and Games
43317,Bow String Games
43327,Pink Tiger Games
43328,Encounter Design Co. Ltd (株式会社遭遇設計)
43329,LittleHouse Boardgames
48850,Mario Games B.V.
43340,KickAss Games
43342,Orihik
43351,10:10 Climate Action
43420,Falcor Games
43390,The At-A-Glance Group
43393,Adrestia Game Studios
50473,I'm Not Shouting
43402,Automacube Enterprises
43401,Cohela
43406,Dan Browning Games
43414,Kingbreaker Games
43419,The Table Top Game
43423,GreenGames
43436,Pen and Scroll Games
43464,argodesign
43481,Aliadys
43480,"TableTop Knights, LLC"
43497,Viviludi
43490,Polydor
43494,Kunerolwerke
44307,K-Bob Games
43544,"Virtual Elements, LLC"
43545,Sloth King Games
43546,Late Fee Games
43568,Full Flow Games
43574,Fortellerforlaget
43561,BGERA games
26428,PT Publishing
43578,Merri Mysteries Inc
43586,Gravity Bay
43632,Bureo
43606,"Letterguys, Inc."
43609,Seek & Capture Enterprises
43610,Vicious Squid
43611,"THE SOLICITORS, Inc."
43604,Wartorn Games
43617,Insta Game Studios
43623,Sherman Industries
43626,Minutus Games
43664,Roasted Games
43628,Kissa Murasaki (喫茶村崎)
43631,Popular Play
43636,Lonely Hero Games
43639,Inkwell Games
43640,Kino.Q
43795,Engage Games
43641,Inductive Bias LLC
43637,Spinning Dice
43646,FireStorm Labs
43624,Dark Attic Games
43649,Panorama Pudding Co.
43652,Plum-Office Games
27277,Flying Carpets Games
43658,Simon & Jan
43669,Nerdhaus Games
43678,Rainbow Starlight
47248,Haarenwerk Brettspiele
43691,Real Game Arabia
36334,Orcs Unlimited Games
43692,Chimera Illustration and Design
43697,Hwono Games SNC
48786,Gravita Games
43700,Gameweavers
43694,Evan's Games
43688,"Northwest Games, Ltd."
43704,Cinqpoints
43723,Diabolical Games
44618,Empress Playing Cards
43725,Flame Point Games
43726,Buchdruckerei von Colombo Coen
43666,Aspen Leaf Games LLC
43729,Show House Games
43877,RedHex
45437,JOCARANDA GAMES
43733,Social Designee
43749,Eichhorn
43702,"Klaudt Products, Inc."
43815,Glass Shoe Games
43747,C.O.R.E Lab
43756,"Hour of the Jackal Games, LLC"
43801,Sajouvit
51212,Fuzz Industries
43788,H2.O
43735,Le Studio des Ténèbres
43789,Strange Aeon Games
43802,Eliora Games
43992,Lars Jansen Games
43816,Nonserious Games
43858,Immersive Games
43832,Both Barrels Pty Ltd
43822,NNGames
43868,Glatznasch
43831,Artificial Kidney Games
43843,Jugendrotkreuz
43844,Katholische junge Gemeinde
43874,Kudu Board Games
43848,Nordic Consulting
43857,Morsa Games
43870,Double Base
43889,Master Forge Games
47594,Kleeblatt
43847,Killdozer Industries
43893,The Big Box Café
43896,Commonwealth Savings Bank of Australia
43899,Tabletop Systems L.T.D.
43902,Alarm 22
43904,DM Giochi SRLS
43910,Uglybutterfly Pty Ltd
43914,Flora Soft Margarine
43905,Sergent Bourgogne Editeur
43926,LARSO
43721,Brain Sandwich Games LLC.
43929,Input Games
43931,LuTyGo
43939,Com.Ing
43940,Texas Games
43935,Twisted Stranger B.V.
50351,Playing With Strangers B.V.
43941,Hoffmann
43943,You Buy Smart Sweden AB
43942,Brama
46899,Todys Games
43934,Talented Games
43944,A. Vesalainen Oy
43945,C.A.F.
43946,Reichel-Druck
50493,Rachel Lowe Games & Puzzles
43956,Tail Story Games
43966,BeeInBooks
43985,Friedegg Games
40007,The University of Michigan
44150,"Midwest Mythic, LLC"
43969,Cú Roí Games
43990,Crazy Mansion Gaming
43991,Go To Pieces Games
46061,Desultory
44001,Friluftsfrämjandet
44003,Joyple Games
44004,Seitlich Games
44005,Blue Donut Games
44008,AWO
44010,Grumpy Spider Games
49206,Air Force Institute of Technology (AFIT)
40641,Gladius Games
43997,Bullfrog Games LLC
43962,The Dark Imp
44912,PhosphorLearn
44157,UFO HRY
44063,2151 Games
44064,Disto studio
44070,Gemini Games (HK)
44072,Ocio y Deporte S.A
44069,The Joy Dispensary
44081,Company 74
44088,Hatch Me Games
44839,Ephiroll Productions
44090,Ex Regnum
44093,Moonguitar (ムーンギター)
44099,SK Games
44096,Flying Carpet Games
44077,Pixelific Games Inc.
44104,WRG Studio
44075,Xolotl Games
44107,Sumerian Games
44102,Mutual Distraction
44110,King Leisure Concepts Ltd
44111,Battle Boar Games
44137,Wondercastle
44187,Aim High Games
44816,Ludogonia Juegos Patagónicos
44127,Sophia Institute Press
44130,Cãobuleiro
44142,McMeeple Games
44143,Auditions
13547,Larian Studios
44153,UnnaturalTree Games
44285,Better with _______ Productions
44156,DomMerch
44147,Basket of Adorables
44148,Presidential Games
44115,God of Games
34763,Independent Publishing Company
44164,JRK Innovations
44179,Lujees édition
44171,WY Games (WYゲームズ)
44177,Ammonite Press
44178,Game Show Nite Productions
24478,Kodansha
44183,Games up here
46920,Azure Flame
46919,SUNWING 旭翼
44188,Curious Monkey Games
44190,Czenadian Games
44191,Good Looking Richard
44113,Ironwood
45819,Luudos Studio
44196,Cortadoo Games
44200,Nuti Grupp
44201,Rahva Raamat
44205,yuzu labo
44212,Koz Oyuncak Sanayi ve Ticaret Limited Sirketi
44213,Mega Bleu
44215,doodles9150
44216,Kid for Life!
44248,SAC-Verlag
44223,Unfiltered Games
44224,EJP Games (EJPゲームズ)
44226,Mad Cactus Labs
44229,Maschinenfabrik Gritzner AG
44210,Last Wynter LTD.
44232,Dragon S.C.
45346,Envy Born Games
33676,Never Engine
44238,Outdoor Wildlife Learning Hong Kong
44237,Dabble
44270,A. R. Games
33787,Prototype Games
44246,Kotonoha Games
44252,JJproductNL
44253,The Ministry of Meeples
44261,Kinderbuchverlag Berlin
44259,Two Red Squares
44268,PaixGuild
44274,Gimborn
44275,The Church of Jesus Christ of Latter-day Saints
44277,Schott Music
44278,Latent Mellon Games (ラテント・メロン・ゲームズ)
44280,Parlour Games Company
44281,Sugar and Snails
44282,ボドっていいとも！ (Bodo Is Good!)
44295,"Difusora de Letras, Artes e Ideas, SL"
44296,TanTan
44293,JrnyCat (旅する８ポンドのねこ)
44303,Juegos Nivel
44305,Fudacoma Games
44311,Camille Specialties Inc
44317,Roreruridou (ろれるり堂)
44320,Favoured Moon Games
44321,Mister Bumbles Interactive
44324,"Awkward Games, LLC"
44329,Tupperware
44334,Golden Elixir Enterprises
44336,Chendu Multi-intelligence Cultural(成都多元智能文化)
44338,Gibby & Libby
42397,Nightpath Publishing
44339,Stay Lucky Ltd.
44398,Arty Force Entertainment Ltd.
44350,Move38
44351,Sion Juegos
44352,Bayerfels
44357,De Spellebaardier
44358,Dissent Games
44359,More Lies Publishing
44360,OZOCOgz
44361,LUKAT Toys
44362,Millennium Institute
44364,Ducks Games Engage Offline
44371,Narodowe Muzeum Techniki
44386,Pleiades Games
44390,"Veridian Worldcrafters, LLC"
45256,popipopo games (ぽぴぽぽゲームズ)
44396,JMK
44400,NDR Fernsehen
44397,Galouchi
44404,RC Games (I)
44443,Rory Crabb Games
12433,Rebellion Developments (Rebellion)
44440,Coogam
44415,Wayward Geeks
44413,Hexa-G Corp
44426,Neema Games
44428,GEG
44441,Fabricapion
44392,Play For Keeps
44432,Soldiershop Publishing
44433,Gamize JSC
44435,Creative Art and printing services
44437,Rock Paper Scissors
44438,One Tree Island Games
44442,Badger with a Quill
44450,Mobile Intelligence Games
50486,SlowCurve
44444,Uesama Games (上さまゲームズ)
44483,Istituto della Enciclopedia Italiana
44455,By Their Fruits Foundation
44456,Almost a Game
45789,Shot in the Dark
44458,Mysboard Games (ミスボドゲームズ)
44464,Psyko Games
44466,Bungaku Games (文学ゲーム全集)
44470,adrian young games
44472,Wendelhaus
44473,米光と抜群のゲームデザイナーズ (Yonemitsu to batsugun no gēmudezaināzu)
44474,Maestrani Schweizer Schokoladen AG
44476,Direct Sales bv
44453,Fizz Creations Ltd
44436,Life Savers Australia
44495,＠BUDAcafe (アットブダカフェ)
44496,ビストロ怪談倶楽部 (Bistro Kaidan Club)
44562,Remedios Mágicos
44511,Yellow Games
44515,"Headband Games, LLP"
27548,Morningstar Productions
44529,3RoguesGaming
44594,Moonbison
44531,Engro Games
44534,Arith O Card Company
44372,Golem Board Games
44451,Goshen Hill Games
47276,Royal Games
44545,Dig-A-Doo (ディグアドゥ)
44498,Obscure Battles Publishing Co.
44542,Asgard Gamewerks
44540,Oncle Gilles
44530,Offset Printing Coy. Pty. Ltd.
44551,B-1 Games
44536,Crossbow Games
44557,Silver Birch Games
45658,Fangoria Magazine
44588,Squirrel Products
44541,The Train Game
44558,Dumpster Fire Games
44628,Oh! Games Inc.
44564,Nanasenka (七仙花)
44565,Jack in the Box Games
44568,一石ラボ (Isseki Labo)
44570,Sunfairygames
43787,Micro RPG
44569,Faceless Publishing
44581,Kids Logic
46610,Atikin Games
42451,Ranked Studios
44585,Invented Games
44587,MAHAVIRA.studio
44462,gpt ehf.
44461,Úrvinda ehf.
44620,SGAG
45310,Antithesis Games
44589,Soren Game Studio
44591,Walter Moore Games
46623,Princeps Games
44597,Editions Fika
44598,よしの企画 (Yoshino Kikaku)
44600,Stuffed Horse Games
44603,Kurt Röder
44604,Shearwood Games
44608,Killer Games
44609,3 Inch High Games
44613,Ludattica
44621,Critoxi
44623,KoH Games
44653,Hounds and Jackals
40963,LunchBox RPG
44624,KaDeWe
44627,AWA Edition
40795,Bix Six Adventures
44641,On the Table Editoria
44634,Small Town Games
44636,Fog of War Wargaming
44638,HA! Games
44640,Gibb Games
11000,Brent P. Newhall's Musaeum
44646,"5A Productions, LLC"
44666,Rainy Day Roll Play
44720,NADANULL S.M.P.C.
11910,Konami Computer Entertainment Tokyo (KCET)
44660,Dobbies Hobbies
44669,Wandering Thoughts Games
37338,Island of Bees
44677,Dawn Gaming
35935,Twylite Games
44679,Wanderer Productions
44690,The Dog's Brush
44694,Yellow Door
44705,Everyday Wargames
44706,Peabody Games
44707,Evil Bear Wargames
44708,Grenzer Games
44711,YCB Games
44635,Antler Studio
44475,Fresh Creative Games
44717,Max Byron
44719,Gametime Again
39386,3SIXES
44715,Crocodog Games Limited
42950,WhiteCute
44724,Mason Arch Games
44723,Petit Collage
44721,Bajka
44727,Éditions ADA
44729,DGCWargames
44745,Sunray 42 Games
44757,Black Army Productions
44762,Be on game
44768,Journey Begins Games
44771,Ponle Acento
44730,Fun Reimagined
44788,JuAna Games
44789,Pacefactor
44790,Reed Gaming Systems
44792,"Archipelago Creative, LLC"
44793,Bazzite Games
44800,Sai-taniya
44913,Bayaya Board Game
44807,Cerberus Games
15012,Action Games (RPG related)
44806,Ícaro Games
44817,Bullock Boargames
44811,Pantero Games
44812,Bill Hook Games
37255,Dying Stylishly Games
44825,Towercap Games
44818,Bonfire Games
44838,Cumber Games
44829,Legion Publications
44845,Munchkin Metropolis
44868,"Little Giant Stationery Business Co., Ltd."
44857,Age of Eagles
44862,C.C. Games
44859,Siege Works Studios
44860,Nothing But Games
44867,Vango
44869,Red Octopus Entertainment
44871,Binho Board
44874,Rooksdown Games
44876,Imagine Image Multimedia
44937,ZE3 Games
44877,Hangry Dogs
44810,Wilder Toys
44881,Dungeon Werks
45803,Byron's Games
49515,Game Solution AG
44918,"亞灣文具股份有限公司 (Yawan Stationery Co., Ltd.)"
44772,Monkole Toy Studio
44885,2D6 Wargaming
44887,3D Fantasy
44888,Bonito
9865,Guildhouse Games
44891,Campaign Game Miniatures
29322,Art of War Games
44896,The Pen & Dragon
44907,She Who Dares UK Ltd
46481,Tyneside Wargames Club
44902,Pitch Black Gaming
44903,Bandwagon Books
44908,Blauer Hünd Games
16360,Gethsemane Games
44909,Haminan kaupunki ja Helmiteksti
34597,Dungeoneer Games & Simulations
47536,TDG Edizioni
44915,Trei Amici Games
50162,Tress Games
44942,Blue Water Designs
44919,Board Game Knights
44910,Mrs Wordsmith
44927,Allingham Games
44920,AAG Games Ltd.
12936,FSpace Publications
44923,Paodle Games
44893,Cosmo Duck Games
44933,Dren Productions
44934,Community Beehive
44935,Starlight Comics
44884,TOLG
44944,G3W2 Games
44948,Mayhem United
13648,"Knowledge Adventure, Inc."
10156,Stardust Publications
44082,DarkSolstice Games
44961,Crown Wall Games LLC
44966,Vanguard Recording Society
51208,Class Action Games
44990,Fantastic Books Gaming
44997,Primogen Games
45007,Roxy Games
45013,Minerva Tabletop Games
47229,Evgenios Entertainment
45017,Frontline Games
45020,"Nutty Games, LLC"
45034,Potomac Publications
45037,Wonderland Spiele
45039,Gold Kettle Games
45040,BGB Publishing
12201,Impressions Games
45052,Octoko
45041,Children's Tree Games
45027,OMV Aktiengesellschaft
45053,Puzzol Creative
45055,Funky Skull Games
45056,Les Jouets Libres
45058,F1rst Editions
45061,FATboardgames
34779,Smunchy Games
45062,Antic
45063,Jiga herutsu kōbō (じがへるつ工房)
45072,Shades Of Chaos Games
45065,Pehuen
45069,Wyre Historic Books
46159,Elmfield Press
45075,Arkayn Game Designs
45076,C&C Games
45077,Carl von Ossietzky Universität Oldenburg
45424,Quick Play Rules
45081,Atelier LudiCré
45084,Eskice Miniature
45100,Nosuke Create
45086,Cool Cactus Games
45098,See Forever Games
45110,Positive World Games
45114,Batchee Blacky Boards
45116,Grio Games
45121,Gravitate Gaming LTD
45132,Ludens Games
45137,red R games
45139,"Truly Horrible Things, LLC"
45142,Skillmatics
45135,Hooman Boardgame house
45080,GermanGeekGames
45153,42GAMES
45174,Effekt Agnieszka Rajczak-Kucińska
45173,W.Cejrowski Sp.z o.o.
45166,Starhelm Studios
45167,Paradice Games
45170,Thunderune Publishing
45175,Junkhouse Entertainment LLC
45227,CypherPunk LLC
45144,Synodic Arc
45186,Kobe
45188,"Systemic Insanity, LLC"
45201,Funsparks
45202,Perfect Day Games
15652,The Other Game Company
45212,Wargame Process Edition
45206,Absolute Dice
45140,Estúdio Coverge
34152,KR Game Studios
45218,Tom and Polina Games
45204,Iconiq Studios
45221,Silver Bullet Productions
45223,Levity Studios
45436,Pocket Studios
45225,Sally 4th
45238,The Big Foot Press
46169,The Naval Wargames Society
45242,Hosehead Publishing
45251,City Atlas
45265,Mammoth Miniatures
45303,FireAnd4Get Studio
45280,Kursed Games
50060,Sveda Studio
38935,Church Basement Games
45340,Armillary Games
46660,Prem Ratna Toys
45244,Gravitation Games
46838,Firesheep Games
45513,Комета плюс
45295,Bookowy Dom
45297,Empire Games
45298,Comeback Games
45300,Green Dragon Hobbies
45299,Wojewódzka Biblioteka Publiczna im. Hieronima Łopacińskiego w Lublinie
45302,MGK Military Simulations
45318,Postpunk Superhero
45321,Ironclad Press
45333,Horizon Entreprise's
45338,Civic Forum Games
49348,Pad Pad Games
47467,Rudolf Lauterbach
45343,HAHA
45345,Le Trip Fantastique
45347,Noutenkidou (能天気堂)
45355,Stadt Dorsten
45356,Troyes-Imp. P. Loury
45393,Eclectic Nerds LLC
45358,Numpty Games
45360,TOMCOOKS
45361,Accent Circonflexe
45372,Send It Board Games
45375,Circle CELL (サークルCELL)
45380,Wacky Wheels
45382,Yanekan's Board Game Studio (ヤネカンのボードゲーム工房)
45386,HEADU
45387,Fun Financial Games
45974,Visual Past
45397,The Deadbolt Mystery Society
45399,Krauss-Maffei
45398,Roskopf Miniatur Modelle
45400,Kanthaka Press
45402,Rosentwist Oy
45405,Perfidious Albion
45659,Lurker Magazine
45370,Mariposa Games
45412,Brain Floss Co.
45767,Top Corner Media
45453,Město Kroměříž
45420,Wyndham Productions
45422,We just make cool games
45432,FLUO Craft
45367,Eurobusiness Games
45433,"Spółdzielnia Przemysłu Artystycznego ""Światowid"""
45427,DarkDoors Entertainment
45431,Hamano Corp
45368,Muzeum Historii Polski
47311,"Barton & Bradshaw, Inc."
22492,Studio Ghibli
45414,GJJ Games
45439,Laughing Hyena Games
45443,Evermore Park
45447,Bad Samaritans
45444,Brain Blips
45452,"STR Co., Ltd. of Japan"
45474,Double L Games
45455,Frog Tree Games
45456,Goethe-Institut
45457,Museo de la Memoria y los Derechos Humanos
31352,Sproutli Games
45460,Miller Bros Games
45461,Dead Bird Toys
45484,Mensch Freue Dich
45468,Horde Publications
45600,Scruffy City Games
45490,Ant. Paterno
47637,Rewl
45503,Банда умников
45506,Second Age Publishing
45516,Ecotainment Park Corp.
45526,KanDi Designs
47121,iPartyGames
45524,Grackle-Games
45498,Wisdom Game Design
45535,Meyer Enterprises
45536,Southwind Enterprises
45529,King Star Brand
45530,Cooperated Products Co.
45532,Rough Draft Games
45471,Pique Games
45534,Komats
48425,SupAR Games
45543,Matthew&Michael Ltd
48802,Hammerdice
45549,Newscraft Inc.
45550,Philippine Education Company Ltd.
45604,Kidnelis
45553,Pandyman Games
45557,Mare Infinitus Games
50721,Boar Studio
45562,Koolbots LLC
45564,James & Theory Pty. Ltd.
45565,Matthiesen
45566,Vhallarhion
45585,Epoch Everlasting Play
45569,Pfiffiger Jakob
45572,Kitsune Kreations
51211,Fenwick Family Games
45571,Neon Chicken
45577,General Products Corporation
45586,Conscious Games
45588,Lion Marketing Ltd
45594,Over Knight Games
45545,The Kindness Collective
45596,Topham Plail
45597,Nebrall Games
45940,Mercat Games
26277,indyhippo
45610,Böhme-Fettchemie GmbH
45614,SmartytoyZ
45612,Geschenkbörse
45615,Frazzled Wool
45617,Goody Toys
45620,KONOMIST
45641,KOTANYI
45633,Biuro Komunikacji Społecznej Kancelarii Sejmu RP
45635,We Is Cousins LLC
45636,Imp Powered Games
45638,Cheeky Cockatoo Games
45626,Who's Got The Baby?
45644,Nukenin合同会社
45675,Glama Games
45573,Noble Pig Games
45673,Snowy Pier Games
45655,Comercializadora Tlamatini
45667,Mystery City Games
45672,REB Enterprises
45676,Wall Capital Games
45678,Mango Games Storming
48354,El Kraken Released
45652,Syeknom Games
45730,Tilting At Windmills
45685,F. Reichhold
45688,Birtle Games
45692,Mythic Nation
45697,The Happy Narwhal Co
45694,Free Folk Industry
45700,Simple Tricks & Nonsense
45699,Indice
45701,Table Salt Gaming Designs
45707,Hatch Escapes
50391,Kyle Davis Games
26930,IGG
45711,Wargame Designs 2000
45709,Spiked Leaf Games
45816,Worldwide Co.
45781,Waimea Original Works
45713,GreenMiniatures
45712,Brelly Games
45715,"Tiny Sprouts, LLC"
45720,Aristada Enterprises
45718,Lucid Eye Publications
45736,Alex Wilson Coldstream Ltd.
45741,"D52 Gaming, LLC"
45732,DYNAGOON FACTORY (大納言製作所)
45733,Lolcano Games
45747,DienstNet LLC
45737,Mnkymnd Games
46046,LevityGames
45754,Maastricht Underground
45745,Jelly Games
45760,Dolphin Games & Toys
45756,Bailey Bros Boardgames
45755,ZERO2HERO
45766,Galbs Games
45764,Direct Games Ltd
45765,Newgo Games
46240,Diari El Punt
45771,Wits End Studios
45775,Love and Light Games
45777,Hardy House Games
45702,Thunder Finch Games
45776,Bluefish Games
45784,Afro Heritage
45753,Maddish Island
45787,Max Factory
45788,Muse Monk Games
45793,S.T.E.L.L.A.B.
45796,Shime-Shime Games (シメシメゲームズ)
45800,Pick & Play Co.
45806,San Shu Seisaku (3週制作)
45811,Playstorm Toys
45813,Banana Moon Studio Sapporo (バナナムーン･ステュディオ)
45815,RareSightGames (レアサイトゲームズ)
45822,Taxi Game Ltd.
45831,"Doratanki Co., Ltd. (株式会社ドラタンキ)"
45833,La ville brûle Edition
50829,MetaZoo Games LLC
51203,HeronDill Productions
45838,The Limestone Cowboy
45946,Theatre in a Box Pty Ltd
45840,Leal Games
45841,Smirking Dragon
45812,Kurland Woodcake
45835,Frog Pond Entertainment
45817,Spieleware
45849,4Fi Games
45848,World Pankration Authority
45853,RetroResource LLC
45854,One2Crew
51209,Kimbles & Bits Productions
45856,Sundered Vault
45897,Critical Hut
45874,Siya Yisa
45875,Cory & Leah
51198,Strictly Better Games
45951,Hicks Board Games
50127,How Am I Weird Games
45901,Terrain Shed
45902,Jof Games
45903,Pepalworks LLC
45906,Lightning Maths
45912,NOW games Spielverlag Martin & Reiter GbR
46066,JJACKD Games
45920,The Square Lake Co.
46019,Bistup Games
50038,Bona Fide Games
45965,Ornitorrinco Sessions
45935,Crab Fragment Labs
45936,"Department of National Defence, Canada"
45934,Baffled Genius Games
51199,Errin Miller Design
45939,Octorebel
50356,Enpeudejoc Edicions
45949,Art in Color
45952,Prairie Avenue Productions
45954,Glasfaser Gesellschaft
46630,Jeux d'Histoires
45957,Arch & Gravity Publishing
45971,Dwarven Guild Games
45975,heroleague
45976,3DARTLAB
45983,Knuckledragger Games
45994,SnapperGames
45987,404 editions
45995,Bärenmarke
46004,The Alphabet Press
46008,Rololo Spiele
46062,Very Viral Games
50281,GHOST DOG
45859,"Stop, Drop and Roll Games"
46016,Clemanor Games
46017,Double Trouble Games Ltd
46029,GG Comics
46024,Tales from the Old World
46027,Le-PLUS
46040,Harley Enterprises
46041,Lazy Arvo Games
46055,Roll&PlayMedusa
46048,The Aerie Games
46047,Greyfish Games
46050,Ocean City Games Ltd
46053,Gremore Games LLC
51216,Don Scurlock Games
46078,WAY Funner Games LLC
46070,Tidwell Productions LLC
50145,Waddling Panda
46075,Smore Board Games
47638,Ayudar Jugando
46067,Shark and Sandals
39242,Wild Magic Games
46084,Circle Games
46090,Pulga Escapista
46092,Forerunner Games
46094,Thirteen Towers LLC
46099,Summit Drive Games
46146,Katzenspiel Solutions
46102,Aideeology Games
47612,Plague Island Games
46110,NMZ Games
46207,TLG Games
46123,KD8QLN Gaming
46121,Progress
46132,Castles & Monsters Games
46134,Bleyle
46071,FrogDog Games
46137,Pyramiden Spiele
46139,JA-SA-Reklame
46138,Thams & Garfs
46140,J. G. Strothoff & Sohn
47263,"Niedersächsischer Landesbetrieb für Wasserwirtschaft, Küsten- und Naturschutz"
46143,Play Platter
46142,SpielMr
46190,Wagga Studio
46151,Never Played Out
49284,Veer Kashyap
46160,DragonShoten (ドラゴン商店)
46161,Indie Game Rules
46172,Ingredo Card Games
46220,Club Petanque
46168,Crystal Dagger Games
46127,Boss Battle Games
46180,Need on Board
46181,Białostocki Ośrodek Kultury
46182,Towarzystwo Przyjaciół Sulejówka
46185,Unhallowed Ground Games
46184,Scarlet Envelope
47047,Fingabol
46217,Patriotic Novelty Company
46219,Lightly Toasted
46222,Wargame Brasil
46221,Herberts GmbH
46223,RavensteadForge
46226,Kudousan no Game (工藤さんのゲーム)
46227,Nordsee-Zeitung
46228,"Invicta Rex Games, LLC"
14691,Brighter Minds Media
46232,Knowmade SARL
46239,Thecraftyfootballer
46247,Join In Games
46246,Nanolocity Games
46039,Astral Logic Games
46209,"Plasonics, Inc."
46278,Kinson Key Games
46264,Three Board Bros
46265,Rafiot Fringant
46270,Weilin+Göös
46271,James J. Augustine and Associates
46273,Caravana Jogos
46275,The Last Square
37908,Studio Deadcrows
49421,Humble Bard Games
46288,"Denny Day Associates, Inc."
17205,"Secret Headquarters, Inc."
46296,New Algo Gaming
46297,Fake Diamonds
46299,Tribunator AB
46328,Dragonstone Treasures Ltd
46309,Lake's Legendaries
46334,Biały Gryf
46316,Testament Games
46317,Koca Games
46290,MAD MAKI Boardgames
46340,Footballiser Inc.
46326,Nerd Games
46332,Key & Griffin Games
46336,Tiny Earth Games
46339,Pinot as
46325,JailBird Games
51200,Oblivion Doll
46293,Luma World
46342,Mind Ramen Games
46346,Fun Plus Games
46344,Social Impact Lab
47199,Twoid Games
46341,Hengelhoef
46354,A20 Workshop company
46343,Dark Keep Games
46360,Mainasty Productions
46366,Holt Publishing
46370,Dize
46373,"KaRBOA Gold, LLC"
46496,Exile Into Imagination
46376,Beyond My Control Games
46377,"Sine Cera Marketing, LLC."
46385,よぐゲーム (Yog Games)
46386,Fat Elf Games
46390,Starter Ltd
46388,Cadet Games
50521,Golazo Games Ltd.
46393,Frigeo
38345,Dennis Publishing
46359,Cruisential
46400,Crazy Dice
46401,"Buzzed Games, LLC"
46403,Tactical Workshop
46412,Éditions Jean Lenoir
46408,Gemini-Games
46410,Toadstool Studio Games
46413,Bald Guy Games
9739,Solipsist RPGs
46318,Precarious Games
46977,Mousou Games (妄想ゲームズ☆)
46420,Ecrya Games
46421,Summon The JSON
46407,HappiNest Games
46793,Toy&Puzzle
46434,Happyclash Games
46440,Hibird Books
46442,Kumogami Inc
46314,Dream Gate Productions
46444,Z000 Studio
46397,Class Games
46443,Asator Games LLC
46754,POPTALKS
46454,hexagon pencil (六角えんぴつ)
46477,C&K Publishing
46456,Blue Box Game Designs
46495,Spencer's Games
46433,Bored Games
46468,Arole Editions
46484,DEAMBULLE-JEUX
46478,"Monkey Gun Games, LLC"
47699,Brigada Wargames
46404,One Table Games
46445,All Night Library
46491,Kemplang Production
46492,C. A. Tappen Nachf.
46494,Pit-Nährmittelfabrik
29204,Acchiappasogni
46578,Conficulture
46487,Hun in the Sun
47144,ClouDiva Entertainment
46513,Tally Mark Entertainment
46510,Brains & Brawn Gaming
46515,Goodfellow Games Co.
48740,Archive
46519,Bodosan
46490,People for Goldfish LLC
46522,RNS Games
46524,Schwanenburg Verlag
46551,MuGames
46541,Cocked Dice Games
46543,Lidelazon
51093,Unfriendly Games
46594,Black Raven Foundry
46549,Trubwick
46504,Gibbo's Games
46559,Widukind-Verlag
46562,"Mortal Frenemies, LLC"
46563,MSM
46580,"Highland Point Games, Inc."
12100,Dias Ex Machina Games
47387,CUT Games
46881,Charmless Wizzad
46573,The Dark Age
46574,Ironwolf Industries
47457,Border Games
46579,Conjour
46597,Hampaayeh
51162,Sneaky Pirates
46583,Créacom Games
47315,PSG Merchandising
46501,Golden Mantis Productions
46600,Maize Products Pty. Ltd.
46593,Gameland Inc.
46601,Éditions Capucine
46575,Fortress Games
46558,Games Development
46615,Mandino
46616,BelloLudi
45606,MetaDreams LLC
46845,Cairn
46632,H2i Studios
48676,Fabulist Factory
46633,Gamepire Studio
46640,Black Site Studios
48737,Tribu de Sinvergüenzas
46639,Toybox Labs
46603,Pleiades LLC
46662,Deardoff's Gaming Universe
46668,1First Games
23326,Solar éditions
46653,Hugo Sport
46642,Dead Lemon Games
46655,XenoForce Games
46656,Woden Games
46773,Gem Time Games LLC
46661,Off-Topic Games
46659,Virophage Inc
46663,"AppSetGo, Inc"
46599,Dakota Ridge Games
49541,Long Dog Games
47461,Smashed Studios
46672,Winged Titan LLC
46682,Unusual Accomplishments
46604,Stephrock
46686,Very Good Board Games
46694,Island Hero Games
46697,Boss Dog Games
46700,Asynja Games
46715,Petra Press
46708,France 2
46710,Les Livres du Dragon d'Or
46713,Lincoln International
46712,Wombat Waddle Games
12340,GungHo Online Entertainment
36127,AQUA STYLE
46722,Kulture Games
46726,Original Cup
46730,3 Eight Interactive
46733,Bucco (ブッコ)
46737,Ko-Kee Games LLC
46739,Farside Games Entertainment
25186,Rising Phoenix Games
46741,Mizban
46736,Triple Rainbow Games
46745,Barrow'd Time Games
46746,Pearly Pigeon
46734,Mosca Games
46747,Trivia Trolls LLC
46725,FINART Smart Solutions
46669,Small Fries Games
46750,Tamed Beast Games
46806,Coldstream Games
46698,ZularyZ GameS
46758,Escape Makers
46767,Level21
46993,Apeiron Games
48018,Hopeless
46769,Teepe Verlag
51197,Stop The Clock Games
46771,Jeux Bordier
48117,Ds4games
46775,Topside Games
46749,Biznesgra
46777,Avocadogs
46783,SociaLaughs
46781,"Mile High Party Games, LLC"
46786,ENLTN
46787,Bye Bye Virus Game
46788,Base16 Games
46778,Dark Rabbit
46790,Coach and Play AG
46797,Moore Games LLC
46807,BN
43070,studio Erikson
46811,LLC YS
46816,Studio 6201
46852,Porthos Games
46817,Friends of St. Albans Abbey
47886,Penhagenco
46826,JTS Conseils
46828,Black Pool Games
46869,Les 3 coqs S.A.S
46832,Baroque Games
46843,Sächsisch-Böhmische Dampfschiffahrt AG
46844,A Toi De Jouhet
46840,Praetorian Board Games
46854,T3 Gaming Studio
46805,Crunchy Peach
46867,Green Games
48105,ZierzoLab
46875,War Claw Games
51206,JP Games
46882,Andu-Spiel- und Reklame-Verlag
46885,History Heroes
46887,SAS QV Breizh Edition
16990,Syfy Games
46870,Ludamus Games
46888,Modern Treasure Hunt
46889,Mindgame
46890,De Spellenstudio
47025,Never Wrong Toys and Games
46847,Banter Toys & Collectibles
46900,Tabletop Hat
46904,Surprisingly Fun Games
46911,Rusted Gear Games
46982,George Wright & Co.
46916,7 Day Games
46926,Agile Game Factory
48233,Crimibox
46927,Grün Games
51037,Warrior with a Pen Games
46930,barefoot games
46936,Recreational Facilities
46937,Spimate Production Committee (スピマテ制作委員会 )
46918,Distrix Games
46943,The Menagerie Collective LLC
46945,Vintage Future Games
46947,Scale Bird Games
46949,Hands Of Blue
46952,Brainicorn Games
46953,Top Notch Board Games
46955,Nightingame
46962,The Practical Game Company
46963,Play-by-Play Games Co.
48719,Hot Metal Games
46973,Oculto a Plena Vista
46931,Seven Corners Print & Promo
46986,Zombiefilled
46991,Classroom Adventures
46999,Arena Games LLC
47004,Kahmann-Lichtwerbung Gesellschaft m.b.H.
47001,Proton Games
50772,Roll and War
47235,Sir. Plays-a-Lot Games
47014,Joyful Mathematics
47131,Pentagox
47575,Lighthouse Games
47022,STICCY
47034,Juniper
47027,Seiku Games
47028,Spectre & Vox Ltd
47038,Knight Games (III)
47031,"House Fish Balloon, LLC"
47029,Custom Content Group
47033,Fútbol Base
47036,Creative Toys (Creative Live Games)
47045,Napful Games
47048,HOUROU
47172,Four Fun Games LLC
47052,Adakai Games LLC
47054,Hyuhyu (ひゅひゅ)
47062,"Magic Creature Creators, LLC"
47077,Mooshi Games
47078,ボドゲシオ (Bodogeshio)
47080,PUP GmbH
47096,Eternal Realms
47127,La Estanteria de Juegos
46849,Explore Dungeons
47102,Nightbird Games
47103,LVC Games
47123,Spring Games
47128,Bad Guy Board Games
51172,WAC Games
47137,"Pink Card, Inc."
47900,BioCEN
47149,Van Wagner International
47148,No Drama! Games
47151,Ayuntamiento de Valladolid
47153,PLACO
47156,Xaquinel
47157,MAGNET (JP)
47158,NakagawaHands
47162,Páirc Games Limited
47135,Union City Heroes
47165,PopHaus Collective
47163,B.A. Games
47119,Valley Mage Games
48663,yougakugei (遊学芸)
47175,Roadtrip Games
47173,Endangered Alphabets
47177,Dildos Assorted
47179,Meeple Squad Games
47180,Todobe
47182,Precious Cargo Games
47183,Diaspora Labs
47184,KZ Games LLC
47187,Organic Aromas
47190,Oh Brother Games
47191,Gansukh
47196,"Advertising Attractions, INC."
47295,Ninten Go
47197,monomelon
47205,"Really Fun, LP"
47210,Senntertain
50918,Smog Games
47217,Grupo Editorial Maratón S.A. de C.V.
47214,Biber Spiele
47213,Azkaban Juegos
37666,GREE
47215,SKT Wargames Rules
47218,Crittinia (クリッティニア)
47224,détanque
47225,Encore AB
47226,VicVillage (ヴィックヴィレッジ)
47230,Moraine Road Games LLC
47835,Jouons le Jeu éditions
47265,Archimedes Games
47234,Babiogórski Park Narodowy
47236,Filtered Reality Entertainment
47240,Dom Współpracy Polsko-Niemieckiej
9733,Thoughtful Games
47241,"Magi Co, Limited"
47247,Northwest Corner Goods
47254,Anaton's Sport
47287,mYnest
47268,Przedsiębiorstwo Papierniczo Poligraficzne  Prodryn w Będzinie
47269,naef
49245,Frances Games
47275,GAT Game Studio
47283,GoIndia Games
47289,Igan Mich Games
47290,ACT Create (アクトクリエイト)
47292,Legítimo Quimérico Periplo Lúdico
47286,NosyCats
51213,Kenomic Games
47308,こっち屋 (Kocchiya)
47304,Paw and Chow Co
47250,Andersson & Finke
47288,Ebb Tide Games
47316,ORU
47377,ustar game
47317,Les Jeux Dianm Inc.
47318,Calopteryx Games
47319,TITANHEADS (チタンヘッズ)
47327,Culinario Mortale Inc.
48148,Jeebsy Games
47331,Looking Glass Workshop
47339,Chouic
47444,Never Sad Games
47361,Liber Läromedel
47299,Tredeciverse Studios
47362,Le Jeu Francais
47363,Suber Electronics
51204,In the Den Games
47364,Max Gärtner
47365,Riquet & Co. A. G.
47366,Verlag Cawar Halle
36701,Pine Box Entertainment
47370,Agartha Games
48265,Upsize Fun
47380,Linden Tabletop Gaming
47381,Dr. Jonquille & Mr. Ail
48684,Creation C.L.E.J.
47388,Yovosgalo
47390,Artyk
47398,Günter Rux GmbH
47407,AGC Edizioni
47314,Cosmonautilus
47422,Centroid Games
47383,Common Nature
47430,Mauii Makes Games
47439,Woudy Games
47440,Dreamscape Games
47443,Stark Raven Games
45381,Losing Games
47325,Punchboard Games
47445,Hog Wild
47447,g.A.M.Studios
47448,Opad Dijon
47452,EURL Vision Vendée
47453,Edu Games ua
47455,Kobra
47456,Blacksmithy Games
47432,Liberation Game Design
47451,Maldax Game Design
47468,Pertini Toys
47470,YUTRIO
47472,Wicked Magic Games
47838,"abdulREHMAN Enterprises, Ltd."
47473,Rehman Enterprises Limited
51187,K-House Theory Games
47475,Art of Play
47458,SERIOUS HISTORICAL GAMES
47499,Sisyphus Systems
47487,Wagner'sche Universitätsbuchhandlung
47480,Speedrobo Games
47469,Dagsson
47484,ᚫ ᚱ ᛏ ᛖ ᛗ ᛁ ᛋ ᛁ ᚫ (Artemisia)
47486,Pebble Smart LLC
47492,Tinker Games
47493,Whatz Games
47494,Gebrüder Güttler
47498,Jeune Chambre Économique Beauvais
47497,Hakuroku
47500,Tower Games LLC
47505,Kraether
47515,BBBox
47525,Kassagerðin
47528,Arsonists Verlag GmbH
47529,Fring Frang Games
47616,The School of Life
47530,Petty Family Games
47531,Warren Publishing Co.
48724,"The House of James, Inc."
47588,Hippo Basket Salerno
47761,Lannoo
47423,Cloak Games
47541,Boson Studios
47549,Wantotrip
47557,1Play
47560,Borðspil ehf.
47520,CNBC
47573,Spil ehf.
47572,Lóðs ehf.
47763,Oddfellow Games
47576,Aeronautique Games
47577,Deutschland sicher im Netz e. V.
49322,"Extreme Board Games, s. r. o."
47753,Rickdiculous Games
47589,INVADE. (インベード)
47563,Cloud 9 Publishing Inc.
47583,flowrish games
47595,Dubious Merit Games
47599,Gotorus Games
47602,Rookstone
47603,H. O. Puttkammer
47550,Maniple Games
47607,La Mamma Creaciones
47590,ASM Holdings LLC
47578,Cognition Games
47614,Burekeke Games (ぶれけけゲームズ)
47617,IKantKoan
47618,Pio Games
47625,Stone Phoenix Games
47626,Updraft Games
47631,Ace
47521,StarArena
47632,W. Fels
47816,Deer Games Studio
47710,Bantam Planet
47641,Don't Move Games Ltd.
47644,The Greenwich Game Company
47650,Pospolite Ruszenie Szlachty Ziemi Krakowskiej
22507,Haggard Games
47653,Keridash Games
47667,Some Penguins Games
47634,Ramstar Games
47656,Eight Ate Eight
9886,Spartans Unleashed
47688,InPlay Products Inc.
47689,"According 2, LLC"
47566,Petros games
47700,Goin Entertainment
47701,Devout Life Resources
47703,Reservoir Productions
47706,"Wild Board Games, Inc."
47303,Nostalgi
49037,Serotonin Games
48045,Razzmatazz Creations
47731,France Jeux-FA
47732,Vic Hollins Art
47734,T&T Game Company
47735,Safe Water Cube
47553,Ameba games
47736,Combat de Coqs
47742,Imagerie d'Épinal
47745,Card Board Games
51183,B.A.D Games
47747,Società Editrice Il Cammello
47748,KYNG
48292,ESC
47750,Mine Games Hungary
47743,Curious Correspondence Club
47754,Petry Bros. Games
47715,Zazimut
47756,Wargamer Collection Calculator
47764,Lorthar
47766,Joseph Lynders Designs
47770,Happy Brain Science
47833,Barely Suitable Games
49673,Sheltonshire Games
47771,Lemery Games
50000,Bois d'Art
49998,Ça y Est
49999,Cadetel
50001,GORoutage (aka GO49)
47777,GL HF Games LLC
47785,Jüdischer Nationalfonds e.V.
47779,"JPN Games, LLC"
47790,Смарт
47797,Gamma Wave Games
47695,"Chengdu Multi-intelligence Cultural Communication Co., Ltd."
47793,Niagara Games
47796,NB Juegos
47909,Tacitgames
47810,"Rhyme Antics, Inc."
47807,Jiuga
47814,Seven Fallen
47819,Spoleĉenské hry Ivana Mládka
47822,ODS
48857,MKE Games
47826,HotGameMagnet Games
47856,PRAGEUROPE
47813,Geopolitical Games Ltd
47837,Bobkin Creations
47841,G & Z
47842,Indie Pineapple LLC
48051,"The Mukherjees, LLC"
47847,Éditions Champflour
47867,3to4 Games
47776,Game Elemental
47869,DLJ Manufacturing
47877,Faire Play Editions
47881,Ra Games
47882,Éditions Kobayashi
27571,Pick Up & Go Games
47899,Intellude
47902,Studio Stamp
47915,Games 4 Giggles
47904,GameDirection
40594,Nomnivore Games
47908,PEGA JEUX
47914,Maths Gear
47892,Hinkler Books Pty Ltd
47929,ДПП Детска Радост
47931,KFL
47932,"Rampres, Inc."
47945,Freecompany d.o.o.
47997,Morissimo
47948,MobileSchool.org
47951,Big Talk Inc.
47952,Comet Games
48132,SAM Editions
47961,Quizmi
47962,Barnet Glass Rubber Company
48033,Bedouin Games
47852,Dreamout
47971,Speedy Justice Games
48017,Fledgling Bros
47975,Marching Band-imals LLC
47972,"Space Beagle Games, LLC."
33410,Games Cupboard
47985,Blue Cockatoo
47986,JIM GAMES
47988,Carrolla Pty Ltd
47998,C.T. Games
48000,TCC Global N.V.
47955,Hey Corona!
48012,Yeti Games
48067,The Baron's Game Room
32272,Studio Twin Games
48014,Colruyt Group
47885,Nexus
48289,CRAZE GmbH
48007,Cardboard Revolution
48020,Comet Squid
48023,Cavaletti
48024,Neowulf Games
48027,Nitetime Games Company
48025,Reversal Games LLC
45085,Mousehole Press
48037,Generic Games (II)
48202,Chain Assembly LLC
48046,Fundacja Ładowarka
48049,Du Botting Originals
48050,Extern Organisation
48058,Bad Goblin Games
51174,SoulGate Studios
48060,Nelson Robayo Sanabria
49270,Saratoga Toy & Game Co.
48063,Cardboard Catastrophe Games
46794,Skeleton Games
46815,"F-Life Games, LLC."
48070,The Ridiculous Gaming Studio
48065,Bergenstein Games
39125,Solar Jogos & Entretenimento
47966,Nefarious Duck
48079,Whorton
48075,Mad4Fun Games
48089,See Yes Games LLC
48092,Dopravního podniku města Brna
48093,Salingrad
48416,MYSTIC WORLD
48095,NANOO Games
48096,superNOWA
48097,Supertest Games
48100,Kazatan Games Ltd
48103,Games by Absolute Zero
48201,Instinct Studio
48108,AKO dice
48112,Sustain Games
48113,B.V.B.A. Beeusaert-Braet
51154,Three Brothers Publishing
29323,MonkeyBlood Design
48123,SheRio & Co
48120,Donoho Games
48124,Skiouros Rex Games
48121,RonKa
39213,The Knights of Unity
48110,Garretson Games
48074,República Bananera
48136,Sponge Pumpkin Company Ltd.
48137,Rubie's France SAS
48104,Die Bad Die Games
48140,Omma Games
48922,Cvasso GmbH
47925,NASTOLA
48156,Bored Life Games
48157,Wobble Games
48159,Abenquest
48162,Opal Games
48163,Macabre Enterprises
48209,Instigator Games
48169,Dekaly Games
48170,Josef Bauer
48175,Game Lab Thailand
48176,Thailand Coaching Institute
48177,SPIRID-Spiele
48181,Vector 7 Games
48188,The Estate of Marshall McLuhan & the McLuhan Foundation
48193,DosKalidos
51128,Panda King Games
31643,Emerson
51182,Michael G Games
47967,Rebel Raven Games
48196,Pile Up Games
48153,Arcanist Entertainment
48161,Esparza Games
48359,Cakewalk Games
48389,Jamaican Ludo LLC
48099,Garlock Games
48212,Night Meeple
48214,S & B Games
48171,High 5 TeamBuilding Inc.
48217,Rose Noire Edition
48216,Brave Giant
48221,Blue Ninja Studios
48220,Evil Otter Games
48222,Tasty Games SpA
48223,Warhost
48252,Departament Gier
48225,Electric Tactics
48238,Koshigaya Party Works
48228,Two Worlds
48231,Morebe Game Studio
48229,Escape Notice Games
48399,Tsukinofune (つきのふね)
48234,Commissatio Ltd
48239,the Jane Goodall Institute
48237,Savania Games
50700,Maender-Alkoor
48240,UAO GAME
48250,Gesundheits-Quartier
48251,De-Kölsche-Zigg UG
48248,LXElabs
48254,Coldiron
51180,Dandy Beaver
48259,RYG Games
48261,"Memory Bank, Inc."
50629,Games Not In The Shops
48264,Dig Down Labs
48795,Crazzybox Inc
48276,Good vs Gooder
48307,"Infinitum, LLC"
48280,EduPro Station
48281,Feltham & Co.
48283,A Mesa e O Trono
48285,Alexander Game Industries
48287,Upwind Games
48288,Mythfield Games
48291,Ikaros Publications
48299,UI Games
48305,Guillotine Games LLC
48312,Budgie Smuggler Games
48318,Geddian Games
48319,Red Right Hand Publishing
48326,Tilkovszki Spiele
48331,ALLEOVS
48333,Yoidore Omomuki Miyatsuko (酔いどれ趣造)
48334,Good Whale Games
48336,"Weir, Leslie Co."
47238,Atooi
48341,Game Decks
33861,Limited Run Games
48342,"You Lose I Win, LLC"
48313,Cunningo Games
48346,Odhammer games
48380,Atomic Games
48352,Amurá Unlimited
48353,Verband Deutscher Drogisten
49440,Delve Bros
48364,Zen Pen Productions
48344,Mesa Games
48366,Sweet Troll Games
48295,After Dark Murder Mystery
48294,Foul Play Games
48368,VEB Zahlen-Lotto
48374,Ranok Creative
48577,Re-marks
48370,Creature Caster
48375,North Games LLC
48376,Cerberus Gate Games
48385,"Miarmajuegos, S.L."
48142,Peach Garden Games
48373,Thom Zahler Art Studios
48392,"L.A.M. Enterprises, Inc."
48553,Nifty Gifts
48396,Labmasu
48397,T.H. Stough Co.
48494,Rune Raccoon Games GmbH
48402,Serachips Games
29331,Diceless Hero Games
48405,Davidson Games
48417,The Curious Bear Games Company
48408,Score Productions
48409,Afra games
44875,Fireball Forward
48413,LynnVour GmbH
48325,PickaPath
48415,blank paper company
48423,"J&H (Focus) Enterprises, Inc."
36761,Garske Games
48419,Cocolino Spieleverlag
48994,Mesila Games
48421,"Goal-in-Hat Publishing, LLC"
48431,Bizarre Studios
48435,giraffismus
51156,Alienwrench Games
48449,Wimteb Inc
48450,Psicografici
48625,Silly Giraffe Games
48446,Bull Elephant Games
48455,DOMINO Marketingservice
48489,Timbrook Toys
48456,ましかまる (Mashika)
48390,Qjax Games
48697,Galaktus Games
48464,Iida Games
48565,Bad Pebbles Designs LLC
48481,Lawless Games
48472,France Jouets
48475,Yooloo Games
45898,Icarus Games (UK)
48453,Bitewing Games
48477,Bavarian Games
48459,Nelca Games
48777,Tatanka Editorial
48468,Mental Eclipse LLC
48432,MegaMochi LLC
48482,Puzzling Pursuits
48483,Think in a Wink
48490,Finders Seekers
27986,Gorgzu Games
48497,Copa Judaica
48498,Hardball
48501,BRam Games Limited
48496,Golden Gear Press
48506,Solstice Entertainment LLC
48508,Van Noie Enterprises
48509,One Winged Pigeon
48525,Международный Мемориал
48526,Jaku
48527,Rot-Gelb-Grün Verlag
48521,Exodus Games
48531,Finch Family Games
51164,T-Man Games
48541,Playlot Games
48536,MQ Group
48581,Long Tail Games
48492,Never Board Games
48539,GEZE
48540,Another Board Game
48542,Daedalus
48583,Maple Forged
48573,Lucky Troll Games
48549,Royal Society of Chemistry
48548,Confraria dos Observadores
48551,Ballantine Books
48550,Side Hustle Games
48554,Boreal Ediciones
48555,Margaretha-Spiele
48493,Kingdom Board Games
48564,Boxcar Games
48538,Telchart Associates
48562,Onebold Games
48566,JUICE GAMES
51150,Salt & Sauce
48543,Ludens Docere
48574,ARBES
48604,Ho Vinto Me Edizioni
48578,Mindwalkers Gaming
48584,BAJ Games
48579,JnG Games
48589,Polymath Play
48593,Editory AG
48594,Noctis Verlag GmbH
48588,Cyber Wizard Games
48639,Castle Wall Games
48599,To The Hilt Games
48600,Paradigm Games
44230,Chimerae Hobby Group
48609,BaseSix Games
48611,Pine Island Games
48610,Kuma Guma Hanten (熊熊飯店)
48612,Dashimaki tei (出汁巻亭)
48613,Table Time Games
15383,Big Blue Bubble
48624,Yahweh Games
48596,Daydream Seekers
48626,MT Miniatures
48533,Mindfield Games (II)
48628,SDG Games
48582,Playing With Fire LLC
48634,rakugai.jp
48629,Bigfoot Games
48700,Tinker LLC
48637,Boomerang Strategy Games
48640,Minstrel Creative
48642,96組 (96gumi)
48644,"Telitoy, Inc."
48645,Azteca: Juegos de Mesa
48649,Archivi della Resistenza
48627,Kayou (卡游)
48650,ADG
48652,GameKnights.ca
42735,Exalted Funeral
49293,lacomuna
48660,Mamemamedo (まめまめ堂)
48661,JOY
48664,Norse Gaming Ltd.
48665,"Adventure Bros Gaming, LLC"
48667,Questore
30772,Wolff Games
48669,Gremlin Games
48675,OnMeja Games
48677,Gravity Games Ltd
48685,Big Ham Games
48696,FunSpin Board Games
48699,Vogelsberg Verlag
48712,GeoBoardGames
48703,KARPATHIC
48750,Philipp Hainhofer
48709,96 Games
48718,BTT
48714,Berendsohn
48717,MindBrushers
48732,GameFlo
48733,Belong to Us Gaming
48722,Fluxo Studio
48721,TSUKUE GAMES (つくえゲームズ)
48687,Urbantek
48728,Karl-Schubert-Werkstätten
48729,Guntia Games
48736,Dream Helmet Productions
48771,StoryFactorie
48741,Glanz-Verlag
48606,Vildhallon
50255,The AfterWorld Company
48753,Teto Games
48723,Dark Horizon Games
48738,LUDOS
48760,Llamasters
48761,cre art werbestudio
48778,Socially Twisted Games
48764,Green Cloak Creative
48765,GG Juegos de Mesa
48768,Ideas To
50405,Riffle Shuffle & Roll
48773,Euclid Games
48776,Vertriebsagentur Janssen-Claus
48745,SPIEL DAS! Verlag
48787,WLM Games
48766,Woodpecker Games
51155,Lizard Wizard Studio
48796,HHgames LLc
48805,Outer Edge Games
48811,Essent'ial
48812,Staplemoon Limited
48815,Spiral 55 Games LLC
48820,Unfringed
48823,Tiempo de Rondas
48825,RG Wiesmeier Werbeagentur GmbH
48826,Verlag Karl Wenzel
48843,Perfect Praise Publishing
48830,Countermove Games LLC
48831,Skeleton Head Toys
48833,Tickle Bear Games
48834,Game to Life
48836,Doug's Disposable Games
48839,jayveecee
48840,BadJulie
48810,Mad Party Games
48841,Heinrich Bauer LAPIS KG
48888,FEMA
49473,Trashman Studio
48963,Love and Loss Games
48845,12G Games
48846,Chiswick Games
51177,Scott's Games
48849,Arthur Schulemann
49112,Fishing Bridge USA
48954,Ignition Core Games
48855,Astarte Wargames
48856,The Sun News Pictorial
48860,Verlag Carl Ueberreuther
50395,Yote Industries
48863,Die Kartenspieler TIS
48865,ERNESTO_VARGAS GAMES
48556,Arcane Minis
48955,Attila
48868,Spenik Games
48866,Yokke Tei (よっけ亭)
48871,Skirrid International Ltd
48872,Umweltspiele.eu
48873,LaFeltrinelli
49357,Magical Miniature Game
48878,Ludic (Headu)
48883,IDT Biologika GmbH
48889,Made of Dreams
48942,"Skullbox, LLC"
48896,TIK Board Games
48898,Cartocat
48909,Fantastic Factory
48867,Todo.Normal
48920,SnowBoardGames
48919,Team Oniyanma (チームおにやんま)
48926,Lunchbox (ランチボックス)
48935,Genso Yugidan (幻想遊戯団)
48882,East Face Game
48936,Trademark52
48943,politikzumanfassen.com
48944,Game Detective
48945,Schering
48946,Kitaku-Bu (記卓部)
48958,Reediciones Anómalas
48957,Crazy Clever Games
48959,Ministerium für Volksbildung der DDR
48962,In Real LIfe Games Ltd
48975,妄想ゲームズ
48930,dKRYPT Media
48970,Griotek
48981,Delta Dreams Games
49002,gopoandgames
51173,Arendt Games
48987,GM Boardgames
48988,Acces Dare
48993,MyToy.am
49031,Antipattern Games
48997,Convivial Games
32192,Quokka Games (II)
49004,GR Games
49027,Enigma Box Inc
49007,Sverok
49006,ley spiele
48965,JU Boardgames
26424,Jackbox Games
51146,Newblife Gaming
49012,Linea sur
51130,Zander Mountain Gaming
49013,Michel Lafon
49015,Productions Diratia
49018,այլկերպ (Aylkerp)
24890,"Black Dog & Leventhal Publishers, Inc."
49028,Taylor Press
49033,Bricklebrit LLC
49035,Artagia Games
48998,MithMonster Games
49039,4leben.spiele GmbH
49041,Herlitz AG
49045,iMadrassa Algérie
49048,Les Tontons Joueurs
49079,Cosmic Dice Games
49266,Cosmic Dice Games
49057,GoatLab Games
49062,Stage Coach Games
49064,Hohner
49065,GAGS & GAMES
49066,Nomich Games
49139,Xiaoshizi Board Game
49072,Salvation Army International Development
49073,Spiel-Vogel
49075,Global Players S-GbR
48804,Gadabout Games
49083,Tulenkantajat Oy
49086,Outerlude Games
49094,Exclusive Games
49159,Semi-Official Game Company LLC
49096,Gatekeepr LLC
49097,Butlers' Printed Models (BPM)
48992,DateBox Club
49099,Verlag Lernspielkiste
49102,L'éclap éditions
49104,Pletoraed
49105,Derecho al Juego
49106,Cameron Clarke
49109,C-bomb Games
49784,RnC Games
49115,Kuatro Sales Corporation
50232,SOK
49119,Black Basilisk Games
49124,Been Boom LLC
49120,AAM-Yhtiöt
9791,Grimoire Games
49121,Knightsford Games
50602,Gall Negre
49122,Гелий (Helium)
49127,"Rodeo Games Int., Inc"
49128,Playever
49129,Sherren and Son
49132,Transaudio
49133,Alliance Games
49137,Odyssey Studios
49138,7G Universa
49140,Librarium Games
49143,Perhehoitoliitto ry
49141,StarHouse Games
49146,G-Burst Entertainment
49147,Laboludic
49151,Taike Games
49149,Sapphire City Games
49152,Hornabeque Editorial
49153,Noontime Games
49093,Loodo Ninja
51178,Star Captain Dread
49131,Gray Forrest Games
16873,Robertson Games
49161,Clothespin Games
49162,Bright Beetle Games
49142,Half-a-Kingdom Games
51148,TAK Games
49166,Ezra Hirschi Games
49168,Fleur-de-Lis Games
51152,Park Productions
49180,Afinom Games and Entertainment LLC
49184,Dreamy Games Master
49179,Allmer Games
49148,Rollacrit
49198,Lancaster Gaming Co.
49224,Power of Gamers
49201,Cabbe
49204,Danskernes Egen Historie A/S
49207,ThinkPsych
49209,Marysol Könyvkiadó
49257,Crimexpress
46590,MediaStream Press
49288,Peasant Mob
49213,Benckiser
49156,New Moments Games
49216,Fox and Bear Games
49220,Frown Clowns Games
49126,LuxLu
48580,Gerdoo Games
29834,Playtonic Games
49223,Xuhs Scobog
49225,Test of Resolve
49264,Targo Studios
49226,Punk Overlord Games
49563,KnotHorn Studio
49219,Dragon Tower Games
49227,MantiGames
49181,Piracy Boardgames
49215,Tha Den Gaming
49230,Operation Torch Design Group
49232,H. and L. Goodman Ltd.
49243,Angelus Press
49244,Perfection Press
49275,Tekamutt Media
49262,Arketip Arts
49267,Macaroni Games
49271,Strategia Nova
49272,Edizioni Chillemi
49274,Adversary Gaming Collective
49280,CTK Publishing
49279,Anchors & Acrobats
49290,Taqzwee
49291,Key Gaming Co.
49295,Les Jeux du Carré Indien
49297,Exit Games TTG Ltd
49301,TB Line
49310,Devenez Chef
49313,Soli Waxbern Games
49315,Les Éditions Momentum
49317,NAKEDCOURTGAMES LLC
49316,La Regadera
51098,La Regadera Ediciones
49324,HitCat Games
49325,Haus der Bayerischen Geschichte
49318,Sherlock's Mysteries
49327,Sound of Drums GmbH
49329,Aster Wargame
49331,One-Eyed Cat Games (Board Game)
49332,Shelf Buster Games
49334,Namla and the bees
49341,Buddhist Game
49345,Manitou Gameworks
49346,Chili Island
49347,Kaplan Crypto
49350,Tiny Wolf Productions
49349,Zombie Division
49352,Les Éditions Smash
49355,Spieleverlag Alfred Schilken
45984,Ludos Games
49375,T&K Design
49399,Anima-T
49379,"Big Board Games, LLC"
49378,Be Game Social
49369,TEMITI
49380,Black Blossom Games
49373,Board Night
49388,Unalfabeta
49396,Turm-Verlag Steufgen & Sohn
49517,Formulado Games
49397,The Mystery Agency Ltd.
49393,The First Edition Gaming Company
49406,Mokuomo
49376,Acolyte Cooperative Board Games
49412,Forte Designs
49408,Deutsches Museum
49414,"Flying Iguana Games, LLC"
49416,Firestarter Games
49419,Llamascape Games
49423,Isenmann Games
49424,Score! GmbH
49856,Apollo Film
50227,Guilt Free Gaming
49766,Leona Games
50432,Planet A
49430,gloopy Industries
49431,Learning Roots
49437,Net:D Limited
49432,TraXX L.L.C.
49441,Виссон (Visson)
49444,Dizzy Meeple
49446,Zentensivist Studios
49448,Wehrfritz
49445,Rainy Day Games
49450,Perigordiän's Board Games
49455,Millian Games
49459,Simple Treasure Games
49461,A-Games
49462,Zenagame
49463,Lazy Poet Games
49464,Taquinze Produkties
49466,Teleporthole Games Ltd
49538,Boarderia
49470,Seaport Games
49471,Yokkaichi Indoor Union (四日市インドア同盟)
49474,MoreThan6 Tabletop Games
49566,Cremonabooks Srl
49439,Schmetterling Verlag
49489,Space Otter Publishing
49499,M. Klein & Co. GmbH
49344,TerreDice Games
49492,Spielwarenfabrikation Heidelberg
49497,Curious Cats UK
49500,Tom Piper Ltd
49502,Wahrig print
49503,Topside Miniature Naval Warfare
49504,Arlenco Toys and Games
49513,Belly Boo!
49522,Kili
44424,Disky
49758,317 Games
38601,AOL
49526,Loogicus UG
49422,SUPERHOT Presents
49528,"Solid Roots, LLC"
49533,Wexler Studios
49532,Hot Potatoz
49535,Iruma Soft (イルマソフト)
49536,"Rabbit Hill Games, LLC"
51163,KeithKunst Games
48999,Mike Petty Games
49539,Williams Trading
50065,AoS Juegos
49542,Kharitago Games Inc.
25243,Good Self Games
49547,Australian Women's Weekly
33148,"Kadokawa Games, Ltd."
49552,日和工房 (Hiyori Workshop)
49557,Ritz Gaming
50285,Tataka Games
49558,Crazy Aaron Enterprises
49561,City of Hagen
49562,Greene Street Games
49564,Plasty
49548,Action Dice Games
49570,Lumohedron
49584,Darkwood Games
51113,My Kind of Games
49593,DropTable Productions
49505,GlixGames
49596,DesignNest
49600,Toys Box
49590,MaiMin Games
49599,"Smart Start Entertainment, LLC"
49616,The Sidd
51185,Simply Elegant Games
49605,Éditions Les Malins
49610,Wayfinder Games
49602,Kheo Games
49618,Barndoor Games
46570,Action Fiction
49607,Gusher Games
49609,Game Division AG
49614,Devil Inside Productions
49617,Kurier
49619,Brown House Games
49621,Mayfly Games
49623,Zero Rank Acquisition
49684,Letibus Design
49626,Aroi Games
49625,Northwind Games
49601,Puls Entertainment
51176,Southwest Games
49633,"Black Labrador Creations, LLC."
49598,Algernon Product
49631,System of Values
49634,Emergent Plant Life
49635,RogueWizard Games
49638,Dwarven Beard Games
49639,Seb Games
49640,Doteira Games
49641,FiveRobots
49644,Garbanzo Games
49646,Teatr Wielki-Opera Narodowa
49647,А-чатыры
49667,Killers: the card game
49613,LudoTech
49652,LevArsa Studios
49660,Emojo Games LLC
49658,The Hexagon Games
49661,Carl Timner
49662,Onederful Games
49664,Cranky Chinchillas Inc.
49668,"Bear Track Games, Inc."
49669,Hapinest
49666,Mango editions
49672,ÖVA
49675,Bloody Scotsmen Games LLC
49676,Happy Raptor Games
49654,Bambi games
49653,[insert company name here]
49687,Application of Force
49688,Televised Revolution Games
49692,Goblin Pirate Games
49689,"DM3 Games, Inc."
51186,Ogah Game Designs
49697,Wonderbow Games
49698,Precision Sports Games
49699,Heroes-Games
49722,Laberinto Sur Ediciones
49707,Rocket Project Games
49708,Good Lookin Kids Inc.
49710,Camco Games
49678,Nordic Pirate Games
49716,furo-siki (s)
49709,Moou Games
49720,La Pieza
49738,Gesellschaft deutscher Chemiker
49725,Keun Games
49731,Kaunas 2022
49732,Le Départment
49733,ByteBrain Games
49737,Digital Reverence L.L.C.
49736,Emeraldology
49734,The Museum of Board Games
49703,From the Woods studio
49741,Arctic Lynx games
49740,JLYM Games
49748,Artnpiece games
49742,Goblin Tainted Games II
49854,"Goat Rock Games, LLC."
49681,HEX&CUBE
49747,JHS Juegos
49724,Guru Simple
49759,UH OH! Games
49772,Stiltskin Publishing
49774,Lore Chase Games
49777,Little Happy Boxes
49783,Etch Tailor Ltd.
49775,Board Game Monster
49789,Acta l'Atelier
49801,Quiet World Games
49803,Aviddd Games
49815,KoA Studios
49807,ReRoll Works
49809,Gift Republic
49808,Spark Wolf Games
50830,Wild Lamb Hoggs Games
49883,Pixel8 Games Ltd
49814,Otus Verlag
49810,Rayco
49816,Fool's Gaming Inc.
49885,Diorama
49820,my-Box
49830,Raven Games Limited
49828,"Sophisticated Cerberus Games, LLC"
49829,Kinnship Games
49853,Game Trayz Lab
49836,Jeux Face4 games
49837,Rija
49821,Bribed Scribe Games
49838,CALM (キャルム)
49831,Dapper Cranium Studios
49782,Kura Rēhia
49843,Editrice La scuola Brescia
49847,ライフタイムゲームズ (Life Time Games)
49851,Oddity Works
49858,"Wadduknow, LLC"
49861,Linaskho
49863,"Geo. E. Mousley, Inc"
49866,Nordhessischer Verkehrsverbund
49867,Rescue Publication
51228,Abbanuach
49872,Sideshow Games
49873,Haumea Games
49874,D6 Vault Studios
49773,Prima Board Games
49879,ChoiceGames
49881,Diakonisches Werk
49886,BMW AG
49890,Pampa Games
49891,OOMANS
49882,Agent Paper
49894,Bad Rule Games
49862,The Red Button Press
48429,MPC
49899,Strange Games
49901,George Alexandru Dragoi
49903,We the Bards
49922,EduNEdu
49840,"VISTA Semily, spol. s.r.o."
49910,Koruru Spiele
49925,Aquamarin
49912,Descartes
49927,Never Be Boardgames
49933,Professor Puzzle Games
49934,Dice God Games
49935,Allgemeiner Deutscher Verlag
49846,ARIDESIGN◆BoardGameClub
49942,Daywalker Syndicate
49946,BIGABOT Games
49973,Punta Verlag
49949,"Goocon CO., LTD (雁隼有限公司)"
49954,Rockefeller Wargames
49959,Bärsärk Entertainment
49997,Amador Díaz
49969,Basenti
24150,Lone Wanderer Entertainment
49974,Flying Man Games
14138,Softstar Entertainment Inc.
49979,Fatmax Edition
50322,Tabor Games
49980,Cult of Nyx
49839,"Talkative Board Games, LLC"
49981,Talbaree Games
49988,"Charge Wargames, LLC"
49990,とどのつまり (Todonotsumari)
49994,Devan Developments
50013,Knight's Games
49944,Smart Experience
49968,BrainWave Games LLC
50005,Binaye Games
50014,"Wile-A-Way, Inc."
50015,Kitablo
50011,El Equipo Azul
50018,Katt Games
49975,Webb's Agency
50019,"Havoc Games, LLC"
50016,+mercurio
50022,Schwartz Games
50024,Lock Paper Scissors
50026,W. L. Hawes
34362,Snap Finger Click
50249,CREATIV
50042,Dozens of Us Games
50043,Fauna Lúdica
49977,Game Engineer
51153,Paradox Tabletop Games
50044,Majlis Shabab
50045,Avaris Clari
50052,Zanthalar Games
50050,Rad Plastic Studio
50056,Ynnis Éditions
50057,Tierra de Misión
50058,Einsteinmill
49926,One Earth Edition
47260,ACE Gamebooks
50217,Alkonost
10869,Jambô Editora
49811,Witt Hall Gaming
50053,H-Town Games
50067,Rockrock Game Studio
50069,Civil Dawn Games
49991,Chazak
50083,Dyce Games
50077,Novuma
49802,Tumbling Heads
50081,Pastime Enterprises
50091,Vilayat
50134,Catillon Games
50108,Gut Pile LLC
18702,Xplored
50093,Crossbow Education
50116,Madzay Color Graphics
49936,"Sequoia Games, Inc."
50129,Monster Bite Games
50114,Green Masters Entertainment
50117,Bidson Games
50039,LostVenture Games
50121,"OH, THE MEDIA!"
50123,RunD Games
50154,Terror Toad
50126,Bigger Worlds Games
50130,Hiridia
50094,Les éditions Libertalia
50137,Skirmish Total War
41611,Klabater
50147,Nomu Games (のむゲームズ)
50150,Backfire Game Studio
50159,Terra Publica
50106,LKSF Productions
50157,Sentient Robot Handcrafts and Games
50190,Straitjacket Media
50166,Circlepig
50167,A Real Games Co
51073,Gamma Ray Games
50171,Morias21
50172,My Greek Games
50174,Athenium Games
50163,Relic Star Games
50176,Tabletop Skirmish Games
50061,Teetotum Game Studios
50132,U Token 2 Me
40575,Great Lake Games
50179,"America, Inc."
50183,Alter Sensus
50155,Lirius Games
50195,IRGA
50177,B. Braun Melsungen AG
50223,Kantol
50220,Level chess
50139,MooMeeNyu Designs
50215,Fat Dwarf Games
50224,Games 'n' Things inc.
50225,Simplay Dice
50228,CGCG Studio Inc.
50276,Patch Games
50206,BadDabGames
50233,Hot Dog
50239,Hellshark Games
50240,Madison Avenue Game LLC
50251,Chocolate Games
50245,Landschaftsverband Westfalen-Lippe
50254,Severed Hand
50257,Cajueiro Jogos
51179,Chubby Worm Games
50265,JF Juegos
51184,Seamless Bay Area
50272,Out Of Pocket
50279,Sandtime
51063,Koenig Kreations
50283,ACOBI Games
50216,Ornament Games
50287,Fungeon AB
50288,Roche
50234,Jeehaa Games
50290,Projektgruppe Waldwinkel im BBW Waldwinkel
50295,Jacobin
50294,Caravan Games
50297,Punk This Studios
50316,Sargon Games
50256,JCamp Games
50300,Emil Seelig AG
50051,Eely River Games
50304,Dashing Dice Games
50289,Grailrunner Publishing
50310,Praetorian Games
50302,Galen's Games
50317,The United Service Agency
50318,Alebus
50319,VEB Inkognito
50320,L.H. Fruit Co.
50284,Argentano
50323,Make Playing Cards
50324,Nima Games
50325,IZOP
50326,Turnup Games
50327,Funship
50328,Beleggingsinstituut
50313,Ndeeh Games
50337,Bluencore
50340,Royalton Games
50694,Rockwall Games
50344,The Center for the Protection of Children's Rights Foundation
47328,KW Games
50348,Civil Rights Defenders
50347,Scorelander Games
50350,Zeppelin puzzles
50346,Toys In The Attic Productions
50352,"Tone Deaf Bards, LLC"
50354,Realm Runner Studios
50353,Immortality Games
50359,BomBasta Games
50358,KAP Innovation
50450,TAKEOUT GAMES llc.
50360,Res In Aere
50361,J. & E. Gouthro
50362,Umeruma Games (ウメルマゲームズ)
50363,Subway IP LLC
50364,Animal WIP
50365,Websters Software
50368,Pigeon Games
50375,Zipree
50366,Minamimuki (ミナミムキ)
50372,Kreissparkasse Celle
50374,CovidParty
50376,Goraku Shuzou (ごらく趣造)
50380,Sutekina yama (すてきな山)
50383,ViBuGo LLC
50390,Buscalume Juegos
50396,Maikai Games
35746,Inthereal Games
50755,Angirũ Juegos
50402,Dreamt Up Games
49025,Napoleon Games
50286,Keiplanet
50410,Gaming Catastrophic
50437,Inno Gamia
50403,PsychOasis studio
50411,Smarties
50398,ChimpChilla Games
50332,Indie Press Revolution
50381,Toffee Hammer Productions
50418,Best Kids
50417,MT WALLET Ltd
50421,One80 Games
50419,Pešut
50373,Brimtoy
50425,Grabi
50428,Planet 1 Games
50429,Sorcery Games
50431,Spinusgames
50433,Pixing
50440,Probable Entertainment
50441,Forgeborne Games
50443,Milda Matilda Games
50444,GeekOn!
15611,"Mellow Militia, LLC"
50451,Biggie Bros
50452,Graphic335
50455,Macomb Park District
50457,Solarpunk Surf Club
47174,Valhalla Simulation Games
50464,Write Stuff Games
50468,Seleya Games
50472,Mob+ (Mob Plus)
50476,Enemy Spotted Studios
50479,Asobi Dust (アソビダスト)
50480,DiceCasters (ダイスキャスターズ)
50423,Heroes of Providence Eternal
50446,Unka Games
50488,LoveLove Studios
50465,Previously Pluto
50490,Poko Boko
50518,Yastuna Games
50497,L'Enfant Libre
50499,Alexandra
42283,Wider Path Games
50501,Spellmakers
50519,Modern Games Company
50505,Burning Forge Games
50508,Alexsa-Verlag Berlin
50510,K Create (Kクリエイト)
50515,Émergom Juegos
50516,Land Art Generator Initiative
50469,Studio Kabo
50513,Lowtek Games LLC
50524,Small Furry Games
50526,PREOPEN (プレオープン)
50527,Shizuku Michi (しずくみち)
50531,Hanapen Kobo (はなぺん工房)
50533,Toukado (橙華堂)
50535,Steamify
50542,Nirgends
50543,Tanuki Tsune Komuten (たぬきつね工務店)
50544,Peanuts Design (ピーナツデザイン)
50548,Botella Roja
50551,Kadogawa Shoten (角川書店)
50552,Debesų Ganyklos
50511,Fourple Game Company
50554,Colorido Juegos
50558,Puercomonte
50556,IG Lebenszyklus Bau
50564,Fontela Games
50566,Try Hard Interactive GmbH
50570,Hamster Games
50573,Arch Games
50586,The Lumistella Company
50577,Grafikstyrelsen
50579,Ojibwe and Cree Cultural Centre of Timmins
50580,Hul'qumi'num Treaty Group
50582,Coop
50583,1UP
39764,Game Start Studio
50568,Aspic Games
50590,Yoruno Kurousagi (夜のくろうさぎ)
50489,Blue Rondo Games
50592,GamestormEDU
50589,Starlux Games
50545,RWE Deutschland AG
50574,Somnio Games Ltd
50886,Gato Garabato
50595,ZAMA Games
50597,Chonmage Game (ちょんまげ工務店)
50598,"Boom Again, LLC"
50601,clickets
50588,Bonding Bees
50604,029 Products
50674,The Games Emporium
50605,Orto Games
50611,Melobodo (メロボド)
50612,The Speak Boutique
50616,Zero House
50620,Fandom Flare
50619,Saikoro Juku (サイコロ塾)
50622,Red I Games (レッド・アイ・ゲームズ)
50625,Game Creation Association ZAM (ゲーム創作結社ザム)
50599,Dajama
50631,Hook Duck Games
50630,zoemooi (ゾーイモーイ)
51210,Family Game Cards
50783,Horn's Game Studio
50639,Ghetti Games
50642,Gator Games
31645,Tchibo
50647,Genge Games
50654,Trophy Point Games
50656,Nostromo Editions
50657,Ending Maker's
50623,Gibbs Smith
50496,Card Noir
50726,Game of Investigation
50613,Game and a Curry Games
37885,Wet Ink Games
50594,KOCKA d.o.o
50669,Creator Board Games
50670,Blight Games
50671,Western Oregon Llama Company
50692,ThunderMouse Games
50672,ぴよよ屋さん (Piyoyo Shop)
11078,rhön-plastik
50675,Gameplay Publishing ApS
50676,YUJA Vintage
50677,Wily Beast Games
50794,LangRenSha
50681,Gasolin
50683,Dream Valley Studios
50725,Wolfkraal
50695,RC Games (II)
50701,Trolls 'n' Rerolls
51091,Cat Haven Games
50704,TUI
50706,ARAG
50707,BÄKO-Marketing West
50709,CMA
50710,Barnospel
50711,DKP
50712,Moguntia
49192,Signum
50858,C&M Games Inc.
50728,Nordens ark
50730,Heldbergs
50732,Flip-bear
50733,P. W. Bergmann
51138,The Game Hutch
50736,IMAGAME
50737,Kindernothilfe e.V.
50739,DOMM Factory
50877,MA5 Games
50742,Ciencias para Todos
51136,Weights/Measures Games
50753,Diamond Toys
51201,Intoxicatious's Games
50731,Team RABI
50754,Sneaky Lab Games
50756,Fat Brain Toys
50759,Flying Cat Games
50747,Quimera Estudio
50766,Envelopes of Cash LLC
50762,"Ferguson, Inc"
50763,Harper-Kayes Game Company
25005,Ravensburger Digital GmbH
50774,"Weathervane Games, LLC"
50775,Elephant Print Productions
51015,INGAMES
50777,13 akasha ediciones
50916,Four Harts Games
50690,Zenwood Games
50780,Jubilee Media
50782,Napo3d
50791,Stromatosoft
50787,ESCAPEROOM.IR
50797,Team Sakusaku (チームさくさく)
50666,Mind Inventions
50808,Blazin' Star Games
50809,Canazee Games
50812,Starpoint Inc.
50813,Non Product Production (ノン・プロダクト・プロダクション)
50814,Board Game Production Committee (ボドゲ製作委員会)
50816,C W Enterprises
50817,Exocet Editions
50834,Vandrouki.ru
50823,torinozaca (トリノザッカ)
50825,UK Fight Club
50906,Alpec
50832,Tombs Foundry AS
50998,NAMBARZ
50815,RPSboardGames LLC
50836,R & R Three Dimensional
50841,Envelescape
50848,Goforit Games
50801,Plutonian Shore Games LLC
50845,Arlukkachase
50802,Spiele Maasberg
50847,Village Games
27033,SmashGames
50853,Projet CarTylion
50856,Empee Games
50833,Astoria Games
50865,oyun kilavuzu
50868,Giraffe Planning
50870,Two Meat Design
24470,Cygames
50874,Fahrradfabrik E. & P. Stricker
50875,Table Golf Association
50819,Baby Ninjas
50878,Quality Time Games
50888,Chispa Indómita
50889,Royal Sheep Group
50831,Mark IV Games
50890,Student Commander
50810,Whaleback Games
50892,Winterborn Studios
50851,Peekwik Dreams
50862,AB Seroko
50900,Fitz Games
50866,Steelwing Games
50904,Torino Factory
50911,Libertine Books Kft.
50910,6 in the House Inc.
50912,Made in Video Producciones
51044,FracturedPawn
50921,"Game of Trumps, Inc."
50922,Ferret Games Factory (フェレットゲームズファクトリー)
50945,Center for Learning Through Games and Simulations
50925,Central Michigan University Press
50923,InterHuman
50936,Mandulis Art
10678,FJGaming
50926,Factorial
50928,El Espejo
50927,Play Lark
50931,Nolca Solca (ノルカソルカ)
50932,Voigtländers Künstlerspiele
50934,Escape the Crate LLC
50937,Geneva House Inc.
50938,S&S Games
50940,Susurrus Games
50941,"Schronisko ""Na Paluchu"""
50943,SmartApe Games
50946,7Dwarves LLC
18616,Cascade Studios
50955,Ateliers et Presses de Taizé
51111,Dastardly Fun Entertainment
50957,Meeplechase Games
50965,BGamer
50920,Lab Beagle Games
50968,Qing Yuan
50933,Onbagames
50969,Tales are Real
50970,"Game Of Pawns, LLC"
50935,Eerie Idol Games
50977,Bellows Intent
50979,Union Deutsche Verlagsgesellschaft
38204,Nightcandle Imaginations
50986,The Purity Pixel LLC
50989,Maestro Games
50995,Fundacja. Nauka. To Lubię
50990,Editorial Morenike
50994,Toys Art
50996,Watershed Games
50999,Witchsong Miniatures
50992,Bonet Games
50849,Snowbright Studio
50947,Grand Star Industrial Limited
44391,Cup of Tea Pty Ltd
50850,Fambam Games
51007,Ellusion Adventure Games
50839,Geek Flavor Games
51010,Nomondays AB
51013,June Dune Games Production
51014,Fanélia Art
51011,Infinite Monkey Business
51016,Klaketa
51017,Tjitji toys
42257,TOPP
51025,It's a Duzey Inc.
51026,Convedidas (コンバディダス)
51028,Efficiency Creative
51029,Оз books
51033,GPJ Bieling-Dietz
51032,Fromageries Bel
51036,Bring Your Own Dice
51041,"Apparooz, Inc."
51038,Fairytale Adventure
51046,Holmes Gaming
51048,Erwin Schlapper
51053,Odd Statue Games
50873,Pointy Stick Games
51056,Moon Crab Games
51057,Mangy Goblin Games
51170,Dimension Board Games
51065,Inception Games
51068,Wablues (ウェーブルーズ)
51071,Yuno Channel (遊飲チャンネル)
51074,Kagami Kyosuke Works (架神恭介ワークス)
51076,Shuffled Ink
51078,Kion Games
51081,Brexwerx Games
51082,The Wiggles
51086,Rawr Games
51097,FlipFlop Lab
51092,FlipFlop Labs
51125,Amoral Games
51079,Tangible Narrative
51101,ZEN SELECT
51120,Tangerine Games
51107,Stardust Science
51102,Knight Designs
51109,Blitz Built Games
51141,Genevieve Dupuis Design
51142,Official Fight Club Esports League
51051,Placote
51161,Neilhouse Games
51124,bots don't cry
51127,Fyrnwest Games
51129,Juegos Bolbo
51131,Artmynd
51134,Peace and Love Games
51169,Erik's Curiosa Limited
51194,Loamlight Entertainment
51045,National University of Singapore Saw Swee Hock School of Public Health
9008,Funatical
14005,Koch Media GmBH
13349,bhv Software
6239,Games Quarterly Magazine
26473,Rogue Genius Games
7007,12spiel
3903,Heat of Battle
26040,Festival Internacional de Juegos de Córdoba
28581,EVERYDAYiPLAY
4828,Steam Brothers
7407,Bounding Fire Productions
27542,Panini Comics
26857,Meeple Source
25558,Vampire Squid Cards
8153,Le Franc-Tireur
12655,Sphere Books  Limited
29633,IDW Publishing
38890,The Overlord
39786,Upper Deck
39384,Strang Line Games
8506,Sherry Enterprises
28758,Scalpel Games
11776,BioWare
4866,JeuxParJe
21555,Fire Mountain Games
24530,Capitol Novelty Co
29140,Decade Brothers Studio
415,Chaturanga Concepts
16017,Sonic Quill Publications
1458,TDF Artists
2153,The Black Baron
2596,Aviation Usk
2953,The Third Dimension
2958,Strafing Run Games
10748,Regal Enterprises Inc
3746,RAD Games
4181,Counter-Moves
4415,Armchair Commander Games
5301,Peak Games
5336,Argonne House Press
5340,Gamers Paradise
5351,Strategic and Tactical Studies
5368,J. Tibbetts & Son
6171,Poeppelkiste
6424,Kryomek USA
6675,ELR
6624,Keep Wargaming
6636,Kampfgruppe
6753,"Eco-Systems, Inc."
7597,Insurgency Games
45519,Mikes Models
7527,Panzer Press
7528,SS-Bar Enterprises
7807,War-Oboe Publications
8004,Lone Canuck Publishing
8011,EastSide Gamers
8672,Guilde vun de Phantasiespiller
8767,Friendly Fire Wargaming Convention
8970,Fanatic Enterprises
9167,Southern California ASL Club
9364,Break Contact
10339,Strategy Games LTD
14894,Green Bear Games
11639,Le Héraut Citadel
11671,Royal Chess Cards
12064,OÜ Chevenix
12042,ASL Open Source
12264,the History Press
12506,National Monstergaming Society
10234,Seeker Gaming Systems
10122,Corgi Books
14838,Windy City Wargamers
15124,Eesti Ekspress
15515,Dispatches from the Bunker
16124,Amaury Game
16310,Partisan Publishing
17801,Ryoda
16580,BuillonArt
16975,Gauntlet Publications
17136,Raventhorp retail
11256,Gavin Brinbaum
17603,BOA Publishing
18679,View from the Trenches
18759,Troll Hammer Press
18833,Publishing house PeRo
19178,American Designer's Association
21052,Kelly GmbH
3232,Jeux de NIM
21790,Vendanjeux
24920,Airborne Studios
23951,Radiant Gaming
23075,Harrowed Entertainment Group
23837,Glory Press
23908,Mephisto
13034,Slitherine Ltd.
10282,FCS (Future Combat Simulations)
28458,Norwich Rose
30053,Writing Desk Games
30186,Yolo Enterprises LLC
30350,Toshach Miniatures
30339,Chexi Games Ltd.
31532,Role Mag'
28817,Game Designers Clubhouse
38776,Stronghold-Terrain
32466,Eli Lilly
35889,ThinkTank Games
32897,Diogenes Games LTD.
34144,Trivia Mundi
34989,Puzzle Wright Press
15398,Robot Entertainment
35161,Sky Ship Studios
26843,Critical Hit Publishing
36946,"Castle-Mate, LLC"
42418,Dice Con
37291,Dyl & Oscar
37461,Greysea LLC
38445,VEVA CZ
12498,Cryo Interactive Entertainment
27340,BD Games
33427,Sketchy Games
43229,Skyship
44206,Advancing Fire
44689,PTO Games
44718,ClearHorizon Miniatures
44746,New England Volunteers
44890,The University of Edinburgh
26257,Solace Games
22838,Fenix Fire Entertainment
49723,Something Good Games
45044,Deer Lord Games
45193,Ram Company Games
45451,Age of Eagles Grognard
45928,BLASTER
46077,Hollywood Games Co.
41582,ZiLa Games
47716,Gifted Vision inc.
12898,"Number None, Inc."
51181,PL4Y's Games
49134,Footsore Miniatures & Games
49273,Cold War Designs CWD
49425,The Brothers Murph
50305,Ludoty
50741,Hazardous Movement Gaming
51088,Abruz
46842,MAGICBOX GAMES
2087,Clarke and Adams
3661,Artistoplay
8723,CMCM
11447,Test Video Game Company 2
11405,Test Video Game Company
29094,P.A.W.S.: Prime Alien Watch Squad
27052,Monsenstein und Vannerdat
39599,Ninjabot Studios
45278,Sveda Games
43650,Haggard's Table
48273,Hal Jin
49964,Puppy Products
31001,Underdog Games
34354,Riverhouse Games
27136,Nexus Games
